epoch,odor_id,odor_name,mouse_id,trial,R_global
0,0,"2,3 Pentanedione",0,0,0.11271659648921725
0,0,"2,3 Pentanedione",0,1,0.10031491696775023
0,0,"2,3 Pentanedione",0,2,0.14790168904469952
0,0,"2,3 Pentanedione",0,3,0.1134749185261287
0,0,"2,3 Pentanedione",0,4,0.10662996002377108
0,0,"2,3 Pentanedione",0,5,0.10853481681564302
0,0,"2,3 Pentanedione",0,6,0.13064588521668247
0,0,"2,3 Pentanedione",0,7,0.1264742571869507
0,0,"2,3 Pentanedione",0,8,0.12765647086774848
0,0,"2,3 Pentanedione",0,9,0.12810868065304584
0,0,"2,3 Pentanedione",0,10,0.1708793455996103
0,0,"2,3 Pentanedione",0,11,0.10717778016823337
0,0,"2,3 Pentanedione",0,12,0.10453208735106033
0,0,"2,3 Pentanedione",0,13,0.09699383737165182
0,0,"2,3 Pentanedione",0,14,0.13273764114223616
0,0,"2,3 Pentanedione",1,0,0.12398749617193199
0,0,"2,3 Pentanedione",1,1,0.09291450241253782
0,0,"2,3 Pentanedione",1,2,0.07475927692984649
0,0,"2,3 Pentanedione",1,3,0.0751511584616287
0,0,"2,3 Pentanedione",1,4,0.11202800854952721
0,0,"2,3 Pentanedione",1,5,0.11434454313399575
0,0,"2,3 Pentanedione",1,6,0.10934204556153956
0,0,"2,3 Pentanedione",1,7,0.07912544617169233
0,0,"2,3 Pentanedione",1,8,0.10156722193057768
0,0,"2,3 Pentanedione",1,9,0.09868033408242789
0,0,"2,3 Pentanedione",1,10,0.10123040377213502
0,0,"2,3 Pentanedione",1,11,0.11754890830261444
0,0,"2,3 Pentanedione",1,12,0.10135307757327675
0,0,"2,3 Pentanedione",1,13,0.11273602793070707
0,0,"2,3 Pentanedione",1,14,0.09745266559113198
0,1,3 Methylvaleric Acid,0,0,0.15542882332159896
0,1,3 Methylvaleric Acid,0,1,0.15881606136229973
0,1,3 Methylvaleric Acid,0,2,0.13814188956119888
0,1,3 Methylvaleric Acid,0,3,0.14940221140813412
0,1,3 Methylvaleric Acid,0,4,0.14791036994607776
0,1,3 Methylvaleric Acid,0,5,0.146242283441058
0,1,3 Methylvaleric Acid,0,6,0.14984301779561365
0,1,3 Methylvaleric Acid,0,7,0.1673656379242562
0,1,3 Methylvaleric Acid,0,8,0.14399560086808974
0,1,3 Methylvaleric Acid,0,9,0.16215203382058868
0,1,3 Methylvaleric Acid,0,10,0.1359074753683861
0,1,3 Methylvaleric Acid,0,11,0.14925160502854093
0,1,3 Methylvaleric Acid,0,12,0.15417788279685887
0,1,3 Methylvaleric Acid,0,13,0.15836993974043706
0,1,3 Methylvaleric Acid,0,14,0.1596073965510763
0,1,3 Methylvaleric Acid,1,0,0.1633386303742395
0,1,3 Methylvaleric Acid,1,1,0.152032893386865
0,1,3 Methylvaleric Acid,1,2,0.15090806634449247
0,1,3 Methylvaleric Acid,1,3,0.1639784098955604
0,1,3 Methylvaleric Acid,1,4,0.15359125142993985
0,1,3 Methylvaleric Acid,1,5,0.14285660915866238
0,1,3 Methylvaleric Acid,1,6,0.14426626322948782
0,1,3 Methylvaleric Acid,1,7,0.14638308318820362
0,1,3 Methylvaleric Acid,1,8,0.16040658610149697
0,1,3 Methylvaleric Acid,1,9,0.15689495144026203
0,1,3 Methylvaleric Acid,1,10,0.1623203678995062
0,1,3 Methylvaleric Acid,1,11,0.15125552395665776
0,1,3 Methylvaleric Acid,1,12,0.1570544686056269
0,1,3 Methylvaleric Acid,1,13,0.16167795205077518
0,1,3 Methylvaleric Acid,1,14,0.15242271400400897
0,2,Acetic Acid,0,0,0.10731056078318751
0,2,Acetic Acid,0,1,0.08859654368069095
0,2,Acetic Acid,0,2,0.093596178609869
0,2,Acetic Acid,0,3,0.09328362545457522
0,2,Acetic Acid,0,4,0.07966505206469174
0,2,Acetic Acid,0,5,0.10781571062750543
0,2,Acetic Acid,0,6,0.09181714452392337
0,2,Acetic Acid,0,7,0.09987847381039837
0,2,Acetic Acid,0,8,0.10771156294324484
0,2,Acetic Acid,0,9,0.1071391946075839
0,2,Acetic Acid,0,10,0.11080025827883021
0,2,Acetic Acid,0,11,0.09802196893430445
0,2,Acetic Acid,0,12,0.09258838852360758
0,2,Acetic Acid,0,13,0.09833591432551804
0,2,Acetic Acid,0,14,0.07144315863052371
0,2,Acetic Acid,1,0,0.0890684340883793
0,2,Acetic Acid,1,1,0.09114965509322308
0,2,Acetic Acid,1,2,0.09659394092781233
0,2,Acetic Acid,1,3,0.1199637883926552
0,2,Acetic Acid,1,4,0.09812906370411636
0,2,Acetic Acid,1,5,0.10695019504169215
0,2,Acetic Acid,1,6,0.13501016466400145
0,2,Acetic Acid,1,7,0.10731652205037027
0,2,Acetic Acid,1,8,0.125613641424351
0,2,Acetic Acid,1,9,0.09765835113761576
0,2,Acetic Acid,1,10,0.10983959803343887
0,2,Acetic Acid,1,11,0.09738393312652084
0,2,Acetic Acid,1,12,0.10760476637592675
0,2,Acetic Acid,1,13,0.12733319078288496
0,2,Acetic Acid,1,14,0.08438101935855749
0,3,Gerinol,0,0,0.07359347859518177
0,3,Gerinol,0,1,0.07023786774813902
0,3,Gerinol,0,2,0.056045422773869605
0,3,Gerinol,0,3,0.041511385178635465
0,3,Gerinol,0,4,0.06741253274551685
0,3,Gerinol,0,5,0.0571485125031836
0,3,Gerinol,0,6,0.0701515516348714
0,3,Gerinol,0,7,0.0665547720962881
0,3,Gerinol,0,8,0.0935092289764297
0,3,Gerinol,0,9,0.062098417602183195
0,3,Gerinol,0,10,0.04872050742483525
0,3,Gerinol,0,11,0.06924050715908558
0,3,Gerinol,0,12,0.0699352316219258
0,3,Gerinol,0,13,0.08937048191984542
0,3,Gerinol,0,14,0.08042943901498181
0,3,Gerinol,1,0,0.06569359121158833
0,3,Gerinol,1,1,0.08456995316170832
0,3,Gerinol,1,2,0.03932418631678242
0,3,Gerinol,1,3,0.048690637909747675
0,3,Gerinol,1,4,0.043797248911904035
0,3,Gerinol,1,5,0.052954787238701784
0,3,Gerinol,1,6,0.03611811051180115
0,3,Gerinol,1,7,0.0704412057782928
0,3,Gerinol,1,8,0.05581391943321432
0,3,Gerinol,1,9,0.03451236679667882
0,3,Gerinol,1,10,0.04227880427491565
0,3,Gerinol,1,11,0.06495389230067304
0,3,Gerinol,1,12,0.07390408634580838
0,3,Gerinol,1,13,0.09367054094252425
0,3,Gerinol,1,14,0.10931733187068643
0,4,n Methyl Piperdine,0,0,0.14111066037097408
0,4,n Methyl Piperdine,0,1,0.1298790799445112
0,4,n Methyl Piperdine,0,2,0.12073901465891565
0,4,n Methyl Piperdine,0,3,0.1399370766035168
0,4,n Methyl Piperdine,0,4,0.1312918561422835
0,4,n Methyl Piperdine,0,5,0.13447252682332864
0,4,n Methyl Piperdine,0,6,0.13289861051228766
0,4,n Methyl Piperdine,0,7,0.13666905781343505
0,4,n Methyl Piperdine,0,8,0.14632322675106726
0,4,n Methyl Piperdine,0,9,0.13905177344432887
0,4,n Methyl Piperdine,0,10,0.13652630620845663
0,4,n Methyl Piperdine,0,11,0.12951015488215964
0,4,n Methyl Piperdine,0,12,0.12439792134713126
0,4,n Methyl Piperdine,0,13,0.13390492163217949
0,4,n Methyl Piperdine,0,14,0.13736512449821955
0,4,n Methyl Piperdine,1,0,0.13487528232597368
0,4,n Methyl Piperdine,1,1,0.1217740391891177
0,4,n Methyl Piperdine,1,2,0.12859375910551907
0,4,n Methyl Piperdine,1,3,0.11673747822902139
0,4,n Methyl Piperdine,1,4,0.11125229288599842
0,4,n Methyl Piperdine,1,5,0.11301090891947563
0,4,n Methyl Piperdine,1,6,0.11493003450104858
0,4,n Methyl Piperdine,1,7,0.13775960087681594
0,4,n Methyl Piperdine,1,8,0.11416074958353951
0,4,n Methyl Piperdine,1,9,0.12743975664722537
0,4,n Methyl Piperdine,1,10,0.11350842559263839
0,4,n Methyl Piperdine,1,11,0.12818442712032857
0,4,n Methyl Piperdine,1,12,0.12381145074618151
0,4,n Methyl Piperdine,1,13,0.11947873983606988
0,4,n Methyl Piperdine,1,14,0.12040574280825113
0,5,"2,4 Dimethyl Acetophenone",0,0,0.19496120039377385
0,5,"2,4 Dimethyl Acetophenone",0,1,0.2104846117639727
0,5,"2,4 Dimethyl Acetophenone",0,2,0.1977786733828636
0,5,"2,4 Dimethyl Acetophenone",0,3,0.18691199838613323
0,5,"2,4 Dimethyl Acetophenone",0,4,0.1861740586853312
0,5,"2,4 Dimethyl Acetophenone",0,5,0.20662816368006956
0,5,"2,4 Dimethyl Acetophenone",0,6,0.22646150485388533
0,5,"2,4 Dimethyl Acetophenone",0,7,0.20645054106742583
0,5,"2,4 Dimethyl Acetophenone",0,8,0.20252153322011235
0,5,"2,4 Dimethyl Acetophenone",0,9,0.20822495497568438
0,5,"2,4 Dimethyl Acetophenone",0,10,0.22261062347513252
0,5,"2,4 Dimethyl Acetophenone",0,11,0.20728802200882315
0,5,"2,4 Dimethyl Acetophenone",0,12,0.19839991799940807
0,5,"2,4 Dimethyl Acetophenone",0,13,0.2197944362791571
0,5,"2,4 Dimethyl Acetophenone",0,14,0.21024043926453867
0,5,"2,4 Dimethyl Acetophenone",1,0,0.2244044010464526
0,5,"2,4 Dimethyl Acetophenone",1,1,0.20533226612653777
0,5,"2,4 Dimethyl Acetophenone",1,2,0.18548200171327586
0,5,"2,4 Dimethyl Acetophenone",1,3,0.1834558023879994
0,5,"2,4 Dimethyl Acetophenone",1,4,0.22602846003124422
0,5,"2,4 Dimethyl Acetophenone",1,5,0.22705414787491973
0,5,"2,4 Dimethyl Acetophenone",1,6,0.2002170156222534
0,5,"2,4 Dimethyl Acetophenone",1,7,0.19734505722857565
0,5,"2,4 Dimethyl Acetophenone",1,8,0.2233565192150468
0,5,"2,4 Dimethyl Acetophenone",1,9,0.18713780820292725
0,5,"2,4 Dimethyl Acetophenone",1,10,0.19013174953726716
0,5,"2,4 Dimethyl Acetophenone",1,11,0.21182010618073982
0,5,"2,4 Dimethyl Acetophenone",1,12,0.19718405287770766
0,5,"2,4 Dimethyl Acetophenone",1,13,0.20267622206637645
0,5,"2,4 Dimethyl Acetophenone",1,14,0.20044371045236464
0,6,4 Heptanone,0,0,0.14166784434410523
0,6,4 Heptanone,0,1,0.16627314224680984
0,6,4 Heptanone,0,2,0.13598767593449015
0,6,4 Heptanone,0,3,0.14871348597487238
0,6,4 Heptanone,0,4,0.08675540758623496
0,6,4 Heptanone,0,5,0.13278403448578932
0,6,4 Heptanone,0,6,0.11451217020405992
0,6,4 Heptanone,0,7,0.10587466831001752
0,6,4 Heptanone,0,8,0.11370904587631496
0,6,4 Heptanone,0,9,0.12622040423507183
0,6,4 Heptanone,0,10,0.15496799885328263
0,6,4 Heptanone,0,11,0.10340059463506737
0,6,4 Heptanone,0,12,0.13460889143413118
0,6,4 Heptanone,0,13,0.12276970686656943
0,6,4 Heptanone,0,14,0.12636874670491624
0,6,4 Heptanone,1,0,0.15939723454388893
0,6,4 Heptanone,1,1,0.14871157584370656
0,6,4 Heptanone,1,2,0.16709315711207895
0,6,4 Heptanone,1,3,0.1327829540838719
0,6,4 Heptanone,1,4,0.12033120535581907
0,6,4 Heptanone,1,5,0.1311879985284442
0,6,4 Heptanone,1,6,0.1419130571694576
0,6,4 Heptanone,1,7,0.14039697658540104
0,6,4 Heptanone,1,8,0.1113978929423986
0,6,4 Heptanone,1,9,0.13841726112074876
0,6,4 Heptanone,1,10,0.1415849168411626
0,6,4 Heptanone,1,11,0.19423206855615174
0,6,4 Heptanone,1,12,0.1794991307644423
0,6,4 Heptanone,1,13,0.11671366625183785
0,6,4 Heptanone,1,14,0.12972708660885693
0,7,33 Dimethyl Butyric Acid,0,0,0.18191361902883332
0,7,33 Dimethyl Butyric Acid,0,1,0.18939324195977764
0,7,33 Dimethyl Butyric Acid,0,2,0.1971606309647759
0,7,33 Dimethyl Butyric Acid,0,3,0.20479035140076676
0,7,33 Dimethyl Butyric Acid,0,4,0.188207307536799
0,7,33 Dimethyl Butyric Acid,0,5,0.18884954542783053
0,7,33 Dimethyl Butyric Acid,0,6,0.17605282739996303
0,7,33 Dimethyl Butyric Acid,0,7,0.1930616934624738
0,7,33 Dimethyl Butyric Acid,0,8,0.18535055601384545
0,7,33 Dimethyl Butyric Acid,0,9,0.18991832512019294
0,7,33 Dimethyl Butyric Acid,0,10,0.18694081105434082
0,7,33 Dimethyl Butyric Acid,0,11,0.1936479325776497
0,7,33 Dimethyl Butyric Acid,0,12,0.17939148887718315
0,7,33 Dimethyl Butyric Acid,0,13,0.1818827380586801
0,7,33 Dimethyl Butyric Acid,0,14,0.21270413419460718
0,7,33 Dimethyl Butyric Acid,1,0,0.1584535401623747
0,7,33 Dimethyl Butyric Acid,1,1,0.16008736133098478
0,7,33 Dimethyl Butyric Acid,1,2,0.18523011762748437
0,7,33 Dimethyl Butyric Acid,1,3,0.1943845420259571
0,7,33 Dimethyl Butyric Acid,1,4,0.15944646338725085
0,7,33 Dimethyl Butyric Acid,1,5,0.16633115732537665
0,7,33 Dimethyl Butyric Acid,1,6,0.17241441300580948
0,7,33 Dimethyl Butyric Acid,1,7,0.18430267227686237
0,7,33 Dimethyl Butyric Acid,1,8,0.16102948435915077
0,7,33 Dimethyl Butyric Acid,1,9,0.16738505977377963
0,7,33 Dimethyl Butyric Acid,1,10,0.17614920681295604
0,7,33 Dimethyl Butyric Acid,1,11,0.17321325753348213
0,7,33 Dimethyl Butyric Acid,1,12,0.1662633907807551
0,7,33 Dimethyl Butyric Acid,1,13,0.16834026438739472
0,7,33 Dimethyl Butyric Acid,1,14,0.1577038661326618
0,8,2 Methyl Butyraldehyde,0,0,0.15053394124290953
0,8,2 Methyl Butyraldehyde,0,1,0.14999529565466746
0,8,2 Methyl Butyraldehyde,0,2,0.15951355433253475
0,8,2 Methyl Butyraldehyde,0,3,0.14447897357527256
0,8,2 Methyl Butyraldehyde,0,4,0.16408348481707888
0,8,2 Methyl Butyraldehyde,0,5,0.17441542592841502
0,8,2 Methyl Butyraldehyde,0,6,0.15804845412614807
0,8,2 Methyl Butyraldehyde,0,7,0.16179665246037592
0,8,2 Methyl Butyraldehyde,0,8,0.1560958800829564
0,8,2 Methyl Butyraldehyde,0,9,0.15508267058347414
0,8,2 Methyl Butyraldehyde,0,10,0.14130536114989486
0,8,2 Methyl Butyraldehyde,0,11,0.16112344161688272
0,8,2 Methyl Butyraldehyde,0,12,0.15322370244315253
0,8,2 Methyl Butyraldehyde,0,13,0.19504299402712227
0,8,2 Methyl Butyraldehyde,0,14,0.18511892376165837
0,8,2 Methyl Butyraldehyde,1,0,0.15011983512956303
0,8,2 Methyl Butyraldehyde,1,1,0.12818542265915905
0,8,2 Methyl Butyraldehyde,1,2,0.12151569039862786
0,8,2 Methyl Butyraldehyde,1,3,0.16549423287337112
0,8,2 Methyl Butyraldehyde,1,4,0.1477697100432716
0,8,2 Methyl Butyraldehyde,1,5,0.1519201130021192
0,8,2 Methyl Butyraldehyde,1,6,0.10944646665623697
0,8,2 Methyl Butyraldehyde,1,7,0.16045969226266774
0,8,2 Methyl Butyraldehyde,1,8,0.15142901849956897
0,8,2 Methyl Butyraldehyde,1,9,0.12155350680499792
0,8,2 Methyl Butyraldehyde,1,10,0.13375124302586708
0,8,2 Methyl Butyraldehyde,1,11,0.1477881903163275
0,8,2 Methyl Butyraldehyde,1,12,0.14375508180715982
0,8,2 Methyl Butyraldehyde,1,13,0.13717539084791278
0,8,2 Methyl Butyraldehyde,1,14,0.1407776498706059
0,9,m Anisaldehyde,0,0,0.10939530779253234
0,9,m Anisaldehyde,0,1,0.11323385077380885
0,9,m Anisaldehyde,0,2,0.12574872890122724
0,9,m Anisaldehyde,0,3,0.08743207756468005
0,9,m Anisaldehyde,0,4,0.1095388438874894
0,9,m Anisaldehyde,0,5,0.11346110340904388
0,9,m Anisaldehyde,0,6,0.11459482383175768
0,9,m Anisaldehyde,0,7,0.10825726400442365
0,9,m Anisaldehyde,0,8,0.0951172941528508
0,9,m Anisaldehyde,0,9,0.11489847524718128
0,9,m Anisaldehyde,0,10,0.12817648171219914
0,9,m Anisaldehyde,0,11,0.09723194133249675
0,9,m Anisaldehyde,0,12,0.11998280993550377
0,9,m Anisaldehyde,0,13,0.10866897103348123
0,9,m Anisaldehyde,0,14,0.11120435030434538
0,9,m Anisaldehyde,1,0,0.08291627741785804
0,9,m Anisaldehyde,1,1,0.08973333517008364
0,9,m Anisaldehyde,1,2,0.10524256330200303
0,9,m Anisaldehyde,1,3,0.0984354969763893
0,9,m Anisaldehyde,1,4,0.10934419960474977
0,9,m Anisaldehyde,1,5,0.10407894279609609
0,9,m Anisaldehyde,1,6,0.09707322316048127
0,9,m Anisaldehyde,1,7,0.10945448559128834
0,9,m Anisaldehyde,1,8,0.09707233577883502
0,9,m Anisaldehyde,1,9,0.10076337869472433
0,9,m Anisaldehyde,1,10,0.09009281527151175
0,9,m Anisaldehyde,1,11,0.09353830818810628
0,9,m Anisaldehyde,1,12,0.08628925718831129
0,9,m Anisaldehyde,1,13,0.10229670649936788
0,9,m Anisaldehyde,1,14,0.08172635047717239
2,0,"2,3 Pentanedione",0,0,0.14146926363137763
2,0,"2,3 Pentanedione",0,1,0.1171442286333071
2,0,"2,3 Pentanedione",0,2,0.15119168240761907
2,0,"2,3 Pentanedione",0,3,0.1406822297892176
2,0,"2,3 Pentanedione",0,4,0.16742665901210613
2,0,"2,3 Pentanedione",0,5,0.1401798723494022
2,0,"2,3 Pentanedione",0,6,0.08260949867960507
2,0,"2,3 Pentanedione",0,7,0.12023667574848107
2,0,"2,3 Pentanedione",0,8,0.09261032525606569
2,0,"2,3 Pentanedione",0,9,0.10895350901177922
2,0,"2,3 Pentanedione",0,10,0.15969121590285412
2,0,"2,3 Pentanedione",0,11,0.1378488503433785
2,0,"2,3 Pentanedione",0,12,0.10443724435646744
2,0,"2,3 Pentanedione",0,13,0.09656757090992613
2,0,"2,3 Pentanedione",0,14,0.12273005739284261
2,0,"2,3 Pentanedione",1,0,0.07810988306519255
2,0,"2,3 Pentanedione",1,1,0.09174537986480621
2,0,"2,3 Pentanedione",1,2,0.11632412358850185
2,0,"2,3 Pentanedione",1,3,0.13740668770238817
2,0,"2,3 Pentanedione",1,4,0.12374292360533175
2,0,"2,3 Pentanedione",1,5,0.051241649084768255
2,0,"2,3 Pentanedione",1,6,0.11613305502547724
2,0,"2,3 Pentanedione",1,7,0.1103247261305352
2,0,"2,3 Pentanedione",1,8,0.11887114393403808
2,0,"2,3 Pentanedione",1,9,0.14892912884100093
2,0,"2,3 Pentanedione",1,10,0.05694292987960218
2,0,"2,3 Pentanedione",1,11,0.09374630116994312
2,0,"2,3 Pentanedione",1,12,0.12329654486955462
2,0,"2,3 Pentanedione",1,13,0.06898402681337219
2,0,"2,3 Pentanedione",1,14,0.14542261300105846
2,1,3 Methylvaleric Acid,0,0,0.33260264606300527
2,1,3 Methylvaleric Acid,0,1,0.33733677092152203
2,1,3 Methylvaleric Acid,0,2,0.3233042139206008
2,1,3 Methylvaleric Acid,0,3,0.33701187237471775
2,1,3 Methylvaleric Acid,0,4,0.3395333065458197
2,1,3 Methylvaleric Acid,0,5,0.3312615003886437
2,1,3 Methylvaleric Acid,0,6,0.331276575788453
2,1,3 Methylvaleric Acid,0,7,0.33163238050810745
2,1,3 Methylvaleric Acid,0,8,0.32040963745718004
2,1,3 Methylvaleric Acid,0,9,0.3274957334799686
2,1,3 Methylvaleric Acid,0,10,0.32744629774871536
2,1,3 Methylvaleric Acid,0,11,0.3327515045994492
2,1,3 Methylvaleric Acid,0,12,0.338853745001184
2,1,3 Methylvaleric Acid,0,13,0.31847738148033605
2,1,3 Methylvaleric Acid,0,14,0.3277186626565116
2,1,3 Methylvaleric Acid,1,0,0.3441496887138783
2,1,3 Methylvaleric Acid,1,1,0.32212327273467883
2,1,3 Methylvaleric Acid,1,2,0.3213445746735439
2,1,3 Methylvaleric Acid,1,3,0.3314869824296597
2,1,3 Methylvaleric Acid,1,4,0.3378431266392316
2,1,3 Methylvaleric Acid,1,5,0.32959739925465875
2,1,3 Methylvaleric Acid,1,6,0.3426400926340078
2,1,3 Methylvaleric Acid,1,7,0.3379659652184408
2,1,3 Methylvaleric Acid,1,8,0.33781773366496987
2,1,3 Methylvaleric Acid,1,9,0.3349696645703904
2,1,3 Methylvaleric Acid,1,10,0.35252646740612675
2,1,3 Methylvaleric Acid,1,11,0.32745332829066887
2,1,3 Methylvaleric Acid,1,12,0.3096507847427333
2,1,3 Methylvaleric Acid,1,13,0.345365313226256
2,1,3 Methylvaleric Acid,1,14,0.32495337686653986
2,2,Acetic Acid,0,0,0.1763508641357121
2,2,Acetic Acid,0,1,0.19645281616928784
2,2,Acetic Acid,0,2,0.14774305577187538
2,2,Acetic Acid,0,3,0.15360821905972555
2,2,Acetic Acid,0,4,0.1477594763793382
2,2,Acetic Acid,0,5,0.1612616187534276
2,2,Acetic Acid,0,6,0.1819005950219003
2,2,Acetic Acid,0,7,0.1833149971175337
2,2,Acetic Acid,0,8,0.1791678123044342
2,2,Acetic Acid,0,9,0.1509129706774726
2,2,Acetic Acid,0,10,0.1359020002507246
2,2,Acetic Acid,0,11,0.17545544847599603
2,2,Acetic Acid,0,12,0.16665417171257702
2,2,Acetic Acid,0,13,0.18223096584095788
2,2,Acetic Acid,0,14,0.18628872412749092
2,2,Acetic Acid,1,0,0.18141088125163016
2,2,Acetic Acid,1,1,0.1918140981771648
2,2,Acetic Acid,1,2,0.18293265765089184
2,2,Acetic Acid,1,3,0.1879654353920437
2,2,Acetic Acid,1,4,0.16731031506089786
2,2,Acetic Acid,1,5,0.17609372980160543
2,2,Acetic Acid,1,6,0.18239006920218576
2,2,Acetic Acid,1,7,0.19282441298128428
2,2,Acetic Acid,1,8,0.17251169374292277
2,2,Acetic Acid,1,9,0.18781659579823143
2,2,Acetic Acid,1,10,0.1746512886394797
2,2,Acetic Acid,1,11,0.17713204545085773
2,2,Acetic Acid,1,12,0.19297481026382313
2,2,Acetic Acid,1,13,0.14575773351552793
2,2,Acetic Acid,1,14,0.15741049727299933
2,3,Gerinol,0,0,0.09060973643278346
2,3,Gerinol,0,1,0.07608383973880577
2,3,Gerinol,0,2,0.104325089271699
2,3,Gerinol,0,3,0.1286824421949192
2,3,Gerinol,0,4,0.11103638417860022
2,3,Gerinol,0,5,0.11927108211809417
2,3,Gerinol,0,6,0.13447934533477726
2,3,Gerinol,0,7,0.1385477570959442
2,3,Gerinol,0,8,0.114717136984551
2,3,Gerinol,0,9,0.13898962181736366
2,3,Gerinol,0,10,0.11746840348104762
2,3,Gerinol,0,11,0.10161017560777255
2,3,Gerinol,0,12,0.1057558587353005
2,3,Gerinol,0,13,0.09063786735496533
2,3,Gerinol,0,14,0.10074459664834874
2,3,Gerinol,1,0,0.10201156547329124
2,3,Gerinol,1,1,0.12182915715513697
2,3,Gerinol,1,2,0.13747685634511758
2,3,Gerinol,1,3,0.08453872583112682
2,3,Gerinol,1,4,0.11482139763130372
2,3,Gerinol,1,5,0.09036725892061298
2,3,Gerinol,1,6,0.11621814033056672
2,3,Gerinol,1,7,0.10588312212857233
2,3,Gerinol,1,8,0.07688323160658728
2,3,Gerinol,1,9,0.12395681496317848
2,3,Gerinol,1,10,0.09779787628643956
2,3,Gerinol,1,11,0.09901089117932513
2,3,Gerinol,1,12,0.08986894562557245
2,3,Gerinol,1,13,0.09695708746724396
2,3,Gerinol,1,14,0.11541959206095224
2,4,n Methyl Piperdine,0,0,0.21966396013150402
2,4,n Methyl Piperdine,0,1,0.2238072108772551
2,4,n Methyl Piperdine,0,2,0.224073289690426
2,4,n Methyl Piperdine,0,3,0.23174320810322058
2,4,n Methyl Piperdine,0,4,0.21843562565208022
2,4,n Methyl Piperdine,0,5,0.2093630523242294
2,4,n Methyl Piperdine,0,6,0.22971569419157112
2,4,n Methyl Piperdine,0,7,0.2185260094822172
2,4,n Methyl Piperdine,0,8,0.23009465441561427
2,4,n Methyl Piperdine,0,9,0.224244931764455
2,4,n Methyl Piperdine,0,10,0.2201288146173685
2,4,n Methyl Piperdine,0,11,0.22396812201136562
2,4,n Methyl Piperdine,0,12,0.23678601534000565
2,4,n Methyl Piperdine,0,13,0.23779375909142528
2,4,n Methyl Piperdine,0,14,0.22173296394005748
2,4,n Methyl Piperdine,1,0,0.21515485162418713
2,4,n Methyl Piperdine,1,1,0.2224832481373816
2,4,n Methyl Piperdine,1,2,0.20710803861551175
2,4,n Methyl Piperdine,1,3,0.21653788985859657
2,4,n Methyl Piperdine,1,4,0.21366642409401967
2,4,n Methyl Piperdine,1,5,0.21638459256931095
2,4,n Methyl Piperdine,1,6,0.20720637643005527
2,4,n Methyl Piperdine,1,7,0.20115678693117878
2,4,n Methyl Piperdine,1,8,0.19728945938972017
2,4,n Methyl Piperdine,1,9,0.20493425397373366
2,4,n Methyl Piperdine,1,10,0.21020392459813586
2,4,n Methyl Piperdine,1,11,0.2115277941844604
2,4,n Methyl Piperdine,1,12,0.22937117617708666
2,4,n Methyl Piperdine,1,13,0.2227212738369089
2,4,n Methyl Piperdine,1,14,0.2061765979469175
2,5,"2,4 Dimethyl Acetophenone",0,0,0.2200406728329403
2,5,"2,4 Dimethyl Acetophenone",0,1,0.2093972982310632
2,5,"2,4 Dimethyl Acetophenone",0,2,0.21112771469128724
2,5,"2,4 Dimethyl Acetophenone",0,3,0.21775088549665955
2,5,"2,4 Dimethyl Acetophenone",0,4,0.22386861372249928
2,5,"2,4 Dimethyl Acetophenone",0,5,0.2103536360171096
2,5,"2,4 Dimethyl Acetophenone",0,6,0.23013912738319683
2,5,"2,4 Dimethyl Acetophenone",0,7,0.1990349133780523
2,5,"2,4 Dimethyl Acetophenone",0,8,0.21522696539713682
2,5,"2,4 Dimethyl Acetophenone",0,9,0.25176781324127323
2,5,"2,4 Dimethyl Acetophenone",0,10,0.2182832623426599
2,5,"2,4 Dimethyl Acetophenone",0,11,0.2353475770727701
2,5,"2,4 Dimethyl Acetophenone",0,12,0.21642811870049136
2,5,"2,4 Dimethyl Acetophenone",0,13,0.22332721313752654
2,5,"2,4 Dimethyl Acetophenone",0,14,0.2143368677916453
2,5,"2,4 Dimethyl Acetophenone",1,0,0.21970062552973027
2,5,"2,4 Dimethyl Acetophenone",1,1,0.2111119586669341
2,5,"2,4 Dimethyl Acetophenone",1,2,0.22817132376974084
2,5,"2,4 Dimethyl Acetophenone",1,3,0.21009590186652344
2,5,"2,4 Dimethyl Acetophenone",1,4,0.23148910146989846
2,5,"2,4 Dimethyl Acetophenone",1,5,0.2374073870008721
2,5,"2,4 Dimethyl Acetophenone",1,6,0.2272720929081302
2,5,"2,4 Dimethyl Acetophenone",1,7,0.21806712987127633
2,5,"2,4 Dimethyl Acetophenone",1,8,0.2285050169384142
2,5,"2,4 Dimethyl Acetophenone",1,9,0.21775092071883434
2,5,"2,4 Dimethyl Acetophenone",1,10,0.2352958796724068
2,5,"2,4 Dimethyl Acetophenone",1,11,0.1962786050523893
2,5,"2,4 Dimethyl Acetophenone",1,12,0.2173711154273478
2,5,"2,4 Dimethyl Acetophenone",1,13,0.19403079537486162
2,5,"2,4 Dimethyl Acetophenone",1,14,0.20102146629632867
2,6,4 Heptanone,0,0,0.29591138043963716
2,6,4 Heptanone,0,1,0.2851329296631188
2,6,4 Heptanone,0,2,0.24799950869309317
2,6,4 Heptanone,0,3,0.2299918556606408
2,6,4 Heptanone,0,4,0.19636878416674824
2,6,4 Heptanone,0,5,0.25204673460038934
2,6,4 Heptanone,0,6,0.32020955623264385
2,6,4 Heptanone,0,7,0.2745471191219647
2,6,4 Heptanone,0,8,0.25167700732564896
2,6,4 Heptanone,0,9,0.27524155315578513
2,6,4 Heptanone,0,10,0.22864753345946504
2,6,4 Heptanone,0,11,0.25770810255068205
2,6,4 Heptanone,0,12,0.26683356852008566
2,6,4 Heptanone,0,13,0.2625657174712862
2,6,4 Heptanone,0,14,0.2827324666305436
2,6,4 Heptanone,1,0,0.2757061108486624
2,6,4 Heptanone,1,1,0.2831499914691928
2,6,4 Heptanone,1,2,0.25194918981707126
2,6,4 Heptanone,1,3,0.2884276961337511
2,6,4 Heptanone,1,4,0.3052417351304068
2,6,4 Heptanone,1,5,0.24546899028217886
2,6,4 Heptanone,1,6,0.24736523107020256
2,6,4 Heptanone,1,7,0.29849992932376124
2,6,4 Heptanone,1,8,0.2633796465815776
2,6,4 Heptanone,1,9,0.30006461815753166
2,6,4 Heptanone,1,10,0.2576028403509125
2,6,4 Heptanone,1,11,0.30124265133612893
2,6,4 Heptanone,1,12,0.27080395651393163
2,6,4 Heptanone,1,13,0.2737187411835598
2,6,4 Heptanone,1,14,0.30376485410939763
2,7,33 Dimethyl Butyric Acid,0,0,0.33533387528822195
2,7,33 Dimethyl Butyric Acid,0,1,0.3303686433324972
2,7,33 Dimethyl Butyric Acid,0,2,0.3345900247647985
2,7,33 Dimethyl Butyric Acid,0,3,0.3423110152369043
2,7,33 Dimethyl Butyric Acid,0,4,0.3250153011197591
2,7,33 Dimethyl Butyric Acid,0,5,0.34389769917973345
2,7,33 Dimethyl Butyric Acid,0,6,0.33381692047220796
2,7,33 Dimethyl Butyric Acid,0,7,0.34827149416837333
2,7,33 Dimethyl Butyric Acid,0,8,0.31791477586905614
2,7,33 Dimethyl Butyric Acid,0,9,0.3316932413117192
2,7,33 Dimethyl Butyric Acid,0,10,0.3239807850201327
2,7,33 Dimethyl Butyric Acid,0,11,0.3313533105666537
2,7,33 Dimethyl Butyric Acid,0,12,0.3405569434306879
2,7,33 Dimethyl Butyric Acid,0,13,0.3368983355198521
2,7,33 Dimethyl Butyric Acid,0,14,0.33626283779712174
2,7,33 Dimethyl Butyric Acid,1,0,0.3132475256695421
2,7,33 Dimethyl Butyric Acid,1,1,0.31635489526093075
2,7,33 Dimethyl Butyric Acid,1,2,0.30596830966463906
2,7,33 Dimethyl Butyric Acid,1,3,0.3206697233435637
2,7,33 Dimethyl Butyric Acid,1,4,0.3202910549049901
2,7,33 Dimethyl Butyric Acid,1,5,0.3179116922935113
2,7,33 Dimethyl Butyric Acid,1,6,0.31938146459585603
2,7,33 Dimethyl Butyric Acid,1,7,0.31715219058796146
2,7,33 Dimethyl Butyric Acid,1,8,0.3320530324769216
2,7,33 Dimethyl Butyric Acid,1,9,0.31386536643766766
2,7,33 Dimethyl Butyric Acid,1,10,0.3119799886935981
2,7,33 Dimethyl Butyric Acid,1,11,0.30815381518849677
2,7,33 Dimethyl Butyric Acid,1,12,0.30576496473396003
2,7,33 Dimethyl Butyric Acid,1,13,0.30394626352466175
2,7,33 Dimethyl Butyric Acid,1,14,0.3069945095459799
2,8,2 Methyl Butyraldehyde,0,0,0.2476913190844916
2,8,2 Methyl Butyraldehyde,0,1,0.2554229500286115
2,8,2 Methyl Butyraldehyde,0,2,0.25001710453266074
2,8,2 Methyl Butyraldehyde,0,3,0.2344254265077267
2,8,2 Methyl Butyraldehyde,0,4,0.26622668546687567
2,8,2 Methyl Butyraldehyde,0,5,0.26315729262260296
2,8,2 Methyl Butyraldehyde,0,6,0.24599277892421706
2,8,2 Methyl Butyraldehyde,0,7,0.2365755060803502
2,8,2 Methyl Butyraldehyde,0,8,0.25951108790819144
2,8,2 Methyl Butyraldehyde,0,9,0.2526294375175506
2,8,2 Methyl Butyraldehyde,0,10,0.22139365259089414
2,8,2 Methyl Butyraldehyde,0,11,0.24774286880698573
2,8,2 Methyl Butyraldehyde,0,12,0.2540434039749428
2,8,2 Methyl Butyraldehyde,0,13,0.23186410666076254
2,8,2 Methyl Butyraldehyde,0,14,0.2526651350956796
2,8,2 Methyl Butyraldehyde,1,0,0.2017286865463008
2,8,2 Methyl Butyraldehyde,1,1,0.25501350946113877
2,8,2 Methyl Butyraldehyde,1,2,0.2533289407411557
2,8,2 Methyl Butyraldehyde,1,3,0.2246826170344898
2,8,2 Methyl Butyraldehyde,1,4,0.2364425025625633
2,8,2 Methyl Butyraldehyde,1,5,0.18349430813724396
2,8,2 Methyl Butyraldehyde,1,6,0.2074270488796155
2,8,2 Methyl Butyraldehyde,1,7,0.22389486729170444
2,8,2 Methyl Butyraldehyde,1,8,0.20903484118130455
2,8,2 Methyl Butyraldehyde,1,9,0.2431425500426266
2,8,2 Methyl Butyraldehyde,1,10,0.26763516616790356
2,8,2 Methyl Butyraldehyde,1,11,0.20704011826813112
2,8,2 Methyl Butyraldehyde,1,12,0.21351505993431638
2,8,2 Methyl Butyraldehyde,1,13,0.23399866363838356
2,8,2 Methyl Butyraldehyde,1,14,0.2602623643105783
2,9,m Anisaldehyde,0,0,0.17766896000247206
2,9,m Anisaldehyde,0,1,0.19163067881576204
2,9,m Anisaldehyde,0,2,0.20654935112917683
2,9,m Anisaldehyde,0,3,0.17359467168976783
2,9,m Anisaldehyde,0,4,0.1771120238882053
2,9,m Anisaldehyde,0,5,0.1852481981574423
2,9,m Anisaldehyde,0,6,0.18432797040941298
2,9,m Anisaldehyde,0,7,0.19697815915611394
2,9,m Anisaldehyde,0,8,0.19156068661309336
2,9,m Anisaldehyde,0,9,0.17242564069332653
2,9,m Anisaldehyde,0,10,0.1941582147885045
2,9,m Anisaldehyde,0,11,0.1837875865080724
2,9,m Anisaldehyde,0,12,0.2013604598695454
2,9,m Anisaldehyde,0,13,0.1833126917072003
2,9,m Anisaldehyde,0,14,0.1832270304549258
2,9,m Anisaldehyde,1,0,0.17900068164838337
2,9,m Anisaldehyde,1,1,0.1811052185996165
2,9,m Anisaldehyde,1,2,0.17811792994254858
2,9,m Anisaldehyde,1,3,0.15787199964876567
2,9,m Anisaldehyde,1,4,0.1789712936354488
2,9,m Anisaldehyde,1,5,0.16405186447683406
2,9,m Anisaldehyde,1,6,0.17609852166879858
2,9,m Anisaldehyde,1,7,0.1603567284771998
2,9,m Anisaldehyde,1,8,0.17810106653383284
2,9,m Anisaldehyde,1,9,0.16621252000262104
2,9,m Anisaldehyde,1,10,0.16169557688962455
2,9,m Anisaldehyde,1,11,0.18063926499718702
2,9,m Anisaldehyde,1,12,0.17615894937057197
2,9,m Anisaldehyde,1,13,0.1680402463625992
2,9,m Anisaldehyde,1,14,0.1876358138629465
4,0,"2,3 Pentanedione",0,0,0.15949611783624335
4,0,"2,3 Pentanedione",0,1,0.17131512022476028
4,0,"2,3 Pentanedione",0,2,0.17723526456745195
4,0,"2,3 Pentanedione",0,3,0.15502078002227157
4,0,"2,3 Pentanedione",0,4,0.18229083571048516
4,0,"2,3 Pentanedione",0,5,0.1571761196963688
4,0,"2,3 Pentanedione",0,6,0.1602214703200817
4,0,"2,3 Pentanedione",0,7,0.20457849437057044
4,0,"2,3 Pentanedione",0,8,0.14449777706267608
4,0,"2,3 Pentanedione",0,9,0.11019292010224965
4,0,"2,3 Pentanedione",0,10,0.21078585325078428
4,0,"2,3 Pentanedione",0,11,0.234245627190662
4,0,"2,3 Pentanedione",0,12,0.16038069673925362
4,0,"2,3 Pentanedione",0,13,0.12209147735998227
4,0,"2,3 Pentanedione",0,14,0.16275032897058833
4,0,"2,3 Pentanedione",1,0,0.14162057794279445
4,0,"2,3 Pentanedione",1,1,0.14402805566325474
4,0,"2,3 Pentanedione",1,2,0.12094145064076497
4,0,"2,3 Pentanedione",1,3,0.16326518025072312
4,0,"2,3 Pentanedione",1,4,0.16188883607096333
4,0,"2,3 Pentanedione",1,5,0.11141601119332852
4,0,"2,3 Pentanedione",1,6,0.16625606998118336
4,0,"2,3 Pentanedione",1,7,0.20009327623745846
4,0,"2,3 Pentanedione",1,8,0.15307515999973767
4,0,"2,3 Pentanedione",1,9,0.14034302263709852
4,0,"2,3 Pentanedione",1,10,0.14522607132862314
4,0,"2,3 Pentanedione",1,11,0.1641575708630252
4,0,"2,3 Pentanedione",1,12,0.10550936155113072
4,0,"2,3 Pentanedione",1,13,0.15288591926324374
4,0,"2,3 Pentanedione",1,14,0.13901455295224094
4,1,3 Methylvaleric Acid,0,0,0.475864636116781
4,1,3 Methylvaleric Acid,0,1,0.4558482373608927
4,1,3 Methylvaleric Acid,0,2,0.4740833785500859
4,1,3 Methylvaleric Acid,0,3,0.44664614845279704
4,1,3 Methylvaleric Acid,0,4,0.4633858939049878
4,1,3 Methylvaleric Acid,0,5,0.46073427343627915
4,1,3 Methylvaleric Acid,0,6,0.44896945355363777
4,1,3 Methylvaleric Acid,0,7,0.45932852920188716
4,1,3 Methylvaleric Acid,0,8,0.469575538231407
4,1,3 Methylvaleric Acid,0,9,0.4543671115884217
4,1,3 Methylvaleric Acid,0,10,0.4408231522823984
4,1,3 Methylvaleric Acid,0,11,0.45739856864054507
4,1,3 Methylvaleric Acid,0,12,0.448639055430301
4,1,3 Methylvaleric Acid,0,13,0.4541834868180643
4,1,3 Methylvaleric Acid,0,14,0.45676476536572896
4,1,3 Methylvaleric Acid,1,0,0.44551730773606235
4,1,3 Methylvaleric Acid,1,1,0.4464081857424289
4,1,3 Methylvaleric Acid,1,2,0.4671742343927047
4,1,3 Methylvaleric Acid,1,3,0.457227542860147
4,1,3 Methylvaleric Acid,1,4,0.43701288156362794
4,1,3 Methylvaleric Acid,1,5,0.47017152219916714
4,1,3 Methylvaleric Acid,1,6,0.4650983763048414
4,1,3 Methylvaleric Acid,1,7,0.45533522755656036
4,1,3 Methylvaleric Acid,1,8,0.44936638042111154
4,1,3 Methylvaleric Acid,1,9,0.4706760296545551
4,1,3 Methylvaleric Acid,1,10,0.46586043439251373
4,1,3 Methylvaleric Acid,1,11,0.48598823921588735
4,1,3 Methylvaleric Acid,1,12,0.46656168204733445
4,1,3 Methylvaleric Acid,1,13,0.4662400981724825
4,1,3 Methylvaleric Acid,1,14,0.4607496288063605
4,2,Acetic Acid,0,0,0.23242195475154653
4,2,Acetic Acid,0,1,0.22921528752926043
4,2,Acetic Acid,0,2,0.23969793320382718
4,2,Acetic Acid,0,3,0.21003777920808026
4,2,Acetic Acid,0,4,0.2114750022581632
4,2,Acetic Acid,0,5,0.21074404563211874
4,2,Acetic Acid,0,6,0.23198745032609075
4,2,Acetic Acid,0,7,0.243823969514455
4,2,Acetic Acid,0,8,0.21108300665713486
4,2,Acetic Acid,0,9,0.21165288719510567
4,2,Acetic Acid,0,10,0.22401263938793112
4,2,Acetic Acid,0,11,0.2146474651541231
4,2,Acetic Acid,0,12,0.23468492796371912
4,2,Acetic Acid,0,13,0.18109014481639513
4,2,Acetic Acid,0,14,0.20492924220050293
4,2,Acetic Acid,1,0,0.22193882783114982
4,2,Acetic Acid,1,1,0.1962116452782121
4,2,Acetic Acid,1,2,0.21890728219741318
4,2,Acetic Acid,1,3,0.21971831122150157
4,2,Acetic Acid,1,4,0.23166320903216925
4,2,Acetic Acid,1,5,0.25364543193938804
4,2,Acetic Acid,1,6,0.23092789804010752
4,2,Acetic Acid,1,7,0.21778355113667747
4,2,Acetic Acid,1,8,0.23407460158030274
4,2,Acetic Acid,1,9,0.25257829295831347
4,2,Acetic Acid,1,10,0.2187011827921643
4,2,Acetic Acid,1,11,0.2197949476407915
4,2,Acetic Acid,1,12,0.2443709552937595
4,2,Acetic Acid,1,13,0.2313214245397098
4,2,Acetic Acid,1,14,0.24585870271988572
4,3,Gerinol,0,0,0.14666137524849576
4,3,Gerinol,0,1,0.1588649818138493
4,3,Gerinol,0,2,0.12923517077115385
4,3,Gerinol,0,3,0.14668802627046668
4,3,Gerinol,0,4,0.1432997048037381
4,3,Gerinol,0,5,0.12615040047708964
4,3,Gerinol,0,6,0.12022036639856058
4,3,Gerinol,0,7,0.15859346938707095
4,3,Gerinol,0,8,0.14090674832249248
4,3,Gerinol,0,9,0.1294535091354624
4,3,Gerinol,0,10,0.14525332949384506
4,3,Gerinol,0,11,0.1661388463358494
4,3,Gerinol,0,12,0.10798350096759583
4,3,Gerinol,0,13,0.12136068249329107
4,3,Gerinol,0,14,0.13114922507601154
4,3,Gerinol,1,0,0.15722543341103107
4,3,Gerinol,1,1,0.13711797957135027
4,3,Gerinol,1,2,0.14538775591393568
4,3,Gerinol,1,3,0.11284508395830642
4,3,Gerinol,1,4,0.1131969590415901
4,3,Gerinol,1,5,0.13993684246078303
4,3,Gerinol,1,6,0.13329107701295534
4,3,Gerinol,1,7,0.14165868261636666
4,3,Gerinol,1,8,0.1290951086931034
4,3,Gerinol,1,9,0.13704217506642438
4,3,Gerinol,1,10,0.13499448580880127
4,3,Gerinol,1,11,0.1455660414459819
4,3,Gerinol,1,12,0.14606490785723542
4,3,Gerinol,1,13,0.1046609377454738
4,3,Gerinol,1,14,0.09395719240168869
4,4,n Methyl Piperdine,0,0,0.2939956652241614
4,4,n Methyl Piperdine,0,1,0.29548350278904484
4,4,n Methyl Piperdine,0,2,0.27781671788684265
4,4,n Methyl Piperdine,0,3,0.2711030187905843
4,4,n Methyl Piperdine,0,4,0.28677398061100695
4,4,n Methyl Piperdine,0,5,0.29342840785375357
4,4,n Methyl Piperdine,0,6,0.30036245822242386
4,4,n Methyl Piperdine,0,7,0.29011208261976096
4,4,n Methyl Piperdine,0,8,0.28300796847026377
4,4,n Methyl Piperdine,0,9,0.27883665707027044
4,4,n Methyl Piperdine,0,10,0.28607331237631456
4,4,n Methyl Piperdine,0,11,0.28358758441186727
4,4,n Methyl Piperdine,0,12,0.2778611587971188
4,4,n Methyl Piperdine,0,13,0.3023717472498556
4,4,n Methyl Piperdine,0,14,0.30026304925952635
4,4,n Methyl Piperdine,1,0,0.28253607182261053
4,4,n Methyl Piperdine,1,1,0.26608087917169404
4,4,n Methyl Piperdine,1,2,0.2802878369485453
4,4,n Methyl Piperdine,1,3,0.2785646936301503
4,4,n Methyl Piperdine,1,4,0.2769880473477995
4,4,n Methyl Piperdine,1,5,0.2834450044905173
4,4,n Methyl Piperdine,1,6,0.2785306514970573
4,4,n Methyl Piperdine,1,7,0.2793677962446018
4,4,n Methyl Piperdine,1,8,0.27854293262114477
4,4,n Methyl Piperdine,1,9,0.27617401361818394
4,4,n Methyl Piperdine,1,10,0.2591787933164536
4,4,n Methyl Piperdine,1,11,0.27411665097345156
4,4,n Methyl Piperdine,1,12,0.2689981466833741
4,4,n Methyl Piperdine,1,13,0.26320895469304695
4,4,n Methyl Piperdine,1,14,0.2869022153085737
4,5,"2,4 Dimethyl Acetophenone",0,0,0.27423256393117695
4,5,"2,4 Dimethyl Acetophenone",0,1,0.26901830784955116
4,5,"2,4 Dimethyl Acetophenone",0,2,0.25345051606035873
4,5,"2,4 Dimethyl Acetophenone",0,3,0.2688971015433363
4,5,"2,4 Dimethyl Acetophenone",0,4,0.25002167249285623
4,5,"2,4 Dimethyl Acetophenone",0,5,0.25271138721636116
4,5,"2,4 Dimethyl Acetophenone",0,6,0.2344324840464739
4,5,"2,4 Dimethyl Acetophenone",0,7,0.2554497500039825
4,5,"2,4 Dimethyl Acetophenone",0,8,0.25070322073456
4,5,"2,4 Dimethyl Acetophenone",0,9,0.23148279100581043
4,5,"2,4 Dimethyl Acetophenone",0,10,0.24912976943484566
4,5,"2,4 Dimethyl Acetophenone",0,11,0.24872742850875385
4,5,"2,4 Dimethyl Acetophenone",0,12,0.27519942222275384
4,5,"2,4 Dimethyl Acetophenone",0,13,0.2624611617583356
4,5,"2,4 Dimethyl Acetophenone",0,14,0.2500131026271553
4,5,"2,4 Dimethyl Acetophenone",1,0,0.25801164202902077
4,5,"2,4 Dimethyl Acetophenone",1,1,0.2551268963591397
4,5,"2,4 Dimethyl Acetophenone",1,2,0.25164212576982437
4,5,"2,4 Dimethyl Acetophenone",1,3,0.23923996138641215
4,5,"2,4 Dimethyl Acetophenone",1,4,0.25237344210414897
4,5,"2,4 Dimethyl Acetophenone",1,5,0.24398259259442728
4,5,"2,4 Dimethyl Acetophenone",1,6,0.23687253952172443
4,5,"2,4 Dimethyl Acetophenone",1,7,0.26171227531245955
4,5,"2,4 Dimethyl Acetophenone",1,8,0.26002073921136193
4,5,"2,4 Dimethyl Acetophenone",1,9,0.2293087857077324
4,5,"2,4 Dimethyl Acetophenone",1,10,0.25277345334892964
4,5,"2,4 Dimethyl Acetophenone",1,11,0.2685440035892918
4,5,"2,4 Dimethyl Acetophenone",1,12,0.2694397430194705
4,5,"2,4 Dimethyl Acetophenone",1,13,0.2689689487589037
4,5,"2,4 Dimethyl Acetophenone",1,14,0.2550521718508421
4,6,4 Heptanone,0,0,0.35720422358250636
4,6,4 Heptanone,0,1,0.3517157664243019
4,6,4 Heptanone,0,2,0.3845633209862648
4,6,4 Heptanone,0,3,0.3853607656658247
4,6,4 Heptanone,0,4,0.40624375899152076
4,6,4 Heptanone,0,5,0.4019351254650825
4,6,4 Heptanone,0,6,0.3735972945949109
4,6,4 Heptanone,0,7,0.34802448983284784
4,6,4 Heptanone,0,8,0.36929955090892785
4,6,4 Heptanone,0,9,0.38163403165308346
4,6,4 Heptanone,0,10,0.3719908068659059
4,6,4 Heptanone,0,11,0.3633480598509498
4,6,4 Heptanone,0,12,0.3824539792644978
4,6,4 Heptanone,0,13,0.3650484186637242
4,6,4 Heptanone,0,14,0.362194224941384
4,6,4 Heptanone,1,0,0.40655388092073996
4,6,4 Heptanone,1,1,0.3901463503299149
4,6,4 Heptanone,1,2,0.405005028472379
4,6,4 Heptanone,1,3,0.4056742501441525
4,6,4 Heptanone,1,4,0.37318708422355046
4,6,4 Heptanone,1,5,0.38832382420622513
4,6,4 Heptanone,1,6,0.43245662953217434
4,6,4 Heptanone,1,7,0.37266617687008297
4,6,4 Heptanone,1,8,0.3507132465537725
4,6,4 Heptanone,1,9,0.3565732482160003
4,6,4 Heptanone,1,10,0.4000606727876933
4,6,4 Heptanone,1,11,0.4001022370693506
4,6,4 Heptanone,1,12,0.39668644681545245
4,6,4 Heptanone,1,13,0.4273146631125478
4,6,4 Heptanone,1,14,0.33792244305423075
4,7,33 Dimethyl Butyric Acid,0,0,0.4242090709587525
4,7,33 Dimethyl Butyric Acid,0,1,0.4341978224288557
4,7,33 Dimethyl Butyric Acid,0,2,0.41115034051383065
4,7,33 Dimethyl Butyric Acid,0,3,0.41756072333678573
4,7,33 Dimethyl Butyric Acid,0,4,0.4143632599687598
4,7,33 Dimethyl Butyric Acid,0,5,0.41315095203964486
4,7,33 Dimethyl Butyric Acid,0,6,0.41801961718910546
4,7,33 Dimethyl Butyric Acid,0,7,0.4330498023174224
4,7,33 Dimethyl Butyric Acid,0,8,0.4365627906726001
4,7,33 Dimethyl Butyric Acid,0,9,0.41793668026351694
4,7,33 Dimethyl Butyric Acid,0,10,0.43714277492668807
4,7,33 Dimethyl Butyric Acid,0,11,0.42112069076232955
4,7,33 Dimethyl Butyric Acid,0,12,0.4358454917186432
4,7,33 Dimethyl Butyric Acid,0,13,0.4200161889767652
4,7,33 Dimethyl Butyric Acid,0,14,0.42193899700401943
4,7,33 Dimethyl Butyric Acid,1,0,0.40439345918318736
4,7,33 Dimethyl Butyric Acid,1,1,0.4285050347707926
4,7,33 Dimethyl Butyric Acid,1,2,0.40855701846593234
4,7,33 Dimethyl Butyric Acid,1,3,0.3951997367425723
4,7,33 Dimethyl Butyric Acid,1,4,0.40956585115442756
4,7,33 Dimethyl Butyric Acid,1,5,0.3981602013633687
4,7,33 Dimethyl Butyric Acid,1,6,0.397063905500113
4,7,33 Dimethyl Butyric Acid,1,7,0.40904823340070834
4,7,33 Dimethyl Butyric Acid,1,8,0.4015276375925654
4,7,33 Dimethyl Butyric Acid,1,9,0.40364871025356497
4,7,33 Dimethyl Butyric Acid,1,10,0.4013810818903944
4,7,33 Dimethyl Butyric Acid,1,11,0.40414585094319494
4,7,33 Dimethyl Butyric Acid,1,12,0.40490332005878127
4,7,33 Dimethyl Butyric Acid,1,13,0.3846607868692703
4,7,33 Dimethyl Butyric Acid,1,14,0.4069739687334071
4,8,2 Methyl Butyraldehyde,0,0,0.2867507629461807
4,8,2 Methyl Butyraldehyde,0,1,0.27796328616328664
4,8,2 Methyl Butyraldehyde,0,2,0.3043839219264437
4,8,2 Methyl Butyraldehyde,0,3,0.3071024179264596
4,8,2 Methyl Butyraldehyde,0,4,0.29225894296258864
4,8,2 Methyl Butyraldehyde,0,5,0.3213648149297119
4,8,2 Methyl Butyraldehyde,0,6,0.2798748130557144
4,8,2 Methyl Butyraldehyde,0,7,0.29772987833001224
4,8,2 Methyl Butyraldehyde,0,8,0.29433290235230813
4,8,2 Methyl Butyraldehyde,0,9,0.3046096605137247
4,8,2 Methyl Butyraldehyde,0,10,0.31082305181833836
4,8,2 Methyl Butyraldehyde,0,11,0.286256795833184
4,8,2 Methyl Butyraldehyde,0,12,0.31932680215042236
4,8,2 Methyl Butyraldehyde,0,13,0.3067019021932616
4,8,2 Methyl Butyraldehyde,0,14,0.26937880270090714
4,8,2 Methyl Butyraldehyde,1,0,0.24966090535383603
4,8,2 Methyl Butyraldehyde,1,1,0.2868183570611613
4,8,2 Methyl Butyraldehyde,1,2,0.28283493217500577
4,8,2 Methyl Butyraldehyde,1,3,0.2850790965224795
4,8,2 Methyl Butyraldehyde,1,4,0.2865193221878309
4,8,2 Methyl Butyraldehyde,1,5,0.2913598505965342
4,8,2 Methyl Butyraldehyde,1,6,0.30514570053771634
4,8,2 Methyl Butyraldehyde,1,7,0.2658407804058881
4,8,2 Methyl Butyraldehyde,1,8,0.2646787377948923
4,8,2 Methyl Butyraldehyde,1,9,0.2661802489887167
4,8,2 Methyl Butyraldehyde,1,10,0.2925694338848292
4,8,2 Methyl Butyraldehyde,1,11,0.31082159098355433
4,8,2 Methyl Butyraldehyde,1,12,0.278818591543262
4,8,2 Methyl Butyraldehyde,1,13,0.23929209628933343
4,8,2 Methyl Butyraldehyde,1,14,0.25452159987241607
4,9,m Anisaldehyde,0,0,0.24351790594409253
4,9,m Anisaldehyde,0,1,0.246130209413291
4,9,m Anisaldehyde,0,2,0.2475472489228676
4,9,m Anisaldehyde,0,3,0.25178839457675584
4,9,m Anisaldehyde,0,4,0.24846425517503445
4,9,m Anisaldehyde,0,5,0.2613791419693844
4,9,m Anisaldehyde,0,6,0.24500781039091638
4,9,m Anisaldehyde,0,7,0.24324006613587643
4,9,m Anisaldehyde,0,8,0.2559662002244811
4,9,m Anisaldehyde,0,9,0.2368511200759023
4,9,m Anisaldehyde,0,10,0.2551199648218038
4,9,m Anisaldehyde,0,11,0.25239540394877125
4,9,m Anisaldehyde,0,12,0.25002327906960664
4,9,m Anisaldehyde,0,13,0.2664929291531852
4,9,m Anisaldehyde,0,14,0.24551839406105258
4,9,m Anisaldehyde,1,0,0.253863845782107
4,9,m Anisaldehyde,1,1,0.23217532606088465
4,9,m Anisaldehyde,1,2,0.22219718966119645
4,9,m Anisaldehyde,1,3,0.23497781266661352
4,9,m Anisaldehyde,1,4,0.22410224048673968
4,9,m Anisaldehyde,1,5,0.22718121083402873
4,9,m Anisaldehyde,1,6,0.23808168474525043
4,9,m Anisaldehyde,1,7,0.23958610088413346
4,9,m Anisaldehyde,1,8,0.22841082918857408
4,9,m Anisaldehyde,1,9,0.24368352465368
4,9,m Anisaldehyde,1,10,0.2452975711464292
4,9,m Anisaldehyde,1,11,0.24794295364630492
4,9,m Anisaldehyde,1,12,0.23933779506510053
4,9,m Anisaldehyde,1,13,0.24725148583285936
4,9,m Anisaldehyde,1,14,0.21646810546307632
6,0,"2,3 Pentanedione",0,0,0.1831991606534097
6,0,"2,3 Pentanedione",0,1,0.1694716929610356
6,0,"2,3 Pentanedione",0,2,0.19412747089730603
6,0,"2,3 Pentanedione",0,3,0.1768605938892028
6,0,"2,3 Pentanedione",0,4,0.18699287832037792
6,0,"2,3 Pentanedione",0,5,0.2382011963742225
6,0,"2,3 Pentanedione",0,6,0.18690382945861178
6,0,"2,3 Pentanedione",0,7,0.2014916322988766
6,0,"2,3 Pentanedione",0,8,0.18534009112101535
6,0,"2,3 Pentanedione",0,9,0.1930396565680421
6,0,"2,3 Pentanedione",0,10,0.19129724138002302
6,0,"2,3 Pentanedione",0,11,0.20235492601845023
6,0,"2,3 Pentanedione",0,12,0.22027951275780067
6,0,"2,3 Pentanedione",0,13,0.23233167430920448
6,0,"2,3 Pentanedione",0,14,0.19888732641685042
6,0,"2,3 Pentanedione",1,0,0.19525421153761494
6,0,"2,3 Pentanedione",1,1,0.15174392665708572
6,0,"2,3 Pentanedione",1,2,0.17831862082633437
6,0,"2,3 Pentanedione",1,3,0.20402277600881463
6,0,"2,3 Pentanedione",1,4,0.20216475534715372
6,0,"2,3 Pentanedione",1,5,0.18580578270660114
6,0,"2,3 Pentanedione",1,6,0.2026753883759237
6,0,"2,3 Pentanedione",1,7,0.19278470711157036
6,0,"2,3 Pentanedione",1,8,0.21052319584320794
6,0,"2,3 Pentanedione",1,9,0.18774951831065267
6,0,"2,3 Pentanedione",1,10,0.17162308149744904
6,0,"2,3 Pentanedione",1,11,0.18891157081005047
6,0,"2,3 Pentanedione",1,12,0.1072506799904055
6,0,"2,3 Pentanedione",1,13,0.19008768279635113
6,0,"2,3 Pentanedione",1,14,0.08930521875635529
6,1,3 Methylvaleric Acid,0,0,0.5027448363465159
6,1,3 Methylvaleric Acid,0,1,0.5242781497912908
6,1,3 Methylvaleric Acid,0,2,0.5245331635129276
6,1,3 Methylvaleric Acid,0,3,0.5082986965489795
6,1,3 Methylvaleric Acid,0,4,0.5127566241494973
6,1,3 Methylvaleric Acid,0,5,0.5333733698562115
6,1,3 Methylvaleric Acid,0,6,0.5150143805238653
6,1,3 Methylvaleric Acid,0,7,0.5420093302272465
6,1,3 Methylvaleric Acid,0,8,0.5197869434963768
6,1,3 Methylvaleric Acid,0,9,0.523845228617198
6,1,3 Methylvaleric Acid,0,10,0.535811902622652
6,1,3 Methylvaleric Acid,0,11,0.5211030278276055
6,1,3 Methylvaleric Acid,0,12,0.509883426890872
6,1,3 Methylvaleric Acid,0,13,0.5187197217923434
6,1,3 Methylvaleric Acid,0,14,0.5194534267306329
6,1,3 Methylvaleric Acid,1,0,0.5122770750713883
6,1,3 Methylvaleric Acid,1,1,0.5232545236814521
6,1,3 Methylvaleric Acid,1,2,0.5184398911389518
6,1,3 Methylvaleric Acid,1,3,0.5349375981326014
6,1,3 Methylvaleric Acid,1,4,0.5261297206687862
6,1,3 Methylvaleric Acid,1,5,0.5229876016595212
6,1,3 Methylvaleric Acid,1,6,0.5247359580180084
6,1,3 Methylvaleric Acid,1,7,0.5279958425387536
6,1,3 Methylvaleric Acid,1,8,0.5318931266481309
6,1,3 Methylvaleric Acid,1,9,0.5158906174260999
6,1,3 Methylvaleric Acid,1,10,0.5154760794846469
6,1,3 Methylvaleric Acid,1,11,0.5367226575955303
6,1,3 Methylvaleric Acid,1,12,0.5217052328841102
6,1,3 Methylvaleric Acid,1,13,0.5117613162422896
6,1,3 Methylvaleric Acid,1,14,0.5301805298755141
6,2,Acetic Acid,0,0,0.25468389665218566
6,2,Acetic Acid,0,1,0.22132615761401928
6,2,Acetic Acid,0,2,0.25077133643448435
6,2,Acetic Acid,0,3,0.2592375738936821
6,2,Acetic Acid,0,4,0.25319535257399817
6,2,Acetic Acid,0,5,0.2575044906418842
6,2,Acetic Acid,0,6,0.2234413923437146
6,2,Acetic Acid,0,7,0.2524702408520638
6,2,Acetic Acid,0,8,0.24187016041675014
6,2,Acetic Acid,0,9,0.23885620816798814
6,2,Acetic Acid,0,10,0.26149544046216994
6,2,Acetic Acid,0,11,0.27167829907209884
6,2,Acetic Acid,0,12,0.27694932542893763
6,2,Acetic Acid,0,13,0.26892704470945333
6,2,Acetic Acid,0,14,0.2450968165350241
6,2,Acetic Acid,1,0,0.2636754876253521
6,2,Acetic Acid,1,1,0.27060273980132366
6,2,Acetic Acid,1,2,0.2598021700402538
6,2,Acetic Acid,1,3,0.25996253192845326
6,2,Acetic Acid,1,4,0.2715550887228833
6,2,Acetic Acid,1,5,0.2567833632920569
6,2,Acetic Acid,1,6,0.2455753016685454
6,2,Acetic Acid,1,7,0.25084161609631217
6,2,Acetic Acid,1,8,0.2683793340033108
6,2,Acetic Acid,1,9,0.2578251365346244
6,2,Acetic Acid,1,10,0.26346621293950234
6,2,Acetic Acid,1,11,0.26898437917638635
6,2,Acetic Acid,1,12,0.2515045871464526
6,2,Acetic Acid,1,13,0.27042584245551105
6,2,Acetic Acid,1,14,0.26411247277057703
6,3,Gerinol,0,0,0.1464449070328291
6,3,Gerinol,0,1,0.19211807422250043
6,3,Gerinol,0,2,0.15896853419166262
6,3,Gerinol,0,3,0.13927465057356517
6,3,Gerinol,0,4,0.14968248150385366
6,3,Gerinol,0,5,0.15009191051912082
6,3,Gerinol,0,6,0.16840163361304059
6,3,Gerinol,0,7,0.16283948009245838
6,3,Gerinol,0,8,0.16176498020897567
6,3,Gerinol,0,9,0.17808399798833743
6,3,Gerinol,0,10,0.17330999554847237
6,3,Gerinol,0,11,0.1729034848869764
6,3,Gerinol,0,12,0.17450343550918282
6,3,Gerinol,0,13,0.1780231378463305
6,3,Gerinol,0,14,0.13154863325766675
6,3,Gerinol,1,0,0.14818503478211958
6,3,Gerinol,1,1,0.11720692573561978
6,3,Gerinol,1,2,0.1550177635316161
6,3,Gerinol,1,3,0.15432351932381477
6,3,Gerinol,1,4,0.17223994104587062
6,3,Gerinol,1,5,0.17466428471911255
6,3,Gerinol,1,6,0.15786201916844728
6,3,Gerinol,1,7,0.14586611338984323
6,3,Gerinol,1,8,0.1626796874646483
6,3,Gerinol,1,9,0.14539598266491927
6,3,Gerinol,1,10,0.15437880105570617
6,3,Gerinol,1,11,0.17122661192259786
6,3,Gerinol,1,12,0.14488666126437558
6,3,Gerinol,1,13,0.16814790039012592
6,3,Gerinol,1,14,0.16595941654621055
6,4,n Methyl Piperdine,0,0,0.326578007750137
6,4,n Methyl Piperdine,0,1,0.34200749531292274
6,4,n Methyl Piperdine,0,2,0.3398048730501556
6,4,n Methyl Piperdine,0,3,0.3350317493861648
6,4,n Methyl Piperdine,0,4,0.32811775462296233
6,4,n Methyl Piperdine,0,5,0.32734269413857897
6,4,n Methyl Piperdine,0,6,0.3299150416719594
6,4,n Methyl Piperdine,0,7,0.33855709799351924
6,4,n Methyl Piperdine,0,8,0.32657134094797236
6,4,n Methyl Piperdine,0,9,0.3377164402761425
6,4,n Methyl Piperdine,0,10,0.32428229805615644
6,4,n Methyl Piperdine,0,11,0.3325837936116728
6,4,n Methyl Piperdine,0,12,0.33509352432377565
6,4,n Methyl Piperdine,0,13,0.3537773834476549
6,4,n Methyl Piperdine,0,14,0.32319781704302064
6,4,n Methyl Piperdine,1,0,0.33014112556244113
6,4,n Methyl Piperdine,1,1,0.3195637483424183
6,4,n Methyl Piperdine,1,2,0.3216543843746478
6,4,n Methyl Piperdine,1,3,0.3193117923376257
6,4,n Methyl Piperdine,1,4,0.32192282357608193
6,4,n Methyl Piperdine,1,5,0.3171355281956239
6,4,n Methyl Piperdine,1,6,0.32999741048217973
6,4,n Methyl Piperdine,1,7,0.3147132398767223
6,4,n Methyl Piperdine,1,8,0.3274228856079541
6,4,n Methyl Piperdine,1,9,0.3132100720688159
6,4,n Methyl Piperdine,1,10,0.31788299425930977
6,4,n Methyl Piperdine,1,11,0.30978930861219833
6,4,n Methyl Piperdine,1,12,0.32200519879330025
6,4,n Methyl Piperdine,1,13,0.32992601668593236
6,4,n Methyl Piperdine,1,14,0.31774615959195324
6,5,"2,4 Dimethyl Acetophenone",0,0,0.2949421933048332
6,5,"2,4 Dimethyl Acetophenone",0,1,0.28200110971737186
6,5,"2,4 Dimethyl Acetophenone",0,2,0.2944852173601389
6,5,"2,4 Dimethyl Acetophenone",0,3,0.27525825088068523
6,5,"2,4 Dimethyl Acetophenone",0,4,0.28484586510182724
6,5,"2,4 Dimethyl Acetophenone",0,5,0.30091646014761175
6,5,"2,4 Dimethyl Acetophenone",0,6,0.3163181397183334
6,5,"2,4 Dimethyl Acetophenone",0,7,0.33733166870429787
6,5,"2,4 Dimethyl Acetophenone",0,8,0.28944697642731676
6,5,"2,4 Dimethyl Acetophenone",0,9,0.3179579217697292
6,5,"2,4 Dimethyl Acetophenone",0,10,0.30115570670364217
6,5,"2,4 Dimethyl Acetophenone",0,11,0.2955857431849396
6,5,"2,4 Dimethyl Acetophenone",0,12,0.30381859924160637
6,5,"2,4 Dimethyl Acetophenone",0,13,0.29859160659704354
6,5,"2,4 Dimethyl Acetophenone",0,14,0.29927522057693434
6,5,"2,4 Dimethyl Acetophenone",1,0,0.29004243683012826
6,5,"2,4 Dimethyl Acetophenone",1,1,0.2760854312473468
6,5,"2,4 Dimethyl Acetophenone",1,2,0.2740334919980491
6,5,"2,4 Dimethyl Acetophenone",1,3,0.3050119281864203
6,5,"2,4 Dimethyl Acetophenone",1,4,0.29189861702509584
6,5,"2,4 Dimethyl Acetophenone",1,5,0.28739486146827137
6,5,"2,4 Dimethyl Acetophenone",1,6,0.29592035101647635
6,5,"2,4 Dimethyl Acetophenone",1,7,0.30700988572031446
6,5,"2,4 Dimethyl Acetophenone",1,8,0.298343754166005
6,5,"2,4 Dimethyl Acetophenone",1,9,0.2865492702509264
6,5,"2,4 Dimethyl Acetophenone",1,10,0.31309257585759165
6,5,"2,4 Dimethyl Acetophenone",1,11,0.31806877328025346
6,5,"2,4 Dimethyl Acetophenone",1,12,0.30277423867741293
6,5,"2,4 Dimethyl Acetophenone",1,13,0.3095302053877693
6,5,"2,4 Dimethyl Acetophenone",1,14,0.31331349945162784
6,6,4 Heptanone,0,0,0.4647753557871771
6,6,4 Heptanone,0,1,0.45290859219316854
6,6,4 Heptanone,0,2,0.4525463310443315
6,6,4 Heptanone,0,3,0.45073673118053637
6,6,4 Heptanone,0,4,0.4135496560646045
6,6,4 Heptanone,0,5,0.4549007356267731
6,6,4 Heptanone,0,6,0.4076053221921889
6,6,4 Heptanone,0,7,0.42051190783004366
6,6,4 Heptanone,0,8,0.4687646513450972
6,6,4 Heptanone,0,9,0.45810883164121036
6,6,4 Heptanone,0,10,0.4729923738176961
6,6,4 Heptanone,0,11,0.43253792822733994
6,6,4 Heptanone,0,12,0.4122868311453185
6,6,4 Heptanone,0,13,0.43325630847707003
6,6,4 Heptanone,0,14,0.4411322611191774
6,6,4 Heptanone,1,0,0.4623836955569572
6,6,4 Heptanone,1,1,0.4866390723603872
6,6,4 Heptanone,1,2,0.4522587929598502
6,6,4 Heptanone,1,3,0.4686630919828426
6,6,4 Heptanone,1,4,0.43783109542443366
6,6,4 Heptanone,1,5,0.47092336041729865
6,6,4 Heptanone,1,6,0.4606386340256488
6,6,4 Heptanone,1,7,0.4433232393680213
6,6,4 Heptanone,1,8,0.45514363605235575
6,6,4 Heptanone,1,9,0.45633154512278695
6,6,4 Heptanone,1,10,0.45435422586991603
6,6,4 Heptanone,1,11,0.5013037380407959
6,6,4 Heptanone,1,12,0.45830312328724143
6,6,4 Heptanone,1,13,0.4549581202274001
6,6,4 Heptanone,1,14,0.41233081161233154
6,7,33 Dimethyl Butyric Acid,0,0,0.48759003722591887
6,7,33 Dimethyl Butyric Acid,0,1,0.4929990604258494
6,7,33 Dimethyl Butyric Acid,0,2,0.48937570461929514
6,7,33 Dimethyl Butyric Acid,0,3,0.5070953691430579
6,7,33 Dimethyl Butyric Acid,0,4,0.4938401148825313
6,7,33 Dimethyl Butyric Acid,0,5,0.50629607192622
6,7,33 Dimethyl Butyric Acid,0,6,0.49578251410609364
6,7,33 Dimethyl Butyric Acid,0,7,0.4955727399829472
6,7,33 Dimethyl Butyric Acid,0,8,0.4944926708456231
6,7,33 Dimethyl Butyric Acid,0,9,0.49528622041886045
6,7,33 Dimethyl Butyric Acid,0,10,0.5099843179696187
6,7,33 Dimethyl Butyric Acid,0,11,0.4753738663195987
6,7,33 Dimethyl Butyric Acid,0,12,0.4780997867516784
6,7,33 Dimethyl Butyric Acid,0,13,0.490598534476493
6,7,33 Dimethyl Butyric Acid,0,14,0.49537819398393357
6,7,33 Dimethyl Butyric Acid,1,0,0.47866342930448846
6,7,33 Dimethyl Butyric Acid,1,1,0.47680352102985446
6,7,33 Dimethyl Butyric Acid,1,2,0.46945589719798514
6,7,33 Dimethyl Butyric Acid,1,3,0.4814825459087042
6,7,33 Dimethyl Butyric Acid,1,4,0.4815781196926458
6,7,33 Dimethyl Butyric Acid,1,5,0.4743264452745083
6,7,33 Dimethyl Butyric Acid,1,6,0.48099929849953005
6,7,33 Dimethyl Butyric Acid,1,7,0.475085668404311
6,7,33 Dimethyl Butyric Acid,1,8,0.46793691743920607
6,7,33 Dimethyl Butyric Acid,1,9,0.47872952720496686
6,7,33 Dimethyl Butyric Acid,1,10,0.4736970002139472
6,7,33 Dimethyl Butyric Acid,1,11,0.4727604926704769
6,7,33 Dimethyl Butyric Acid,1,12,0.485372701323961
6,7,33 Dimethyl Butyric Acid,1,13,0.4517442378201467
6,7,33 Dimethyl Butyric Acid,1,14,0.4605989949375484
6,8,2 Methyl Butyraldehyde,0,0,0.30794343771952165
6,8,2 Methyl Butyraldehyde,0,1,0.3236712854985784
6,8,2 Methyl Butyraldehyde,0,2,0.3257456352764811
6,8,2 Methyl Butyraldehyde,0,3,0.30182925274358036
6,8,2 Methyl Butyraldehyde,0,4,0.3117982686285947
6,8,2 Methyl Butyraldehyde,0,5,0.314171666880371
6,8,2 Methyl Butyraldehyde,0,6,0.3775226737185168
6,8,2 Methyl Butyraldehyde,0,7,0.36500465169115026
6,8,2 Methyl Butyraldehyde,0,8,0.32274555723582166
6,8,2 Methyl Butyraldehyde,0,9,0.3236651257320877
6,8,2 Methyl Butyraldehyde,0,10,0.30866636848521195
6,8,2 Methyl Butyraldehyde,0,11,0.29417724799402173
6,8,2 Methyl Butyraldehyde,0,12,0.3283750830117386
6,8,2 Methyl Butyraldehyde,0,13,0.311555920779457
6,8,2 Methyl Butyraldehyde,0,14,0.32898658040741086
6,8,2 Methyl Butyraldehyde,1,0,0.2763200981676956
6,8,2 Methyl Butyraldehyde,1,1,0.2923232776106416
6,8,2 Methyl Butyraldehyde,1,2,0.3097081193436012
6,8,2 Methyl Butyraldehyde,1,3,0.3138621177136749
6,8,2 Methyl Butyraldehyde,1,4,0.3148407982667422
6,8,2 Methyl Butyraldehyde,1,5,0.28166034100694365
6,8,2 Methyl Butyraldehyde,1,6,0.3231879092385919
6,8,2 Methyl Butyraldehyde,1,7,0.2915932675053796
6,8,2 Methyl Butyraldehyde,1,8,0.31895286104476306
6,8,2 Methyl Butyraldehyde,1,9,0.3066674807379031
6,8,2 Methyl Butyraldehyde,1,10,0.28059314885121794
6,8,2 Methyl Butyraldehyde,1,11,0.30083386962650505
6,8,2 Methyl Butyraldehyde,1,12,0.31384596897357475
6,8,2 Methyl Butyraldehyde,1,13,0.31857308071582285
6,8,2 Methyl Butyraldehyde,1,14,0.30417890539439846
6,9,m Anisaldehyde,0,0,0.313263142062094
6,9,m Anisaldehyde,0,1,0.3082885381749116
6,9,m Anisaldehyde,0,2,0.2962933026693545
6,9,m Anisaldehyde,0,3,0.30584626089863426
6,9,m Anisaldehyde,0,4,0.3170777233614638
6,9,m Anisaldehyde,0,5,0.317330986381708
6,9,m Anisaldehyde,0,6,0.28707652935296696
6,9,m Anisaldehyde,0,7,0.28993704615367627
6,9,m Anisaldehyde,0,8,0.3128185022945205
6,9,m Anisaldehyde,0,9,0.28868693425798303
6,9,m Anisaldehyde,0,10,0.28617945920043103
6,9,m Anisaldehyde,0,11,0.29411527466292753
6,9,m Anisaldehyde,0,12,0.3027159972059395
6,9,m Anisaldehyde,0,13,0.29775699935746436
6,9,m Anisaldehyde,0,14,0.2925556278489469
6,9,m Anisaldehyde,1,0,0.2854948470977872
6,9,m Anisaldehyde,1,1,0.2851330955633444
6,9,m Anisaldehyde,1,2,0.28354685131766894
6,9,m Anisaldehyde,1,3,0.31354186953377755
6,9,m Anisaldehyde,1,4,0.2947152049323157
6,9,m Anisaldehyde,1,5,0.3003063808939438
6,9,m Anisaldehyde,1,6,0.28725153079528354
6,9,m Anisaldehyde,1,7,0.29012774204758945
6,9,m Anisaldehyde,1,8,0.2851215486475557
6,9,m Anisaldehyde,1,9,0.26673105374541817
6,9,m Anisaldehyde,1,10,0.2788167557904735
6,9,m Anisaldehyde,1,11,0.2747118706411778
6,9,m Anisaldehyde,1,12,0.2705447807080938
6,9,m Anisaldehyde,1,13,0.2805498630900881
6,9,m Anisaldehyde,1,14,0.30446428131246084
8,0,"2,3 Pentanedione",0,0,0.22647838128141304
8,0,"2,3 Pentanedione",0,1,0.25985337953205123
8,0,"2,3 Pentanedione",0,2,0.2378638498965438
8,0,"2,3 Pentanedione",0,3,0.2471532561169009
8,0,"2,3 Pentanedione",0,4,0.20506686059140752
8,0,"2,3 Pentanedione",0,5,0.2406880593288387
8,0,"2,3 Pentanedione",0,6,0.24580714132588055
8,0,"2,3 Pentanedione",0,7,0.21317310316817958
8,0,"2,3 Pentanedione",0,8,0.24157779473942606
8,0,"2,3 Pentanedione",0,9,0.24174397943839274
8,0,"2,3 Pentanedione",0,10,0.21385046994576984
8,0,"2,3 Pentanedione",0,11,0.19952007466724703
8,0,"2,3 Pentanedione",0,12,0.1979860771765651
8,0,"2,3 Pentanedione",0,13,0.22975192402205843
8,0,"2,3 Pentanedione",0,14,0.23576453219375476
8,0,"2,3 Pentanedione",1,0,0.18815987544197366
8,0,"2,3 Pentanedione",1,1,0.20863765473657397
8,0,"2,3 Pentanedione",1,2,0.22223644710688364
8,0,"2,3 Pentanedione",1,3,0.22342778907005403
8,0,"2,3 Pentanedione",1,4,0.24677002420648372
8,0,"2,3 Pentanedione",1,5,0.2398975420083726
8,0,"2,3 Pentanedione",1,6,0.1829407353845079
8,0,"2,3 Pentanedione",1,7,0.2500626764418721
8,0,"2,3 Pentanedione",1,8,0.19469860858952864
8,0,"2,3 Pentanedione",1,9,0.2340948415147822
8,0,"2,3 Pentanedione",1,10,0.20967268685469873
8,0,"2,3 Pentanedione",1,11,0.19766928674199732
8,0,"2,3 Pentanedione",1,12,0.16278059970904818
8,0,"2,3 Pentanedione",1,13,0.2036839084480128
8,0,"2,3 Pentanedione",1,14,0.16898844032078128
8,1,3 Methylvaleric Acid,0,0,0.5730937916183749
8,1,3 Methylvaleric Acid,0,1,0.5785334017524745
8,1,3 Methylvaleric Acid,0,2,0.5556293135237903
8,1,3 Methylvaleric Acid,0,3,0.5665074932669794
8,1,3 Methylvaleric Acid,0,4,0.5563373074759858
8,1,3 Methylvaleric Acid,0,5,0.5572966186282137
8,1,3 Methylvaleric Acid,0,6,0.5711851582382517
8,1,3 Methylvaleric Acid,0,7,0.5631366863399132
8,1,3 Methylvaleric Acid,0,8,0.5807395180817505
8,1,3 Methylvaleric Acid,0,9,0.5587444161781052
8,1,3 Methylvaleric Acid,0,10,0.5734109370267655
8,1,3 Methylvaleric Acid,0,11,0.5644825152058013
8,1,3 Methylvaleric Acid,0,12,0.5713958484519264
8,1,3 Methylvaleric Acid,0,13,0.5590916329898042
8,1,3 Methylvaleric Acid,0,14,0.5630275901560785
8,1,3 Methylvaleric Acid,1,0,0.5649097314500487
8,1,3 Methylvaleric Acid,1,1,0.5577766963155394
8,1,3 Methylvaleric Acid,1,2,0.5726072472627823
8,1,3 Methylvaleric Acid,1,3,0.5724901132950507
8,1,3 Methylvaleric Acid,1,4,0.5719288782830757
8,1,3 Methylvaleric Acid,1,5,0.5812680034015434
8,1,3 Methylvaleric Acid,1,6,0.5804006167145849
8,1,3 Methylvaleric Acid,1,7,0.5623413948592507
8,1,3 Methylvaleric Acid,1,8,0.5697460551314958
8,1,3 Methylvaleric Acid,1,9,0.5598798700404477
8,1,3 Methylvaleric Acid,1,10,0.5662842932905734
8,1,3 Methylvaleric Acid,1,11,0.5601159810520531
8,1,3 Methylvaleric Acid,1,12,0.5820906828135194
8,1,3 Methylvaleric Acid,1,13,0.5696534552466328
8,1,3 Methylvaleric Acid,1,14,0.5638947519091869
8,2,Acetic Acid,0,0,0.29798154408953476
8,2,Acetic Acid,0,1,0.24170348389577798
8,2,Acetic Acid,0,2,0.24432168395789344
8,2,Acetic Acid,0,3,0.291327345179936
8,2,Acetic Acid,0,4,0.27902582007623766
8,2,Acetic Acid,0,5,0.2822038347615174
8,2,Acetic Acid,0,6,0.2558258740760559
8,2,Acetic Acid,0,7,0.27762562164580007
8,2,Acetic Acid,0,8,0.3115296758813749
8,2,Acetic Acid,0,9,0.2918017771250002
8,2,Acetic Acid,0,10,0.2808531924389741
8,2,Acetic Acid,0,11,0.2706696386995905
8,2,Acetic Acid,0,12,0.2714137331016192
8,2,Acetic Acid,0,13,0.24239633038917177
8,2,Acetic Acid,0,14,0.28232418047997077
8,2,Acetic Acid,1,0,0.3095369133253892
8,2,Acetic Acid,1,1,0.2690358811879034
8,2,Acetic Acid,1,2,0.2843289731485532
8,2,Acetic Acid,1,3,0.27603091637877414
8,2,Acetic Acid,1,4,0.279244655867282
8,2,Acetic Acid,1,5,0.29628804083272176
8,2,Acetic Acid,1,6,0.260524787498925
8,2,Acetic Acid,1,7,0.3056691084587213
8,2,Acetic Acid,1,8,0.3080041280622435
8,2,Acetic Acid,1,9,0.29119285159458314
8,2,Acetic Acid,1,10,0.2538952388339756
8,2,Acetic Acid,1,11,0.27872494922014746
8,2,Acetic Acid,1,12,0.3160177883499555
8,2,Acetic Acid,1,13,0.2489221404728249
8,2,Acetic Acid,1,14,0.28957989096954573
8,3,Gerinol,0,0,0.15438662622194385
8,3,Gerinol,0,1,0.18824454763831908
8,3,Gerinol,0,2,0.16300028519423196
8,3,Gerinol,0,3,0.1814098040045675
8,3,Gerinol,0,4,0.18416519583777866
8,3,Gerinol,0,5,0.205845183105793
8,3,Gerinol,0,6,0.1710558106014172
8,3,Gerinol,0,7,0.18093364934140593
8,3,Gerinol,0,8,0.14918221798156125
8,3,Gerinol,0,9,0.19482725508845242
8,3,Gerinol,0,10,0.16154339926822592
8,3,Gerinol,0,11,0.16495132880063285
8,3,Gerinol,0,12,0.1741385564666821
8,3,Gerinol,0,13,0.14785441286405632
8,3,Gerinol,0,14,0.17842106457990473
8,3,Gerinol,1,0,0.1781949775013234
8,3,Gerinol,1,1,0.1666870668524797
8,3,Gerinol,1,2,0.13458194354234337
8,3,Gerinol,1,3,0.1595771901259531
8,3,Gerinol,1,4,0.1743488866091144
8,3,Gerinol,1,5,0.129649881752942
8,3,Gerinol,1,6,0.143353322811533
8,3,Gerinol,1,7,0.17664378459741936
8,3,Gerinol,1,8,0.16629743082584975
8,3,Gerinol,1,9,0.16871791932119146
8,3,Gerinol,1,10,0.19341349616893727
8,3,Gerinol,1,11,0.1696832269989641
8,3,Gerinol,1,12,0.17291339470037315
8,3,Gerinol,1,13,0.20793632191167877
8,3,Gerinol,1,14,0.15804181928492472
8,4,n Methyl Piperdine,0,0,0.3612532540887986
8,4,n Methyl Piperdine,0,1,0.3710586873837236
8,4,n Methyl Piperdine,0,2,0.3711482444328577
8,4,n Methyl Piperdine,0,3,0.3634225930621769
8,4,n Methyl Piperdine,0,4,0.3593771400413078
8,4,n Methyl Piperdine,0,5,0.3861150715744672
8,4,n Methyl Piperdine,0,6,0.3702510639608507
8,4,n Methyl Piperdine,0,7,0.36177803314652995
8,4,n Methyl Piperdine,0,8,0.37496375861598336
8,4,n Methyl Piperdine,0,9,0.36676315498525586
8,4,n Methyl Piperdine,0,10,0.3656132646272039
8,4,n Methyl Piperdine,0,11,0.3721344991730625
8,4,n Methyl Piperdine,0,12,0.35730125805189306
8,4,n Methyl Piperdine,0,13,0.3704573338290839
8,4,n Methyl Piperdine,0,14,0.38293995465960057
8,4,n Methyl Piperdine,1,0,0.35962960938326655
8,4,n Methyl Piperdine,1,1,0.3528904912554204
8,4,n Methyl Piperdine,1,2,0.3518433458422621
8,4,n Methyl Piperdine,1,3,0.3526174682989272
8,4,n Methyl Piperdine,1,4,0.3538684866613058
8,4,n Methyl Piperdine,1,5,0.3528777358236219
8,4,n Methyl Piperdine,1,6,0.3632306796142846
8,4,n Methyl Piperdine,1,7,0.3420345152600162
8,4,n Methyl Piperdine,1,8,0.36279618848898515
8,4,n Methyl Piperdine,1,9,0.3528626958845476
8,4,n Methyl Piperdine,1,10,0.35891577037125105
8,4,n Methyl Piperdine,1,11,0.3468842848040812
8,4,n Methyl Piperdine,1,12,0.3665292366204836
8,4,n Methyl Piperdine,1,13,0.3658652677670631
8,4,n Methyl Piperdine,1,14,0.36357691229168865
8,5,"2,4 Dimethyl Acetophenone",0,0,0.2911499320508606
8,5,"2,4 Dimethyl Acetophenone",0,1,0.3242013213089804
8,5,"2,4 Dimethyl Acetophenone",0,2,0.31821867500707696
8,5,"2,4 Dimethyl Acetophenone",0,3,0.2898735439979242
8,5,"2,4 Dimethyl Acetophenone",0,4,0.3121671235127666
8,5,"2,4 Dimethyl Acetophenone",0,5,0.3176501074349868
8,5,"2,4 Dimethyl Acetophenone",0,6,0.3203510563975261
8,5,"2,4 Dimethyl Acetophenone",0,7,0.3150093375051766
8,5,"2,4 Dimethyl Acetophenone",0,8,0.31661644843129944
8,5,"2,4 Dimethyl Acetophenone",0,9,0.3332893881992058
8,5,"2,4 Dimethyl Acetophenone",0,10,0.3297982562984236
8,5,"2,4 Dimethyl Acetophenone",0,11,0.27208091880238566
8,5,"2,4 Dimethyl Acetophenone",0,12,0.30803349034038957
8,5,"2,4 Dimethyl Acetophenone",0,13,0.3101879730725431
8,5,"2,4 Dimethyl Acetophenone",0,14,0.2878031070767659
8,5,"2,4 Dimethyl Acetophenone",1,0,0.3095857256583473
8,5,"2,4 Dimethyl Acetophenone",1,1,0.32586657874065306
8,5,"2,4 Dimethyl Acetophenone",1,2,0.2929357575066064
8,5,"2,4 Dimethyl Acetophenone",1,3,0.3130012809075751
8,5,"2,4 Dimethyl Acetophenone",1,4,0.2953434528845004
8,5,"2,4 Dimethyl Acetophenone",1,5,0.29878288949493464
8,5,"2,4 Dimethyl Acetophenone",1,6,0.329090611649864
8,5,"2,4 Dimethyl Acetophenone",1,7,0.3006069349707321
8,5,"2,4 Dimethyl Acetophenone",1,8,0.31477537083148904
8,5,"2,4 Dimethyl Acetophenone",1,9,0.2818712716922943
8,5,"2,4 Dimethyl Acetophenone",1,10,0.33451848897131775
8,5,"2,4 Dimethyl Acetophenone",1,11,0.31675573839327725
8,5,"2,4 Dimethyl Acetophenone",1,12,0.3056841733340686
8,5,"2,4 Dimethyl Acetophenone",1,13,0.31637351300652067
8,5,"2,4 Dimethyl Acetophenone",1,14,0.2883775325215082
8,6,4 Heptanone,0,0,0.4960439481445303
8,6,4 Heptanone,0,1,0.4613977104159245
8,6,4 Heptanone,0,2,0.46415547332855306
8,6,4 Heptanone,0,3,0.457541683911128
8,6,4 Heptanone,0,4,0.4554949945906594
8,6,4 Heptanone,0,5,0.48482433715940254
8,6,4 Heptanone,0,6,0.47473382470572245
8,6,4 Heptanone,0,7,0.48383722345874675
8,6,4 Heptanone,0,8,0.468646325199244
8,6,4 Heptanone,0,9,0.4806509447019661
8,6,4 Heptanone,0,10,0.4592160670379273
8,6,4 Heptanone,0,11,0.5201270576996317
8,6,4 Heptanone,0,12,0.4327899490594653
8,6,4 Heptanone,0,13,0.4978471111666068
8,6,4 Heptanone,0,14,0.500307167112225
8,6,4 Heptanone,1,0,0.46119552129628416
8,6,4 Heptanone,1,1,0.5320610642164018
8,6,4 Heptanone,1,2,0.5036870116530112
8,6,4 Heptanone,1,3,0.5031269908023317
8,6,4 Heptanone,1,4,0.4814375696377887
8,6,4 Heptanone,1,5,0.47579744686799114
8,6,4 Heptanone,1,6,0.47597722670519305
8,6,4 Heptanone,1,7,0.4897743921817344
8,6,4 Heptanone,1,8,0.5130170448498212
8,6,4 Heptanone,1,9,0.48496291808685543
8,6,4 Heptanone,1,10,0.45983211292384457
8,6,4 Heptanone,1,11,0.4997529685327807
8,6,4 Heptanone,1,12,0.5019773809014695
8,6,4 Heptanone,1,13,0.49584872309219774
8,6,4 Heptanone,1,14,0.4979378105605619
8,7,33 Dimethyl Butyric Acid,0,0,0.5525983500301844
8,7,33 Dimethyl Butyric Acid,0,1,0.5469585527371992
8,7,33 Dimethyl Butyric Acid,0,2,0.5474795919885999
8,7,33 Dimethyl Butyric Acid,0,3,0.5409038398951157
8,7,33 Dimethyl Butyric Acid,0,4,0.5569510190260689
8,7,33 Dimethyl Butyric Acid,0,5,0.554205109059981
8,7,33 Dimethyl Butyric Acid,0,6,0.5511494544470604
8,7,33 Dimethyl Butyric Acid,0,7,0.5295896768845558
8,7,33 Dimethyl Butyric Acid,0,8,0.5442303755648543
8,7,33 Dimethyl Butyric Acid,0,9,0.5645262615242571
8,7,33 Dimethyl Butyric Acid,0,10,0.5492242311320951
8,7,33 Dimethyl Butyric Acid,0,11,0.5580106803498216
8,7,33 Dimethyl Butyric Acid,0,12,0.5430016654773925
8,7,33 Dimethyl Butyric Acid,0,13,0.5672504665940604
8,7,33 Dimethyl Butyric Acid,0,14,0.5536859283664715
8,7,33 Dimethyl Butyric Acid,1,0,0.5282054884982447
8,7,33 Dimethyl Butyric Acid,1,1,0.5456524377724423
8,7,33 Dimethyl Butyric Acid,1,2,0.5387161331690677
8,7,33 Dimethyl Butyric Acid,1,3,0.5230923807241089
8,7,33 Dimethyl Butyric Acid,1,4,0.5206356578049767
8,7,33 Dimethyl Butyric Acid,1,5,0.5229297211718157
8,7,33 Dimethyl Butyric Acid,1,6,0.5300897418559815
8,7,33 Dimethyl Butyric Acid,1,7,0.5248179428068847
8,7,33 Dimethyl Butyric Acid,1,8,0.5223323769100213
8,7,33 Dimethyl Butyric Acid,1,9,0.5382939687912939
8,7,33 Dimethyl Butyric Acid,1,10,0.5247409319399153
8,7,33 Dimethyl Butyric Acid,1,11,0.5454279749579847
8,7,33 Dimethyl Butyric Acid,1,12,0.5264974411980933
8,7,33 Dimethyl Butyric Acid,1,13,0.5410205076683738
8,7,33 Dimethyl Butyric Acid,1,14,0.5287820916530762
8,8,2 Methyl Butyraldehyde,0,0,0.38093082502799036
8,8,2 Methyl Butyraldehyde,0,1,0.34871238053577236
8,8,2 Methyl Butyraldehyde,0,2,0.3462467351552663
8,8,2 Methyl Butyraldehyde,0,3,0.3713228885439456
8,8,2 Methyl Butyraldehyde,0,4,0.38141943006284507
8,8,2 Methyl Butyraldehyde,0,5,0.3633149268545541
8,8,2 Methyl Butyraldehyde,0,6,0.33798705720481215
8,8,2 Methyl Butyraldehyde,0,7,0.3365768554848449
8,8,2 Methyl Butyraldehyde,0,8,0.3353000466930459
8,8,2 Methyl Butyraldehyde,0,9,0.32879962928184003
8,8,2 Methyl Butyraldehyde,0,10,0.36463661659392227
8,8,2 Methyl Butyraldehyde,0,11,0.3840252556813536
8,8,2 Methyl Butyraldehyde,0,12,0.3622902369177653
8,8,2 Methyl Butyraldehyde,0,13,0.31939142863025827
8,8,2 Methyl Butyraldehyde,0,14,0.3589044431343278
8,8,2 Methyl Butyraldehyde,1,0,0.327524432876195
8,8,2 Methyl Butyraldehyde,1,1,0.3706484986984878
8,8,2 Methyl Butyraldehyde,1,2,0.3028134304414023
8,8,2 Methyl Butyraldehyde,1,3,0.3231738654042446
8,8,2 Methyl Butyraldehyde,1,4,0.36319998551813343
8,8,2 Methyl Butyraldehyde,1,5,0.3392233334502636
8,8,2 Methyl Butyraldehyde,1,6,0.34138707496135906
8,8,2 Methyl Butyraldehyde,1,7,0.3328201267769237
8,8,2 Methyl Butyraldehyde,1,8,0.33693167686465786
8,8,2 Methyl Butyraldehyde,1,9,0.34547833745697115
8,8,2 Methyl Butyraldehyde,1,10,0.3151781364048173
8,8,2 Methyl Butyraldehyde,1,11,0.34739607063645467
8,8,2 Methyl Butyraldehyde,1,12,0.3044197003252684
8,8,2 Methyl Butyraldehyde,1,13,0.3369015967902154
8,8,2 Methyl Butyraldehyde,1,14,0.3340449775920619
8,9,m Anisaldehyde,0,0,0.33717341534810935
8,9,m Anisaldehyde,0,1,0.34280596026714566
8,9,m Anisaldehyde,0,2,0.3371141390540712
8,9,m Anisaldehyde,0,3,0.332852199715149
8,9,m Anisaldehyde,0,4,0.33966588184584096
8,9,m Anisaldehyde,0,5,0.33254583630221024
8,9,m Anisaldehyde,0,6,0.3460841298032437
8,9,m Anisaldehyde,0,7,0.3321084387106001
8,9,m Anisaldehyde,0,8,0.34977692376509767
8,9,m Anisaldehyde,0,9,0.33181055564600376
8,9,m Anisaldehyde,0,10,0.33764783119473013
8,9,m Anisaldehyde,0,11,0.33709456151598827
8,9,m Anisaldehyde,0,12,0.355595084908741
8,9,m Anisaldehyde,0,13,0.34615522344086197
8,9,m Anisaldehyde,0,14,0.3410121423652293
8,9,m Anisaldehyde,1,0,0.332750691983323
8,9,m Anisaldehyde,1,1,0.3080240713340293
8,9,m Anisaldehyde,1,2,0.3276092307881683
8,9,m Anisaldehyde,1,3,0.34697225122849157
8,9,m Anisaldehyde,1,4,0.32927430240942845
8,9,m Anisaldehyde,1,5,0.3286629161399357
8,9,m Anisaldehyde,1,6,0.3332195167862977
8,9,m Anisaldehyde,1,7,0.3365166078968548
8,9,m Anisaldehyde,1,8,0.3090652211706842
8,9,m Anisaldehyde,1,9,0.31205548065907823
8,9,m Anisaldehyde,1,10,0.3300138942601729
8,9,m Anisaldehyde,1,11,0.32123528761681475
8,9,m Anisaldehyde,1,12,0.34046787742335477
8,9,m Anisaldehyde,1,13,0.32502792711598866
8,9,m Anisaldehyde,1,14,0.3096623993043559
10,0,"2,3 Pentanedione",0,0,0.2243264194870292
10,0,"2,3 Pentanedione",0,1,0.18728486691736473
10,0,"2,3 Pentanedione",0,2,0.25017362897605633
10,0,"2,3 Pentanedione",0,3,0.2513171642265195
10,0,"2,3 Pentanedione",0,4,0.24541519966358166
10,0,"2,3 Pentanedione",0,5,0.2829987433838726
10,0,"2,3 Pentanedione",0,6,0.2859897633210465
10,0,"2,3 Pentanedione",0,7,0.25176705682422634
10,0,"2,3 Pentanedione",0,8,0.2026594257212077
10,0,"2,3 Pentanedione",0,9,0.27145880692043556
10,0,"2,3 Pentanedione",0,10,0.2699107731208435
10,0,"2,3 Pentanedione",0,11,0.26376155666205275
10,0,"2,3 Pentanedione",0,12,0.28056376114083204
10,0,"2,3 Pentanedione",0,13,0.22690606499660312
10,0,"2,3 Pentanedione",0,14,0.3062456520627576
10,0,"2,3 Pentanedione",1,0,0.21107990462685508
10,0,"2,3 Pentanedione",1,1,0.2537961716354231
10,0,"2,3 Pentanedione",1,2,0.19288190609506797
10,0,"2,3 Pentanedione",1,3,0.2118089812736505
10,0,"2,3 Pentanedione",1,4,0.2729748146235352
10,0,"2,3 Pentanedione",1,5,0.22854310288038052
10,0,"2,3 Pentanedione",1,6,0.25606366358372173
10,0,"2,3 Pentanedione",1,7,0.24098948317338292
10,0,"2,3 Pentanedione",1,8,0.23244164455539745
10,0,"2,3 Pentanedione",1,9,0.269161856578719
10,0,"2,3 Pentanedione",1,10,0.22914912783910427
10,0,"2,3 Pentanedione",1,11,0.190547145766315
10,0,"2,3 Pentanedione",1,12,0.21498459615660914
10,0,"2,3 Pentanedione",1,13,0.24884539167294412
10,0,"2,3 Pentanedione",1,14,0.2449533261144645
10,1,3 Methylvaleric Acid,0,0,0.5804379660693963
10,1,3 Methylvaleric Acid,0,1,0.5887802770997219
10,1,3 Methylvaleric Acid,0,2,0.590192129421737
10,1,3 Methylvaleric Acid,0,3,0.5923328743204078
10,1,3 Methylvaleric Acid,0,4,0.5823301678650967
10,1,3 Methylvaleric Acid,0,5,0.5897303286220827
10,1,3 Methylvaleric Acid,0,6,0.5887380271484084
10,1,3 Methylvaleric Acid,0,7,0.6035884271746208
10,1,3 Methylvaleric Acid,0,8,0.6039605232479464
10,1,3 Methylvaleric Acid,0,9,0.5945073499666352
10,1,3 Methylvaleric Acid,0,10,0.5920698474430364
10,1,3 Methylvaleric Acid,0,11,0.5973359293290329
10,1,3 Methylvaleric Acid,0,12,0.587867237377694
10,1,3 Methylvaleric Acid,0,13,0.5845979185526184
10,1,3 Methylvaleric Acid,0,14,0.5866432252957805
10,1,3 Methylvaleric Acid,1,0,0.5913261871630185
10,1,3 Methylvaleric Acid,1,1,0.5860928073978424
10,1,3 Methylvaleric Acid,1,2,0.5992146836796425
10,1,3 Methylvaleric Acid,1,3,0.6048340920922739
10,1,3 Methylvaleric Acid,1,4,0.5818992137360874
10,1,3 Methylvaleric Acid,1,5,0.597859161668367
10,1,3 Methylvaleric Acid,1,6,0.5954331901802563
10,1,3 Methylvaleric Acid,1,7,0.6009911076532358
10,1,3 Methylvaleric Acid,1,8,0.597482319583892
10,1,3 Methylvaleric Acid,1,9,0.5832207630006537
10,1,3 Methylvaleric Acid,1,10,0.5851136114142701
10,1,3 Methylvaleric Acid,1,11,0.5979016778966608
10,1,3 Methylvaleric Acid,1,12,0.6077946340744736
10,1,3 Methylvaleric Acid,1,13,0.575691459595122
10,1,3 Methylvaleric Acid,1,14,0.6010328619299897
10,2,Acetic Acid,0,0,0.3239634166059061
10,2,Acetic Acid,0,1,0.3015031422296775
10,2,Acetic Acid,0,2,0.3132669876929575
10,2,Acetic Acid,0,3,0.29230183080139166
10,2,Acetic Acid,0,4,0.302066212852786
10,2,Acetic Acid,0,5,0.276947814172702
10,2,Acetic Acid,0,6,0.26484603246077165
10,2,Acetic Acid,0,7,0.3198339213367919
10,2,Acetic Acid,0,8,0.28758567851697314
10,2,Acetic Acid,0,9,0.2964427855180016
10,2,Acetic Acid,0,10,0.280870129932985
10,2,Acetic Acid,0,11,0.28047655468107285
10,2,Acetic Acid,0,12,0.3011549948998778
10,2,Acetic Acid,0,13,0.2918583939891608
10,2,Acetic Acid,0,14,0.3103858401073986
10,2,Acetic Acid,1,0,0.3095326323739633
10,2,Acetic Acid,1,1,0.3073296974072698
10,2,Acetic Acid,1,2,0.3059538103375541
10,2,Acetic Acid,1,3,0.3283558622595788
10,2,Acetic Acid,1,4,0.28410333962955525
10,2,Acetic Acid,1,5,0.30104344516344633
10,2,Acetic Acid,1,6,0.32091043835461097
10,2,Acetic Acid,1,7,0.3231160702005944
10,2,Acetic Acid,1,8,0.27817866436884847
10,2,Acetic Acid,1,9,0.29673722546545145
10,2,Acetic Acid,1,10,0.3246815300660569
10,2,Acetic Acid,1,11,0.31046173602707106
10,2,Acetic Acid,1,12,0.3052288414298572
10,2,Acetic Acid,1,13,0.29832091021985296
10,2,Acetic Acid,1,14,0.29554206089783436
10,3,Gerinol,0,0,0.18470264081263402
10,3,Gerinol,0,1,0.17547981081977523
10,3,Gerinol,0,2,0.1790590425022828
10,3,Gerinol,0,3,0.18112639723784832
10,3,Gerinol,0,4,0.16821716884134588
10,3,Gerinol,0,5,0.18886389067585002
10,3,Gerinol,0,6,0.22950414416971907
10,3,Gerinol,0,7,0.14946904646879777
10,3,Gerinol,0,8,0.1853132977980721
10,3,Gerinol,0,9,0.16681617908416424
10,3,Gerinol,0,10,0.18963627750867454
10,3,Gerinol,0,11,0.18057975542053256
10,3,Gerinol,0,12,0.1927831378241019
10,3,Gerinol,0,13,0.19984027493671105
10,3,Gerinol,0,14,0.1830682728944629
10,3,Gerinol,1,0,0.19595294507292582
10,3,Gerinol,1,1,0.1366444161580853
10,3,Gerinol,1,2,0.20377351227506993
10,3,Gerinol,1,3,0.18303825896621567
10,3,Gerinol,1,4,0.19502810957531075
10,3,Gerinol,1,5,0.15582770323736955
10,3,Gerinol,1,6,0.16246607254171103
10,3,Gerinol,1,7,0.17912927447671573
10,3,Gerinol,1,8,0.1763488072671777
10,3,Gerinol,1,9,0.18146879597844548
10,3,Gerinol,1,10,0.19514193440019226
10,3,Gerinol,1,11,0.14652381193454866
10,3,Gerinol,1,12,0.19325339559836519
10,3,Gerinol,1,13,0.1767807775722167
10,3,Gerinol,1,14,0.17316284795067746
10,4,n Methyl Piperdine,0,0,0.3822705533582394
10,4,n Methyl Piperdine,0,1,0.39806386458033344
10,4,n Methyl Piperdine,0,2,0.3747266124250702
10,4,n Methyl Piperdine,0,3,0.3992266273232282
10,4,n Methyl Piperdine,0,4,0.3821026285495346
10,4,n Methyl Piperdine,0,5,0.3944671385342583
10,4,n Methyl Piperdine,0,6,0.39308612453469516
10,4,n Methyl Piperdine,0,7,0.40339578041166957
10,4,n Methyl Piperdine,0,8,0.3926102338812074
10,4,n Methyl Piperdine,0,9,0.3884863667441532
10,4,n Methyl Piperdine,0,10,0.3899866536655489
10,4,n Methyl Piperdine,0,11,0.40422253738335584
10,4,n Methyl Piperdine,0,12,0.39832985098676565
10,4,n Methyl Piperdine,0,13,0.3909544353811332
10,4,n Methyl Piperdine,0,14,0.39214790387360243
10,4,n Methyl Piperdine,1,0,0.36653542323497607
10,4,n Methyl Piperdine,1,1,0.382180633566472
10,4,n Methyl Piperdine,1,2,0.3649943142980959
10,4,n Methyl Piperdine,1,3,0.3850872116863433
10,4,n Methyl Piperdine,1,4,0.38010181269958976
10,4,n Methyl Piperdine,1,5,0.39816845435625103
10,4,n Methyl Piperdine,1,6,0.3702717555298652
10,4,n Methyl Piperdine,1,7,0.3782515432313346
10,4,n Methyl Piperdine,1,8,0.39345914156704415
10,4,n Methyl Piperdine,1,9,0.38860395708199097
10,4,n Methyl Piperdine,1,10,0.37350314354702047
10,4,n Methyl Piperdine,1,11,0.38086457938664725
10,4,n Methyl Piperdine,1,12,0.3790888348109803
10,4,n Methyl Piperdine,1,13,0.3813284868988129
10,4,n Methyl Piperdine,1,14,0.373483396471781
10,5,"2,4 Dimethyl Acetophenone",0,0,0.33787175574933676
10,5,"2,4 Dimethyl Acetophenone",0,1,0.3165968713399976
10,5,"2,4 Dimethyl Acetophenone",0,2,0.3410366764570124
10,5,"2,4 Dimethyl Acetophenone",0,3,0.3454770953724674
10,5,"2,4 Dimethyl Acetophenone",0,4,0.33592439828161613
10,5,"2,4 Dimethyl Acetophenone",0,5,0.3163571724041474
10,5,"2,4 Dimethyl Acetophenone",0,6,0.35307073262315153
10,5,"2,4 Dimethyl Acetophenone",0,7,0.3442715069748476
10,5,"2,4 Dimethyl Acetophenone",0,8,0.32889361630085534
10,5,"2,4 Dimethyl Acetophenone",0,9,0.335174483534785
10,5,"2,4 Dimethyl Acetophenone",0,10,0.3179700850856631
10,5,"2,4 Dimethyl Acetophenone",0,11,0.3246717964061381
10,5,"2,4 Dimethyl Acetophenone",0,12,0.3315475091910602
10,5,"2,4 Dimethyl Acetophenone",0,13,0.35645344722252426
10,5,"2,4 Dimethyl Acetophenone",0,14,0.3301135324927084
10,5,"2,4 Dimethyl Acetophenone",1,0,0.3450655068374806
10,5,"2,4 Dimethyl Acetophenone",1,1,0.32844685816640845
10,5,"2,4 Dimethyl Acetophenone",1,2,0.3395340963189182
10,5,"2,4 Dimethyl Acetophenone",1,3,0.334043904017453
10,5,"2,4 Dimethyl Acetophenone",1,4,0.3483488644784183
10,5,"2,4 Dimethyl Acetophenone",1,5,0.3284962808548024
10,5,"2,4 Dimethyl Acetophenone",1,6,0.3138632593843791
10,5,"2,4 Dimethyl Acetophenone",1,7,0.3165506491401885
10,5,"2,4 Dimethyl Acetophenone",1,8,0.3285376514885381
10,5,"2,4 Dimethyl Acetophenone",1,9,0.3184245402333323
10,5,"2,4 Dimethyl Acetophenone",1,10,0.34182221480712727
10,5,"2,4 Dimethyl Acetophenone",1,11,0.32946987030554514
10,5,"2,4 Dimethyl Acetophenone",1,12,0.36952247397324817
10,5,"2,4 Dimethyl Acetophenone",1,13,0.3115339388273676
10,5,"2,4 Dimethyl Acetophenone",1,14,0.33890921173048183
10,6,4 Heptanone,0,0,0.49175436569688324
10,6,4 Heptanone,0,1,0.5063475299974478
10,6,4 Heptanone,0,2,0.5209468836552736
10,6,4 Heptanone,0,3,0.4642166202258865
10,6,4 Heptanone,0,4,0.523141007255013
10,6,4 Heptanone,0,5,0.5614568757011024
10,6,4 Heptanone,0,6,0.507266583958808
10,6,4 Heptanone,0,7,0.5236695320653758
10,6,4 Heptanone,0,8,0.5412653122342976
10,6,4 Heptanone,0,9,0.5139240388786713
10,6,4 Heptanone,0,10,0.5043338868364762
10,6,4 Heptanone,0,11,0.4653581053221325
10,6,4 Heptanone,0,12,0.5324358221726695
10,6,4 Heptanone,0,13,0.5150919739522839
10,6,4 Heptanone,0,14,0.49440527973941173
10,6,4 Heptanone,1,0,0.5313143991269036
10,6,4 Heptanone,1,1,0.5149797329136409
10,6,4 Heptanone,1,2,0.5162504473648827
10,6,4 Heptanone,1,3,0.5423462189900675
10,6,4 Heptanone,1,4,0.49762339871349137
10,6,4 Heptanone,1,5,0.5524887144877055
10,6,4 Heptanone,1,6,0.49625955489021345
10,6,4 Heptanone,1,7,0.5131624385637406
10,6,4 Heptanone,1,8,0.5726261218051094
10,6,4 Heptanone,1,9,0.5543294301434517
10,6,4 Heptanone,1,10,0.5306476362683858
10,6,4 Heptanone,1,11,0.5067730434396794
10,6,4 Heptanone,1,12,0.5162309873592468
10,6,4 Heptanone,1,13,0.5300881351223089
10,6,4 Heptanone,1,14,0.5292659231194397
10,7,33 Dimethyl Butyric Acid,0,0,0.5837100043410536
10,7,33 Dimethyl Butyric Acid,0,1,0.5842245531054133
10,7,33 Dimethyl Butyric Acid,0,2,0.5826515333158019
10,7,33 Dimethyl Butyric Acid,0,3,0.5721305706430142
10,7,33 Dimethyl Butyric Acid,0,4,0.5800621325971742
10,7,33 Dimethyl Butyric Acid,0,5,0.5923274236503271
10,7,33 Dimethyl Butyric Acid,0,6,0.5727617274495133
10,7,33 Dimethyl Butyric Acid,0,7,0.5828642453511361
10,7,33 Dimethyl Butyric Acid,0,8,0.5774632397789232
10,7,33 Dimethyl Butyric Acid,0,9,0.5854431072131735
10,7,33 Dimethyl Butyric Acid,0,10,0.581158084921307
10,7,33 Dimethyl Butyric Acid,0,11,0.5971505424042107
10,7,33 Dimethyl Butyric Acid,0,12,0.5888303803172551
10,7,33 Dimethyl Butyric Acid,0,13,0.5732462176503228
10,7,33 Dimethyl Butyric Acid,0,14,0.5902414403390919
10,7,33 Dimethyl Butyric Acid,1,0,0.555556882816127
10,7,33 Dimethyl Butyric Acid,1,1,0.5572508546606287
10,7,33 Dimethyl Butyric Acid,1,2,0.5648854325358914
10,7,33 Dimethyl Butyric Acid,1,3,0.5579814659257213
10,7,33 Dimethyl Butyric Acid,1,4,0.5698479663623274
10,7,33 Dimethyl Butyric Acid,1,5,0.5555580980432789
10,7,33 Dimethyl Butyric Acid,1,6,0.5568913279523794
10,7,33 Dimethyl Butyric Acid,1,7,0.5565705891683441
10,7,33 Dimethyl Butyric Acid,1,8,0.5573481931869632
10,7,33 Dimethyl Butyric Acid,1,9,0.5716163308120442
10,7,33 Dimethyl Butyric Acid,1,10,0.5675848902983917
10,7,33 Dimethyl Butyric Acid,1,11,0.5768506776735276
10,7,33 Dimethyl Butyric Acid,1,12,0.5816303503526458
10,7,33 Dimethyl Butyric Acid,1,13,0.5533623209085927
10,7,33 Dimethyl Butyric Acid,1,14,0.5627994162254174
10,8,2 Methyl Butyraldehyde,0,0,0.3569624845321407
10,8,2 Methyl Butyraldehyde,0,1,0.36457228965392346
10,8,2 Methyl Butyraldehyde,0,2,0.3673887479114764
10,8,2 Methyl Butyraldehyde,0,3,0.359235252647647
10,8,2 Methyl Butyraldehyde,0,4,0.35933581958991057
10,8,2 Methyl Butyraldehyde,0,5,0.3766634121165587
10,8,2 Methyl Butyraldehyde,0,6,0.356188929091425
10,8,2 Methyl Butyraldehyde,0,7,0.3954955840151647
10,8,2 Methyl Butyraldehyde,0,8,0.36189664737801785
10,8,2 Methyl Butyraldehyde,0,9,0.43305720231416756
10,8,2 Methyl Butyraldehyde,0,10,0.37080037999846255
10,8,2 Methyl Butyraldehyde,0,11,0.3807929640340813
10,8,2 Methyl Butyraldehyde,0,12,0.3546878945945274
10,8,2 Methyl Butyraldehyde,0,13,0.4119900554266108
10,8,2 Methyl Butyraldehyde,0,14,0.4007910924984303
10,8,2 Methyl Butyraldehyde,1,0,0.362765923702465
10,8,2 Methyl Butyraldehyde,1,1,0.33138470711717866
10,8,2 Methyl Butyraldehyde,1,2,0.3611192923221621
10,8,2 Methyl Butyraldehyde,1,3,0.33568740997453267
10,8,2 Methyl Butyraldehyde,1,4,0.385016027836048
10,8,2 Methyl Butyraldehyde,1,5,0.37254614743294745
10,8,2 Methyl Butyraldehyde,1,6,0.3589194083658743
10,8,2 Methyl Butyraldehyde,1,7,0.31058301171445124
10,8,2 Methyl Butyraldehyde,1,8,0.33832233860304894
10,8,2 Methyl Butyraldehyde,1,9,0.3702277855620604
10,8,2 Methyl Butyraldehyde,1,10,0.3802532160721744
10,8,2 Methyl Butyraldehyde,1,11,0.3782731520297034
10,8,2 Methyl Butyraldehyde,1,12,0.3267032469244218
10,8,2 Methyl Butyraldehyde,1,13,0.3628544406911306
10,8,2 Methyl Butyraldehyde,1,14,0.37648513584925747
10,9,m Anisaldehyde,0,0,0.35895206488282383
10,9,m Anisaldehyde,0,1,0.37461245011458927
10,9,m Anisaldehyde,0,2,0.3772858518332236
10,9,m Anisaldehyde,0,3,0.37183359939775634
10,9,m Anisaldehyde,0,4,0.3571129123982506
10,9,m Anisaldehyde,0,5,0.3715970135614736
10,9,m Anisaldehyde,0,6,0.37158176224077977
10,9,m Anisaldehyde,0,7,0.373282444149591
10,9,m Anisaldehyde,0,8,0.3693408625300419
10,9,m Anisaldehyde,0,9,0.3704838600559879
10,9,m Anisaldehyde,0,10,0.3743106938420103
10,9,m Anisaldehyde,0,11,0.3788857563616551
10,9,m Anisaldehyde,0,12,0.37179885022213005
10,9,m Anisaldehyde,0,13,0.37080043247749334
10,9,m Anisaldehyde,0,14,0.37556376981521566
10,9,m Anisaldehyde,1,0,0.34063963525517615
10,9,m Anisaldehyde,1,1,0.3633929864200411
10,9,m Anisaldehyde,1,2,0.3588612174749696
10,9,m Anisaldehyde,1,3,0.3592431990400363
10,9,m Anisaldehyde,1,4,0.3679826452851557
10,9,m Anisaldehyde,1,5,0.34033695063850306
10,9,m Anisaldehyde,1,6,0.34013751468004466
10,9,m Anisaldehyde,1,7,0.361464593128275
10,9,m Anisaldehyde,1,8,0.3587990310691395
10,9,m Anisaldehyde,1,9,0.36048131230139674
10,9,m Anisaldehyde,1,10,0.3544815921010736
10,9,m Anisaldehyde,1,11,0.36517038912154387
10,9,m Anisaldehyde,1,12,0.3677160568694215
10,9,m Anisaldehyde,1,13,0.3634589057489159
10,9,m Anisaldehyde,1,14,0.3563916469832858
12,0,"2,3 Pentanedione",0,0,0.23522735795245991
12,0,"2,3 Pentanedione",0,1,0.3071504978437482
12,0,"2,3 Pentanedione",0,2,0.3184628092982598
12,0,"2,3 Pentanedione",0,3,0.3040335529424195
12,0,"2,3 Pentanedione",0,4,0.2659285319586323
12,0,"2,3 Pentanedione",0,5,0.30476445248451395
12,0,"2,3 Pentanedione",0,6,0.3094328353418561
12,0,"2,3 Pentanedione",0,7,0.3268899988377971
12,0,"2,3 Pentanedione",0,8,0.26601684453712104
12,0,"2,3 Pentanedione",0,9,0.2822582280292165
12,0,"2,3 Pentanedione",0,10,0.3066013939214064
12,0,"2,3 Pentanedione",0,11,0.28935484442877396
12,0,"2,3 Pentanedione",0,12,0.25998640259153816
12,0,"2,3 Pentanedione",0,13,0.29828499976848755
12,0,"2,3 Pentanedione",0,14,0.30238613348819915
12,0,"2,3 Pentanedione",1,0,0.2816890359922813
12,0,"2,3 Pentanedione",1,1,0.2849795867635049
12,0,"2,3 Pentanedione",1,2,0.273022316041863
12,0,"2,3 Pentanedione",1,3,0.31644693697690773
12,0,"2,3 Pentanedione",1,4,0.2569726589911893
12,0,"2,3 Pentanedione",1,5,0.26480694451491177
12,0,"2,3 Pentanedione",1,6,0.2797646014221944
12,0,"2,3 Pentanedione",1,7,0.3014638142765286
12,0,"2,3 Pentanedione",1,8,0.24205563433164284
12,0,"2,3 Pentanedione",1,9,0.24673254483987028
12,0,"2,3 Pentanedione",1,10,0.2285467508906383
12,0,"2,3 Pentanedione",1,11,0.28030734421533804
12,0,"2,3 Pentanedione",1,12,0.25153231815384264
12,0,"2,3 Pentanedione",1,13,0.26987621083355834
12,0,"2,3 Pentanedione",1,14,0.29602441833129894
12,1,3 Methylvaleric Acid,0,0,0.6025596841243523
12,1,3 Methylvaleric Acid,0,1,0.6112000538470251
12,1,3 Methylvaleric Acid,0,2,0.6059472784007492
12,1,3 Methylvaleric Acid,0,3,0.6155639929079595
12,1,3 Methylvaleric Acid,0,4,0.6136139633934978
12,1,3 Methylvaleric Acid,0,5,0.6020608478329887
12,1,3 Methylvaleric Acid,0,6,0.6072409822050977
12,1,3 Methylvaleric Acid,0,7,0.6192428673869266
12,1,3 Methylvaleric Acid,0,8,0.6128046822939397
12,1,3 Methylvaleric Acid,0,9,0.5950815478599141
12,1,3 Methylvaleric Acid,0,10,0.6154006912440129
12,1,3 Methylvaleric Acid,0,11,0.598173614055958
12,1,3 Methylvaleric Acid,0,12,0.6228934356531219
12,1,3 Methylvaleric Acid,0,13,0.6190483996608728
12,1,3 Methylvaleric Acid,0,14,0.611780188067799
12,1,3 Methylvaleric Acid,1,0,0.6156143825529223
12,1,3 Methylvaleric Acid,1,1,0.6119886078491806
12,1,3 Methylvaleric Acid,1,2,0.620774809018094
12,1,3 Methylvaleric Acid,1,3,0.6103874336116577
12,1,3 Methylvaleric Acid,1,4,0.6163898656989208
12,1,3 Methylvaleric Acid,1,5,0.6226894402281306
12,1,3 Methylvaleric Acid,1,6,0.6084963829835995
12,1,3 Methylvaleric Acid,1,7,0.6079579967282215
12,1,3 Methylvaleric Acid,1,8,0.6022344808900607
12,1,3 Methylvaleric Acid,1,9,0.6035203303799412
12,1,3 Methylvaleric Acid,1,10,0.5959580179537938
12,1,3 Methylvaleric Acid,1,11,0.621282691922248
12,1,3 Methylvaleric Acid,1,12,0.6319649049760417
12,1,3 Methylvaleric Acid,1,13,0.6281676691427465
12,1,3 Methylvaleric Acid,1,14,0.5979607571302263
12,2,Acetic Acid,0,0,0.3364024351510283
12,2,Acetic Acid,0,1,0.34806630042893916
12,2,Acetic Acid,0,2,0.3166351434604445
12,2,Acetic Acid,0,3,0.32597386495636116
12,2,Acetic Acid,0,4,0.2906880937431021
12,2,Acetic Acid,0,5,0.32873887165903076
12,2,Acetic Acid,0,6,0.3064852255100593
12,2,Acetic Acid,0,7,0.32761638060073006
12,2,Acetic Acid,0,8,0.2981604794580379
12,2,Acetic Acid,0,9,0.33335793614780773
12,2,Acetic Acid,0,10,0.34141521704174693
12,2,Acetic Acid,0,11,0.3111755161256042
12,2,Acetic Acid,0,12,0.3052579865540317
12,2,Acetic Acid,0,13,0.2882101244230698
12,2,Acetic Acid,0,14,0.31982016053846124
12,2,Acetic Acid,1,0,0.32145044484203994
12,2,Acetic Acid,1,1,0.30523356286963976
12,2,Acetic Acid,1,2,0.33875780086900487
12,2,Acetic Acid,1,3,0.32365228878221697
12,2,Acetic Acid,1,4,0.3131842675359814
12,2,Acetic Acid,1,5,0.32190247024327195
12,2,Acetic Acid,1,6,0.34910069755242884
12,2,Acetic Acid,1,7,0.34126568374013516
12,2,Acetic Acid,1,8,0.32900442713478684
12,2,Acetic Acid,1,9,0.3415361488405676
12,2,Acetic Acid,1,10,0.31175941422491465
12,2,Acetic Acid,1,11,0.33172104584882633
12,2,Acetic Acid,1,12,0.3336440061842522
12,2,Acetic Acid,1,13,0.32331996140052266
12,2,Acetic Acid,1,14,0.33846404413295667
12,3,Gerinol,0,0,0.17612947621302302
12,3,Gerinol,0,1,0.19814195260023307
12,3,Gerinol,0,2,0.19885914609026512
12,3,Gerinol,0,3,0.13967569728378323
12,3,Gerinol,0,4,0.2097514171047644
12,3,Gerinol,0,5,0.13744975841545112
12,3,Gerinol,0,6,0.17893396890068333
12,3,Gerinol,0,7,0.20693714461096774
12,3,Gerinol,0,8,0.18403102518026598
12,3,Gerinol,0,9,0.1644301445883915
12,3,Gerinol,0,10,0.1707843368958464
12,3,Gerinol,0,11,0.20696372007260977
12,3,Gerinol,0,12,0.15666214888633007
12,3,Gerinol,0,13,0.20870535480162158
12,3,Gerinol,0,14,0.18850404535073628
12,3,Gerinol,1,0,0.1607618945630197
12,3,Gerinol,1,1,0.17115656538534302
12,3,Gerinol,1,2,0.16375041215815345
12,3,Gerinol,1,3,0.19588314210891003
12,3,Gerinol,1,4,0.19360048184092155
12,3,Gerinol,1,5,0.1517749676865982
12,3,Gerinol,1,6,0.17421932999112016
12,3,Gerinol,1,7,0.16637840040854768
12,3,Gerinol,1,8,0.2031728654296105
12,3,Gerinol,1,9,0.15807137745121688
12,3,Gerinol,1,10,0.2084739121911181
12,3,Gerinol,1,11,0.18053681576170982
12,3,Gerinol,1,12,0.16128157540667384
12,3,Gerinol,1,13,0.1695501569090522
12,3,Gerinol,1,14,0.1674287657130323
12,4,n Methyl Piperdine,0,0,0.4081897529833746
12,4,n Methyl Piperdine,0,1,0.41914531507734165
12,4,n Methyl Piperdine,0,2,0.4085633757939639
12,4,n Methyl Piperdine,0,3,0.4009437705295931
12,4,n Methyl Piperdine,0,4,0.4153492884327133
12,4,n Methyl Piperdine,0,5,0.4039638506281556
12,4,n Methyl Piperdine,0,6,0.4123694132549585
12,4,n Methyl Piperdine,0,7,0.4111138770906718
12,4,n Methyl Piperdine,0,8,0.41141697162329216
12,4,n Methyl Piperdine,0,9,0.4343944050122199
12,4,n Methyl Piperdine,0,10,0.41883799273685524
12,4,n Methyl Piperdine,0,11,0.4203496682714613
12,4,n Methyl Piperdine,0,12,0.4041755138287603
12,4,n Methyl Piperdine,0,13,0.41315499513040327
12,4,n Methyl Piperdine,0,14,0.42010912123903077
12,4,n Methyl Piperdine,1,0,0.39428299182768883
12,4,n Methyl Piperdine,1,1,0.40974372587913677
12,4,n Methyl Piperdine,1,2,0.3928576504437847
12,4,n Methyl Piperdine,1,3,0.4001882940440715
12,4,n Methyl Piperdine,1,4,0.39779081001118843
12,4,n Methyl Piperdine,1,5,0.40379378840604824
12,4,n Methyl Piperdine,1,6,0.3973553025561495
12,4,n Methyl Piperdine,1,7,0.40031207411442543
12,4,n Methyl Piperdine,1,8,0.400590182396769
12,4,n Methyl Piperdine,1,9,0.3966041210718625
12,4,n Methyl Piperdine,1,10,0.4063599740789698
12,4,n Methyl Piperdine,1,11,0.40438633012969233
12,4,n Methyl Piperdine,1,12,0.4017703115689676
12,4,n Methyl Piperdine,1,13,0.39903555646329725
12,4,n Methyl Piperdine,1,14,0.4088515753751529
12,5,"2,4 Dimethyl Acetophenone",0,0,0.3544380061321127
12,5,"2,4 Dimethyl Acetophenone",0,1,0.3534387543778929
12,5,"2,4 Dimethyl Acetophenone",0,2,0.3592397964389897
12,5,"2,4 Dimethyl Acetophenone",0,3,0.3816874000568306
12,5,"2,4 Dimethyl Acetophenone",0,4,0.3388629553323609
12,5,"2,4 Dimethyl Acetophenone",0,5,0.36861942674048304
12,5,"2,4 Dimethyl Acetophenone",0,6,0.33106761829223497
12,5,"2,4 Dimethyl Acetophenone",0,7,0.3608273501499357
12,5,"2,4 Dimethyl Acetophenone",0,8,0.37997405366721004
12,5,"2,4 Dimethyl Acetophenone",0,9,0.36465434205499886
12,5,"2,4 Dimethyl Acetophenone",0,10,0.36016955769817033
12,5,"2,4 Dimethyl Acetophenone",0,11,0.3498605520085954
12,5,"2,4 Dimethyl Acetophenone",0,12,0.3582013464614383
12,5,"2,4 Dimethyl Acetophenone",0,13,0.35420916430270616
12,5,"2,4 Dimethyl Acetophenone",0,14,0.3466803557223518
12,5,"2,4 Dimethyl Acetophenone",1,0,0.3504560938444729
12,5,"2,4 Dimethyl Acetophenone",1,1,0.3573410851235378
12,5,"2,4 Dimethyl Acetophenone",1,2,0.34372502137955496
12,5,"2,4 Dimethyl Acetophenone",1,3,0.3431741627103788
12,5,"2,4 Dimethyl Acetophenone",1,4,0.3353626563718506
12,5,"2,4 Dimethyl Acetophenone",1,5,0.3600533584623022
12,5,"2,4 Dimethyl Acetophenone",1,6,0.3622333743020805
12,5,"2,4 Dimethyl Acetophenone",1,7,0.3578103619234595
12,5,"2,4 Dimethyl Acetophenone",1,8,0.3681537110261599
12,5,"2,4 Dimethyl Acetophenone",1,9,0.3557827152594131
12,5,"2,4 Dimethyl Acetophenone",1,10,0.360071491314441
12,5,"2,4 Dimethyl Acetophenone",1,11,0.3588281417307638
12,5,"2,4 Dimethyl Acetophenone",1,12,0.3532528575885052
12,5,"2,4 Dimethyl Acetophenone",1,13,0.3470584705977499
12,5,"2,4 Dimethyl Acetophenone",1,14,0.38576581892901896
12,6,4 Heptanone,0,0,0.5060892586016581
12,6,4 Heptanone,0,1,0.5011694577080625
12,6,4 Heptanone,0,2,0.5264642286952509
12,6,4 Heptanone,0,3,0.5222750919075881
12,6,4 Heptanone,0,4,0.4841762145938251
12,6,4 Heptanone,0,5,0.5423019481925694
12,6,4 Heptanone,0,6,0.5143167964513605
12,6,4 Heptanone,0,7,0.4909342990450826
12,6,4 Heptanone,0,8,0.543822224158744
12,6,4 Heptanone,0,9,0.5308720804555995
12,6,4 Heptanone,0,10,0.4874016174464184
12,6,4 Heptanone,0,11,0.5573539813185363
12,6,4 Heptanone,0,12,0.5316338022113692
12,6,4 Heptanone,0,13,0.5162485592318796
12,6,4 Heptanone,0,14,0.553054257673788
12,6,4 Heptanone,1,0,0.5482491315533028
12,6,4 Heptanone,1,1,0.5439398219510619
12,6,4 Heptanone,1,2,0.5294003488126
12,6,4 Heptanone,1,3,0.5579668275125569
12,6,4 Heptanone,1,4,0.5555463884975511
12,6,4 Heptanone,1,5,0.5449232731639762
12,6,4 Heptanone,1,6,0.5264178768930726
12,6,4 Heptanone,1,7,0.5475737397229028
12,6,4 Heptanone,1,8,0.542980460821402
12,6,4 Heptanone,1,9,0.5139189593460515
12,6,4 Heptanone,1,10,0.5107375169319885
12,6,4 Heptanone,1,11,0.5575828352331975
12,6,4 Heptanone,1,12,0.48474848459717396
12,6,4 Heptanone,1,13,0.5493096138666702
12,6,4 Heptanone,1,14,0.5335909034047585
12,7,33 Dimethyl Butyric Acid,0,0,0.5921808501340887
12,7,33 Dimethyl Butyric Acid,0,1,0.5767395676826265
12,7,33 Dimethyl Butyric Acid,0,2,0.5866207452499494
12,7,33 Dimethyl Butyric Acid,0,3,0.5775670700451795
12,7,33 Dimethyl Butyric Acid,0,4,0.5819436095660775
12,7,33 Dimethyl Butyric Acid,0,5,0.5872836797828281
12,7,33 Dimethyl Butyric Acid,0,6,0.577004497808531
12,7,33 Dimethyl Butyric Acid,0,7,0.5895095506141844
12,7,33 Dimethyl Butyric Acid,0,8,0.5724524365979962
12,7,33 Dimethyl Butyric Acid,0,9,0.5834935074183684
12,7,33 Dimethyl Butyric Acid,0,10,0.5888760736181243
12,7,33 Dimethyl Butyric Acid,0,11,0.5866254870185518
12,7,33 Dimethyl Butyric Acid,0,12,0.5973933072819981
12,7,33 Dimethyl Butyric Acid,0,13,0.5744258274071483
12,7,33 Dimethyl Butyric Acid,0,14,0.569148992852066
12,7,33 Dimethyl Butyric Acid,1,0,0.5545256127434108
12,7,33 Dimethyl Butyric Acid,1,1,0.5687075960669261
12,7,33 Dimethyl Butyric Acid,1,2,0.5673147499163611
12,7,33 Dimethyl Butyric Acid,1,3,0.5639237611491127
12,7,33 Dimethyl Butyric Acid,1,4,0.5534232808445051
12,7,33 Dimethyl Butyric Acid,1,5,0.569619690617859
12,7,33 Dimethyl Butyric Acid,1,6,0.5525512696908796
12,7,33 Dimethyl Butyric Acid,1,7,0.5729799634621102
12,7,33 Dimethyl Butyric Acid,1,8,0.5875365657043077
12,7,33 Dimethyl Butyric Acid,1,9,0.5661879939002732
12,7,33 Dimethyl Butyric Acid,1,10,0.5680448148209823
12,7,33 Dimethyl Butyric Acid,1,11,0.5588234196395354
12,7,33 Dimethyl Butyric Acid,1,12,0.5475332708841394
12,7,33 Dimethyl Butyric Acid,1,13,0.5578818871572913
12,7,33 Dimethyl Butyric Acid,1,14,0.553680920324587
12,8,2 Methyl Butyraldehyde,0,0,0.36775585711851866
12,8,2 Methyl Butyraldehyde,0,1,0.4282641006285429
12,8,2 Methyl Butyraldehyde,0,2,0.4005908738389958
12,8,2 Methyl Butyraldehyde,0,3,0.4026303353343565
12,8,2 Methyl Butyraldehyde,0,4,0.3894817596918934
12,8,2 Methyl Butyraldehyde,0,5,0.392081105687961
12,8,2 Methyl Butyraldehyde,0,6,0.4137963084395647
12,8,2 Methyl Butyraldehyde,0,7,0.3947641240818725
12,8,2 Methyl Butyraldehyde,0,8,0.4055132884919041
12,8,2 Methyl Butyraldehyde,0,9,0.3916394555645506
12,8,2 Methyl Butyraldehyde,0,10,0.3888492449101162
12,8,2 Methyl Butyraldehyde,0,11,0.3685212472545563
12,8,2 Methyl Butyraldehyde,0,12,0.35762309504238565
12,8,2 Methyl Butyraldehyde,0,13,0.3903878559468322
12,8,2 Methyl Butyraldehyde,0,14,0.39646010377049334
12,8,2 Methyl Butyraldehyde,1,0,0.3524976042335188
12,8,2 Methyl Butyraldehyde,1,1,0.3763937056375378
12,8,2 Methyl Butyraldehyde,1,2,0.3780781085101632
12,8,2 Methyl Butyraldehyde,1,3,0.3358902409315956
12,8,2 Methyl Butyraldehyde,1,4,0.35958069094649037
12,8,2 Methyl Butyraldehyde,1,5,0.3848272058639115
12,8,2 Methyl Butyraldehyde,1,6,0.3844414569237293
12,8,2 Methyl Butyraldehyde,1,7,0.355026384570161
12,8,2 Methyl Butyraldehyde,1,8,0.3800769130073456
12,8,2 Methyl Butyraldehyde,1,9,0.3965712770451585
12,8,2 Methyl Butyraldehyde,1,10,0.3918874530657421
12,8,2 Methyl Butyraldehyde,1,11,0.37523272776521727
12,8,2 Methyl Butyraldehyde,1,12,0.3681174688579917
12,8,2 Methyl Butyraldehyde,1,13,0.365036692087275
12,8,2 Methyl Butyraldehyde,1,14,0.3859833147516185
12,9,m Anisaldehyde,0,0,0.39312282344939353
12,9,m Anisaldehyde,0,1,0.397243750416594
12,9,m Anisaldehyde,0,2,0.3925228537238596
12,9,m Anisaldehyde,0,3,0.399040523249952
12,9,m Anisaldehyde,0,4,0.3921691041932633
12,9,m Anisaldehyde,0,5,0.39871719481123064
12,9,m Anisaldehyde,0,6,0.3995344918868778
12,9,m Anisaldehyde,0,7,0.38363766480782663
12,9,m Anisaldehyde,0,8,0.3741146766357402
12,9,m Anisaldehyde,0,9,0.4059172321254336
12,9,m Anisaldehyde,0,10,0.393706895844458
12,9,m Anisaldehyde,0,11,0.37500336733895734
12,9,m Anisaldehyde,0,12,0.3844983542901074
12,9,m Anisaldehyde,0,13,0.3985956030533633
12,9,m Anisaldehyde,0,14,0.3886177880559643
12,9,m Anisaldehyde,1,0,0.3713087579845347
12,9,m Anisaldehyde,1,1,0.38946003348420594
12,9,m Anisaldehyde,1,2,0.36623018104505994
12,9,m Anisaldehyde,1,3,0.36859412778714584
12,9,m Anisaldehyde,1,4,0.3781733117745693
12,9,m Anisaldehyde,1,5,0.37987243214631133
12,9,m Anisaldehyde,1,6,0.380877168741071
12,9,m Anisaldehyde,1,7,0.3848139679730585
12,9,m Anisaldehyde,1,8,0.37805178235148296
12,9,m Anisaldehyde,1,9,0.38081113622498913
12,9,m Anisaldehyde,1,10,0.3737079871021921
12,9,m Anisaldehyde,1,11,0.37676245971281186
12,9,m Anisaldehyde,1,12,0.3771878922706082
12,9,m Anisaldehyde,1,13,0.3782085304754732
12,9,m Anisaldehyde,1,14,0.3834979070434636
14,0,"2,3 Pentanedione",0,0,0.2941977899655492
14,0,"2,3 Pentanedione",0,1,0.281424572989433
14,0,"2,3 Pentanedione",0,2,0.26009099829340243
14,0,"2,3 Pentanedione",0,3,0.28201092936849614
14,0,"2,3 Pentanedione",0,4,0.2796187032945348
14,0,"2,3 Pentanedione",0,5,0.2851486874122584
14,0,"2,3 Pentanedione",0,6,0.3354822805954385
14,0,"2,3 Pentanedione",0,7,0.26722482845339757
14,0,"2,3 Pentanedione",0,8,0.2908763733950624
14,0,"2,3 Pentanedione",0,9,0.30703069959803586
14,0,"2,3 Pentanedione",0,10,0.282769195769413
14,0,"2,3 Pentanedione",0,11,0.33876527589623256
14,0,"2,3 Pentanedione",0,12,0.2708681656236415
14,0,"2,3 Pentanedione",0,13,0.2884213784749296
14,0,"2,3 Pentanedione",0,14,0.2603490042946039
14,0,"2,3 Pentanedione",1,0,0.25376638747133706
14,0,"2,3 Pentanedione",1,1,0.2687778536098358
14,0,"2,3 Pentanedione",1,2,0.2837121074076126
14,0,"2,3 Pentanedione",1,3,0.2705318767005087
14,0,"2,3 Pentanedione",1,4,0.2940323770832878
14,0,"2,3 Pentanedione",1,5,0.2601803730851026
14,0,"2,3 Pentanedione",1,6,0.2542502926039443
14,0,"2,3 Pentanedione",1,7,0.33015413353190404
14,0,"2,3 Pentanedione",1,8,0.2724104470859702
14,0,"2,3 Pentanedione",1,9,0.2445674672004557
14,0,"2,3 Pentanedione",1,10,0.24519791179371767
14,0,"2,3 Pentanedione",1,11,0.23898750798663587
14,0,"2,3 Pentanedione",1,12,0.2859687397463391
14,0,"2,3 Pentanedione",1,13,0.2534450735275883
14,0,"2,3 Pentanedione",1,14,0.26573856774133153
14,1,3 Methylvaleric Acid,0,0,0.6161783336764262
14,1,3 Methylvaleric Acid,0,1,0.6240483022269627
14,1,3 Methylvaleric Acid,0,2,0.6084248371750286
14,1,3 Methylvaleric Acid,0,3,0.6061595941151892
14,1,3 Methylvaleric Acid,0,4,0.6190274166200948
14,1,3 Methylvaleric Acid,0,5,0.6227561133262434
14,1,3 Methylvaleric Acid,0,6,0.6200988693658913
14,1,3 Methylvaleric Acid,0,7,0.6087939863456953
14,1,3 Methylvaleric Acid,0,8,0.6235136641564649
14,1,3 Methylvaleric Acid,0,9,0.6094433103533432
14,1,3 Methylvaleric Acid,0,10,0.611644149331601
14,1,3 Methylvaleric Acid,0,11,0.6074625300935201
14,1,3 Methylvaleric Acid,0,12,0.6296876065462614
14,1,3 Methylvaleric Acid,0,13,0.6230774675256766
14,1,3 Methylvaleric Acid,0,14,0.6227960480758158
14,1,3 Methylvaleric Acid,1,0,0.6326290530451874
14,1,3 Methylvaleric Acid,1,1,0.6481258199554889
14,1,3 Methylvaleric Acid,1,2,0.6033623377419091
14,1,3 Methylvaleric Acid,1,3,0.6129730859319714
14,1,3 Methylvaleric Acid,1,4,0.6141827974118599
14,1,3 Methylvaleric Acid,1,5,0.6118599765035826
14,1,3 Methylvaleric Acid,1,6,0.6096151712593504
14,1,3 Methylvaleric Acid,1,7,0.6173161495532622
14,1,3 Methylvaleric Acid,1,8,0.6082389634367232
14,1,3 Methylvaleric Acid,1,9,0.6235992014842806
14,1,3 Methylvaleric Acid,1,10,0.620794288659276
14,1,3 Methylvaleric Acid,1,11,0.6250443662688888
14,1,3 Methylvaleric Acid,1,12,0.6253086759505565
14,1,3 Methylvaleric Acid,1,13,0.6262518671514744
14,1,3 Methylvaleric Acid,1,14,0.6165860167119729
14,2,Acetic Acid,0,0,0.3660187253557812
14,2,Acetic Acid,0,1,0.3344571549693465
14,2,Acetic Acid,0,2,0.29937922693388325
14,2,Acetic Acid,0,3,0.3137674254733359
14,2,Acetic Acid,0,4,0.30141977972292583
14,2,Acetic Acid,0,5,0.3308254904512155
14,2,Acetic Acid,0,6,0.3284979112528874
14,2,Acetic Acid,0,7,0.32269952505326793
14,2,Acetic Acid,0,8,0.3641749727131399
14,2,Acetic Acid,0,9,0.33971908468188133
14,2,Acetic Acid,0,10,0.3426819333166035
14,2,Acetic Acid,0,11,0.3149601941034792
14,2,Acetic Acid,0,12,0.31382147231471896
14,2,Acetic Acid,0,13,0.33115120584342733
14,2,Acetic Acid,0,14,0.3334296336125608
14,2,Acetic Acid,1,0,0.3101857435836587
14,2,Acetic Acid,1,1,0.33822252257750274
14,2,Acetic Acid,1,2,0.34147416294257593
14,2,Acetic Acid,1,3,0.3376396712576138
14,2,Acetic Acid,1,4,0.3276320864496641
14,2,Acetic Acid,1,5,0.3322132306941843
14,2,Acetic Acid,1,6,0.3382801990484713
14,2,Acetic Acid,1,7,0.3427576942578366
14,2,Acetic Acid,1,8,0.3513559213879648
14,2,Acetic Acid,1,9,0.359319693712269
14,2,Acetic Acid,1,10,0.33631481061326907
14,2,Acetic Acid,1,11,0.33360802297309955
14,2,Acetic Acid,1,12,0.34856001456357166
14,2,Acetic Acid,1,13,0.35145718363346257
14,2,Acetic Acid,1,14,0.3339753065064017
14,3,Gerinol,0,0,0.20533129510087053
14,3,Gerinol,0,1,0.2085590168664158
14,3,Gerinol,0,2,0.21388364114094535
14,3,Gerinol,0,3,0.22218590394703117
14,3,Gerinol,0,4,0.1770651723443733
14,3,Gerinol,0,5,0.19208384026491795
14,3,Gerinol,0,6,0.19203913281431162
14,3,Gerinol,0,7,0.1901735374826633
14,3,Gerinol,0,8,0.18076993086866422
14,3,Gerinol,0,9,0.16650218861521923
14,3,Gerinol,0,10,0.1934278933693725
14,3,Gerinol,0,11,0.1787381403872831
14,3,Gerinol,0,12,0.19331382696511773
14,3,Gerinol,0,13,0.17829989037751434
14,3,Gerinol,0,14,0.1730859264502726
14,3,Gerinol,1,0,0.18856351797031198
14,3,Gerinol,1,1,0.18714106134613365
14,3,Gerinol,1,2,0.19444913633222718
14,3,Gerinol,1,3,0.22185834364866908
14,3,Gerinol,1,4,0.18929697201402182
14,3,Gerinol,1,5,0.19284202679344986
14,3,Gerinol,1,6,0.16618243889776227
14,3,Gerinol,1,7,0.162610874105269
14,3,Gerinol,1,8,0.2115702321211355
14,3,Gerinol,1,9,0.16881115853797013
14,3,Gerinol,1,10,0.16675596859930805
14,3,Gerinol,1,11,0.18389920346493346
14,3,Gerinol,1,12,0.18302751917009616
14,3,Gerinol,1,13,0.16916897461863695
14,3,Gerinol,1,14,0.17936323538510246
14,4,n Methyl Piperdine,0,0,0.44199492227755194
14,4,n Methyl Piperdine,0,1,0.42571196766569674
14,4,n Methyl Piperdine,0,2,0.42101053666142174
14,4,n Methyl Piperdine,0,3,0.43970066550354947
14,4,n Methyl Piperdine,0,4,0.4360982918318554
14,4,n Methyl Piperdine,0,5,0.42719576757116184
14,4,n Methyl Piperdine,0,6,0.4195025804073358
14,4,n Methyl Piperdine,0,7,0.42620292968484264
14,4,n Methyl Piperdine,0,8,0.43172228104155697
14,4,n Methyl Piperdine,0,9,0.4414852932554217
14,4,n Methyl Piperdine,0,10,0.42386726073739384
14,4,n Methyl Piperdine,0,11,0.4314837574842593
14,4,n Methyl Piperdine,0,12,0.4375610738155103
14,4,n Methyl Piperdine,0,13,0.4131097778153757
14,4,n Methyl Piperdine,0,14,0.4404302058798623
14,4,n Methyl Piperdine,1,0,0.4099767185578195
14,4,n Methyl Piperdine,1,1,0.42209228708312646
14,4,n Methyl Piperdine,1,2,0.4214097883323569
14,4,n Methyl Piperdine,1,3,0.42811301426718174
14,4,n Methyl Piperdine,1,4,0.4238437181826193
14,4,n Methyl Piperdine,1,5,0.4004179992016311
14,4,n Methyl Piperdine,1,6,0.41315808915822305
14,4,n Methyl Piperdine,1,7,0.4205419641702972
14,4,n Methyl Piperdine,1,8,0.4178764840465127
14,4,n Methyl Piperdine,1,9,0.42325720897352515
14,4,n Methyl Piperdine,1,10,0.4257512555808286
14,4,n Methyl Piperdine,1,11,0.42430393702690844
14,4,n Methyl Piperdine,1,12,0.41772212359503524
14,4,n Methyl Piperdine,1,13,0.40466562704650716
14,4,n Methyl Piperdine,1,14,0.41579247314463247
14,5,"2,4 Dimethyl Acetophenone",0,0,0.380083945733706
14,5,"2,4 Dimethyl Acetophenone",0,1,0.3588360872282979
14,5,"2,4 Dimethyl Acetophenone",0,2,0.38311437974955054
14,5,"2,4 Dimethyl Acetophenone",0,3,0.3870220754774013
14,5,"2,4 Dimethyl Acetophenone",0,4,0.37600164080527365
14,5,"2,4 Dimethyl Acetophenone",0,5,0.3310097906944716
14,5,"2,4 Dimethyl Acetophenone",0,6,0.35619012823645235
14,5,"2,4 Dimethyl Acetophenone",0,7,0.40081014009257027
14,5,"2,4 Dimethyl Acetophenone",0,8,0.3665058463974641
14,5,"2,4 Dimethyl Acetophenone",0,9,0.3462339293786918
14,5,"2,4 Dimethyl Acetophenone",0,10,0.3916311002293498
14,5,"2,4 Dimethyl Acetophenone",0,11,0.37440099759386003
14,5,"2,4 Dimethyl Acetophenone",0,12,0.3897936206293573
14,5,"2,4 Dimethyl Acetophenone",0,13,0.3781181092061834
14,5,"2,4 Dimethyl Acetophenone",0,14,0.38067888798368094
14,5,"2,4 Dimethyl Acetophenone",1,0,0.36925332575190634
14,5,"2,4 Dimethyl Acetophenone",1,1,0.37396987153848976
14,5,"2,4 Dimethyl Acetophenone",1,2,0.3962489025004741
14,5,"2,4 Dimethyl Acetophenone",1,3,0.3778267953997558
14,5,"2,4 Dimethyl Acetophenone",1,4,0.3418498393468597
14,5,"2,4 Dimethyl Acetophenone",1,5,0.3704329205078741
14,5,"2,4 Dimethyl Acetophenone",1,6,0.38023068416498135
14,5,"2,4 Dimethyl Acetophenone",1,7,0.3810939582685798
14,5,"2,4 Dimethyl Acetophenone",1,8,0.3581188420974003
14,5,"2,4 Dimethyl Acetophenone",1,9,0.3805615494391806
14,5,"2,4 Dimethyl Acetophenone",1,10,0.3772167233240634
14,5,"2,4 Dimethyl Acetophenone",1,11,0.400409973971957
14,5,"2,4 Dimethyl Acetophenone",1,12,0.35355856985055906
14,5,"2,4 Dimethyl Acetophenone",1,13,0.35697952978721853
14,5,"2,4 Dimethyl Acetophenone",1,14,0.3598178346143889
14,6,4 Heptanone,0,0,0.5247670804161911
14,6,4 Heptanone,0,1,0.5155726730761837
14,6,4 Heptanone,0,2,0.4725061124506819
14,6,4 Heptanone,0,3,0.526043968586897
14,6,4 Heptanone,0,4,0.5445353602330442
14,6,4 Heptanone,0,5,0.5246980946267467
14,6,4 Heptanone,0,6,0.5805501299552666
14,6,4 Heptanone,0,7,0.5363486237441341
14,6,4 Heptanone,0,8,0.5657315789586345
14,6,4 Heptanone,0,9,0.5420530536560663
14,6,4 Heptanone,0,10,0.555046394998086
14,6,4 Heptanone,0,11,0.5424628970912418
14,6,4 Heptanone,0,12,0.5675197704275583
14,6,4 Heptanone,0,13,0.5373274828524668
14,6,4 Heptanone,0,14,0.5474505966185336
14,6,4 Heptanone,1,0,0.5573130944830452
14,6,4 Heptanone,1,1,0.5422584440905619
14,6,4 Heptanone,1,2,0.5582019374952529
14,6,4 Heptanone,1,3,0.600273832965458
14,6,4 Heptanone,1,4,0.5426698369849305
14,6,4 Heptanone,1,5,0.5585350019034893
14,6,4 Heptanone,1,6,0.5778142113193316
14,6,4 Heptanone,1,7,0.5751114032481105
14,6,4 Heptanone,1,8,0.549157766527407
14,6,4 Heptanone,1,9,0.49407610261763735
14,6,4 Heptanone,1,10,0.5607712405978569
14,6,4 Heptanone,1,11,0.4978457410584871
14,6,4 Heptanone,1,12,0.5826933420838666
14,6,4 Heptanone,1,13,0.5527858089696757
14,6,4 Heptanone,1,14,0.5718784179631556
14,7,33 Dimethyl Butyric Acid,0,0,0.5791662111072893
14,7,33 Dimethyl Butyric Acid,0,1,0.5735921028041359
14,7,33 Dimethyl Butyric Acid,0,2,0.5891323471591492
14,7,33 Dimethyl Butyric Acid,0,3,0.5866096047899156
14,7,33 Dimethyl Butyric Acid,0,4,0.5826849323265008
14,7,33 Dimethyl Butyric Acid,0,5,0.5876231719426911
14,7,33 Dimethyl Butyric Acid,0,6,0.6106154236342654
14,7,33 Dimethyl Butyric Acid,0,7,0.5940497527968569
14,7,33 Dimethyl Butyric Acid,0,8,0.5958921418842552
14,7,33 Dimethyl Butyric Acid,0,9,0.5941304110800126
14,7,33 Dimethyl Butyric Acid,0,10,0.5995770693626957
14,7,33 Dimethyl Butyric Acid,0,11,0.5852686211014441
14,7,33 Dimethyl Butyric Acid,0,12,0.5692876239543752
14,7,33 Dimethyl Butyric Acid,0,13,0.5852813526619016
14,7,33 Dimethyl Butyric Acid,0,14,0.5938544364722306
14,7,33 Dimethyl Butyric Acid,1,0,0.5592490118436707
14,7,33 Dimethyl Butyric Acid,1,1,0.5660490033057798
14,7,33 Dimethyl Butyric Acid,1,2,0.5616318250343221
14,7,33 Dimethyl Butyric Acid,1,3,0.5804333965259267
14,7,33 Dimethyl Butyric Acid,1,4,0.5739836074890985
14,7,33 Dimethyl Butyric Acid,1,5,0.5731444321131162
14,7,33 Dimethyl Butyric Acid,1,6,0.5728878425020691
14,7,33 Dimethyl Butyric Acid,1,7,0.5672412786911218
14,7,33 Dimethyl Butyric Acid,1,8,0.5692536385585468
14,7,33 Dimethyl Butyric Acid,1,9,0.557403099264716
14,7,33 Dimethyl Butyric Acid,1,10,0.5488219974416546
14,7,33 Dimethyl Butyric Acid,1,11,0.568846761050657
14,7,33 Dimethyl Butyric Acid,1,12,0.5703372188691919
14,7,33 Dimethyl Butyric Acid,1,13,0.5779243078909018
14,7,33 Dimethyl Butyric Acid,1,14,0.5810273763415084
14,8,2 Methyl Butyraldehyde,0,0,0.41819699250023756
14,8,2 Methyl Butyraldehyde,0,1,0.3691693390543088
14,8,2 Methyl Butyraldehyde,0,2,0.38149790393537264
14,8,2 Methyl Butyraldehyde,0,3,0.39739355833661455
14,8,2 Methyl Butyraldehyde,0,4,0.4365613219442659
14,8,2 Methyl Butyraldehyde,0,5,0.4164806712718739
14,8,2 Methyl Butyraldehyde,0,6,0.40959429173177875
14,8,2 Methyl Butyraldehyde,0,7,0.38081971450107527
14,8,2 Methyl Butyraldehyde,0,8,0.37136151235009673
14,8,2 Methyl Butyraldehyde,0,9,0.4032847222165861
14,8,2 Methyl Butyraldehyde,0,10,0.3672098215704434
14,8,2 Methyl Butyraldehyde,0,11,0.3836710757772484
14,8,2 Methyl Butyraldehyde,0,12,0.3860319126754669
14,8,2 Methyl Butyraldehyde,0,13,0.4186344498927101
14,8,2 Methyl Butyraldehyde,0,14,0.3814514680444645
14,8,2 Methyl Butyraldehyde,1,0,0.3333689153028109
14,8,2 Methyl Butyraldehyde,1,1,0.38956875273264996
14,8,2 Methyl Butyraldehyde,1,2,0.3665926502169802
14,8,2 Methyl Butyraldehyde,1,3,0.38075199119953956
14,8,2 Methyl Butyraldehyde,1,4,0.3782827651088454
14,8,2 Methyl Butyraldehyde,1,5,0.3747126491405303
14,8,2 Methyl Butyraldehyde,1,6,0.3950269638976658
14,8,2 Methyl Butyraldehyde,1,7,0.35067325169787583
14,8,2 Methyl Butyraldehyde,1,8,0.3700674672728228
14,8,2 Methyl Butyraldehyde,1,9,0.392997475738723
14,8,2 Methyl Butyraldehyde,1,10,0.3682142350344572
14,8,2 Methyl Butyraldehyde,1,11,0.3492234005459979
14,8,2 Methyl Butyraldehyde,1,12,0.39270188868906464
14,8,2 Methyl Butyraldehyde,1,13,0.4013797714993521
14,8,2 Methyl Butyraldehyde,1,14,0.3790790661201401
14,9,m Anisaldehyde,0,0,0.39470446942136117
14,9,m Anisaldehyde,0,1,0.4200089834403085
14,9,m Anisaldehyde,0,2,0.3975601559929852
14,9,m Anisaldehyde,0,3,0.4162403664115906
14,9,m Anisaldehyde,0,4,0.4048894281175743
14,9,m Anisaldehyde,0,5,0.4023049489617877
14,9,m Anisaldehyde,0,6,0.409117138368536
14,9,m Anisaldehyde,0,7,0.4115710250419835
14,9,m Anisaldehyde,0,8,0.40719759846113535
14,9,m Anisaldehyde,0,9,0.41889628135500157
14,9,m Anisaldehyde,0,10,0.4090776715871111
14,9,m Anisaldehyde,0,11,0.4226109754806434
14,9,m Anisaldehyde,0,12,0.415978231532423
14,9,m Anisaldehyde,0,13,0.4066913881557408
14,9,m Anisaldehyde,0,14,0.40509366155484006
14,9,m Anisaldehyde,1,0,0.3847817798461045
14,9,m Anisaldehyde,1,1,0.4031729875685941
14,9,m Anisaldehyde,1,2,0.3970497562151164
14,9,m Anisaldehyde,1,3,0.37790535256238494
14,9,m Anisaldehyde,1,4,0.39533109993241217
14,9,m Anisaldehyde,1,5,0.3918647093053194
14,9,m Anisaldehyde,1,6,0.4153653930173737
14,9,m Anisaldehyde,1,7,0.38425722456973616
14,9,m Anisaldehyde,1,8,0.38673782516689115
14,9,m Anisaldehyde,1,9,0.41094644689603826
14,9,m Anisaldehyde,1,10,0.4132881875625521
14,9,m Anisaldehyde,1,11,0.39334542562680197
14,9,m Anisaldehyde,1,12,0.39441666839491846
14,9,m Anisaldehyde,1,13,0.40626156866247215
14,9,m Anisaldehyde,1,14,0.3783332507902629
16,0,"2,3 Pentanedione",0,0,0.24670686045340876
16,0,"2,3 Pentanedione",0,1,0.28621836754477986
16,0,"2,3 Pentanedione",0,2,0.3319839667192758
16,0,"2,3 Pentanedione",0,3,0.2823434503618792
16,0,"2,3 Pentanedione",0,4,0.29576012235942656
16,0,"2,3 Pentanedione",0,5,0.32158143438014797
16,0,"2,3 Pentanedione",0,6,0.34590882089800135
16,0,"2,3 Pentanedione",0,7,0.27881549073733985
16,0,"2,3 Pentanedione",0,8,0.292815784472712
16,0,"2,3 Pentanedione",0,9,0.3387880830996187
16,0,"2,3 Pentanedione",0,10,0.25518172068626194
16,0,"2,3 Pentanedione",0,11,0.31892622932989323
16,0,"2,3 Pentanedione",0,12,0.2677788142570162
16,0,"2,3 Pentanedione",0,13,0.2957985117436266
16,0,"2,3 Pentanedione",0,14,0.2871712263810408
16,0,"2,3 Pentanedione",1,0,0.2459522538119057
16,0,"2,3 Pentanedione",1,1,0.24532499563797955
16,0,"2,3 Pentanedione",1,2,0.2768129029357803
16,0,"2,3 Pentanedione",1,3,0.29479102703350346
16,0,"2,3 Pentanedione",1,4,0.26665913874972386
16,0,"2,3 Pentanedione",1,5,0.27165537279776686
16,0,"2,3 Pentanedione",1,6,0.28418189548671263
16,0,"2,3 Pentanedione",1,7,0.24561207450411243
16,0,"2,3 Pentanedione",1,8,0.2883948565397595
16,0,"2,3 Pentanedione",1,9,0.2903861212559301
16,0,"2,3 Pentanedione",1,10,0.33499320129819665
16,0,"2,3 Pentanedione",1,11,0.2604999390654469
16,0,"2,3 Pentanedione",1,12,0.25845049878773324
16,0,"2,3 Pentanedione",1,13,0.28912669061878005
16,0,"2,3 Pentanedione",1,14,0.2903801480522399
16,1,3 Methylvaleric Acid,0,0,0.63086791187754
16,1,3 Methylvaleric Acid,0,1,0.6321738742261371
16,1,3 Methylvaleric Acid,0,2,0.6415217360484766
16,1,3 Methylvaleric Acid,0,3,0.6279723901862467
16,1,3 Methylvaleric Acid,0,4,0.6321009032733916
16,1,3 Methylvaleric Acid,0,5,0.6370518170814212
16,1,3 Methylvaleric Acid,0,6,0.6460240235656214
16,1,3 Methylvaleric Acid,0,7,0.6301797958003608
16,1,3 Methylvaleric Acid,0,8,0.6179265600563353
16,1,3 Methylvaleric Acid,0,9,0.6171919019128774
16,1,3 Methylvaleric Acid,0,10,0.6236975793024175
16,1,3 Methylvaleric Acid,0,11,0.623165444911562
16,1,3 Methylvaleric Acid,0,12,0.6346343687130407
16,1,3 Methylvaleric Acid,0,13,0.6243958070410272
16,1,3 Methylvaleric Acid,0,14,0.629208114937759
16,1,3 Methylvaleric Acid,1,0,0.6259903748499562
16,1,3 Methylvaleric Acid,1,1,0.6292925697994631
16,1,3 Methylvaleric Acid,1,2,0.6467451881866606
16,1,3 Methylvaleric Acid,1,3,0.640206126918271
16,1,3 Methylvaleric Acid,1,4,0.6338129674212419
16,1,3 Methylvaleric Acid,1,5,0.6290894514370063
16,1,3 Methylvaleric Acid,1,6,0.6293645893598364
16,1,3 Methylvaleric Acid,1,7,0.6368977637497842
16,1,3 Methylvaleric Acid,1,8,0.6394361726515282
16,1,3 Methylvaleric Acid,1,9,0.624668502865128
16,1,3 Methylvaleric Acid,1,10,0.6340144318116347
16,1,3 Methylvaleric Acid,1,11,0.6135416489788018
16,1,3 Methylvaleric Acid,1,12,0.6357491192910866
16,1,3 Methylvaleric Acid,1,13,0.6411980549440147
16,1,3 Methylvaleric Acid,1,14,0.6308808088013708
16,2,Acetic Acid,0,0,0.3638683564332101
16,2,Acetic Acid,0,1,0.3187392105859667
16,2,Acetic Acid,0,2,0.3371182875194007
16,2,Acetic Acid,0,3,0.3328815810037359
16,2,Acetic Acid,0,4,0.33180305586661113
16,2,Acetic Acid,0,5,0.33156844920991513
16,2,Acetic Acid,0,6,0.3352725593420709
16,2,Acetic Acid,0,7,0.34766581442121797
16,2,Acetic Acid,0,8,0.35652811406872315
16,2,Acetic Acid,0,9,0.33344322679411265
16,2,Acetic Acid,0,10,0.34711975661730804
16,2,Acetic Acid,0,11,0.321741471427797
16,2,Acetic Acid,0,12,0.34629403524135743
16,2,Acetic Acid,0,13,0.32073401403346535
16,2,Acetic Acid,0,14,0.3517258032335622
16,2,Acetic Acid,1,0,0.37679297038696224
16,2,Acetic Acid,1,1,0.33777035023727786
16,2,Acetic Acid,1,2,0.30313499170019514
16,2,Acetic Acid,1,3,0.3306442593462964
16,2,Acetic Acid,1,4,0.3604198412567031
16,2,Acetic Acid,1,5,0.349064669632168
16,2,Acetic Acid,1,6,0.34397652346990437
16,2,Acetic Acid,1,7,0.3566859616944398
16,2,Acetic Acid,1,8,0.3479167147283343
16,2,Acetic Acid,1,9,0.3601831360916522
16,2,Acetic Acid,1,10,0.35519304608231167
16,2,Acetic Acid,1,11,0.36526813861242496
16,2,Acetic Acid,1,12,0.34581467537961375
16,2,Acetic Acid,1,13,0.35495610122829413
16,2,Acetic Acid,1,14,0.3346748843549675
16,3,Gerinol,0,0,0.19990208443354693
16,3,Gerinol,0,1,0.23928178633672106
16,3,Gerinol,0,2,0.21385192685131196
16,3,Gerinol,0,3,0.22389507532207698
16,3,Gerinol,0,4,0.21227442666084145
16,3,Gerinol,0,5,0.200157057449912
16,3,Gerinol,0,6,0.2103507254599138
16,3,Gerinol,0,7,0.23466223295840977
16,3,Gerinol,0,8,0.21963606528644797
16,3,Gerinol,0,9,0.18096463682415787
16,3,Gerinol,0,10,0.2064911570690229
16,3,Gerinol,0,11,0.24057030583328887
16,3,Gerinol,0,12,0.20651585386571364
16,3,Gerinol,0,13,0.17944615137483572
16,3,Gerinol,0,14,0.2424598512687717
16,3,Gerinol,1,0,0.21617812279283183
16,3,Gerinol,1,1,0.20334165545727262
16,3,Gerinol,1,2,0.1981995152982881
16,3,Gerinol,1,3,0.2230016600032151
16,3,Gerinol,1,4,0.1952895671936468
16,3,Gerinol,1,5,0.2241260285006645
16,3,Gerinol,1,6,0.21378627770161995
16,3,Gerinol,1,7,0.20871052905624593
16,3,Gerinol,1,8,0.20701868108217478
16,3,Gerinol,1,9,0.2015510598966776
16,3,Gerinol,1,10,0.2223753354656916
16,3,Gerinol,1,11,0.18977286973506957
16,3,Gerinol,1,12,0.17686514164338454
16,3,Gerinol,1,13,0.21501881607939183
16,3,Gerinol,1,14,0.21530540309885263
16,4,n Methyl Piperdine,0,0,0.4397117027358635
16,4,n Methyl Piperdine,0,1,0.4391316004727137
16,4,n Methyl Piperdine,0,2,0.433305450489069
16,4,n Methyl Piperdine,0,3,0.44216963515085356
16,4,n Methyl Piperdine,0,4,0.4355053085017331
16,4,n Methyl Piperdine,0,5,0.431972865029248
16,4,n Methyl Piperdine,0,6,0.43337464301772616
16,4,n Methyl Piperdine,0,7,0.45203489110597606
16,4,n Methyl Piperdine,0,8,0.42198996485940593
16,4,n Methyl Piperdine,0,9,0.43986807835013575
16,4,n Methyl Piperdine,0,10,0.42243689009477964
16,4,n Methyl Piperdine,0,11,0.4350039068091856
16,4,n Methyl Piperdine,0,12,0.4324007536345359
16,4,n Methyl Piperdine,0,13,0.41918954714233037
16,4,n Methyl Piperdine,0,14,0.43898207423923946
16,4,n Methyl Piperdine,1,0,0.41665126417727527
16,4,n Methyl Piperdine,1,1,0.4028979179343229
16,4,n Methyl Piperdine,1,2,0.42640811340100687
16,4,n Methyl Piperdine,1,3,0.43117161809872434
16,4,n Methyl Piperdine,1,4,0.43161256341318543
16,4,n Methyl Piperdine,1,5,0.4225632202000246
16,4,n Methyl Piperdine,1,6,0.42006003378342976
16,4,n Methyl Piperdine,1,7,0.4303168216419792
16,4,n Methyl Piperdine,1,8,0.4331506373575337
16,4,n Methyl Piperdine,1,9,0.42876011829781785
16,4,n Methyl Piperdine,1,10,0.41215926785697443
16,4,n Methyl Piperdine,1,11,0.42130232750053226
16,4,n Methyl Piperdine,1,12,0.4232076978291443
16,4,n Methyl Piperdine,1,13,0.40521463292347504
16,4,n Methyl Piperdine,1,14,0.42344645395177904
16,5,"2,4 Dimethyl Acetophenone",0,0,0.4065726513670927
16,5,"2,4 Dimethyl Acetophenone",0,1,0.3835446576373668
16,5,"2,4 Dimethyl Acetophenone",0,2,0.3952976564207349
16,5,"2,4 Dimethyl Acetophenone",0,3,0.3771001211701553
16,5,"2,4 Dimethyl Acetophenone",0,4,0.3734883457065843
16,5,"2,4 Dimethyl Acetophenone",0,5,0.3798971819397378
16,5,"2,4 Dimethyl Acetophenone",0,6,0.3630167002840038
16,5,"2,4 Dimethyl Acetophenone",0,7,0.3609304529396864
16,5,"2,4 Dimethyl Acetophenone",0,8,0.392377184133957
16,5,"2,4 Dimethyl Acetophenone",0,9,0.3938724408626107
16,5,"2,4 Dimethyl Acetophenone",0,10,0.36054505208184334
16,5,"2,4 Dimethyl Acetophenone",0,11,0.3881707243247306
16,5,"2,4 Dimethyl Acetophenone",0,12,0.3732945723557375
16,5,"2,4 Dimethyl Acetophenone",0,13,0.3793125077729483
16,5,"2,4 Dimethyl Acetophenone",0,14,0.38101043043912225
16,5,"2,4 Dimethyl Acetophenone",1,0,0.38916053833462255
16,5,"2,4 Dimethyl Acetophenone",1,1,0.3763054577496894
16,5,"2,4 Dimethyl Acetophenone",1,2,0.39502396692072883
16,5,"2,4 Dimethyl Acetophenone",1,3,0.37950211713328785
16,5,"2,4 Dimethyl Acetophenone",1,4,0.38394076227900253
16,5,"2,4 Dimethyl Acetophenone",1,5,0.36338905784898556
16,5,"2,4 Dimethyl Acetophenone",1,6,0.40557864977552605
16,5,"2,4 Dimethyl Acetophenone",1,7,0.3817641150197167
16,5,"2,4 Dimethyl Acetophenone",1,8,0.3851931315505509
16,5,"2,4 Dimethyl Acetophenone",1,9,0.3524617346236847
16,5,"2,4 Dimethyl Acetophenone",1,10,0.3635379742087684
16,5,"2,4 Dimethyl Acetophenone",1,11,0.3925946414060343
16,5,"2,4 Dimethyl Acetophenone",1,12,0.379184534534373
16,5,"2,4 Dimethyl Acetophenone",1,13,0.3481525030839992
16,5,"2,4 Dimethyl Acetophenone",1,14,0.38978013609471934
16,6,4 Heptanone,0,0,0.5474572799298405
16,6,4 Heptanone,0,1,0.5924198782833738
16,6,4 Heptanone,0,2,0.5579429684803443
16,6,4 Heptanone,0,3,0.5646707400793831
16,6,4 Heptanone,0,4,0.5870761011301922
16,6,4 Heptanone,0,5,0.5393227958337004
16,6,4 Heptanone,0,6,0.5371298866558705
16,6,4 Heptanone,0,7,0.5554439864643306
16,6,4 Heptanone,0,8,0.5789859653146271
16,6,4 Heptanone,0,9,0.529355998491264
16,6,4 Heptanone,0,10,0.521602189471768
16,6,4 Heptanone,0,11,0.5789065805379308
16,6,4 Heptanone,0,12,0.5460959254488706
16,6,4 Heptanone,0,13,0.5509427220412774
16,6,4 Heptanone,0,14,0.5172607995289598
16,6,4 Heptanone,1,0,0.5497064358491882
16,6,4 Heptanone,1,1,0.5651472992943091
16,6,4 Heptanone,1,2,0.5867177845754816
16,6,4 Heptanone,1,3,0.5475848878741437
16,6,4 Heptanone,1,4,0.6034369981157768
16,6,4 Heptanone,1,5,0.5495781849203223
16,6,4 Heptanone,1,6,0.5496118585224328
16,6,4 Heptanone,1,7,0.6006768593699352
16,6,4 Heptanone,1,8,0.5701844044419745
16,6,4 Heptanone,1,9,0.5526260863234641
16,6,4 Heptanone,1,10,0.5617536396035309
16,6,4 Heptanone,1,11,0.5964387706732054
16,6,4 Heptanone,1,12,0.5990404714658022
16,6,4 Heptanone,1,13,0.5465370480323437
16,6,4 Heptanone,1,14,0.5643454532463564
16,7,33 Dimethyl Butyric Acid,0,0,0.6169759360192144
16,7,33 Dimethyl Butyric Acid,0,1,0.6077508638798957
16,7,33 Dimethyl Butyric Acid,0,2,0.6157260236317516
16,7,33 Dimethyl Butyric Acid,0,3,0.616248881305782
16,7,33 Dimethyl Butyric Acid,0,4,0.6259752290443154
16,7,33 Dimethyl Butyric Acid,0,5,0.6265512881818576
16,7,33 Dimethyl Butyric Acid,0,6,0.6133818309538327
16,7,33 Dimethyl Butyric Acid,0,7,0.6143696145720648
16,7,33 Dimethyl Butyric Acid,0,8,0.621896463922152
16,7,33 Dimethyl Butyric Acid,0,9,0.6111880071664595
16,7,33 Dimethyl Butyric Acid,0,10,0.6212481003683151
16,7,33 Dimethyl Butyric Acid,0,11,0.6154498754477753
16,7,33 Dimethyl Butyric Acid,0,12,0.6078952012979078
16,7,33 Dimethyl Butyric Acid,0,13,0.6080028605687747
16,7,33 Dimethyl Butyric Acid,0,14,0.6286050267176201
16,7,33 Dimethyl Butyric Acid,1,0,0.5954286221382034
16,7,33 Dimethyl Butyric Acid,1,1,0.6108275736694446
16,7,33 Dimethyl Butyric Acid,1,2,0.5923671751827817
16,7,33 Dimethyl Butyric Acid,1,3,0.5992649284955819
16,7,33 Dimethyl Butyric Acid,1,4,0.6172752234903193
16,7,33 Dimethyl Butyric Acid,1,5,0.5877070565385619
16,7,33 Dimethyl Butyric Acid,1,6,0.5805043171076776
16,7,33 Dimethyl Butyric Acid,1,7,0.6077957013557944
16,7,33 Dimethyl Butyric Acid,1,8,0.5896831819626734
16,7,33 Dimethyl Butyric Acid,1,9,0.5965917448508384
16,7,33 Dimethyl Butyric Acid,1,10,0.5917476953449663
16,7,33 Dimethyl Butyric Acid,1,11,0.59906744745411
16,7,33 Dimethyl Butyric Acid,1,12,0.5886228004257734
16,7,33 Dimethyl Butyric Acid,1,13,0.5952270600057349
16,7,33 Dimethyl Butyric Acid,1,14,0.6006242688998203
16,8,2 Methyl Butyraldehyde,0,0,0.3820138578789607
16,8,2 Methyl Butyraldehyde,0,1,0.3878983639281621
16,8,2 Methyl Butyraldehyde,0,2,0.3946319945133282
16,8,2 Methyl Butyraldehyde,0,3,0.3739857145545697
16,8,2 Methyl Butyraldehyde,0,4,0.39319672326825206
16,8,2 Methyl Butyraldehyde,0,5,0.4035321052097528
16,8,2 Methyl Butyraldehyde,0,6,0.3936360599823246
16,8,2 Methyl Butyraldehyde,0,7,0.3960830772596194
16,8,2 Methyl Butyraldehyde,0,8,0.4008841342788882
16,8,2 Methyl Butyraldehyde,0,9,0.3887448963553242
16,8,2 Methyl Butyraldehyde,0,10,0.41445757996988114
16,8,2 Methyl Butyraldehyde,0,11,0.42867921076451176
16,8,2 Methyl Butyraldehyde,0,12,0.39239832378074535
16,8,2 Methyl Butyraldehyde,0,13,0.4105273001920614
16,8,2 Methyl Butyraldehyde,0,14,0.39668941386616213
16,8,2 Methyl Butyraldehyde,1,0,0.3861630512565164
16,8,2 Methyl Butyraldehyde,1,1,0.40907855102366103
16,8,2 Methyl Butyraldehyde,1,2,0.38889643776630134
16,8,2 Methyl Butyraldehyde,1,3,0.345327989438876
16,8,2 Methyl Butyraldehyde,1,4,0.3878528161653958
16,8,2 Methyl Butyraldehyde,1,5,0.40272265556095227
16,8,2 Methyl Butyraldehyde,1,6,0.3749546869039143
16,8,2 Methyl Butyraldehyde,1,7,0.39819357529397614
16,8,2 Methyl Butyraldehyde,1,8,0.36600990190545146
16,8,2 Methyl Butyraldehyde,1,9,0.35082399138162446
16,8,2 Methyl Butyraldehyde,1,10,0.38188045522599356
16,8,2 Methyl Butyraldehyde,1,11,0.3456513595068985
16,8,2 Methyl Butyraldehyde,1,12,0.3746077000510962
16,8,2 Methyl Butyraldehyde,1,13,0.40375319192663384
16,8,2 Methyl Butyraldehyde,1,14,0.34272488079016455
16,9,m Anisaldehyde,0,0,0.40790711292665444
16,9,m Anisaldehyde,0,1,0.4102552208318567
16,9,m Anisaldehyde,0,2,0.41944700690072517
16,9,m Anisaldehyde,0,3,0.41657766415996184
16,9,m Anisaldehyde,0,4,0.4333237623835633
16,9,m Anisaldehyde,0,5,0.4291033181248411
16,9,m Anisaldehyde,0,6,0.42474730619229073
16,9,m Anisaldehyde,0,7,0.4214296648369831
16,9,m Anisaldehyde,0,8,0.4237790528757286
16,9,m Anisaldehyde,0,9,0.4118687670525879
16,9,m Anisaldehyde,0,10,0.4281816085403537
16,9,m Anisaldehyde,0,11,0.40949601378285966
16,9,m Anisaldehyde,0,12,0.42797443913267197
16,9,m Anisaldehyde,0,13,0.4313027350854125
16,9,m Anisaldehyde,0,14,0.4220486510565314
16,9,m Anisaldehyde,1,0,0.4073687875716486
16,9,m Anisaldehyde,1,1,0.41283922013609364
16,9,m Anisaldehyde,1,2,0.3818888284833776
16,9,m Anisaldehyde,1,3,0.4119088406239787
16,9,m Anisaldehyde,1,4,0.40796523606451696
16,9,m Anisaldehyde,1,5,0.40856042089188543
16,9,m Anisaldehyde,1,6,0.41574486345510275
16,9,m Anisaldehyde,1,7,0.40833135687797856
16,9,m Anisaldehyde,1,8,0.3982217745952911
16,9,m Anisaldehyde,1,9,0.40769909163870877
16,9,m Anisaldehyde,1,10,0.4096818253025814
16,9,m Anisaldehyde,1,11,0.4101313832688074
16,9,m Anisaldehyde,1,12,0.4105772124578077
16,9,m Anisaldehyde,1,13,0.4189030373818411
16,9,m Anisaldehyde,1,14,0.39873579736735854
18,0,"2,3 Pentanedione",0,0,0.31700287290803086
18,0,"2,3 Pentanedione",0,1,0.34485860396936563
18,0,"2,3 Pentanedione",0,2,0.2692450740804797
18,0,"2,3 Pentanedione",0,3,0.31710152852341095
18,0,"2,3 Pentanedione",0,4,0.2979758989545835
18,0,"2,3 Pentanedione",0,5,0.30334260189208195
18,0,"2,3 Pentanedione",0,6,0.28999017392354903
18,0,"2,3 Pentanedione",0,7,0.3083715936113985
18,0,"2,3 Pentanedione",0,8,0.3586417518645822
18,0,"2,3 Pentanedione",0,9,0.28099960247447925
18,0,"2,3 Pentanedione",0,10,0.2833701114419389
18,0,"2,3 Pentanedione",0,11,0.28006199724982195
18,0,"2,3 Pentanedione",0,12,0.35579581866961213
18,0,"2,3 Pentanedione",0,13,0.3010518688658774
18,0,"2,3 Pentanedione",0,14,0.31196938499521776
18,0,"2,3 Pentanedione",1,0,0.27308936004382117
18,0,"2,3 Pentanedione",1,1,0.2595483616113999
18,0,"2,3 Pentanedione",1,2,0.2772801674061163
18,0,"2,3 Pentanedione",1,3,0.34461502371489117
18,0,"2,3 Pentanedione",1,4,0.31796070659583353
18,0,"2,3 Pentanedione",1,5,0.26183548812667035
18,0,"2,3 Pentanedione",1,6,0.29934828614801934
18,0,"2,3 Pentanedione",1,7,0.26237086425481776
18,0,"2,3 Pentanedione",1,8,0.23874974260032164
18,0,"2,3 Pentanedione",1,9,0.3086467065130929
18,0,"2,3 Pentanedione",1,10,0.31216125473756595
18,0,"2,3 Pentanedione",1,11,0.30931023984767464
18,0,"2,3 Pentanedione",1,12,0.27141230234098784
18,0,"2,3 Pentanedione",1,13,0.2789895402214275
18,0,"2,3 Pentanedione",1,14,0.30190307241293024
18,1,3 Methylvaleric Acid,0,0,0.6428602890890159
18,1,3 Methylvaleric Acid,0,1,0.6350880027890805
18,1,3 Methylvaleric Acid,0,2,0.6229570384423309
18,1,3 Methylvaleric Acid,0,3,0.6401120320697088
18,1,3 Methylvaleric Acid,0,4,0.6496662048856738
18,1,3 Methylvaleric Acid,0,5,0.6271294379619305
18,1,3 Methylvaleric Acid,0,6,0.6453080275722608
18,1,3 Methylvaleric Acid,0,7,0.642266781988015
18,1,3 Methylvaleric Acid,0,8,0.6464107015360552
18,1,3 Methylvaleric Acid,0,9,0.6476167080950395
18,1,3 Methylvaleric Acid,0,10,0.6321100130146671
18,1,3 Methylvaleric Acid,0,11,0.6229779499592656
18,1,3 Methylvaleric Acid,0,12,0.6337032658456961
18,1,3 Methylvaleric Acid,0,13,0.6477864993943538
18,1,3 Methylvaleric Acid,0,14,0.6336192762911208
18,1,3 Methylvaleric Acid,1,0,0.6314982057929828
18,1,3 Methylvaleric Acid,1,1,0.620338635101034
18,1,3 Methylvaleric Acid,1,2,0.6557187769252063
18,1,3 Methylvaleric Acid,1,3,0.6465427633242024
18,1,3 Methylvaleric Acid,1,4,0.6459902065545503
18,1,3 Methylvaleric Acid,1,5,0.6479485827557927
18,1,3 Methylvaleric Acid,1,6,0.6440777808669162
18,1,3 Methylvaleric Acid,1,7,0.635950072342178
18,1,3 Methylvaleric Acid,1,8,0.6367476084350918
18,1,3 Methylvaleric Acid,1,9,0.6341361657596826
18,1,3 Methylvaleric Acid,1,10,0.6644508980448366
18,1,3 Methylvaleric Acid,1,11,0.6438719113799255
18,1,3 Methylvaleric Acid,1,12,0.6337774533115974
18,1,3 Methylvaleric Acid,1,13,0.6429768619945873
18,1,3 Methylvaleric Acid,1,14,0.6283618484772008
18,2,Acetic Acid,0,0,0.3729700386835759
18,2,Acetic Acid,0,1,0.33674354352853203
18,2,Acetic Acid,0,2,0.35618446317387015
18,2,Acetic Acid,0,3,0.36563417364166934
18,2,Acetic Acid,0,4,0.354238674360247
18,2,Acetic Acid,0,5,0.34938246058486566
18,2,Acetic Acid,0,6,0.3479828351337035
18,2,Acetic Acid,0,7,0.3468579681207673
18,2,Acetic Acid,0,8,0.33815492398496055
18,2,Acetic Acid,0,9,0.3402830211375016
18,2,Acetic Acid,0,10,0.37255322951753894
18,2,Acetic Acid,0,11,0.3459864961258173
18,2,Acetic Acid,0,12,0.3346570645795143
18,2,Acetic Acid,0,13,0.3391653308288322
18,2,Acetic Acid,0,14,0.3662095123970584
18,2,Acetic Acid,1,0,0.37275167421134553
18,2,Acetic Acid,1,1,0.3708232733976562
18,2,Acetic Acid,1,2,0.35714199171353017
18,2,Acetic Acid,1,3,0.3710412987764976
18,2,Acetic Acid,1,4,0.35068418339418916
18,2,Acetic Acid,1,5,0.3571069820945649
18,2,Acetic Acid,1,6,0.37767311684564975
18,2,Acetic Acid,1,7,0.37607511162167795
18,2,Acetic Acid,1,8,0.3450241699139204
18,2,Acetic Acid,1,9,0.34713835467036513
18,2,Acetic Acid,1,10,0.3632683015793256
18,2,Acetic Acid,1,11,0.39032522921315405
18,2,Acetic Acid,1,12,0.32940566344190936
18,2,Acetic Acid,1,13,0.36610594357447096
18,2,Acetic Acid,1,14,0.33843096975328857
18,3,Gerinol,0,0,0.1903975702948001
18,3,Gerinol,0,1,0.19500226310822466
18,3,Gerinol,0,2,0.19404550740146836
18,3,Gerinol,0,3,0.19211275600299257
18,3,Gerinol,0,4,0.20134257762306124
18,3,Gerinol,0,5,0.19208785392929484
18,3,Gerinol,0,6,0.1762692588615334
18,3,Gerinol,0,7,0.21452464413350453
18,3,Gerinol,0,8,0.21406405222369584
18,3,Gerinol,0,9,0.21560465859848527
18,3,Gerinol,0,10,0.17493380642374587
18,3,Gerinol,0,11,0.20631933624638896
18,3,Gerinol,0,12,0.2127522082091229
18,3,Gerinol,0,13,0.1836267220233846
18,3,Gerinol,0,14,0.20137612191526946
18,3,Gerinol,1,0,0.18106664587516152
18,3,Gerinol,1,1,0.2144783688624034
18,3,Gerinol,1,2,0.2158832282702589
18,3,Gerinol,1,3,0.1546553464458784
18,3,Gerinol,1,4,0.22559804734860145
18,3,Gerinol,1,5,0.1674359455809294
18,3,Gerinol,1,6,0.19978107069372977
18,3,Gerinol,1,7,0.19960747400721968
18,3,Gerinol,1,8,0.1660631749415746
18,3,Gerinol,1,9,0.19146565317136538
18,3,Gerinol,1,10,0.18121563417810865
18,3,Gerinol,1,11,0.19250740952634318
18,3,Gerinol,1,12,0.1869856234039952
18,3,Gerinol,1,13,0.2034604596669406
18,3,Gerinol,1,14,0.1843365810325173
18,4,n Methyl Piperdine,0,0,0.43803818548566575
18,4,n Methyl Piperdine,0,1,0.44814969190553366
18,4,n Methyl Piperdine,0,2,0.44402434575994504
18,4,n Methyl Piperdine,0,3,0.4452356851956433
18,4,n Methyl Piperdine,0,4,0.43406448466300745
18,4,n Methyl Piperdine,0,5,0.4310190757898884
18,4,n Methyl Piperdine,0,6,0.43483940089505463
18,4,n Methyl Piperdine,0,7,0.4344146069556315
18,4,n Methyl Piperdine,0,8,0.44567077219029955
18,4,n Methyl Piperdine,0,9,0.4471890504434286
18,4,n Methyl Piperdine,0,10,0.438140135724817
18,4,n Methyl Piperdine,0,11,0.450828530191671
18,4,n Methyl Piperdine,0,12,0.45032893319119727
18,4,n Methyl Piperdine,0,13,0.44132836937228054
18,4,n Methyl Piperdine,0,14,0.4328060438687319
18,4,n Methyl Piperdine,1,0,0.4399662236597546
18,4,n Methyl Piperdine,1,1,0.426875071656043
18,4,n Methyl Piperdine,1,2,0.428372532035718
18,4,n Methyl Piperdine,1,3,0.4246463702594177
18,4,n Methyl Piperdine,1,4,0.42024488785389263
18,4,n Methyl Piperdine,1,5,0.4156140950217479
18,4,n Methyl Piperdine,1,6,0.4324261570527285
18,4,n Methyl Piperdine,1,7,0.42109600203309727
18,4,n Methyl Piperdine,1,8,0.45183946029624483
18,4,n Methyl Piperdine,1,9,0.4186746218033704
18,4,n Methyl Piperdine,1,10,0.4173041506644193
18,4,n Methyl Piperdine,1,11,0.4314443201891778
18,4,n Methyl Piperdine,1,12,0.4395977182960086
18,4,n Methyl Piperdine,1,13,0.42787992771981603
18,4,n Methyl Piperdine,1,14,0.4319411498257684
18,5,"2,4 Dimethyl Acetophenone",0,0,0.36987643043265533
18,5,"2,4 Dimethyl Acetophenone",0,1,0.3863188992342074
18,5,"2,4 Dimethyl Acetophenone",0,2,0.38073336723114604
18,5,"2,4 Dimethyl Acetophenone",0,3,0.36915024233670174
18,5,"2,4 Dimethyl Acetophenone",0,4,0.39752216203028995
18,5,"2,4 Dimethyl Acetophenone",0,5,0.36424611282510727
18,5,"2,4 Dimethyl Acetophenone",0,6,0.37722809531825263
18,5,"2,4 Dimethyl Acetophenone",0,7,0.38829754355393925
18,5,"2,4 Dimethyl Acetophenone",0,8,0.3841505019907864
18,5,"2,4 Dimethyl Acetophenone",0,9,0.4014624272426384
18,5,"2,4 Dimethyl Acetophenone",0,10,0.400181641895771
18,5,"2,4 Dimethyl Acetophenone",0,11,0.40847621109159277
18,5,"2,4 Dimethyl Acetophenone",0,12,0.40648209410146696
18,5,"2,4 Dimethyl Acetophenone",0,13,0.4119593978450341
18,5,"2,4 Dimethyl Acetophenone",0,14,0.39584555230672175
18,5,"2,4 Dimethyl Acetophenone",1,0,0.3939051654947261
18,5,"2,4 Dimethyl Acetophenone",1,1,0.396838868581585
18,5,"2,4 Dimethyl Acetophenone",1,2,0.3916234524822719
18,5,"2,4 Dimethyl Acetophenone",1,3,0.38402502340227945
18,5,"2,4 Dimethyl Acetophenone",1,4,0.3849380991279529
18,5,"2,4 Dimethyl Acetophenone",1,5,0.3780973983811486
18,5,"2,4 Dimethyl Acetophenone",1,6,0.3955712176034627
18,5,"2,4 Dimethyl Acetophenone",1,7,0.3883002036114816
18,5,"2,4 Dimethyl Acetophenone",1,8,0.38027440237785015
18,5,"2,4 Dimethyl Acetophenone",1,9,0.38028750139520373
18,5,"2,4 Dimethyl Acetophenone",1,10,0.37255789053459193
18,5,"2,4 Dimethyl Acetophenone",1,11,0.40342873456739337
18,5,"2,4 Dimethyl Acetophenone",1,12,0.3907345285014985
18,5,"2,4 Dimethyl Acetophenone",1,13,0.37745943863751097
18,5,"2,4 Dimethyl Acetophenone",1,14,0.40102739586473174
18,6,4 Heptanone,0,0,0.5269408066029216
18,6,4 Heptanone,0,1,0.5074836473141983
18,6,4 Heptanone,0,2,0.5633154421625676
18,6,4 Heptanone,0,3,0.5274778423690724
18,6,4 Heptanone,0,4,0.5304260860788698
18,6,4 Heptanone,0,5,0.540776824376969
18,6,4 Heptanone,0,6,0.566106590069607
18,6,4 Heptanone,0,7,0.5402905923909668
18,6,4 Heptanone,0,8,0.5122529696276841
18,6,4 Heptanone,0,9,0.5523376473525655
18,6,4 Heptanone,0,10,0.5286761842915108
18,6,4 Heptanone,0,11,0.5832474987403437
18,6,4 Heptanone,0,12,0.5398040319215076
18,6,4 Heptanone,0,13,0.48842933570937136
18,6,4 Heptanone,0,14,0.5480483186835784
18,6,4 Heptanone,1,0,0.5938985268120653
18,6,4 Heptanone,1,1,0.5854198299167174
18,6,4 Heptanone,1,2,0.5912849992422403
18,6,4 Heptanone,1,3,0.5257254147331394
18,6,4 Heptanone,1,4,0.5701547629862814
18,6,4 Heptanone,1,5,0.5325733092475335
18,6,4 Heptanone,1,6,0.554335566548769
18,6,4 Heptanone,1,7,0.5199026013907002
18,6,4 Heptanone,1,8,0.5343565147943851
18,6,4 Heptanone,1,9,0.5336253997200721
18,6,4 Heptanone,1,10,0.5698420619870418
18,6,4 Heptanone,1,11,0.5675920653782466
18,6,4 Heptanone,1,12,0.5555436379408794
18,6,4 Heptanone,1,13,0.5181210007435817
18,6,4 Heptanone,1,14,0.5420104908666146
18,7,33 Dimethyl Butyric Acid,0,0,0.6003292131441909
18,7,33 Dimethyl Butyric Acid,0,1,0.6141770785960844
18,7,33 Dimethyl Butyric Acid,0,2,0.6168211019729708
18,7,33 Dimethyl Butyric Acid,0,3,0.6157772426096069
18,7,33 Dimethyl Butyric Acid,0,4,0.6002511980154999
18,7,33 Dimethyl Butyric Acid,0,5,0.5832449836658777
18,7,33 Dimethyl Butyric Acid,0,6,0.5915802356395887
18,7,33 Dimethyl Butyric Acid,0,7,0.61890748022959
18,7,33 Dimethyl Butyric Acid,0,8,0.6032847888292767
18,7,33 Dimethyl Butyric Acid,0,9,0.6002897199244791
18,7,33 Dimethyl Butyric Acid,0,10,0.6208018076909569
18,7,33 Dimethyl Butyric Acid,0,11,0.6175665068285148
18,7,33 Dimethyl Butyric Acid,0,12,0.6069332077773392
18,7,33 Dimethyl Butyric Acid,0,13,0.604209114275796
18,7,33 Dimethyl Butyric Acid,0,14,0.605591523877947
18,7,33 Dimethyl Butyric Acid,1,0,0.5883795751982243
18,7,33 Dimethyl Butyric Acid,1,1,0.6001456421060003
18,7,33 Dimethyl Butyric Acid,1,2,0.5900533994155674
18,7,33 Dimethyl Butyric Acid,1,3,0.5926550212156529
18,7,33 Dimethyl Butyric Acid,1,4,0.5964537415170998
18,7,33 Dimethyl Butyric Acid,1,5,0.5764082120008225
18,7,33 Dimethyl Butyric Acid,1,6,0.592902128206424
18,7,33 Dimethyl Butyric Acid,1,7,0.5839081659592164
18,7,33 Dimethyl Butyric Acid,1,8,0.5648689612275248
18,7,33 Dimethyl Butyric Acid,1,9,0.5681936103545597
18,7,33 Dimethyl Butyric Acid,1,10,0.5777071167328147
18,7,33 Dimethyl Butyric Acid,1,11,0.5909854720601071
18,7,33 Dimethyl Butyric Acid,1,12,0.5874080153900268
18,7,33 Dimethyl Butyric Acid,1,13,0.5880127987659391
18,7,33 Dimethyl Butyric Acid,1,14,0.6031529367723015
18,8,2 Methyl Butyraldehyde,0,0,0.3886475108316952
18,8,2 Methyl Butyraldehyde,0,1,0.4123527170142931
18,8,2 Methyl Butyraldehyde,0,2,0.4186886252716479
18,8,2 Methyl Butyraldehyde,0,3,0.3988198309417094
18,8,2 Methyl Butyraldehyde,0,4,0.41341726659354516
18,8,2 Methyl Butyraldehyde,0,5,0.3823308690121119
18,8,2 Methyl Butyraldehyde,0,6,0.43979383093199204
18,8,2 Methyl Butyraldehyde,0,7,0.3998633504490701
18,8,2 Methyl Butyraldehyde,0,8,0.4516591455390996
18,8,2 Methyl Butyraldehyde,0,9,0.4122564768303687
18,8,2 Methyl Butyraldehyde,0,10,0.4325036523771319
18,8,2 Methyl Butyraldehyde,0,11,0.41185882655380446
18,8,2 Methyl Butyraldehyde,0,12,0.4122895146869993
18,8,2 Methyl Butyraldehyde,0,13,0.4017264085411871
18,8,2 Methyl Butyraldehyde,0,14,0.4151507302278878
18,8,2 Methyl Butyraldehyde,1,0,0.39350299798810096
18,8,2 Methyl Butyraldehyde,1,1,0.3724591430189764
18,8,2 Methyl Butyraldehyde,1,2,0.38504459560296384
18,8,2 Methyl Butyraldehyde,1,3,0.3757841294692441
18,8,2 Methyl Butyraldehyde,1,4,0.43133616308523615
18,8,2 Methyl Butyraldehyde,1,5,0.38571878964907375
18,8,2 Methyl Butyraldehyde,1,6,0.4169328497598173
18,8,2 Methyl Butyraldehyde,1,7,0.3836971501957587
18,8,2 Methyl Butyraldehyde,1,8,0.3923821099792573
18,8,2 Methyl Butyraldehyde,1,9,0.362204937801661
18,8,2 Methyl Butyraldehyde,1,10,0.3788965620846385
18,8,2 Methyl Butyraldehyde,1,11,0.39145133770343377
18,8,2 Methyl Butyraldehyde,1,12,0.41771124640142987
18,8,2 Methyl Butyraldehyde,1,13,0.39166990039485816
18,8,2 Methyl Butyraldehyde,1,14,0.4138493310630061
18,9,m Anisaldehyde,0,0,0.42768698709901226
18,9,m Anisaldehyde,0,1,0.43704918808630416
18,9,m Anisaldehyde,0,2,0.421047092289998
18,9,m Anisaldehyde,0,3,0.4442873435574467
18,9,m Anisaldehyde,0,4,0.417001562694023
18,9,m Anisaldehyde,0,5,0.4143346254349644
18,9,m Anisaldehyde,0,6,0.4101255394588704
18,9,m Anisaldehyde,0,7,0.44372563327148495
18,9,m Anisaldehyde,0,8,0.42938278648977923
18,9,m Anisaldehyde,0,9,0.41843696475381564
18,9,m Anisaldehyde,0,10,0.433458880387173
18,9,m Anisaldehyde,0,11,0.42813260392423
18,9,m Anisaldehyde,0,12,0.44026324644585746
18,9,m Anisaldehyde,0,13,0.40692045878768085
18,9,m Anisaldehyde,0,14,0.41908941120238136
18,9,m Anisaldehyde,1,0,0.4077623407775412
18,9,m Anisaldehyde,1,1,0.39342343944364444
18,9,m Anisaldehyde,1,2,0.4222121389354375
18,9,m Anisaldehyde,1,3,0.4095853486644019
18,9,m Anisaldehyde,1,4,0.41916916243641283
18,9,m Anisaldehyde,1,5,0.43454213299945
18,9,m Anisaldehyde,1,6,0.40879924005033774
18,9,m Anisaldehyde,1,7,0.4081548716260573
18,9,m Anisaldehyde,1,8,0.4132770150563647
18,9,m Anisaldehyde,1,9,0.42151870879688963
18,9,m Anisaldehyde,1,10,0.4067737013299644
18,9,m Anisaldehyde,1,11,0.4061640682373274
18,9,m Anisaldehyde,1,12,0.4221823641298217
18,9,m Anisaldehyde,1,13,0.4157438318698256
18,9,m Anisaldehyde,1,14,0.39274931176350136
20,0,"2,3 Pentanedione",0,0,0.2665852813848824
20,0,"2,3 Pentanedione",0,1,0.3347509729672904
20,0,"2,3 Pentanedione",0,2,0.3072682834485804
20,0,"2,3 Pentanedione",0,3,0.27816517809567887
20,0,"2,3 Pentanedione",0,4,0.2929598349407356
20,0,"2,3 Pentanedione",0,5,0.29755099319165185
20,0,"2,3 Pentanedione",0,6,0.31561341037861423
20,0,"2,3 Pentanedione",0,7,0.2632634915001404
20,0,"2,3 Pentanedione",0,8,0.27619634790484865
20,0,"2,3 Pentanedione",0,9,0.30404397024319485
20,0,"2,3 Pentanedione",0,10,0.2947242118592239
20,0,"2,3 Pentanedione",0,11,0.31151655593752786
20,0,"2,3 Pentanedione",0,12,0.26648239143762015
20,0,"2,3 Pentanedione",0,13,0.30614829327839316
20,0,"2,3 Pentanedione",0,14,0.32450966685604693
20,0,"2,3 Pentanedione",1,0,0.28376878944397504
20,0,"2,3 Pentanedione",1,1,0.27507611925928277
20,0,"2,3 Pentanedione",1,2,0.26920123570109367
20,0,"2,3 Pentanedione",1,3,0.2507270469459554
20,0,"2,3 Pentanedione",1,4,0.26979836095424825
20,0,"2,3 Pentanedione",1,5,0.3030909720872531
20,0,"2,3 Pentanedione",1,6,0.2686226131002398
20,0,"2,3 Pentanedione",1,7,0.2493532260315327
20,0,"2,3 Pentanedione",1,8,0.25929214854610827
20,0,"2,3 Pentanedione",1,9,0.2766195831971412
20,0,"2,3 Pentanedione",1,10,0.26226047583572176
20,0,"2,3 Pentanedione",1,11,0.2837309078418215
20,0,"2,3 Pentanedione",1,12,0.2846694197839687
20,0,"2,3 Pentanedione",1,13,0.29382290527535915
20,0,"2,3 Pentanedione",1,14,0.30718731257186876
20,1,3 Methylvaleric Acid,0,0,0.64408195920592
20,1,3 Methylvaleric Acid,0,1,0.6249753073638162
20,1,3 Methylvaleric Acid,0,2,0.6252792621382202
20,1,3 Methylvaleric Acid,0,3,0.633473551034808
20,1,3 Methylvaleric Acid,0,4,0.6297573086283913
20,1,3 Methylvaleric Acid,0,5,0.622954978683151
20,1,3 Methylvaleric Acid,0,6,0.6298511894352656
20,1,3 Methylvaleric Acid,0,7,0.629526282537705
20,1,3 Methylvaleric Acid,0,8,0.6275728025328511
20,1,3 Methylvaleric Acid,0,9,0.631097536423343
20,1,3 Methylvaleric Acid,0,10,0.6458894967308627
20,1,3 Methylvaleric Acid,0,11,0.636195957712534
20,1,3 Methylvaleric Acid,0,12,0.6586928611371944
20,1,3 Methylvaleric Acid,0,13,0.6359115517385928
20,1,3 Methylvaleric Acid,0,14,0.6313521836315593
20,1,3 Methylvaleric Acid,1,0,0.6362318214046523
20,1,3 Methylvaleric Acid,1,1,0.6387300043522214
20,1,3 Methylvaleric Acid,1,2,0.6404996260317379
20,1,3 Methylvaleric Acid,1,3,0.6567489345609293
20,1,3 Methylvaleric Acid,1,4,0.6278228125627919
20,1,3 Methylvaleric Acid,1,5,0.644694878819202
20,1,3 Methylvaleric Acid,1,6,0.638247497922055
20,1,3 Methylvaleric Acid,1,7,0.620638112471243
20,1,3 Methylvaleric Acid,1,8,0.6438203010359645
20,1,3 Methylvaleric Acid,1,9,0.648739517458563
20,1,3 Methylvaleric Acid,1,10,0.6277054468540401
20,1,3 Methylvaleric Acid,1,11,0.6361024694853398
20,1,3 Methylvaleric Acid,1,12,0.6191110781267715
20,1,3 Methylvaleric Acid,1,13,0.6237295831992659
20,1,3 Methylvaleric Acid,1,14,0.6465656867810071
20,2,Acetic Acid,0,0,0.3334208727024283
20,2,Acetic Acid,0,1,0.32267481147027194
20,2,Acetic Acid,0,2,0.34506173972211546
20,2,Acetic Acid,0,3,0.3324841536517378
20,2,Acetic Acid,0,4,0.3333471818124011
20,2,Acetic Acid,0,5,0.3535909474196674
20,2,Acetic Acid,0,6,0.32178937384825484
20,2,Acetic Acid,0,7,0.3260779881495339
20,2,Acetic Acid,0,8,0.343800750993804
20,2,Acetic Acid,0,9,0.3574398675753469
20,2,Acetic Acid,0,10,0.36193561831774773
20,2,Acetic Acid,0,11,0.33009786740862357
20,2,Acetic Acid,0,12,0.35690401150902346
20,2,Acetic Acid,0,13,0.3281058467293625
20,2,Acetic Acid,0,14,0.3717727044881358
20,2,Acetic Acid,1,0,0.33066652855956197
20,2,Acetic Acid,1,1,0.371855888529804
20,2,Acetic Acid,1,2,0.3386507144173516
20,2,Acetic Acid,1,3,0.3833109165980388
20,2,Acetic Acid,1,4,0.3595244552424789
20,2,Acetic Acid,1,5,0.33263636616621
20,2,Acetic Acid,1,6,0.3408964547820008
20,2,Acetic Acid,1,7,0.3627005064255749
20,2,Acetic Acid,1,8,0.36724163617181105
20,2,Acetic Acid,1,9,0.34844968455081926
20,2,Acetic Acid,1,10,0.35037969827380355
20,2,Acetic Acid,1,11,0.36231862892313027
20,2,Acetic Acid,1,12,0.35183740853155976
20,2,Acetic Acid,1,13,0.3279944461867897
20,2,Acetic Acid,1,14,0.3360329308426112
20,3,Gerinol,0,0,0.1957096659400783
20,3,Gerinol,0,1,0.21243521228898596
20,3,Gerinol,0,2,0.21926797223548353
20,3,Gerinol,0,3,0.20499760402244555
20,3,Gerinol,0,4,0.196599730029958
20,3,Gerinol,0,5,0.2044735793736939
20,3,Gerinol,0,6,0.18032323269201583
20,3,Gerinol,0,7,0.18908417668358624
20,3,Gerinol,0,8,0.1776382417824498
20,3,Gerinol,0,9,0.17039411929815412
20,3,Gerinol,0,10,0.19738892232919641
20,3,Gerinol,0,11,0.1948633482548637
20,3,Gerinol,0,12,0.20343013076879454
20,3,Gerinol,0,13,0.201015365998945
20,3,Gerinol,0,14,0.19583803529632154
20,3,Gerinol,1,0,0.19544076695887366
20,3,Gerinol,1,1,0.18521636912934353
20,3,Gerinol,1,2,0.19298873137217643
20,3,Gerinol,1,3,0.1735561270559729
20,3,Gerinol,1,4,0.19225196248031026
20,3,Gerinol,1,5,0.19734815650728646
20,3,Gerinol,1,6,0.17451941780259142
20,3,Gerinol,1,7,0.18682885259470727
20,3,Gerinol,1,8,0.17530555059232672
20,3,Gerinol,1,9,0.17696206087975921
20,3,Gerinol,1,10,0.1667526269361523
20,3,Gerinol,1,11,0.20753941379641688
20,3,Gerinol,1,12,0.20412576783788455
20,3,Gerinol,1,13,0.19511349718801235
20,3,Gerinol,1,14,0.21959136187321324
20,4,n Methyl Piperdine,0,0,0.4453938467850314
20,4,n Methyl Piperdine,0,1,0.47116191167846366
20,4,n Methyl Piperdine,0,2,0.4450875770346728
20,4,n Methyl Piperdine,0,3,0.4489493591716267
20,4,n Methyl Piperdine,0,4,0.4437255890460569
20,4,n Methyl Piperdine,0,5,0.449886416838061
20,4,n Methyl Piperdine,0,6,0.4535927317806685
20,4,n Methyl Piperdine,0,7,0.4459964812131539
20,4,n Methyl Piperdine,0,8,0.4611215711345195
20,4,n Methyl Piperdine,0,9,0.44882100663464625
20,4,n Methyl Piperdine,0,10,0.44907169544646014
20,4,n Methyl Piperdine,0,11,0.43963583080146884
20,4,n Methyl Piperdine,0,12,0.45025580495398165
20,4,n Methyl Piperdine,0,13,0.44583559459110367
20,4,n Methyl Piperdine,0,14,0.4420418945228803
20,4,n Methyl Piperdine,1,0,0.43205803997625414
20,4,n Methyl Piperdine,1,1,0.4596439422794945
20,4,n Methyl Piperdine,1,2,0.43616201724000875
20,4,n Methyl Piperdine,1,3,0.4266139518751909
20,4,n Methyl Piperdine,1,4,0.43268406356358047
20,4,n Methyl Piperdine,1,5,0.4378572925256313
20,4,n Methyl Piperdine,1,6,0.4426431715023729
20,4,n Methyl Piperdine,1,7,0.4427082074152435
20,4,n Methyl Piperdine,1,8,0.44368275165565324
20,4,n Methyl Piperdine,1,9,0.4331109527883424
20,4,n Methyl Piperdine,1,10,0.4409933587894534
20,4,n Methyl Piperdine,1,11,0.4312613595285564
20,4,n Methyl Piperdine,1,12,0.4333126913773289
20,4,n Methyl Piperdine,1,13,0.43092816344543894
20,4,n Methyl Piperdine,1,14,0.42876272440465485
20,5,"2,4 Dimethyl Acetophenone",0,0,0.4157923491221005
20,5,"2,4 Dimethyl Acetophenone",0,1,0.41049598126698805
20,5,"2,4 Dimethyl Acetophenone",0,2,0.4145578747132982
20,5,"2,4 Dimethyl Acetophenone",0,3,0.40134011153207727
20,5,"2,4 Dimethyl Acetophenone",0,4,0.41173964793177864
20,5,"2,4 Dimethyl Acetophenone",0,5,0.3759495119246455
20,5,"2,4 Dimethyl Acetophenone",0,6,0.4129562942369428
20,5,"2,4 Dimethyl Acetophenone",0,7,0.40328334799011395
20,5,"2,4 Dimethyl Acetophenone",0,8,0.40962872975388476
20,5,"2,4 Dimethyl Acetophenone",0,9,0.4061445240827673
20,5,"2,4 Dimethyl Acetophenone",0,10,0.38686711987367417
20,5,"2,4 Dimethyl Acetophenone",0,11,0.3796616394164256
20,5,"2,4 Dimethyl Acetophenone",0,12,0.3907449552652676
20,5,"2,4 Dimethyl Acetophenone",0,13,0.40875174535951153
20,5,"2,4 Dimethyl Acetophenone",0,14,0.4105168469668352
20,5,"2,4 Dimethyl Acetophenone",1,0,0.389352517637104
20,5,"2,4 Dimethyl Acetophenone",1,1,0.39480745485761864
20,5,"2,4 Dimethyl Acetophenone",1,2,0.3984436341907144
20,5,"2,4 Dimethyl Acetophenone",1,3,0.4036036837585378
20,5,"2,4 Dimethyl Acetophenone",1,4,0.38943559391983085
20,5,"2,4 Dimethyl Acetophenone",1,5,0.3885895105956245
20,5,"2,4 Dimethyl Acetophenone",1,6,0.39705326442748623
20,5,"2,4 Dimethyl Acetophenone",1,7,0.4098583826865956
20,5,"2,4 Dimethyl Acetophenone",1,8,0.3919943425535379
20,5,"2,4 Dimethyl Acetophenone",1,9,0.40700913791513726
20,5,"2,4 Dimethyl Acetophenone",1,10,0.4235689348489723
20,5,"2,4 Dimethyl Acetophenone",1,11,0.39028548678977043
20,5,"2,4 Dimethyl Acetophenone",1,12,0.40573097625807036
20,5,"2,4 Dimethyl Acetophenone",1,13,0.42309237058213944
20,5,"2,4 Dimethyl Acetophenone",1,14,0.40274402954254906
20,6,4 Heptanone,0,0,0.530300529190425
20,6,4 Heptanone,0,1,0.5702511625405395
20,6,4 Heptanone,0,2,0.5364516417146797
20,6,4 Heptanone,0,3,0.5688942861313951
20,6,4 Heptanone,0,4,0.5533587274019808
20,6,4 Heptanone,0,5,0.5356089505421573
20,6,4 Heptanone,0,6,0.5545252837505771
20,6,4 Heptanone,0,7,0.5508631229169526
20,6,4 Heptanone,0,8,0.5669714062999793
20,6,4 Heptanone,0,9,0.5308829238719528
20,6,4 Heptanone,0,10,0.5444411944732181
20,6,4 Heptanone,0,11,0.5420788410792787
20,6,4 Heptanone,0,12,0.559687269580212
20,6,4 Heptanone,0,13,0.5199168952889824
20,6,4 Heptanone,0,14,0.5668815829094019
20,6,4 Heptanone,1,0,0.5762284024117873
20,6,4 Heptanone,1,1,0.5352178479470246
20,6,4 Heptanone,1,2,0.5932911032572903
20,6,4 Heptanone,1,3,0.6168827347326936
20,6,4 Heptanone,1,4,0.5885437354839451
20,6,4 Heptanone,1,5,0.5983211824721598
20,6,4 Heptanone,1,6,0.56746729761933
20,6,4 Heptanone,1,7,0.5272933392858331
20,6,4 Heptanone,1,8,0.5230936207682447
20,6,4 Heptanone,1,9,0.5713702351480817
20,6,4 Heptanone,1,10,0.5518898704926686
20,6,4 Heptanone,1,11,0.5444709036589434
20,6,4 Heptanone,1,12,0.5640609379416986
20,6,4 Heptanone,1,13,0.5796609437072211
20,6,4 Heptanone,1,14,0.5320940273813446
20,7,33 Dimethyl Butyric Acid,0,0,0.6048462174724127
20,7,33 Dimethyl Butyric Acid,0,1,0.6216333280267423
20,7,33 Dimethyl Butyric Acid,0,2,0.5994776733561044
20,7,33 Dimethyl Butyric Acid,0,3,0.6161473812837011
20,7,33 Dimethyl Butyric Acid,0,4,0.6045389443811477
20,7,33 Dimethyl Butyric Acid,0,5,0.6133708749766392
20,7,33 Dimethyl Butyric Acid,0,6,0.618097698721774
20,7,33 Dimethyl Butyric Acid,0,7,0.61504627083129
20,7,33 Dimethyl Butyric Acid,0,8,0.6164850385252891
20,7,33 Dimethyl Butyric Acid,0,9,0.598823713355126
20,7,33 Dimethyl Butyric Acid,0,10,0.6182376709881295
20,7,33 Dimethyl Butyric Acid,0,11,0.6013853872393962
20,7,33 Dimethyl Butyric Acid,0,12,0.6109176022074906
20,7,33 Dimethyl Butyric Acid,0,13,0.6109064986773836
20,7,33 Dimethyl Butyric Acid,0,14,0.612850903035092
20,7,33 Dimethyl Butyric Acid,1,0,0.5940530428449415
20,7,33 Dimethyl Butyric Acid,1,1,0.5839334882625742
20,7,33 Dimethyl Butyric Acid,1,2,0.5795964113278782
20,7,33 Dimethyl Butyric Acid,1,3,0.5986415265943827
20,7,33 Dimethyl Butyric Acid,1,4,0.5927578772685322
20,7,33 Dimethyl Butyric Acid,1,5,0.601015748109842
20,7,33 Dimethyl Butyric Acid,1,6,0.5907818386409359
20,7,33 Dimethyl Butyric Acid,1,7,0.5791224984804841
20,7,33 Dimethyl Butyric Acid,1,8,0.5994452603000663
20,7,33 Dimethyl Butyric Acid,1,9,0.5879910177634738
20,7,33 Dimethyl Butyric Acid,1,10,0.5940962954039868
20,7,33 Dimethyl Butyric Acid,1,11,0.5856162763907321
20,7,33 Dimethyl Butyric Acid,1,12,0.6052574153430422
20,7,33 Dimethyl Butyric Acid,1,13,0.5836527685732174
20,7,33 Dimethyl Butyric Acid,1,14,0.5882733316181915
20,8,2 Methyl Butyraldehyde,0,0,0.40208459265509083
20,8,2 Methyl Butyraldehyde,0,1,0.37918171542190704
20,8,2 Methyl Butyraldehyde,0,2,0.4063433719070652
20,8,2 Methyl Butyraldehyde,0,3,0.4308071769114978
20,8,2 Methyl Butyraldehyde,0,4,0.39066951688542345
20,8,2 Methyl Butyraldehyde,0,5,0.40757713399782447
20,8,2 Methyl Butyraldehyde,0,6,0.34754210089783777
20,8,2 Methyl Butyraldehyde,0,7,0.3992900040999459
20,8,2 Methyl Butyraldehyde,0,8,0.3940567463831947
20,8,2 Methyl Butyraldehyde,0,9,0.3844067950457581
20,8,2 Methyl Butyraldehyde,0,10,0.42067984597805724
20,8,2 Methyl Butyraldehyde,0,11,0.3938047106009728
20,8,2 Methyl Butyraldehyde,0,12,0.39664489546213527
20,8,2 Methyl Butyraldehyde,0,13,0.39283200892252157
20,8,2 Methyl Butyraldehyde,0,14,0.3634381406333119
20,8,2 Methyl Butyraldehyde,1,0,0.35451737056443616
20,8,2 Methyl Butyraldehyde,1,1,0.39447761783943014
20,8,2 Methyl Butyraldehyde,1,2,0.3358464679195745
20,8,2 Methyl Butyraldehyde,1,3,0.3614986172016331
20,8,2 Methyl Butyraldehyde,1,4,0.3684975083513701
20,8,2 Methyl Butyraldehyde,1,5,0.40941733763700183
20,8,2 Methyl Butyraldehyde,1,6,0.3908026808541051
20,8,2 Methyl Butyraldehyde,1,7,0.3654915267514709
20,8,2 Methyl Butyraldehyde,1,8,0.4010340595590434
20,8,2 Methyl Butyraldehyde,1,9,0.3619911715231828
20,8,2 Methyl Butyraldehyde,1,10,0.3953941353114095
20,8,2 Methyl Butyraldehyde,1,11,0.3501856617784732
20,8,2 Methyl Butyraldehyde,1,12,0.39661901479817513
20,8,2 Methyl Butyraldehyde,1,13,0.3683750626643258
20,8,2 Methyl Butyraldehyde,1,14,0.35649301144382456
20,9,m Anisaldehyde,0,0,0.42692769143171694
20,9,m Anisaldehyde,0,1,0.4316197198121927
20,9,m Anisaldehyde,0,2,0.424293592671335
20,9,m Anisaldehyde,0,3,0.4342443726915836
20,9,m Anisaldehyde,0,4,0.4234562612415104
20,9,m Anisaldehyde,0,5,0.43487459918399723
20,9,m Anisaldehyde,0,6,0.43318419059268687
20,9,m Anisaldehyde,0,7,0.42841001577653615
20,9,m Anisaldehyde,0,8,0.424799965820701
20,9,m Anisaldehyde,0,9,0.4304260138067557
20,9,m Anisaldehyde,0,10,0.43420926688498973
20,9,m Anisaldehyde,0,11,0.448551812978132
20,9,m Anisaldehyde,0,12,0.4379019386315899
20,9,m Anisaldehyde,0,13,0.4382489345854214
20,9,m Anisaldehyde,0,14,0.4582939477738732
20,9,m Anisaldehyde,1,0,0.4227914711444656
20,9,m Anisaldehyde,1,1,0.4224943339677865
20,9,m Anisaldehyde,1,2,0.42457587695935545
20,9,m Anisaldehyde,1,3,0.4083219757956402
20,9,m Anisaldehyde,1,4,0.4136836813102859
20,9,m Anisaldehyde,1,5,0.41309284470585467
20,9,m Anisaldehyde,1,6,0.4240407059154023
20,9,m Anisaldehyde,1,7,0.416243030814063
20,9,m Anisaldehyde,1,8,0.4192072702667322
20,9,m Anisaldehyde,1,9,0.42821420586741893
20,9,m Anisaldehyde,1,10,0.42608586176485647
20,9,m Anisaldehyde,1,11,0.41636119844926345
20,9,m Anisaldehyde,1,12,0.4115383564942448
20,9,m Anisaldehyde,1,13,0.4286679548246354
20,9,m Anisaldehyde,1,14,0.425238907836973
22,0,"2,3 Pentanedione",0,0,0.25297771923274015
22,0,"2,3 Pentanedione",0,1,0.28530529121741766
22,0,"2,3 Pentanedione",0,2,0.2972720262405438
22,0,"2,3 Pentanedione",0,3,0.3126048826181505
22,0,"2,3 Pentanedione",0,4,0.31588667706361895
22,0,"2,3 Pentanedione",0,5,0.30023178971951153
22,0,"2,3 Pentanedione",0,6,0.3077653279740961
22,0,"2,3 Pentanedione",0,7,0.29473755974957855
22,0,"2,3 Pentanedione",0,8,0.2762878474856107
22,0,"2,3 Pentanedione",0,9,0.28660252991409335
22,0,"2,3 Pentanedione",0,10,0.29360891935612743
22,0,"2,3 Pentanedione",0,11,0.29226715843965995
22,0,"2,3 Pentanedione",0,12,0.24599481707903792
22,0,"2,3 Pentanedione",0,13,0.2831970563168889
22,0,"2,3 Pentanedione",0,14,0.2945392810173535
22,0,"2,3 Pentanedione",1,0,0.2645900343392696
22,0,"2,3 Pentanedione",1,1,0.2654536892491225
22,0,"2,3 Pentanedione",1,2,0.28382406840702684
22,0,"2,3 Pentanedione",1,3,0.2446503544606963
22,0,"2,3 Pentanedione",1,4,0.23092322878813185
22,0,"2,3 Pentanedione",1,5,0.2629200393659953
22,0,"2,3 Pentanedione",1,6,0.2907271442744569
22,0,"2,3 Pentanedione",1,7,0.3138131101240781
22,0,"2,3 Pentanedione",1,8,0.2911774901142806
22,0,"2,3 Pentanedione",1,9,0.23491769014019095
22,0,"2,3 Pentanedione",1,10,0.26581510315249285
22,0,"2,3 Pentanedione",1,11,0.27804014366395036
22,0,"2,3 Pentanedione",1,12,0.27606406206000195
22,0,"2,3 Pentanedione",1,13,0.285106897960484
22,0,"2,3 Pentanedione",1,14,0.2486980604753931
22,1,3 Methylvaleric Acid,0,0,0.6418934071553384
22,1,3 Methylvaleric Acid,0,1,0.645411424245883
22,1,3 Methylvaleric Acid,0,2,0.6494240942344995
22,1,3 Methylvaleric Acid,0,3,0.6332744545019262
22,1,3 Methylvaleric Acid,0,4,0.6378336972777825
22,1,3 Methylvaleric Acid,0,5,0.6144845637611258
22,1,3 Methylvaleric Acid,0,6,0.6350984652156064
22,1,3 Methylvaleric Acid,0,7,0.6360591650712479
22,1,3 Methylvaleric Acid,0,8,0.6311573235704608
22,1,3 Methylvaleric Acid,0,9,0.6428899622228454
22,1,3 Methylvaleric Acid,0,10,0.6406966932533971
22,1,3 Methylvaleric Acid,0,11,0.6188858382004244
22,1,3 Methylvaleric Acid,0,12,0.6433838968042952
22,1,3 Methylvaleric Acid,0,13,0.6320607390698824
22,1,3 Methylvaleric Acid,0,14,0.6460585043495
22,1,3 Methylvaleric Acid,1,0,0.6310085387526808
22,1,3 Methylvaleric Acid,1,1,0.6439950361920832
22,1,3 Methylvaleric Acid,1,2,0.6408948680763681
22,1,3 Methylvaleric Acid,1,3,0.6466984938794443
22,1,3 Methylvaleric Acid,1,4,0.6449324099333547
22,1,3 Methylvaleric Acid,1,5,0.641172040605115
22,1,3 Methylvaleric Acid,1,6,0.6284899437030925
22,1,3 Methylvaleric Acid,1,7,0.6290746404938902
22,1,3 Methylvaleric Acid,1,8,0.6379179094191044
22,1,3 Methylvaleric Acid,1,9,0.6436160267198254
22,1,3 Methylvaleric Acid,1,10,0.6376767520522655
22,1,3 Methylvaleric Acid,1,11,0.6498871636625428
22,1,3 Methylvaleric Acid,1,12,0.6409338952435529
22,1,3 Methylvaleric Acid,1,13,0.6341450240562555
22,1,3 Methylvaleric Acid,1,14,0.6409450282762097
22,2,Acetic Acid,0,0,0.3543644343904874
22,2,Acetic Acid,0,1,0.356020956596987
22,2,Acetic Acid,0,2,0.38200834408899453
22,2,Acetic Acid,0,3,0.33939642864561664
22,2,Acetic Acid,0,4,0.3493569973051379
22,2,Acetic Acid,0,5,0.3577145211344529
22,2,Acetic Acid,0,6,0.35019434626703705
22,2,Acetic Acid,0,7,0.3422116614738018
22,2,Acetic Acid,0,8,0.3246696680233644
22,2,Acetic Acid,0,9,0.3420407578111742
22,2,Acetic Acid,0,10,0.3326249112551851
22,2,Acetic Acid,0,11,0.32170290466512286
22,2,Acetic Acid,0,12,0.3372757849316338
22,2,Acetic Acid,0,13,0.33307006403932654
22,2,Acetic Acid,0,14,0.36035195517013213
22,2,Acetic Acid,1,0,0.366751758612351
22,2,Acetic Acid,1,1,0.34157608529806055
22,2,Acetic Acid,1,2,0.3523432943356933
22,2,Acetic Acid,1,3,0.32561116739431745
22,2,Acetic Acid,1,4,0.34842699986585346
22,2,Acetic Acid,1,5,0.363370794254323
22,2,Acetic Acid,1,6,0.3704963321671459
22,2,Acetic Acid,1,7,0.34476839193936115
22,2,Acetic Acid,1,8,0.3742922771037047
22,2,Acetic Acid,1,9,0.3313414736999998
22,2,Acetic Acid,1,10,0.33582574230223905
22,2,Acetic Acid,1,11,0.36856795529097935
22,2,Acetic Acid,1,12,0.38465157735640965
22,2,Acetic Acid,1,13,0.3649507877201672
22,2,Acetic Acid,1,14,0.3560216268609398
22,3,Gerinol,0,0,0.1712855548271715
22,3,Gerinol,0,1,0.17423254188686405
22,3,Gerinol,0,2,0.2109444501452152
22,3,Gerinol,0,3,0.20262789458057653
22,3,Gerinol,0,4,0.1898704664275741
22,3,Gerinol,0,5,0.20985467262072513
22,3,Gerinol,0,6,0.2107008563823262
22,3,Gerinol,0,7,0.22484892583168953
22,3,Gerinol,0,8,0.21106716252132482
22,3,Gerinol,0,9,0.22969376199130784
22,3,Gerinol,0,10,0.2088730319189766
22,3,Gerinol,0,11,0.20676896799454456
22,3,Gerinol,0,12,0.2268944258109227
22,3,Gerinol,0,13,0.1920438863232446
22,3,Gerinol,0,14,0.2567527377325093
22,3,Gerinol,1,0,0.20379015187974844
22,3,Gerinol,1,1,0.20388520955284192
22,3,Gerinol,1,2,0.20634648259883237
22,3,Gerinol,1,3,0.22941306938269776
22,3,Gerinol,1,4,0.2109086751725794
22,3,Gerinol,1,5,0.1700048679528485
22,3,Gerinol,1,6,0.2213320540776167
22,3,Gerinol,1,7,0.1915721527118877
22,3,Gerinol,1,8,0.19921617100178543
22,3,Gerinol,1,9,0.17556323714172756
22,3,Gerinol,1,10,0.20636535234672607
22,3,Gerinol,1,11,0.18627522480970446
22,3,Gerinol,1,12,0.19909699547491855
22,3,Gerinol,1,13,0.19254115191746632
22,3,Gerinol,1,14,0.2302298669836463
22,4,n Methyl Piperdine,0,0,0.46547690736924746
22,4,n Methyl Piperdine,0,1,0.4499909303298007
22,4,n Methyl Piperdine,0,2,0.4501306466590336
22,4,n Methyl Piperdine,0,3,0.4466312812372866
22,4,n Methyl Piperdine,0,4,0.45846687530010505
22,4,n Methyl Piperdine,0,5,0.4469874660054157
22,4,n Methyl Piperdine,0,6,0.44624812677091713
22,4,n Methyl Piperdine,0,7,0.4574475678774025
22,4,n Methyl Piperdine,0,8,0.44531243220554956
22,4,n Methyl Piperdine,0,9,0.4493167846924945
22,4,n Methyl Piperdine,0,10,0.43696833871599483
22,4,n Methyl Piperdine,0,11,0.4552523477290681
22,4,n Methyl Piperdine,0,12,0.4651457604815377
22,4,n Methyl Piperdine,0,13,0.4553886279504811
22,4,n Methyl Piperdine,0,14,0.46131321830846117
22,4,n Methyl Piperdine,1,0,0.4336986734778558
22,4,n Methyl Piperdine,1,1,0.44235808482350003
22,4,n Methyl Piperdine,1,2,0.4329222111723193
22,4,n Methyl Piperdine,1,3,0.43864536620262373
22,4,n Methyl Piperdine,1,4,0.44664518238609446
22,4,n Methyl Piperdine,1,5,0.44128205547210086
22,4,n Methyl Piperdine,1,6,0.42916636238646466
22,4,n Methyl Piperdine,1,7,0.42994725772297243
22,4,n Methyl Piperdine,1,8,0.42941817911534824
22,4,n Methyl Piperdine,1,9,0.44439911128679116
22,4,n Methyl Piperdine,1,10,0.4569786468525278
22,4,n Methyl Piperdine,1,11,0.45136715651927617
22,4,n Methyl Piperdine,1,12,0.42529960897410596
22,4,n Methyl Piperdine,1,13,0.4518360980718327
22,4,n Methyl Piperdine,1,14,0.4479586939033916
22,5,"2,4 Dimethyl Acetophenone",0,0,0.38501340516359844
22,5,"2,4 Dimethyl Acetophenone",0,1,0.4025284435209572
22,5,"2,4 Dimethyl Acetophenone",0,2,0.4222520873235384
22,5,"2,4 Dimethyl Acetophenone",0,3,0.4145656966570441
22,5,"2,4 Dimethyl Acetophenone",0,4,0.3883441702629224
22,5,"2,4 Dimethyl Acetophenone",0,5,0.4154161190459325
22,5,"2,4 Dimethyl Acetophenone",0,6,0.37666268375208467
22,5,"2,4 Dimethyl Acetophenone",0,7,0.4036618875960163
22,5,"2,4 Dimethyl Acetophenone",0,8,0.4228504613726121
22,5,"2,4 Dimethyl Acetophenone",0,9,0.4070633206778581
22,5,"2,4 Dimethyl Acetophenone",0,10,0.3997683380612918
22,5,"2,4 Dimethyl Acetophenone",0,11,0.41934476249496794
22,5,"2,4 Dimethyl Acetophenone",0,12,0.4205490807422791
22,5,"2,4 Dimethyl Acetophenone",0,13,0.4252770317456974
22,5,"2,4 Dimethyl Acetophenone",0,14,0.41913319101951046
22,5,"2,4 Dimethyl Acetophenone",1,0,0.41853158753476394
22,5,"2,4 Dimethyl Acetophenone",1,1,0.4136178062688782
22,5,"2,4 Dimethyl Acetophenone",1,2,0.4070272032290282
22,5,"2,4 Dimethyl Acetophenone",1,3,0.4045451204192125
22,5,"2,4 Dimethyl Acetophenone",1,4,0.39993729951482043
22,5,"2,4 Dimethyl Acetophenone",1,5,0.38618712879219447
22,5,"2,4 Dimethyl Acetophenone",1,6,0.38981192993033387
22,5,"2,4 Dimethyl Acetophenone",1,7,0.3993062050438018
22,5,"2,4 Dimethyl Acetophenone",1,8,0.4066876965832458
22,5,"2,4 Dimethyl Acetophenone",1,9,0.42360008072830196
22,5,"2,4 Dimethyl Acetophenone",1,10,0.40269354912223554
22,5,"2,4 Dimethyl Acetophenone",1,11,0.4174331275840402
22,5,"2,4 Dimethyl Acetophenone",1,12,0.4185025512889637
22,5,"2,4 Dimethyl Acetophenone",1,13,0.4000192685015568
22,5,"2,4 Dimethyl Acetophenone",1,14,0.4116687660223112
22,6,4 Heptanone,0,0,0.5353233095970464
22,6,4 Heptanone,0,1,0.571329818857567
22,6,4 Heptanone,0,2,0.5555467387845042
22,6,4 Heptanone,0,3,0.5135456031120159
22,6,4 Heptanone,0,4,0.5446385484804529
22,6,4 Heptanone,0,5,0.5788264899086647
22,6,4 Heptanone,0,6,0.5367559911033188
22,6,4 Heptanone,0,7,0.5512202396454379
22,6,4 Heptanone,0,8,0.5534777713980428
22,6,4 Heptanone,0,9,0.517084033162399
22,6,4 Heptanone,0,10,0.5526689254545172
22,6,4 Heptanone,0,11,0.5088690094930083
22,6,4 Heptanone,0,12,0.5265360180355755
22,6,4 Heptanone,0,13,0.5656629135146802
22,6,4 Heptanone,0,14,0.5491284071445027
22,6,4 Heptanone,1,0,0.5587479952245137
22,6,4 Heptanone,1,1,0.5760177842781276
22,6,4 Heptanone,1,2,0.5643682760061953
22,6,4 Heptanone,1,3,0.5660395286785339
22,6,4 Heptanone,1,4,0.5808555015530148
22,6,4 Heptanone,1,5,0.5490225426945071
22,6,4 Heptanone,1,6,0.5666778937681746
22,6,4 Heptanone,1,7,0.5585688350419179
22,6,4 Heptanone,1,8,0.5292851848908645
22,6,4 Heptanone,1,9,0.5445819821997189
22,6,4 Heptanone,1,10,0.601815234253854
22,6,4 Heptanone,1,11,0.5745979653401418
22,6,4 Heptanone,1,12,0.5353109021241674
22,6,4 Heptanone,1,13,0.5303258031585081
22,6,4 Heptanone,1,14,0.563170753096028
22,7,33 Dimethyl Butyric Acid,0,0,0.628826238807436
22,7,33 Dimethyl Butyric Acid,0,1,0.6138457840275641
22,7,33 Dimethyl Butyric Acid,0,2,0.6266477736501195
22,7,33 Dimethyl Butyric Acid,0,3,0.6184625232979359
22,7,33 Dimethyl Butyric Acid,0,4,0.619485131855634
22,7,33 Dimethyl Butyric Acid,0,5,0.6039988024781667
22,7,33 Dimethyl Butyric Acid,0,6,0.623481238648122
22,7,33 Dimethyl Butyric Acid,0,7,0.6125758854511624
22,7,33 Dimethyl Butyric Acid,0,8,0.6228433453082335
22,7,33 Dimethyl Butyric Acid,0,9,0.6084686602677373
22,7,33 Dimethyl Butyric Acid,0,10,0.6169637325743471
22,7,33 Dimethyl Butyric Acid,0,11,0.618463141930762
22,7,33 Dimethyl Butyric Acid,0,12,0.6141262463720717
22,7,33 Dimethyl Butyric Acid,0,13,0.6189134460233434
22,7,33 Dimethyl Butyric Acid,0,14,0.6131632523850837
22,7,33 Dimethyl Butyric Acid,1,0,0.5919763236755358
22,7,33 Dimethyl Butyric Acid,1,1,0.6112984922283111
22,7,33 Dimethyl Butyric Acid,1,2,0.6065288445456606
22,7,33 Dimethyl Butyric Acid,1,3,0.5910181185002781
22,7,33 Dimethyl Butyric Acid,1,4,0.6024107297690504
22,7,33 Dimethyl Butyric Acid,1,5,0.59117397750026
22,7,33 Dimethyl Butyric Acid,1,6,0.5873858440111014
22,7,33 Dimethyl Butyric Acid,1,7,0.6063990604643803
22,7,33 Dimethyl Butyric Acid,1,8,0.5829342885401815
22,7,33 Dimethyl Butyric Acid,1,9,0.6054824339163886
22,7,33 Dimethyl Butyric Acid,1,10,0.5953730645525585
22,7,33 Dimethyl Butyric Acid,1,11,0.5957259537860572
22,7,33 Dimethyl Butyric Acid,1,12,0.6010506783659256
22,7,33 Dimethyl Butyric Acid,1,13,0.6025200400406279
22,7,33 Dimethyl Butyric Acid,1,14,0.5904569470259652
22,8,2 Methyl Butyraldehyde,0,0,0.40300091583935743
22,8,2 Methyl Butyraldehyde,0,1,0.39146280983308634
22,8,2 Methyl Butyraldehyde,0,2,0.3653182875135024
22,8,2 Methyl Butyraldehyde,0,3,0.38605520883272254
22,8,2 Methyl Butyraldehyde,0,4,0.41566921287110153
22,8,2 Methyl Butyraldehyde,0,5,0.4213072640284753
22,8,2 Methyl Butyraldehyde,0,6,0.402993715420166
22,8,2 Methyl Butyraldehyde,0,7,0.3665728215385513
22,8,2 Methyl Butyraldehyde,0,8,0.3986648560689209
22,8,2 Methyl Butyraldehyde,0,9,0.40554268180204384
22,8,2 Methyl Butyraldehyde,0,10,0.4031533121514203
22,8,2 Methyl Butyraldehyde,0,11,0.4042844189873567
22,8,2 Methyl Butyraldehyde,0,12,0.3962336585782476
22,8,2 Methyl Butyraldehyde,0,13,0.3879159172344342
22,8,2 Methyl Butyraldehyde,0,14,0.3776836751031575
22,8,2 Methyl Butyraldehyde,1,0,0.33796833843967733
22,8,2 Methyl Butyraldehyde,1,1,0.380687271670549
22,8,2 Methyl Butyraldehyde,1,2,0.37775501319947624
22,8,2 Methyl Butyraldehyde,1,3,0.3848479821441734
22,8,2 Methyl Butyraldehyde,1,4,0.348667115694164
22,8,2 Methyl Butyraldehyde,1,5,0.38651736791580676
22,8,2 Methyl Butyraldehyde,1,6,0.4134275221398162
22,8,2 Methyl Butyraldehyde,1,7,0.3757007051149644
22,8,2 Methyl Butyraldehyde,1,8,0.37302567681893634
22,8,2 Methyl Butyraldehyde,1,9,0.38010231626119423
22,8,2 Methyl Butyraldehyde,1,10,0.4130035345251942
22,8,2 Methyl Butyraldehyde,1,11,0.3546598916450855
22,8,2 Methyl Butyraldehyde,1,12,0.3780825122401373
22,8,2 Methyl Butyraldehyde,1,13,0.35893622588234786
22,8,2 Methyl Butyraldehyde,1,14,0.36375977050593333
22,9,m Anisaldehyde,0,0,0.43315165385315685
22,9,m Anisaldehyde,0,1,0.4464064967730122
22,9,m Anisaldehyde,0,2,0.45071119378492025
22,9,m Anisaldehyde,0,3,0.43787446971853317
22,9,m Anisaldehyde,0,4,0.4300488189222724
22,9,m Anisaldehyde,0,5,0.45727496046078797
22,9,m Anisaldehyde,0,6,0.4295652789123525
22,9,m Anisaldehyde,0,7,0.4282028829776073
22,9,m Anisaldehyde,0,8,0.4167803619328245
22,9,m Anisaldehyde,0,9,0.4468692430341884
22,9,m Anisaldehyde,0,10,0.44280955643482955
22,9,m Anisaldehyde,0,11,0.4565639432858952
22,9,m Anisaldehyde,0,12,0.42043747978546736
22,9,m Anisaldehyde,0,13,0.44745829204991167
22,9,m Anisaldehyde,0,14,0.43428769195726225
22,9,m Anisaldehyde,1,0,0.43241713388498215
22,9,m Anisaldehyde,1,1,0.40913311682081804
22,9,m Anisaldehyde,1,2,0.43869845473318014
22,9,m Anisaldehyde,1,3,0.4322313129666422
22,9,m Anisaldehyde,1,4,0.4243991157660444
22,9,m Anisaldehyde,1,5,0.43088957735754785
22,9,m Anisaldehyde,1,6,0.41750479250918776
22,9,m Anisaldehyde,1,7,0.4192702078824154
22,9,m Anisaldehyde,1,8,0.4203708499090824
22,9,m Anisaldehyde,1,9,0.4071884083535996
22,9,m Anisaldehyde,1,10,0.4329452565626067
22,9,m Anisaldehyde,1,11,0.43607495109979183
22,9,m Anisaldehyde,1,12,0.4181135012110471
22,9,m Anisaldehyde,1,13,0.42807230132682517
22,9,m Anisaldehyde,1,14,0.4222486957332071
24,0,"2,3 Pentanedione",0,0,0.29790622146397744
24,0,"2,3 Pentanedione",0,1,0.27400994138167595
24,0,"2,3 Pentanedione",0,2,0.2676137435097608
24,0,"2,3 Pentanedione",0,3,0.31600124456254525
24,0,"2,3 Pentanedione",0,4,0.2881026077838394
24,0,"2,3 Pentanedione",0,5,0.3402520961832886
24,0,"2,3 Pentanedione",0,6,0.2908571215318052
24,0,"2,3 Pentanedione",0,7,0.2665474214031894
24,0,"2,3 Pentanedione",0,8,0.32037289432285015
24,0,"2,3 Pentanedione",0,9,0.3054693765156022
24,0,"2,3 Pentanedione",0,10,0.3078711940043623
24,0,"2,3 Pentanedione",0,11,0.3194643893836497
24,0,"2,3 Pentanedione",0,12,0.27337946506580685
24,0,"2,3 Pentanedione",0,13,0.2865180396873195
24,0,"2,3 Pentanedione",0,14,0.2854131266247569
24,0,"2,3 Pentanedione",1,0,0.2456422061608552
24,0,"2,3 Pentanedione",1,1,0.27132111582978957
24,0,"2,3 Pentanedione",1,2,0.31132035603066627
24,0,"2,3 Pentanedione",1,3,0.28384432217859185
24,0,"2,3 Pentanedione",1,4,0.24425933638762098
24,0,"2,3 Pentanedione",1,5,0.23901488429212228
24,0,"2,3 Pentanedione",1,6,0.31953027105245246
24,0,"2,3 Pentanedione",1,7,0.2756528943273674
24,0,"2,3 Pentanedione",1,8,0.26172561444120523
24,0,"2,3 Pentanedione",1,9,0.2710610754613206
24,0,"2,3 Pentanedione",1,10,0.24097817572581237
24,0,"2,3 Pentanedione",1,11,0.31348824832153616
24,0,"2,3 Pentanedione",1,12,0.26808454614409494
24,0,"2,3 Pentanedione",1,13,0.3120959077772062
24,0,"2,3 Pentanedione",1,14,0.27920216244492857
24,1,3 Methylvaleric Acid,0,0,0.6526310706547832
24,1,3 Methylvaleric Acid,0,1,0.6410207794842957
24,1,3 Methylvaleric Acid,0,2,0.646926100486445
24,1,3 Methylvaleric Acid,0,3,0.6455982097591946
24,1,3 Methylvaleric Acid,0,4,0.6446498354926654
24,1,3 Methylvaleric Acid,0,5,0.6419239930451648
24,1,3 Methylvaleric Acid,0,6,0.6361746157082234
24,1,3 Methylvaleric Acid,0,7,0.6574411761831944
24,1,3 Methylvaleric Acid,0,8,0.629501621350345
24,1,3 Methylvaleric Acid,0,9,0.6385223217226373
24,1,3 Methylvaleric Acid,0,10,0.6386270390139827
24,1,3 Methylvaleric Acid,0,11,0.6424635680076399
24,1,3 Methylvaleric Acid,0,12,0.634228192693207
24,1,3 Methylvaleric Acid,0,13,0.6415954527796522
24,1,3 Methylvaleric Acid,0,14,0.636808252552784
24,1,3 Methylvaleric Acid,1,0,0.6323999830205524
24,1,3 Methylvaleric Acid,1,1,0.6481547952223442
24,1,3 Methylvaleric Acid,1,2,0.6371653878557036
24,1,3 Methylvaleric Acid,1,3,0.6308909978494849
24,1,3 Methylvaleric Acid,1,4,0.6494151866344
24,1,3 Methylvaleric Acid,1,5,0.6528899464680905
24,1,3 Methylvaleric Acid,1,6,0.6532741855285624
24,1,3 Methylvaleric Acid,1,7,0.6536748373101741
24,1,3 Methylvaleric Acid,1,8,0.6289289207586268
24,1,3 Methylvaleric Acid,1,9,0.6345870946859795
24,1,3 Methylvaleric Acid,1,10,0.6675967504494362
24,1,3 Methylvaleric Acid,1,11,0.637693581540483
24,1,3 Methylvaleric Acid,1,12,0.654107143737184
24,1,3 Methylvaleric Acid,1,13,0.6412600201174932
24,1,3 Methylvaleric Acid,1,14,0.6488489398872699
24,2,Acetic Acid,0,0,0.34048161945372396
24,2,Acetic Acid,0,1,0.3604685660755058
24,2,Acetic Acid,0,2,0.35336291735308195
24,2,Acetic Acid,0,3,0.3435757678705342
24,2,Acetic Acid,0,4,0.33350727350167064
24,2,Acetic Acid,0,5,0.35555433163571804
24,2,Acetic Acid,0,6,0.33078813688533704
24,2,Acetic Acid,0,7,0.35822596252238276
24,2,Acetic Acid,0,8,0.39501165360794865
24,2,Acetic Acid,0,9,0.37366102080898544
24,2,Acetic Acid,0,10,0.3630916828877909
24,2,Acetic Acid,0,11,0.34964284475086255
24,2,Acetic Acid,0,12,0.3186427939348959
24,2,Acetic Acid,0,13,0.3289552525363687
24,2,Acetic Acid,0,14,0.3725339119736482
24,2,Acetic Acid,1,0,0.3551795702489107
24,2,Acetic Acid,1,1,0.3566935519078381
24,2,Acetic Acid,1,2,0.3656198229083684
24,2,Acetic Acid,1,3,0.35062460672620444
24,2,Acetic Acid,1,4,0.3478690726422037
24,2,Acetic Acid,1,5,0.3675465332890389
24,2,Acetic Acid,1,6,0.3534770703246694
24,2,Acetic Acid,1,7,0.35599486787479473
24,2,Acetic Acid,1,8,0.35532284941021547
24,2,Acetic Acid,1,9,0.37712910175456177
24,2,Acetic Acid,1,10,0.3645078027097292
24,2,Acetic Acid,1,11,0.36540366775377925
24,2,Acetic Acid,1,12,0.37837679665540946
24,2,Acetic Acid,1,13,0.3660147935991366
24,2,Acetic Acid,1,14,0.36373615639668566
24,3,Gerinol,0,0,0.22145727936346324
24,3,Gerinol,0,1,0.22483096498040234
24,3,Gerinol,0,2,0.21092196804700214
24,3,Gerinol,0,3,0.21480634124924577
24,3,Gerinol,0,4,0.20009333641489996
24,3,Gerinol,0,5,0.19874737974732617
24,3,Gerinol,0,6,0.2265532240800049
24,3,Gerinol,0,7,0.22102209324722585
24,3,Gerinol,0,8,0.22119877896231843
24,3,Gerinol,0,9,0.2182226626923203
24,3,Gerinol,0,10,0.21421938074050145
24,3,Gerinol,0,11,0.22531231281658862
24,3,Gerinol,0,12,0.22938461839173316
24,3,Gerinol,0,13,0.22897719899393218
24,3,Gerinol,0,14,0.211711797268008
24,3,Gerinol,1,0,0.22943295046891907
24,3,Gerinol,1,1,0.2096677289357689
24,3,Gerinol,1,2,0.21655875932622282
24,3,Gerinol,1,3,0.21058263989553472
24,3,Gerinol,1,4,0.20998413477721442
24,3,Gerinol,1,5,0.1932177074652331
24,3,Gerinol,1,6,0.2177355063623871
24,3,Gerinol,1,7,0.25431241367947965
24,3,Gerinol,1,8,0.19937583956802934
24,3,Gerinol,1,9,0.2069812691931183
24,3,Gerinol,1,10,0.19815754075744105
24,3,Gerinol,1,11,0.19744415905239704
24,3,Gerinol,1,12,0.23211925294553615
24,3,Gerinol,1,13,0.19428878688158063
24,3,Gerinol,1,14,0.19768197369616505
24,4,n Methyl Piperdine,0,0,0.442802258864711
24,4,n Methyl Piperdine,0,1,0.4494413076582234
24,4,n Methyl Piperdine,0,2,0.4418350023109346
24,4,n Methyl Piperdine,0,3,0.4605566390482568
24,4,n Methyl Piperdine,0,4,0.47789977922925986
24,4,n Methyl Piperdine,0,5,0.4525687711053572
24,4,n Methyl Piperdine,0,6,0.4421681379906395
24,4,n Methyl Piperdine,0,7,0.46270219876999924
24,4,n Methyl Piperdine,0,8,0.4496868017831201
24,4,n Methyl Piperdine,0,9,0.4658969768989897
24,4,n Methyl Piperdine,0,10,0.4532459690722418
24,4,n Methyl Piperdine,0,11,0.4504476759418991
24,4,n Methyl Piperdine,0,12,0.45407854100859585
24,4,n Methyl Piperdine,0,13,0.46156441554205085
24,4,n Methyl Piperdine,0,14,0.4536828364085161
24,4,n Methyl Piperdine,1,0,0.43698502897836466
24,4,n Methyl Piperdine,1,1,0.4393681737768833
24,4,n Methyl Piperdine,1,2,0.4307839851247072
24,4,n Methyl Piperdine,1,3,0.44413507941906616
24,4,n Methyl Piperdine,1,4,0.42666501384995503
24,4,n Methyl Piperdine,1,5,0.43740585496579015
24,4,n Methyl Piperdine,1,6,0.44703390827136025
24,4,n Methyl Piperdine,1,7,0.44338321286417604
24,4,n Methyl Piperdine,1,8,0.4456813911846054
24,4,n Methyl Piperdine,1,9,0.44043846121896385
24,4,n Methyl Piperdine,1,10,0.4503167960485984
24,4,n Methyl Piperdine,1,11,0.44835642017487265
24,4,n Methyl Piperdine,1,12,0.4445279546346957
24,4,n Methyl Piperdine,1,13,0.4483791928192226
24,4,n Methyl Piperdine,1,14,0.4469622150359429
24,5,"2,4 Dimethyl Acetophenone",0,0,0.400938773063353
24,5,"2,4 Dimethyl Acetophenone",0,1,0.3881851767286511
24,5,"2,4 Dimethyl Acetophenone",0,2,0.4130633196484635
24,5,"2,4 Dimethyl Acetophenone",0,3,0.41483621879448657
24,5,"2,4 Dimethyl Acetophenone",0,4,0.42251265205797534
24,5,"2,4 Dimethyl Acetophenone",0,5,0.3939324978334535
24,5,"2,4 Dimethyl Acetophenone",0,6,0.39435398481523426
24,5,"2,4 Dimethyl Acetophenone",0,7,0.4136208536461821
24,5,"2,4 Dimethyl Acetophenone",0,8,0.4061321845700959
24,5,"2,4 Dimethyl Acetophenone",0,9,0.38054427927705314
24,5,"2,4 Dimethyl Acetophenone",0,10,0.412425185884484
24,5,"2,4 Dimethyl Acetophenone",0,11,0.3810143938552296
24,5,"2,4 Dimethyl Acetophenone",0,12,0.3938064999855002
24,5,"2,4 Dimethyl Acetophenone",0,13,0.42619600967468474
24,5,"2,4 Dimethyl Acetophenone",0,14,0.43286864960146415
24,5,"2,4 Dimethyl Acetophenone",1,0,0.38852275175814005
24,5,"2,4 Dimethyl Acetophenone",1,1,0.4010201218540726
24,5,"2,4 Dimethyl Acetophenone",1,2,0.40626595496390605
24,5,"2,4 Dimethyl Acetophenone",1,3,0.4307823093672748
24,5,"2,4 Dimethyl Acetophenone",1,4,0.3987148992742734
24,5,"2,4 Dimethyl Acetophenone",1,5,0.39894030539902225
24,5,"2,4 Dimethyl Acetophenone",1,6,0.42750376828580744
24,5,"2,4 Dimethyl Acetophenone",1,7,0.4003799624118116
24,5,"2,4 Dimethyl Acetophenone",1,8,0.4158488158626974
24,5,"2,4 Dimethyl Acetophenone",1,9,0.3848354850870301
24,5,"2,4 Dimethyl Acetophenone",1,10,0.40325034571581414
24,5,"2,4 Dimethyl Acetophenone",1,11,0.3822626721996382
24,5,"2,4 Dimethyl Acetophenone",1,12,0.39078207753046634
24,5,"2,4 Dimethyl Acetophenone",1,13,0.4174986476378448
24,5,"2,4 Dimethyl Acetophenone",1,14,0.4049612032158898
24,6,4 Heptanone,0,0,0.5478785346531422
24,6,4 Heptanone,0,1,0.5379977574865936
24,6,4 Heptanone,0,2,0.5501426404913691
24,6,4 Heptanone,0,3,0.5621420795501659
24,6,4 Heptanone,0,4,0.5778219115302065
24,6,4 Heptanone,0,5,0.49484513285466086
24,6,4 Heptanone,0,6,0.5360886912523883
24,6,4 Heptanone,0,7,0.5588760314506677
24,6,4 Heptanone,0,8,0.5529435859202374
24,6,4 Heptanone,0,9,0.5644938846139055
24,6,4 Heptanone,0,10,0.5613699839413612
24,6,4 Heptanone,0,11,0.5482059716327362
24,6,4 Heptanone,0,12,0.5431008422589548
24,6,4 Heptanone,0,13,0.5495712555992329
24,6,4 Heptanone,0,14,0.5816355144561114
24,6,4 Heptanone,1,0,0.5468895091346575
24,6,4 Heptanone,1,1,0.5622795293078404
24,6,4 Heptanone,1,2,0.5679403635277566
24,6,4 Heptanone,1,3,0.599608255944636
24,6,4 Heptanone,1,4,0.5568175645610424
24,6,4 Heptanone,1,5,0.5857741827618966
24,6,4 Heptanone,1,6,0.5920564996939005
24,6,4 Heptanone,1,7,0.5622577381216877
24,6,4 Heptanone,1,8,0.5588779027574681
24,6,4 Heptanone,1,9,0.5561564890997336
24,6,4 Heptanone,1,10,0.5578406155443391
24,6,4 Heptanone,1,11,0.5833693976722981
24,6,4 Heptanone,1,12,0.5690366075683171
24,6,4 Heptanone,1,13,0.5691350311209601
24,6,4 Heptanone,1,14,0.537846495491734
24,7,33 Dimethyl Butyric Acid,0,0,0.613545249279243
24,7,33 Dimethyl Butyric Acid,0,1,0.6402069911749751
24,7,33 Dimethyl Butyric Acid,0,2,0.6203129298210844
24,7,33 Dimethyl Butyric Acid,0,3,0.6151969059721043
24,7,33 Dimethyl Butyric Acid,0,4,0.6341019398587137
24,7,33 Dimethyl Butyric Acid,0,5,0.6242521451650543
24,7,33 Dimethyl Butyric Acid,0,6,0.6267919300043779
24,7,33 Dimethyl Butyric Acid,0,7,0.6206538458000352
24,7,33 Dimethyl Butyric Acid,0,8,0.6191058220531938
24,7,33 Dimethyl Butyric Acid,0,9,0.620383543756507
24,7,33 Dimethyl Butyric Acid,0,10,0.6099864379550535
24,7,33 Dimethyl Butyric Acid,0,11,0.6210833876509737
24,7,33 Dimethyl Butyric Acid,0,12,0.6243740540033325
24,7,33 Dimethyl Butyric Acid,0,13,0.6376960264312858
24,7,33 Dimethyl Butyric Acid,0,14,0.6225739941517835
24,7,33 Dimethyl Butyric Acid,1,0,0.5859691927501157
24,7,33 Dimethyl Butyric Acid,1,1,0.605168364049981
24,7,33 Dimethyl Butyric Acid,1,2,0.6294522919618017
24,7,33 Dimethyl Butyric Acid,1,3,0.6133988904478314
24,7,33 Dimethyl Butyric Acid,1,4,0.5990242676005024
24,7,33 Dimethyl Butyric Acid,1,5,0.6110398250426031
24,7,33 Dimethyl Butyric Acid,1,6,0.5996145532173783
24,7,33 Dimethyl Butyric Acid,1,7,0.5943712786804385
24,7,33 Dimethyl Butyric Acid,1,8,0.6029882109612529
24,7,33 Dimethyl Butyric Acid,1,9,0.6067582611793835
24,7,33 Dimethyl Butyric Acid,1,10,0.589928867739113
24,7,33 Dimethyl Butyric Acid,1,11,0.5961251806182956
24,7,33 Dimethyl Butyric Acid,1,12,0.6060624289430532
24,7,33 Dimethyl Butyric Acid,1,13,0.6024756728191427
24,7,33 Dimethyl Butyric Acid,1,14,0.6093575109113877
24,8,2 Methyl Butyraldehyde,0,0,0.36370565619606776
24,8,2 Methyl Butyraldehyde,0,1,0.4005291944309643
24,8,2 Methyl Butyraldehyde,0,2,0.3642957628940229
24,8,2 Methyl Butyraldehyde,0,3,0.41825804772196085
24,8,2 Methyl Butyraldehyde,0,4,0.3541390465597584
24,8,2 Methyl Butyraldehyde,0,5,0.366037009074382
24,8,2 Methyl Butyraldehyde,0,6,0.3948638964498728
24,8,2 Methyl Butyraldehyde,0,7,0.4186684970936346
24,8,2 Methyl Butyraldehyde,0,8,0.3929102955300661
24,8,2 Methyl Butyraldehyde,0,9,0.39764147847332904
24,8,2 Methyl Butyraldehyde,0,10,0.3872304270504262
24,8,2 Methyl Butyraldehyde,0,11,0.3673000295370359
24,8,2 Methyl Butyraldehyde,0,12,0.37753809362923973
24,8,2 Methyl Butyraldehyde,0,13,0.36375832242708606
24,8,2 Methyl Butyraldehyde,0,14,0.3624829987346972
24,8,2 Methyl Butyraldehyde,1,0,0.3722736485727265
24,8,2 Methyl Butyraldehyde,1,1,0.34316035227961494
24,8,2 Methyl Butyraldehyde,1,2,0.3707044160790273
24,8,2 Methyl Butyraldehyde,1,3,0.33974973756798543
24,8,2 Methyl Butyraldehyde,1,4,0.37026204484283287
24,8,2 Methyl Butyraldehyde,1,5,0.3552738856836594
24,8,2 Methyl Butyraldehyde,1,6,0.39145816125399996
24,8,2 Methyl Butyraldehyde,1,7,0.3707839304761909
24,8,2 Methyl Butyraldehyde,1,8,0.3881966926030264
24,8,2 Methyl Butyraldehyde,1,9,0.3501771126399607
24,8,2 Methyl Butyraldehyde,1,10,0.36567548467720373
24,8,2 Methyl Butyraldehyde,1,11,0.3458730936280699
24,8,2 Methyl Butyraldehyde,1,12,0.3567072320565756
24,8,2 Methyl Butyraldehyde,1,13,0.3595996291150122
24,8,2 Methyl Butyraldehyde,1,14,0.3507458227215702
24,9,m Anisaldehyde,0,0,0.43829440489375526
24,9,m Anisaldehyde,0,1,0.43641551222511205
24,9,m Anisaldehyde,0,2,0.4276268197103514
24,9,m Anisaldehyde,0,3,0.439804586408362
24,9,m Anisaldehyde,0,4,0.45578198134758136
24,9,m Anisaldehyde,0,5,0.43466028774409055
24,9,m Anisaldehyde,0,6,0.43684624515599
24,9,m Anisaldehyde,0,7,0.4668211370770835
24,9,m Anisaldehyde,0,8,0.44378840579707496
24,9,m Anisaldehyde,0,9,0.4528742003947129
24,9,m Anisaldehyde,0,10,0.45592263418047246
24,9,m Anisaldehyde,0,11,0.45611439042698715
24,9,m Anisaldehyde,0,12,0.43538317496101947
24,9,m Anisaldehyde,0,13,0.44763545517218345
24,9,m Anisaldehyde,0,14,0.4344730883882451
24,9,m Anisaldehyde,1,0,0.4557184817217911
24,9,m Anisaldehyde,1,1,0.41737295914272504
24,9,m Anisaldehyde,1,2,0.42256359073025745
24,9,m Anisaldehyde,1,3,0.4226322826210832
24,9,m Anisaldehyde,1,4,0.41830488623187256
24,9,m Anisaldehyde,1,5,0.4453405029635831
24,9,m Anisaldehyde,1,6,0.4554919877189142
24,9,m Anisaldehyde,1,7,0.4279919707922997
24,9,m Anisaldehyde,1,8,0.4199771429903509
24,9,m Anisaldehyde,1,9,0.4112807603729326
24,9,m Anisaldehyde,1,10,0.4301899286598281
24,9,m Anisaldehyde,1,11,0.42950430908784615
24,9,m Anisaldehyde,1,12,0.42632626427502374
24,9,m Anisaldehyde,1,13,0.4346067495428412
24,9,m Anisaldehyde,1,14,0.4362558592656288
26,0,"2,3 Pentanedione",0,0,0.30220140976415183
26,0,"2,3 Pentanedione",0,1,0.28622120651649213
26,0,"2,3 Pentanedione",0,2,0.26658378257634774
26,0,"2,3 Pentanedione",0,3,0.3107701557608722
26,0,"2,3 Pentanedione",0,4,0.29443717230124256
26,0,"2,3 Pentanedione",0,5,0.31633326643657056
26,0,"2,3 Pentanedione",0,6,0.31387621705251006
26,0,"2,3 Pentanedione",0,7,0.2585802765895264
26,0,"2,3 Pentanedione",0,8,0.2582687731292642
26,0,"2,3 Pentanedione",0,9,0.2752358103471911
26,0,"2,3 Pentanedione",0,10,0.2677176931084376
26,0,"2,3 Pentanedione",0,11,0.3130056227151068
26,0,"2,3 Pentanedione",0,12,0.30290707021540225
26,0,"2,3 Pentanedione",0,13,0.32160392816033706
26,0,"2,3 Pentanedione",0,14,0.30403649875097727
26,0,"2,3 Pentanedione",1,0,0.2719451162799913
26,0,"2,3 Pentanedione",1,1,0.29672212124176134
26,0,"2,3 Pentanedione",1,2,0.2784720602265333
26,0,"2,3 Pentanedione",1,3,0.26843140081910005
26,0,"2,3 Pentanedione",1,4,0.3037402025814242
26,0,"2,3 Pentanedione",1,5,0.26960839881197685
26,0,"2,3 Pentanedione",1,6,0.259120361610209
26,0,"2,3 Pentanedione",1,7,0.24578329526371584
26,0,"2,3 Pentanedione",1,8,0.28430451320929234
26,0,"2,3 Pentanedione",1,9,0.2976551402792188
26,0,"2,3 Pentanedione",1,10,0.26546419169732133
26,0,"2,3 Pentanedione",1,11,0.29942676732765305
26,0,"2,3 Pentanedione",1,12,0.21747850093386767
26,0,"2,3 Pentanedione",1,13,0.2653425423629592
26,0,"2,3 Pentanedione",1,14,0.26572650393054614
26,1,3 Methylvaleric Acid,0,0,0.6375844955935226
26,1,3 Methylvaleric Acid,0,1,0.6683798426536314
26,1,3 Methylvaleric Acid,0,2,0.644125982171329
26,1,3 Methylvaleric Acid,0,3,0.6407449875140248
26,1,3 Methylvaleric Acid,0,4,0.645038251311384
26,1,3 Methylvaleric Acid,0,5,0.6249547539364807
26,1,3 Methylvaleric Acid,0,6,0.6372590698381402
26,1,3 Methylvaleric Acid,0,7,0.6545146492533748
26,1,3 Methylvaleric Acid,0,8,0.6385551140002631
26,1,3 Methylvaleric Acid,0,9,0.6365759452480355
26,1,3 Methylvaleric Acid,0,10,0.6577446548410892
26,1,3 Methylvaleric Acid,0,11,0.6580488486529966
26,1,3 Methylvaleric Acid,0,12,0.6498990971973332
26,1,3 Methylvaleric Acid,0,13,0.6402758928620284
26,1,3 Methylvaleric Acid,0,14,0.642410643860581
26,1,3 Methylvaleric Acid,1,0,0.6417464196682591
26,1,3 Methylvaleric Acid,1,1,0.6398593804082937
26,1,3 Methylvaleric Acid,1,2,0.6393679449075955
26,1,3 Methylvaleric Acid,1,3,0.64358863874953
26,1,3 Methylvaleric Acid,1,4,0.6394639237220543
26,1,3 Methylvaleric Acid,1,5,0.6342273416063171
26,1,3 Methylvaleric Acid,1,6,0.6518788926886352
26,1,3 Methylvaleric Acid,1,7,0.6520292921478427
26,1,3 Methylvaleric Acid,1,8,0.6665436443063988
26,1,3 Methylvaleric Acid,1,9,0.6430908618220269
26,1,3 Methylvaleric Acid,1,10,0.6526381497898419
26,1,3 Methylvaleric Acid,1,11,0.6528025971585526
26,1,3 Methylvaleric Acid,1,12,0.6471941371374554
26,1,3 Methylvaleric Acid,1,13,0.6570753508007896
26,1,3 Methylvaleric Acid,1,14,0.6573811961521916
26,2,Acetic Acid,0,0,0.36106401226853835
26,2,Acetic Acid,0,1,0.35131053845810073
26,2,Acetic Acid,0,2,0.3496060808332767
26,2,Acetic Acid,0,3,0.33270671069834934
26,2,Acetic Acid,0,4,0.34210529806264345
26,2,Acetic Acid,0,5,0.34518181189658154
26,2,Acetic Acid,0,6,0.3367847819084629
26,2,Acetic Acid,0,7,0.36294616618197834
26,2,Acetic Acid,0,8,0.375604568657761
26,2,Acetic Acid,0,9,0.3403965872531707
26,2,Acetic Acid,0,10,0.36032847272078833
26,2,Acetic Acid,0,11,0.3382880012363041
26,2,Acetic Acid,0,12,0.35048612446161365
26,2,Acetic Acid,0,13,0.34403889711706287
26,2,Acetic Acid,0,14,0.3656556840438226
26,2,Acetic Acid,1,0,0.34496722461490725
26,2,Acetic Acid,1,1,0.3732456285200405
26,2,Acetic Acid,1,2,0.3522117246550966
26,2,Acetic Acid,1,3,0.34545543234498566
26,2,Acetic Acid,1,4,0.3353565056621078
26,2,Acetic Acid,1,5,0.36055791796860803
26,2,Acetic Acid,1,6,0.37129774660489434
26,2,Acetic Acid,1,7,0.3608944378010744
26,2,Acetic Acid,1,8,0.393774170234023
26,2,Acetic Acid,1,9,0.3802402010689544
26,2,Acetic Acid,1,10,0.3511777961049575
26,2,Acetic Acid,1,11,0.3510021540383571
26,2,Acetic Acid,1,12,0.3641794739146937
26,2,Acetic Acid,1,13,0.34230355371029936
26,2,Acetic Acid,1,14,0.37583229695854603
26,3,Gerinol,0,0,0.1993057086976378
26,3,Gerinol,0,1,0.1975119324816559
26,3,Gerinol,0,2,0.20485642006197227
26,3,Gerinol,0,3,0.22252906270871325
26,3,Gerinol,0,4,0.19605319270689908
26,3,Gerinol,0,5,0.19120806270850058
26,3,Gerinol,0,6,0.2188762188111275
26,3,Gerinol,0,7,0.209643561599218
26,3,Gerinol,0,8,0.18766049603836313
26,3,Gerinol,0,9,0.19322508009084766
26,3,Gerinol,0,10,0.19646990684042373
26,3,Gerinol,0,11,0.19930933275184012
26,3,Gerinol,0,12,0.16999222439666928
26,3,Gerinol,0,13,0.16682092377981989
26,3,Gerinol,0,14,0.17799721332128432
26,3,Gerinol,1,0,0.17310510484239786
26,3,Gerinol,1,1,0.17858008914958262
26,3,Gerinol,1,2,0.2003926240334127
26,3,Gerinol,1,3,0.18668206792620404
26,3,Gerinol,1,4,0.19291470092541504
26,3,Gerinol,1,5,0.1686767775607435
26,3,Gerinol,1,6,0.18168821538606625
26,3,Gerinol,1,7,0.19958304895915677
26,3,Gerinol,1,8,0.19971432660173005
26,3,Gerinol,1,9,0.17720245098304221
26,3,Gerinol,1,10,0.19232214934546282
26,3,Gerinol,1,11,0.22707770239621922
26,3,Gerinol,1,12,0.18926386549720095
26,3,Gerinol,1,13,0.17773792920122344
26,3,Gerinol,1,14,0.1865996101971698
26,4,n Methyl Piperdine,0,0,0.45532172516091723
26,4,n Methyl Piperdine,0,1,0.4533749612551782
26,4,n Methyl Piperdine,0,2,0.45433347069529056
26,4,n Methyl Piperdine,0,3,0.4430367339252078
26,4,n Methyl Piperdine,0,4,0.4468832645000149
26,4,n Methyl Piperdine,0,5,0.45338962640413055
26,4,n Methyl Piperdine,0,6,0.45326216454052304
26,4,n Methyl Piperdine,0,7,0.45005479410182253
26,4,n Methyl Piperdine,0,8,0.45316819961209104
26,4,n Methyl Piperdine,0,9,0.4550724271440162
26,4,n Methyl Piperdine,0,10,0.46169961595289877
26,4,n Methyl Piperdine,0,11,0.4537906144188942
26,4,n Methyl Piperdine,0,12,0.4577771339430886
26,4,n Methyl Piperdine,0,13,0.4502515058892312
26,4,n Methyl Piperdine,0,14,0.4591610740894904
26,4,n Methyl Piperdine,1,0,0.4439076989810791
26,4,n Methyl Piperdine,1,1,0.4478283926256188
26,4,n Methyl Piperdine,1,2,0.44660954029973615
26,4,n Methyl Piperdine,1,3,0.4456117415832294
26,4,n Methyl Piperdine,1,4,0.440114517330918
26,4,n Methyl Piperdine,1,5,0.442861370416536
26,4,n Methyl Piperdine,1,6,0.44940992802779245
26,4,n Methyl Piperdine,1,7,0.4356852600449579
26,4,n Methyl Piperdine,1,8,0.43587459437060533
26,4,n Methyl Piperdine,1,9,0.4423533077837831
26,4,n Methyl Piperdine,1,10,0.4442240941223039
26,4,n Methyl Piperdine,1,11,0.4343090046060682
26,4,n Methyl Piperdine,1,12,0.4403037560928738
26,4,n Methyl Piperdine,1,13,0.44014986640634995
26,4,n Methyl Piperdine,1,14,0.4231796156753525
26,5,"2,4 Dimethyl Acetophenone",0,0,0.41547689833501733
26,5,"2,4 Dimethyl Acetophenone",0,1,0.41635506493662033
26,5,"2,4 Dimethyl Acetophenone",0,2,0.41631311240829577
26,5,"2,4 Dimethyl Acetophenone",0,3,0.4385394766432251
26,5,"2,4 Dimethyl Acetophenone",0,4,0.40142925308548016
26,5,"2,4 Dimethyl Acetophenone",0,5,0.4069452880959454
26,5,"2,4 Dimethyl Acetophenone",0,6,0.3817384160528199
26,5,"2,4 Dimethyl Acetophenone",0,7,0.4117919431236411
26,5,"2,4 Dimethyl Acetophenone",0,8,0.41299439368147695
26,5,"2,4 Dimethyl Acetophenone",0,9,0.41138215596079775
26,5,"2,4 Dimethyl Acetophenone",0,10,0.43419297555224157
26,5,"2,4 Dimethyl Acetophenone",0,11,0.4307091433358298
26,5,"2,4 Dimethyl Acetophenone",0,12,0.41967130109360523
26,5,"2,4 Dimethyl Acetophenone",0,13,0.41334735299854425
26,5,"2,4 Dimethyl Acetophenone",0,14,0.4330439041327702
26,5,"2,4 Dimethyl Acetophenone",1,0,0.41585170066457494
26,5,"2,4 Dimethyl Acetophenone",1,1,0.4045917455378691
26,5,"2,4 Dimethyl Acetophenone",1,2,0.3919291970635162
26,5,"2,4 Dimethyl Acetophenone",1,3,0.40990725935582467
26,5,"2,4 Dimethyl Acetophenone",1,4,0.42677166670840905
26,5,"2,4 Dimethyl Acetophenone",1,5,0.4482321662115401
26,5,"2,4 Dimethyl Acetophenone",1,6,0.416999087482943
26,5,"2,4 Dimethyl Acetophenone",1,7,0.4053379021765853
26,5,"2,4 Dimethyl Acetophenone",1,8,0.3994209150102973
26,5,"2,4 Dimethyl Acetophenone",1,9,0.4239135188160701
26,5,"2,4 Dimethyl Acetophenone",1,10,0.3912471605395485
26,5,"2,4 Dimethyl Acetophenone",1,11,0.4238908188262389
26,5,"2,4 Dimethyl Acetophenone",1,12,0.42766099907639404
26,5,"2,4 Dimethyl Acetophenone",1,13,0.42228235985271245
26,5,"2,4 Dimethyl Acetophenone",1,14,0.4130328232411649
26,6,4 Heptanone,0,0,0.5474377245424689
26,6,4 Heptanone,0,1,0.53837661857576
26,6,4 Heptanone,0,2,0.5165504676506825
26,6,4 Heptanone,0,3,0.5770004847807002
26,6,4 Heptanone,0,4,0.5263576658162495
26,6,4 Heptanone,0,5,0.5522858859791996
26,6,4 Heptanone,0,6,0.47882312853341696
26,6,4 Heptanone,0,7,0.5638012104746609
26,6,4 Heptanone,0,8,0.5682234843442019
26,6,4 Heptanone,0,9,0.535131552125436
26,6,4 Heptanone,0,10,0.5472958381314057
26,6,4 Heptanone,0,11,0.5472899541240583
26,6,4 Heptanone,0,12,0.5196629687778836
26,6,4 Heptanone,0,13,0.547027945341794
26,6,4 Heptanone,0,14,0.5158488884938142
26,6,4 Heptanone,1,0,0.5411652080432753
26,6,4 Heptanone,1,1,0.5810821398328092
26,6,4 Heptanone,1,2,0.5775799402670346
26,6,4 Heptanone,1,3,0.5389202152518355
26,6,4 Heptanone,1,4,0.5382946612457458
26,6,4 Heptanone,1,5,0.5403179839321631
26,6,4 Heptanone,1,6,0.5720141048203621
26,6,4 Heptanone,1,7,0.5321679071922725
26,6,4 Heptanone,1,8,0.5633686885951839
26,6,4 Heptanone,1,9,0.5723408373055605
26,6,4 Heptanone,1,10,0.5531357214828965
26,6,4 Heptanone,1,11,0.578394193351426
26,6,4 Heptanone,1,12,0.5481667520030983
26,6,4 Heptanone,1,13,0.550246989775537
26,6,4 Heptanone,1,14,0.5326908392090665
26,7,33 Dimethyl Butyric Acid,0,0,0.6365657946585443
26,7,33 Dimethyl Butyric Acid,0,1,0.6212789239455168
26,7,33 Dimethyl Butyric Acid,0,2,0.6308459120193931
26,7,33 Dimethyl Butyric Acid,0,3,0.627237051777553
26,7,33 Dimethyl Butyric Acid,0,4,0.6188255601436186
26,7,33 Dimethyl Butyric Acid,0,5,0.6226280414746289
26,7,33 Dimethyl Butyric Acid,0,6,0.6396999189157404
26,7,33 Dimethyl Butyric Acid,0,7,0.6295765244691217
26,7,33 Dimethyl Butyric Acid,0,8,0.619199506771904
26,7,33 Dimethyl Butyric Acid,0,9,0.6304650164972938
26,7,33 Dimethyl Butyric Acid,0,10,0.6265960088744942
26,7,33 Dimethyl Butyric Acid,0,11,0.6574505556844374
26,7,33 Dimethyl Butyric Acid,0,12,0.6302918578182487
26,7,33 Dimethyl Butyric Acid,0,13,0.6245861748500426
26,7,33 Dimethyl Butyric Acid,0,14,0.6400183551771803
26,7,33 Dimethyl Butyric Acid,1,0,0.5941239708265758
26,7,33 Dimethyl Butyric Acid,1,1,0.6107106045002996
26,7,33 Dimethyl Butyric Acid,1,2,0.6269951514657602
26,7,33 Dimethyl Butyric Acid,1,3,0.6089063843667496
26,7,33 Dimethyl Butyric Acid,1,4,0.5950472958966126
26,7,33 Dimethyl Butyric Acid,1,5,0.6065091042271971
26,7,33 Dimethyl Butyric Acid,1,6,0.6223679431305523
26,7,33 Dimethyl Butyric Acid,1,7,0.6131252889131341
26,7,33 Dimethyl Butyric Acid,1,8,0.60271298014242
26,7,33 Dimethyl Butyric Acid,1,9,0.604029496146243
26,7,33 Dimethyl Butyric Acid,1,10,0.605105436545494
26,7,33 Dimethyl Butyric Acid,1,11,0.6129978334981013
26,7,33 Dimethyl Butyric Acid,1,12,0.6213710265147531
26,7,33 Dimethyl Butyric Acid,1,13,0.6189218578528539
26,7,33 Dimethyl Butyric Acid,1,14,0.613810422895534
26,8,2 Methyl Butyraldehyde,0,0,0.3734784225165804
26,8,2 Methyl Butyraldehyde,0,1,0.37354929523806996
26,8,2 Methyl Butyraldehyde,0,2,0.4090822881832559
26,8,2 Methyl Butyraldehyde,0,3,0.37321445558751387
26,8,2 Methyl Butyraldehyde,0,4,0.39459521762897026
26,8,2 Methyl Butyraldehyde,0,5,0.4047083722736871
26,8,2 Methyl Butyraldehyde,0,6,0.37718316233279664
26,8,2 Methyl Butyraldehyde,0,7,0.3793468452104146
26,8,2 Methyl Butyraldehyde,0,8,0.3971047314126186
26,8,2 Methyl Butyraldehyde,0,9,0.4085171436881967
26,8,2 Methyl Butyraldehyde,0,10,0.4191677462973864
26,8,2 Methyl Butyraldehyde,0,11,0.41049127534044083
26,8,2 Methyl Butyraldehyde,0,12,0.4003078755827597
26,8,2 Methyl Butyraldehyde,0,13,0.3846556005756185
26,8,2 Methyl Butyraldehyde,0,14,0.37845632393423395
26,8,2 Methyl Butyraldehyde,1,0,0.36086587528315234
26,8,2 Methyl Butyraldehyde,1,1,0.3784456636413816
26,8,2 Methyl Butyraldehyde,1,2,0.37704602249508684
26,8,2 Methyl Butyraldehyde,1,3,0.33052884561155665
26,8,2 Methyl Butyraldehyde,1,4,0.3556195044142476
26,8,2 Methyl Butyraldehyde,1,5,0.3936153147697187
26,8,2 Methyl Butyraldehyde,1,6,0.37213167902995786
26,8,2 Methyl Butyraldehyde,1,7,0.34356636783075845
26,8,2 Methyl Butyraldehyde,1,8,0.4155957354740244
26,8,2 Methyl Butyraldehyde,1,9,0.3700667929145619
26,8,2 Methyl Butyraldehyde,1,10,0.37795688761353047
26,8,2 Methyl Butyraldehyde,1,11,0.3782469042469645
26,8,2 Methyl Butyraldehyde,1,12,0.3636013508759246
26,8,2 Methyl Butyraldehyde,1,13,0.35672879033421223
26,8,2 Methyl Butyraldehyde,1,14,0.4111255096623776
26,9,m Anisaldehyde,0,0,0.4646782197505404
26,9,m Anisaldehyde,0,1,0.4629582223117248
26,9,m Anisaldehyde,0,2,0.4606273509566422
26,9,m Anisaldehyde,0,3,0.4456389952862428
26,9,m Anisaldehyde,0,4,0.4672811909939241
26,9,m Anisaldehyde,0,5,0.44715893434490844
26,9,m Anisaldehyde,0,6,0.45784714977434116
26,9,m Anisaldehyde,0,7,0.43960351708763057
26,9,m Anisaldehyde,0,8,0.4357941132719672
26,9,m Anisaldehyde,0,9,0.4581792947974536
26,9,m Anisaldehyde,0,10,0.44748186574568855
26,9,m Anisaldehyde,0,11,0.4362845944390812
26,9,m Anisaldehyde,0,12,0.4602887983881876
26,9,m Anisaldehyde,0,13,0.4752758701097701
26,9,m Anisaldehyde,0,14,0.468344206624919
26,9,m Anisaldehyde,1,0,0.4347137041796977
26,9,m Anisaldehyde,1,1,0.43723923720340263
26,9,m Anisaldehyde,1,2,0.4455784532171672
26,9,m Anisaldehyde,1,3,0.4478028024958743
26,9,m Anisaldehyde,1,4,0.433895612150208
26,9,m Anisaldehyde,1,5,0.4374796079139337
26,9,m Anisaldehyde,1,6,0.44000773987387737
26,9,m Anisaldehyde,1,7,0.44241085320933693
26,9,m Anisaldehyde,1,8,0.43589258945507353
26,9,m Anisaldehyde,1,9,0.43601585855420727
26,9,m Anisaldehyde,1,10,0.45024807203240796
26,9,m Anisaldehyde,1,11,0.4486320422729041
26,9,m Anisaldehyde,1,12,0.44168529545129526
26,9,m Anisaldehyde,1,13,0.45346735492950935
26,9,m Anisaldehyde,1,14,0.43348845317808254
28,0,"2,3 Pentanedione",0,0,0.31972526049790223
28,0,"2,3 Pentanedione",0,1,0.2927138103705565
28,0,"2,3 Pentanedione",0,2,0.3609265773375325
28,0,"2,3 Pentanedione",0,3,0.24933887611260577
28,0,"2,3 Pentanedione",0,4,0.26191729297673416
28,0,"2,3 Pentanedione",0,5,0.2896208699871814
28,0,"2,3 Pentanedione",0,6,0.2890817756066425
28,0,"2,3 Pentanedione",0,7,0.3279043988865432
28,0,"2,3 Pentanedione",0,8,0.2624415571996794
28,0,"2,3 Pentanedione",0,9,0.3017738872495148
28,0,"2,3 Pentanedione",0,10,0.30821249939921763
28,0,"2,3 Pentanedione",0,11,0.2967671200876839
28,0,"2,3 Pentanedione",0,12,0.25512601573405974
28,0,"2,3 Pentanedione",0,13,0.31434489441352265
28,0,"2,3 Pentanedione",0,14,0.30988404756505306
28,0,"2,3 Pentanedione",1,0,0.28959811391055246
28,0,"2,3 Pentanedione",1,1,0.2797171930960169
28,0,"2,3 Pentanedione",1,2,0.2802612011669023
28,0,"2,3 Pentanedione",1,3,0.2726401061098086
28,0,"2,3 Pentanedione",1,4,0.29062812927210907
28,0,"2,3 Pentanedione",1,5,0.27538687223941744
28,0,"2,3 Pentanedione",1,6,0.25339537653197697
28,0,"2,3 Pentanedione",1,7,0.24839370979510322
28,0,"2,3 Pentanedione",1,8,0.2558075945744857
28,0,"2,3 Pentanedione",1,9,0.2801618069795293
28,0,"2,3 Pentanedione",1,10,0.27393460500491285
28,0,"2,3 Pentanedione",1,11,0.27999209574801176
28,0,"2,3 Pentanedione",1,12,0.28712882925444577
28,0,"2,3 Pentanedione",1,13,0.25892547776787106
28,0,"2,3 Pentanedione",1,14,0.31125000512442674
28,1,3 Methylvaleric Acid,0,0,0.6439574054648332
28,1,3 Methylvaleric Acid,0,1,0.6423169285163244
28,1,3 Methylvaleric Acid,0,2,0.6513828548602644
28,1,3 Methylvaleric Acid,0,3,0.6284273615195085
28,1,3 Methylvaleric Acid,0,4,0.638781808149142
28,1,3 Methylvaleric Acid,0,5,0.6563195117296213
28,1,3 Methylvaleric Acid,0,6,0.6294082678503102
28,1,3 Methylvaleric Acid,0,7,0.6576707824826731
28,1,3 Methylvaleric Acid,0,8,0.6615667815431873
28,1,3 Methylvaleric Acid,0,9,0.6429502041946126
28,1,3 Methylvaleric Acid,0,10,0.6494963074731344
28,1,3 Methylvaleric Acid,0,11,0.6576857590413194
28,1,3 Methylvaleric Acid,0,12,0.6419866654559737
28,1,3 Methylvaleric Acid,0,13,0.6551979459408597
28,1,3 Methylvaleric Acid,0,14,0.6399636447124513
28,1,3 Methylvaleric Acid,1,0,0.6451779524955273
28,1,3 Methylvaleric Acid,1,1,0.6419930036150041
28,1,3 Methylvaleric Acid,1,2,0.653297863087938
28,1,3 Methylvaleric Acid,1,3,0.6613689934131824
28,1,3 Methylvaleric Acid,1,4,0.6480832970213168
28,1,3 Methylvaleric Acid,1,5,0.6373213897578792
28,1,3 Methylvaleric Acid,1,6,0.6391878303205982
28,1,3 Methylvaleric Acid,1,7,0.6538121546577431
28,1,3 Methylvaleric Acid,1,8,0.6681613843550857
28,1,3 Methylvaleric Acid,1,9,0.6538034984757148
28,1,3 Methylvaleric Acid,1,10,0.6460758774896965
28,1,3 Methylvaleric Acid,1,11,0.6574905882493544
28,1,3 Methylvaleric Acid,1,12,0.6475350163282259
28,1,3 Methylvaleric Acid,1,13,0.6461611238165875
28,1,3 Methylvaleric Acid,1,14,0.6404177979819317
28,2,Acetic Acid,0,0,0.3823931296775471
28,2,Acetic Acid,0,1,0.31635537306689426
28,2,Acetic Acid,0,2,0.37217897664173694
28,2,Acetic Acid,0,3,0.3510744298086065
28,2,Acetic Acid,0,4,0.3519677936934395
28,2,Acetic Acid,0,5,0.38714174272693963
28,2,Acetic Acid,0,6,0.3468858843192023
28,2,Acetic Acid,0,7,0.34745568410637356
28,2,Acetic Acid,0,8,0.35665083466017283
28,2,Acetic Acid,0,9,0.36575509526857564
28,2,Acetic Acid,0,10,0.3514405991112771
28,2,Acetic Acid,0,11,0.33250406209756334
28,2,Acetic Acid,0,12,0.34435041806247246
28,2,Acetic Acid,0,13,0.38026670655331407
28,2,Acetic Acid,0,14,0.3600830060043394
28,2,Acetic Acid,1,0,0.37295933713275314
28,2,Acetic Acid,1,1,0.3610402506611151
28,2,Acetic Acid,1,2,0.3543810905872742
28,2,Acetic Acid,1,3,0.3934763515707573
28,2,Acetic Acid,1,4,0.3622652563523333
28,2,Acetic Acid,1,5,0.3579965508498761
28,2,Acetic Acid,1,6,0.38375003985073913
28,2,Acetic Acid,1,7,0.3533295023997896
28,2,Acetic Acid,1,8,0.355464591262607
28,2,Acetic Acid,1,9,0.36558480434450413
28,2,Acetic Acid,1,10,0.3654179126928478
28,2,Acetic Acid,1,11,0.3697562619901164
28,2,Acetic Acid,1,12,0.4004035524034656
28,2,Acetic Acid,1,13,0.37103827031876035
28,2,Acetic Acid,1,14,0.3256324917846066
28,3,Gerinol,0,0,0.2116349386462381
28,3,Gerinol,0,1,0.20671434587612975
28,3,Gerinol,0,2,0.20680937378177913
28,3,Gerinol,0,3,0.21026409366205334
28,3,Gerinol,0,4,0.20557882338979383
28,3,Gerinol,0,5,0.2051704989362552
28,3,Gerinol,0,6,0.21652697743074778
28,3,Gerinol,0,7,0.19681988197569664
28,3,Gerinol,0,8,0.18990001874442056
28,3,Gerinol,0,9,0.2576555381280326
28,3,Gerinol,0,10,0.1938551526680518
28,3,Gerinol,0,11,0.2077765869845426
28,3,Gerinol,0,12,0.18055126931096444
28,3,Gerinol,0,13,0.20805510942668468
28,3,Gerinol,0,14,0.1901467280335824
28,3,Gerinol,1,0,0.18906246343515068
28,3,Gerinol,1,1,0.21444070862013795
28,3,Gerinol,1,2,0.20466405982694996
28,3,Gerinol,1,3,0.2063086983960889
28,3,Gerinol,1,4,0.16639353484151906
28,3,Gerinol,1,5,0.22794979138918497
28,3,Gerinol,1,6,0.17627712664844195
28,3,Gerinol,1,7,0.22268943035469702
28,3,Gerinol,1,8,0.2140394302789727
28,3,Gerinol,1,9,0.2064609336020281
28,3,Gerinol,1,10,0.1820247747694778
28,3,Gerinol,1,11,0.19919751547913184
28,3,Gerinol,1,12,0.18857711625021187
28,3,Gerinol,1,13,0.19710673749433946
28,3,Gerinol,1,14,0.19234834161869538
28,4,n Methyl Piperdine,0,0,0.4452470235430393
28,4,n Methyl Piperdine,0,1,0.4705301808034953
28,4,n Methyl Piperdine,0,2,0.4609070503432237
28,4,n Methyl Piperdine,0,3,0.4576775043996007
28,4,n Methyl Piperdine,0,4,0.45707328973298045
28,4,n Methyl Piperdine,0,5,0.4644235842065527
28,4,n Methyl Piperdine,0,6,0.4544058568892628
28,4,n Methyl Piperdine,0,7,0.44351450312782625
28,4,n Methyl Piperdine,0,8,0.4648129460212848
28,4,n Methyl Piperdine,0,9,0.46570873157927317
28,4,n Methyl Piperdine,0,10,0.4599588529981975
28,4,n Methyl Piperdine,0,11,0.4523726845940985
28,4,n Methyl Piperdine,0,12,0.46226739192273286
28,4,n Methyl Piperdine,0,13,0.44983964864910986
28,4,n Methyl Piperdine,0,14,0.4533380628221173
28,4,n Methyl Piperdine,1,0,0.4385955364005657
28,4,n Methyl Piperdine,1,1,0.45135263245973145
28,4,n Methyl Piperdine,1,2,0.44170023228910366
28,4,n Methyl Piperdine,1,3,0.4410181885983873
28,4,n Methyl Piperdine,1,4,0.460238660015889
28,4,n Methyl Piperdine,1,5,0.44742081987010873
28,4,n Methyl Piperdine,1,6,0.44731307597639763
28,4,n Methyl Piperdine,1,7,0.4416435139309288
28,4,n Methyl Piperdine,1,8,0.43983014655150476
28,4,n Methyl Piperdine,1,9,0.4271098683724618
28,4,n Methyl Piperdine,1,10,0.4523510441479875
28,4,n Methyl Piperdine,1,11,0.44818759753865006
28,4,n Methyl Piperdine,1,12,0.4431677919468917
28,4,n Methyl Piperdine,1,13,0.44350330627790896
28,4,n Methyl Piperdine,1,14,0.4504902739906875
28,5,"2,4 Dimethyl Acetophenone",0,0,0.4035450456899842
28,5,"2,4 Dimethyl Acetophenone",0,1,0.41715025875889533
28,5,"2,4 Dimethyl Acetophenone",0,2,0.4094450764406887
28,5,"2,4 Dimethyl Acetophenone",0,3,0.45044862670773334
28,5,"2,4 Dimethyl Acetophenone",0,4,0.43781604163706755
28,5,"2,4 Dimethyl Acetophenone",0,5,0.3944077340367353
28,5,"2,4 Dimethyl Acetophenone",0,6,0.40412246665048984
28,5,"2,4 Dimethyl Acetophenone",0,7,0.4236020463647866
28,5,"2,4 Dimethyl Acetophenone",0,8,0.4188063158235599
28,5,"2,4 Dimethyl Acetophenone",0,9,0.4067929378227541
28,5,"2,4 Dimethyl Acetophenone",0,10,0.4528916958954246
28,5,"2,4 Dimethyl Acetophenone",0,11,0.42987545318460807
28,5,"2,4 Dimethyl Acetophenone",0,12,0.43216374023893556
28,5,"2,4 Dimethyl Acetophenone",0,13,0.41571005536298944
28,5,"2,4 Dimethyl Acetophenone",0,14,0.4356531848216586
28,5,"2,4 Dimethyl Acetophenone",1,0,0.4192317863752347
28,5,"2,4 Dimethyl Acetophenone",1,1,0.4206008630463475
28,5,"2,4 Dimethyl Acetophenone",1,2,0.43321217485243185
28,5,"2,4 Dimethyl Acetophenone",1,3,0.40162556315787856
28,5,"2,4 Dimethyl Acetophenone",1,4,0.4471162926340979
28,5,"2,4 Dimethyl Acetophenone",1,5,0.42716823412992405
28,5,"2,4 Dimethyl Acetophenone",1,6,0.44265914367560766
28,5,"2,4 Dimethyl Acetophenone",1,7,0.4094316573483924
28,5,"2,4 Dimethyl Acetophenone",1,8,0.4115786256423176
28,5,"2,4 Dimethyl Acetophenone",1,9,0.408212181702897
28,5,"2,4 Dimethyl Acetophenone",1,10,0.4281258227668532
28,5,"2,4 Dimethyl Acetophenone",1,11,0.42552677468946754
28,5,"2,4 Dimethyl Acetophenone",1,12,0.4180475834886174
28,5,"2,4 Dimethyl Acetophenone",1,13,0.4102967720113039
28,5,"2,4 Dimethyl Acetophenone",1,14,0.4067358450423176
28,6,4 Heptanone,0,0,0.5432810368340518
28,6,4 Heptanone,0,1,0.5336886726388299
28,6,4 Heptanone,0,2,0.5286287363093087
28,6,4 Heptanone,0,3,0.5799753916101656
28,6,4 Heptanone,0,4,0.5425027572460269
28,6,4 Heptanone,0,5,0.5736039864705085
28,6,4 Heptanone,0,6,0.5321325309232233
28,6,4 Heptanone,0,7,0.5500253165604779
28,6,4 Heptanone,0,8,0.5431202349684467
28,6,4 Heptanone,0,9,0.5053548152232946
28,6,4 Heptanone,0,10,0.5772443997543623
28,6,4 Heptanone,0,11,0.5412878417935584
28,6,4 Heptanone,0,12,0.5615618759683022
28,6,4 Heptanone,0,13,0.5271011960847605
28,6,4 Heptanone,0,14,0.5406050253064157
28,6,4 Heptanone,1,0,0.5428092033191658
28,6,4 Heptanone,1,1,0.5911697209304013
28,6,4 Heptanone,1,2,0.5699063919991307
28,6,4 Heptanone,1,3,0.57118607444498
28,6,4 Heptanone,1,4,0.5939796976782918
28,6,4 Heptanone,1,5,0.5893377970194627
28,6,4 Heptanone,1,6,0.5803457648353453
28,6,4 Heptanone,1,7,0.5300484116159935
28,6,4 Heptanone,1,8,0.5467457766315565
28,6,4 Heptanone,1,9,0.5396577096761808
28,6,4 Heptanone,1,10,0.5794762522874403
28,6,4 Heptanone,1,11,0.566669309815689
28,6,4 Heptanone,1,12,0.5307662796353996
28,6,4 Heptanone,1,13,0.5584040616492824
28,6,4 Heptanone,1,14,0.5283837307699477
28,7,33 Dimethyl Butyric Acid,0,0,0.6314907380300562
28,7,33 Dimethyl Butyric Acid,0,1,0.6177592252346518
28,7,33 Dimethyl Butyric Acid,0,2,0.6364785301933277
28,7,33 Dimethyl Butyric Acid,0,3,0.6351855691719546
28,7,33 Dimethyl Butyric Acid,0,4,0.648298046082107
28,7,33 Dimethyl Butyric Acid,0,5,0.6392128565189408
28,7,33 Dimethyl Butyric Acid,0,6,0.6283217936001818
28,7,33 Dimethyl Butyric Acid,0,7,0.6389574334260416
28,7,33 Dimethyl Butyric Acid,0,8,0.6199678720211221
28,7,33 Dimethyl Butyric Acid,0,9,0.6236976029268381
28,7,33 Dimethyl Butyric Acid,0,10,0.6348014463772912
28,7,33 Dimethyl Butyric Acid,0,11,0.6134494042920083
28,7,33 Dimethyl Butyric Acid,0,12,0.6316278264127084
28,7,33 Dimethyl Butyric Acid,0,13,0.6232023179154234
28,7,33 Dimethyl Butyric Acid,0,14,0.6328145408750651
28,7,33 Dimethyl Butyric Acid,1,0,0.6008552908840904
28,7,33 Dimethyl Butyric Acid,1,1,0.6137277869230725
28,7,33 Dimethyl Butyric Acid,1,2,0.6102574845997508
28,7,33 Dimethyl Butyric Acid,1,3,0.6220934340298623
28,7,33 Dimethyl Butyric Acid,1,4,0.6101495594370477
28,7,33 Dimethyl Butyric Acid,1,5,0.6035043232473977
28,7,33 Dimethyl Butyric Acid,1,6,0.6079759501391216
28,7,33 Dimethyl Butyric Acid,1,7,0.5985712988014188
28,7,33 Dimethyl Butyric Acid,1,8,0.6135725707626151
28,7,33 Dimethyl Butyric Acid,1,9,0.6151470509013172
28,7,33 Dimethyl Butyric Acid,1,10,0.6312536560726442
28,7,33 Dimethyl Butyric Acid,1,11,0.6047625054336757
28,7,33 Dimethyl Butyric Acid,1,12,0.6077967556211468
28,7,33 Dimethyl Butyric Acid,1,13,0.6051574043174436
28,7,33 Dimethyl Butyric Acid,1,14,0.6119097257516765
28,8,2 Methyl Butyraldehyde,0,0,0.39009357546619255
28,8,2 Methyl Butyraldehyde,0,1,0.38178748074694113
28,8,2 Methyl Butyraldehyde,0,2,0.40354619319317486
28,8,2 Methyl Butyraldehyde,0,3,0.3710273653446902
28,8,2 Methyl Butyraldehyde,0,4,0.40163413364900946
28,8,2 Methyl Butyraldehyde,0,5,0.3930872782721842
28,8,2 Methyl Butyraldehyde,0,6,0.38257682155857897
28,8,2 Methyl Butyraldehyde,0,7,0.37679384723674175
28,8,2 Methyl Butyraldehyde,0,8,0.42913546513798373
28,8,2 Methyl Butyraldehyde,0,9,0.3672084886377977
28,8,2 Methyl Butyraldehyde,0,10,0.3884945133972497
28,8,2 Methyl Butyraldehyde,0,11,0.368483608674432
28,8,2 Methyl Butyraldehyde,0,12,0.4168968512569386
28,8,2 Methyl Butyraldehyde,0,13,0.3997374266138815
28,8,2 Methyl Butyraldehyde,0,14,0.36985570661674766
28,8,2 Methyl Butyraldehyde,1,0,0.3761690376345915
28,8,2 Methyl Butyraldehyde,1,1,0.37130260237904783
28,8,2 Methyl Butyraldehyde,1,2,0.35651958449542986
28,8,2 Methyl Butyraldehyde,1,3,0.3808573473275152
28,8,2 Methyl Butyraldehyde,1,4,0.37381524171225117
28,8,2 Methyl Butyraldehyde,1,5,0.37050081226146386
28,8,2 Methyl Butyraldehyde,1,6,0.3655824640216887
28,8,2 Methyl Butyraldehyde,1,7,0.3746122989093405
28,8,2 Methyl Butyraldehyde,1,8,0.3707621561903048
28,8,2 Methyl Butyraldehyde,1,9,0.36751096478097733
28,8,2 Methyl Butyraldehyde,1,10,0.3541447581875758
28,8,2 Methyl Butyraldehyde,1,11,0.3987194880625528
28,8,2 Methyl Butyraldehyde,1,12,0.3463285797588586
28,8,2 Methyl Butyraldehyde,1,13,0.3745470385906152
28,8,2 Methyl Butyraldehyde,1,14,0.3602688698852432
28,9,m Anisaldehyde,0,0,0.47490928536155474
28,9,m Anisaldehyde,0,1,0.4496406910443951
28,9,m Anisaldehyde,0,2,0.4512368671808253
28,9,m Anisaldehyde,0,3,0.4490112555449993
28,9,m Anisaldehyde,0,4,0.46128278411309015
28,9,m Anisaldehyde,0,5,0.44518511703689867
28,9,m Anisaldehyde,0,6,0.4536729370506563
28,9,m Anisaldehyde,0,7,0.43779045751903284
28,9,m Anisaldehyde,0,8,0.4604948103997103
28,9,m Anisaldehyde,0,9,0.45346716243532187
28,9,m Anisaldehyde,0,10,0.44409386297639325
28,9,m Anisaldehyde,0,11,0.46851451557705526
28,9,m Anisaldehyde,0,12,0.44580552155964975
28,9,m Anisaldehyde,0,13,0.46577546369884343
28,9,m Anisaldehyde,0,14,0.45156159238459553
28,9,m Anisaldehyde,1,0,0.45493354945221853
28,9,m Anisaldehyde,1,1,0.44684901022711054
28,9,m Anisaldehyde,1,2,0.43017174995821084
28,9,m Anisaldehyde,1,3,0.43103488927737466
28,9,m Anisaldehyde,1,4,0.4454824022681663
28,9,m Anisaldehyde,1,5,0.43724715937029
28,9,m Anisaldehyde,1,6,0.43812994311763875
28,9,m Anisaldehyde,1,7,0.4518086239540071
28,9,m Anisaldehyde,1,8,0.4326327202687997
28,9,m Anisaldehyde,1,9,0.4406030331246883
28,9,m Anisaldehyde,1,10,0.4487949193342361
28,9,m Anisaldehyde,1,11,0.44741422097947614
28,9,m Anisaldehyde,1,12,0.43822226629272976
28,9,m Anisaldehyde,1,13,0.4369954464698869
28,9,m Anisaldehyde,1,14,0.4232377420221443
30,0,"2,3 Pentanedione",0,0,0.2506503543967463
30,0,"2,3 Pentanedione",0,1,0.2850154598777445
30,0,"2,3 Pentanedione",0,2,0.2736094244898203
30,0,"2,3 Pentanedione",0,3,0.27892965617753185
30,0,"2,3 Pentanedione",0,4,0.3030378194542277
30,0,"2,3 Pentanedione",0,5,0.24737340148681933
30,0,"2,3 Pentanedione",0,6,0.27115197165755994
30,0,"2,3 Pentanedione",0,7,0.28177425329865663
30,0,"2,3 Pentanedione",0,8,0.2594524807740133
30,0,"2,3 Pentanedione",0,9,0.3128434070615616
30,0,"2,3 Pentanedione",0,10,0.2997711492537049
30,0,"2,3 Pentanedione",0,11,0.2843098123905951
30,0,"2,3 Pentanedione",0,12,0.32191227369659087
30,0,"2,3 Pentanedione",0,13,0.23958409722312263
30,0,"2,3 Pentanedione",0,14,0.2768633221857342
30,0,"2,3 Pentanedione",1,0,0.2742408880340137
30,0,"2,3 Pentanedione",1,1,0.2422185876408141
30,0,"2,3 Pentanedione",1,2,0.27260032735610534
30,0,"2,3 Pentanedione",1,3,0.2374179014659652
30,0,"2,3 Pentanedione",1,4,0.2823463967675185
30,0,"2,3 Pentanedione",1,5,0.2915283330138848
30,0,"2,3 Pentanedione",1,6,0.27189079883887035
30,0,"2,3 Pentanedione",1,7,0.2187625184340385
30,0,"2,3 Pentanedione",1,8,0.2409126257815113
30,0,"2,3 Pentanedione",1,9,0.2792002138909912
30,0,"2,3 Pentanedione",1,10,0.2656124298984713
30,0,"2,3 Pentanedione",1,11,0.19773239836834994
30,0,"2,3 Pentanedione",1,12,0.29615322340736816
30,0,"2,3 Pentanedione",1,13,0.268498876467008
30,0,"2,3 Pentanedione",1,14,0.24460559721066102
30,1,3 Methylvaleric Acid,0,0,0.6507181641953643
30,1,3 Methylvaleric Acid,0,1,0.6341615982395722
30,1,3 Methylvaleric Acid,0,2,0.6340535758447711
30,1,3 Methylvaleric Acid,0,3,0.6444162291671068
30,1,3 Methylvaleric Acid,0,4,0.6584998484428735
30,1,3 Methylvaleric Acid,0,5,0.6569411881349861
30,1,3 Methylvaleric Acid,0,6,0.6444296808345282
30,1,3 Methylvaleric Acid,0,7,0.6454460849975405
30,1,3 Methylvaleric Acid,0,8,0.6487040819579575
30,1,3 Methylvaleric Acid,0,9,0.628425501143025
30,1,3 Methylvaleric Acid,0,10,0.6472454115564609
30,1,3 Methylvaleric Acid,0,11,0.633601955586717
30,1,3 Methylvaleric Acid,0,12,0.6440214979765304
30,1,3 Methylvaleric Acid,0,13,0.6386170079192323
30,1,3 Methylvaleric Acid,0,14,0.6458304029375493
30,1,3 Methylvaleric Acid,1,0,0.6483845006618136
30,1,3 Methylvaleric Acid,1,1,0.616794452927084
30,1,3 Methylvaleric Acid,1,2,0.6489862628485135
30,1,3 Methylvaleric Acid,1,3,0.6535722332012166
30,1,3 Methylvaleric Acid,1,4,0.6516297434408361
30,1,3 Methylvaleric Acid,1,5,0.6461998259938233
30,1,3 Methylvaleric Acid,1,6,0.6634716377499578
30,1,3 Methylvaleric Acid,1,7,0.6502977385328961
30,1,3 Methylvaleric Acid,1,8,0.6515480240938729
30,1,3 Methylvaleric Acid,1,9,0.6575551143424132
30,1,3 Methylvaleric Acid,1,10,0.6508047803212933
30,1,3 Methylvaleric Acid,1,11,0.6383255935612455
30,1,3 Methylvaleric Acid,1,12,0.6230774793718024
30,1,3 Methylvaleric Acid,1,13,0.6424921853520318
30,1,3 Methylvaleric Acid,1,14,0.6547481986669851
30,2,Acetic Acid,0,0,0.34345229709166575
30,2,Acetic Acid,0,1,0.3627614003256324
30,2,Acetic Acid,0,2,0.35184698960850685
30,2,Acetic Acid,0,3,0.3709062247712527
30,2,Acetic Acid,0,4,0.34442052730334305
30,2,Acetic Acid,0,5,0.35718143489917276
30,2,Acetic Acid,0,6,0.35782163256904964
30,2,Acetic Acid,0,7,0.374478324929799
30,2,Acetic Acid,0,8,0.3208097993116318
30,2,Acetic Acid,0,9,0.3416906027781261
30,2,Acetic Acid,0,10,0.3635532821649304
30,2,Acetic Acid,0,11,0.3752193003140614
30,2,Acetic Acid,0,12,0.35337501228183005
30,2,Acetic Acid,0,13,0.34446255797957864
30,2,Acetic Acid,0,14,0.36202434946987405
30,2,Acetic Acid,1,0,0.3748029997238772
30,2,Acetic Acid,1,1,0.3542544994038576
30,2,Acetic Acid,1,2,0.3657965373864617
30,2,Acetic Acid,1,3,0.3800193083941229
30,2,Acetic Acid,1,4,0.39189528994024597
30,2,Acetic Acid,1,5,0.37269359387106077
30,2,Acetic Acid,1,6,0.3610094139576012
30,2,Acetic Acid,1,7,0.3593664552556718
30,2,Acetic Acid,1,8,0.3695953641833109
30,2,Acetic Acid,1,9,0.3583360283594753
30,2,Acetic Acid,1,10,0.3634434146782358
30,2,Acetic Acid,1,11,0.3425745262790109
30,2,Acetic Acid,1,12,0.3819686611086637
30,2,Acetic Acid,1,13,0.3411976420792425
30,2,Acetic Acid,1,14,0.35304252958070736
30,3,Gerinol,0,0,0.2006330256506791
30,3,Gerinol,0,1,0.23293540726249432
30,3,Gerinol,0,2,0.19175681435297381
30,3,Gerinol,0,3,0.1876054166586423
30,3,Gerinol,0,4,0.18957077593876154
30,3,Gerinol,0,5,0.2272697662106368
30,3,Gerinol,0,6,0.15098777512339223
30,3,Gerinol,0,7,0.18186074273892278
30,3,Gerinol,0,8,0.24556538127138466
30,3,Gerinol,0,9,0.20904881585432236
30,3,Gerinol,0,10,0.1800992907450793
30,3,Gerinol,0,11,0.19825288379001518
30,3,Gerinol,0,12,0.2001188422234166
30,3,Gerinol,0,13,0.21340341083987038
30,3,Gerinol,0,14,0.23035098833438125
30,3,Gerinol,1,0,0.21698156956682532
30,3,Gerinol,1,1,0.20114355673282877
30,3,Gerinol,1,2,0.22378076715329132
30,3,Gerinol,1,3,0.19844006324338287
30,3,Gerinol,1,4,0.19272332429123715
30,3,Gerinol,1,5,0.18032759969454162
30,3,Gerinol,1,6,0.18365066640927863
30,3,Gerinol,1,7,0.19505878616117583
30,3,Gerinol,1,8,0.19025888564593146
30,3,Gerinol,1,9,0.21569664982371703
30,3,Gerinol,1,10,0.18989017153287435
30,3,Gerinol,1,11,0.15671990390702267
30,3,Gerinol,1,12,0.19254292103055928
30,3,Gerinol,1,13,0.2023024585710641
30,3,Gerinol,1,14,0.2000233392412971
30,4,n Methyl Piperdine,0,0,0.4727364603051431
30,4,n Methyl Piperdine,0,1,0.4556719223963564
30,4,n Methyl Piperdine,0,2,0.4676276505762632
30,4,n Methyl Piperdine,0,3,0.4604284020732227
30,4,n Methyl Piperdine,0,4,0.4602418250652888
30,4,n Methyl Piperdine,0,5,0.45389722055988535
30,4,n Methyl Piperdine,0,6,0.4601100016580235
30,4,n Methyl Piperdine,0,7,0.4544594938554903
30,4,n Methyl Piperdine,0,8,0.4619404573847062
30,4,n Methyl Piperdine,0,9,0.45869026580968014
30,4,n Methyl Piperdine,0,10,0.45302323940513683
30,4,n Methyl Piperdine,0,11,0.46851541758827436
30,4,n Methyl Piperdine,0,12,0.46399498671084105
30,4,n Methyl Piperdine,0,13,0.45699576099753164
30,4,n Methyl Piperdine,0,14,0.4617442072469521
30,4,n Methyl Piperdine,1,0,0.4463824501008704
30,4,n Methyl Piperdine,1,1,0.44011230277478
30,4,n Methyl Piperdine,1,2,0.44761700010505545
30,4,n Methyl Piperdine,1,3,0.44208493623442713
30,4,n Methyl Piperdine,1,4,0.43949355958792535
30,4,n Methyl Piperdine,1,5,0.43407089163075396
30,4,n Methyl Piperdine,1,6,0.4441841714445771
30,4,n Methyl Piperdine,1,7,0.45158879554955594
30,4,n Methyl Piperdine,1,8,0.4414957554458553
30,4,n Methyl Piperdine,1,9,0.4672186998101499
30,4,n Methyl Piperdine,1,10,0.454138515502108
30,4,n Methyl Piperdine,1,11,0.45748767133416995
30,4,n Methyl Piperdine,1,12,0.4534149743694762
30,4,n Methyl Piperdine,1,13,0.46187595007239474
30,4,n Methyl Piperdine,1,14,0.4407570144051058
30,5,"2,4 Dimethyl Acetophenone",0,0,0.38568224430780607
30,5,"2,4 Dimethyl Acetophenone",0,1,0.4155007421924866
30,5,"2,4 Dimethyl Acetophenone",0,2,0.4296631691895041
30,5,"2,4 Dimethyl Acetophenone",0,3,0.42392820117185465
30,5,"2,4 Dimethyl Acetophenone",0,4,0.42567612057982246
30,5,"2,4 Dimethyl Acetophenone",0,5,0.44041800984176216
30,5,"2,4 Dimethyl Acetophenone",0,6,0.4271790931550321
30,5,"2,4 Dimethyl Acetophenone",0,7,0.4330572409072015
30,5,"2,4 Dimethyl Acetophenone",0,8,0.4085427018186476
30,5,"2,4 Dimethyl Acetophenone",0,9,0.4063453033059806
30,5,"2,4 Dimethyl Acetophenone",0,10,0.4445525278524457
30,5,"2,4 Dimethyl Acetophenone",0,11,0.42321446435008236
30,5,"2,4 Dimethyl Acetophenone",0,12,0.41300337476269955
30,5,"2,4 Dimethyl Acetophenone",0,13,0.41302924603489244
30,5,"2,4 Dimethyl Acetophenone",0,14,0.4126382399660932
30,5,"2,4 Dimethyl Acetophenone",1,0,0.4099650300584434
30,5,"2,4 Dimethyl Acetophenone",1,1,0.40186829705428706
30,5,"2,4 Dimethyl Acetophenone",1,2,0.39880449942410046
30,5,"2,4 Dimethyl Acetophenone",1,3,0.41721239130520393
30,5,"2,4 Dimethyl Acetophenone",1,4,0.41160123311783803
30,5,"2,4 Dimethyl Acetophenone",1,5,0.4355744210878334
30,5,"2,4 Dimethyl Acetophenone",1,6,0.42409490437179803
30,5,"2,4 Dimethyl Acetophenone",1,7,0.4237034704016488
30,5,"2,4 Dimethyl Acetophenone",1,8,0.4094833145765394
30,5,"2,4 Dimethyl Acetophenone",1,9,0.41825553884005817
30,5,"2,4 Dimethyl Acetophenone",1,10,0.42505271852059334
30,5,"2,4 Dimethyl Acetophenone",1,11,0.4300613780855811
30,5,"2,4 Dimethyl Acetophenone",1,12,0.4186381964693114
30,5,"2,4 Dimethyl Acetophenone",1,13,0.4351790876801225
30,5,"2,4 Dimethyl Acetophenone",1,14,0.42007483957032965
30,6,4 Heptanone,0,0,0.5687149451749426
30,6,4 Heptanone,0,1,0.5392159421361853
30,6,4 Heptanone,0,2,0.5087961881695867
30,6,4 Heptanone,0,3,0.5566529781742394
30,6,4 Heptanone,0,4,0.5671620771149978
30,6,4 Heptanone,0,5,0.5637129725898613
30,6,4 Heptanone,0,6,0.5601906451159261
30,6,4 Heptanone,0,7,0.5424647033490996
30,6,4 Heptanone,0,8,0.5319281404389075
30,6,4 Heptanone,0,9,0.5631697908874017
30,6,4 Heptanone,0,10,0.5602886322396278
30,6,4 Heptanone,0,11,0.5375820345233606
30,6,4 Heptanone,0,12,0.5759954572735091
30,6,4 Heptanone,0,13,0.5301775802521965
30,6,4 Heptanone,0,14,0.5370617302518912
30,6,4 Heptanone,1,0,0.6053539784057108
30,6,4 Heptanone,1,1,0.5876954277132171
30,6,4 Heptanone,1,2,0.5594867758036403
30,6,4 Heptanone,1,3,0.5743291957122713
30,6,4 Heptanone,1,4,0.5712799795375871
30,6,4 Heptanone,1,5,0.504577606791522
30,6,4 Heptanone,1,6,0.5468734066018495
30,6,4 Heptanone,1,7,0.5665507797352575
30,6,4 Heptanone,1,8,0.5595189225202032
30,6,4 Heptanone,1,9,0.5734028951435183
30,6,4 Heptanone,1,10,0.5936955095707559
30,6,4 Heptanone,1,11,0.5603255791701579
30,6,4 Heptanone,1,12,0.543396610317272
30,6,4 Heptanone,1,13,0.5751909375181241
30,6,4 Heptanone,1,14,0.5602085777671801
30,7,33 Dimethyl Butyric Acid,0,0,0.636818206208839
30,7,33 Dimethyl Butyric Acid,0,1,0.6356551254625673
30,7,33 Dimethyl Butyric Acid,0,2,0.6573690009003087
30,7,33 Dimethyl Butyric Acid,0,3,0.618952156320561
30,7,33 Dimethyl Butyric Acid,0,4,0.6348275732544572
30,7,33 Dimethyl Butyric Acid,0,5,0.638124105060649
30,7,33 Dimethyl Butyric Acid,0,6,0.6314610757819105
30,7,33 Dimethyl Butyric Acid,0,7,0.6458675214958507
30,7,33 Dimethyl Butyric Acid,0,8,0.6451256042422494
30,7,33 Dimethyl Butyric Acid,0,9,0.6377464485861722
30,7,33 Dimethyl Butyric Acid,0,10,0.6358359590206848
30,7,33 Dimethyl Butyric Acid,0,11,0.6371962146987241
30,7,33 Dimethyl Butyric Acid,0,12,0.6372576654803005
30,7,33 Dimethyl Butyric Acid,0,13,0.637484038848951
30,7,33 Dimethyl Butyric Acid,0,14,0.6365445077154933
30,7,33 Dimethyl Butyric Acid,1,0,0.6212500612203786
30,7,33 Dimethyl Butyric Acid,1,1,0.6255417609936973
30,7,33 Dimethyl Butyric Acid,1,2,0.6085427584911118
30,7,33 Dimethyl Butyric Acid,1,3,0.6100819568001641
30,7,33 Dimethyl Butyric Acid,1,4,0.6041011197446989
30,7,33 Dimethyl Butyric Acid,1,5,0.6265117961622627
30,7,33 Dimethyl Butyric Acid,1,6,0.6212318405249206
30,7,33 Dimethyl Butyric Acid,1,7,0.6234167955009798
30,7,33 Dimethyl Butyric Acid,1,8,0.6068352231990598
30,7,33 Dimethyl Butyric Acid,1,9,0.6343840748526763
30,7,33 Dimethyl Butyric Acid,1,10,0.6138684379487901
30,7,33 Dimethyl Butyric Acid,1,11,0.620528066939074
30,7,33 Dimethyl Butyric Acid,1,12,0.6264088430729323
30,7,33 Dimethyl Butyric Acid,1,13,0.6106277506393112
30,7,33 Dimethyl Butyric Acid,1,14,0.614404310832224
30,8,2 Methyl Butyraldehyde,0,0,0.36678293577035803
30,8,2 Methyl Butyraldehyde,0,1,0.41791599615659314
30,8,2 Methyl Butyraldehyde,0,2,0.36911121320794704
30,8,2 Methyl Butyraldehyde,0,3,0.3940302662046113
30,8,2 Methyl Butyraldehyde,0,4,0.38638049059066815
30,8,2 Methyl Butyraldehyde,0,5,0.37038816056173046
30,8,2 Methyl Butyraldehyde,0,6,0.3444769284979474
30,8,2 Methyl Butyraldehyde,0,7,0.38359465303002616
30,8,2 Methyl Butyraldehyde,0,8,0.33476093447153227
30,8,2 Methyl Butyraldehyde,0,9,0.39392552916572404
30,8,2 Methyl Butyraldehyde,0,10,0.3671806812862089
30,8,2 Methyl Butyraldehyde,0,11,0.31276524858761534
30,8,2 Methyl Butyraldehyde,0,12,0.35686145311986267
30,8,2 Methyl Butyraldehyde,0,13,0.37584717071610296
30,8,2 Methyl Butyraldehyde,0,14,0.358837094435616
30,8,2 Methyl Butyraldehyde,1,0,0.36434266892321004
30,8,2 Methyl Butyraldehyde,1,1,0.33446374067058027
30,8,2 Methyl Butyraldehyde,1,2,0.3257587684457616
30,8,2 Methyl Butyraldehyde,1,3,0.3493280559648303
30,8,2 Methyl Butyraldehyde,1,4,0.35129470224108017
30,8,2 Methyl Butyraldehyde,1,5,0.3440408480067228
30,8,2 Methyl Butyraldehyde,1,6,0.3741230162628671
30,8,2 Methyl Butyraldehyde,1,7,0.33446024294744775
30,8,2 Methyl Butyraldehyde,1,8,0.3566708960002759
30,8,2 Methyl Butyraldehyde,1,9,0.35198971869337137
30,8,2 Methyl Butyraldehyde,1,10,0.32097186293608376
30,8,2 Methyl Butyraldehyde,1,11,0.32550966484361415
30,8,2 Methyl Butyraldehyde,1,12,0.35091946348125874
30,8,2 Methyl Butyraldehyde,1,13,0.3885163434232165
30,8,2 Methyl Butyraldehyde,1,14,0.36175125135713565
30,9,m Anisaldehyde,0,0,0.44750207240340106
30,9,m Anisaldehyde,0,1,0.43436166570497164
30,9,m Anisaldehyde,0,2,0.4708317400003706
30,9,m Anisaldehyde,0,3,0.46296310358112774
30,9,m Anisaldehyde,0,4,0.47470512996819064
30,9,m Anisaldehyde,0,5,0.45551920478259306
30,9,m Anisaldehyde,0,6,0.4671990895895729
30,9,m Anisaldehyde,0,7,0.4719050964072987
30,9,m Anisaldehyde,0,8,0.4596302089753951
30,9,m Anisaldehyde,0,9,0.4598330582734396
30,9,m Anisaldehyde,0,10,0.464115751475113
30,9,m Anisaldehyde,0,11,0.46902531432854444
30,9,m Anisaldehyde,0,12,0.4637400304175519
30,9,m Anisaldehyde,0,13,0.4731179646816053
30,9,m Anisaldehyde,0,14,0.4594928932938459
30,9,m Anisaldehyde,1,0,0.4371327292307625
30,9,m Anisaldehyde,1,1,0.4684962790799918
30,9,m Anisaldehyde,1,2,0.4440002584242848
30,9,m Anisaldehyde,1,3,0.4443436688474814
30,9,m Anisaldehyde,1,4,0.4491130390398627
30,9,m Anisaldehyde,1,5,0.4503748835832837
30,9,m Anisaldehyde,1,6,0.44606831357494103
30,9,m Anisaldehyde,1,7,0.4495720002397939
30,9,m Anisaldehyde,1,8,0.44936013418244897
30,9,m Anisaldehyde,1,9,0.45139622643151206
30,9,m Anisaldehyde,1,10,0.4273680188981656
30,9,m Anisaldehyde,1,11,0.4675844274051643
30,9,m Anisaldehyde,1,12,0.4483398553479983
30,9,m Anisaldehyde,1,13,0.45524675741062076
30,9,m Anisaldehyde,1,14,0.4366610844206661
32,0,"2,3 Pentanedione",0,0,0.2719310443948869
32,0,"2,3 Pentanedione",0,1,0.2668981542681078
32,0,"2,3 Pentanedione",0,2,0.3204491450388318
32,0,"2,3 Pentanedione",0,3,0.26906071075522114
32,0,"2,3 Pentanedione",0,4,0.3026580505996205
32,0,"2,3 Pentanedione",0,5,0.2674455396092883
32,0,"2,3 Pentanedione",0,6,0.2723905774347696
32,0,"2,3 Pentanedione",0,7,0.27756729679610104
32,0,"2,3 Pentanedione",0,8,0.3158021790968507
32,0,"2,3 Pentanedione",0,9,0.23645973445036522
32,0,"2,3 Pentanedione",0,10,0.2508144620442574
32,0,"2,3 Pentanedione",0,11,0.23502342178387278
32,0,"2,3 Pentanedione",0,12,0.2565184979320819
32,0,"2,3 Pentanedione",0,13,0.2634160496463155
32,0,"2,3 Pentanedione",0,14,0.24334401957385848
32,0,"2,3 Pentanedione",1,0,0.23814180527137918
32,0,"2,3 Pentanedione",1,1,0.20612763691341052
32,0,"2,3 Pentanedione",1,2,0.23104578084255387
32,0,"2,3 Pentanedione",1,3,0.2865060089345009
32,0,"2,3 Pentanedione",1,4,0.26658520069377345
32,0,"2,3 Pentanedione",1,5,0.2611821907410591
32,0,"2,3 Pentanedione",1,6,0.23142603502976805
32,0,"2,3 Pentanedione",1,7,0.2180933749606278
32,0,"2,3 Pentanedione",1,8,0.2280165970483889
32,0,"2,3 Pentanedione",1,9,0.25541525326434555
32,0,"2,3 Pentanedione",1,10,0.2781999184299126
32,0,"2,3 Pentanedione",1,11,0.2790546843651289
32,0,"2,3 Pentanedione",1,12,0.27226080799882924
32,0,"2,3 Pentanedione",1,13,0.23805657733504731
32,0,"2,3 Pentanedione",1,14,0.2571092447468456
32,1,3 Methylvaleric Acid,0,0,0.643759878108667
32,1,3 Methylvaleric Acid,0,1,0.6449493085571383
32,1,3 Methylvaleric Acid,0,2,0.6671071269354102
32,1,3 Methylvaleric Acid,0,3,0.6294983492916466
32,1,3 Methylvaleric Acid,0,4,0.6446178095751922
32,1,3 Methylvaleric Acid,0,5,0.6589364378185176
32,1,3 Methylvaleric Acid,0,6,0.6324296239005683
32,1,3 Methylvaleric Acid,0,7,0.6405682895156076
32,1,3 Methylvaleric Acid,0,8,0.6417038296720464
32,1,3 Methylvaleric Acid,0,9,0.6447305340388586
32,1,3 Methylvaleric Acid,0,10,0.631142062521874
32,1,3 Methylvaleric Acid,0,11,0.6528338760423393
32,1,3 Methylvaleric Acid,0,12,0.6535367397213365
32,1,3 Methylvaleric Acid,0,13,0.6519735190329802
32,1,3 Methylvaleric Acid,0,14,0.6383248442020316
32,1,3 Methylvaleric Acid,1,0,0.6507623471197264
32,1,3 Methylvaleric Acid,1,1,0.6410021043059024
32,1,3 Methylvaleric Acid,1,2,0.6466134691670168
32,1,3 Methylvaleric Acid,1,3,0.671223813172029
32,1,3 Methylvaleric Acid,1,4,0.650853268265544
32,1,3 Methylvaleric Acid,1,5,0.6381502460409244
32,1,3 Methylvaleric Acid,1,6,0.6516911461781973
32,1,3 Methylvaleric Acid,1,7,0.6365240915015528
32,1,3 Methylvaleric Acid,1,8,0.6380365640888901
32,1,3 Methylvaleric Acid,1,9,0.6395995402548948
32,1,3 Methylvaleric Acid,1,10,0.645507588716427
32,1,3 Methylvaleric Acid,1,11,0.6591813033622844
32,1,3 Methylvaleric Acid,1,12,0.6556316970000011
32,1,3 Methylvaleric Acid,1,13,0.6550832463722477
32,1,3 Methylvaleric Acid,1,14,0.6390273455201464
32,2,Acetic Acid,0,0,0.33935920478078246
32,2,Acetic Acid,0,1,0.3529646248539782
32,2,Acetic Acid,0,2,0.33790374475440427
32,2,Acetic Acid,0,3,0.34375788771320426
32,2,Acetic Acid,0,4,0.3557976966472244
32,2,Acetic Acid,0,5,0.3425801079615556
32,2,Acetic Acid,0,6,0.3521960993836388
32,2,Acetic Acid,0,7,0.3750582050447782
32,2,Acetic Acid,0,8,0.3455395840760794
32,2,Acetic Acid,0,9,0.36814286449387956
32,2,Acetic Acid,0,10,0.35777183140999436
32,2,Acetic Acid,0,11,0.32386996959871617
32,2,Acetic Acid,0,12,0.32997757069473344
32,2,Acetic Acid,0,13,0.33446981911514956
32,2,Acetic Acid,0,14,0.3341145252703362
32,2,Acetic Acid,1,0,0.3517783286049532
32,2,Acetic Acid,1,1,0.3635707029517824
32,2,Acetic Acid,1,2,0.37428544704774064
32,2,Acetic Acid,1,3,0.3584439850610938
32,2,Acetic Acid,1,4,0.34583324594260195
32,2,Acetic Acid,1,5,0.31845628058687636
32,2,Acetic Acid,1,6,0.3544695730873663
32,2,Acetic Acid,1,7,0.35371981909398365
32,2,Acetic Acid,1,8,0.35634882139854995
32,2,Acetic Acid,1,9,0.3885226367289229
32,2,Acetic Acid,1,10,0.37404185108216337
32,2,Acetic Acid,1,11,0.36642149481990527
32,2,Acetic Acid,1,12,0.33719477016683325
32,2,Acetic Acid,1,13,0.3447071742982551
32,2,Acetic Acid,1,14,0.35170213333051775
32,3,Gerinol,0,0,0.1832020446154768
32,3,Gerinol,0,1,0.20496914707065103
32,3,Gerinol,0,2,0.2025200048666097
32,3,Gerinol,0,3,0.17786377965227054
32,3,Gerinol,0,4,0.21684931491383697
32,3,Gerinol,0,5,0.19817640809952167
32,3,Gerinol,0,6,0.1669319891542064
32,3,Gerinol,0,7,0.19555499647178445
32,3,Gerinol,0,8,0.20122847859733048
32,3,Gerinol,0,9,0.21302733099263577
32,3,Gerinol,0,10,0.1906733940080664
32,3,Gerinol,0,11,0.21055603702871525
32,3,Gerinol,0,12,0.19962368477731715
32,3,Gerinol,0,13,0.17399534885927503
32,3,Gerinol,0,14,0.17228737788727497
32,3,Gerinol,1,0,0.201189600600225
32,3,Gerinol,1,1,0.20244226143115868
32,3,Gerinol,1,2,0.1875471018289958
32,3,Gerinol,1,3,0.2075556999987071
32,3,Gerinol,1,4,0.20006445539654924
32,3,Gerinol,1,5,0.19370118347202514
32,3,Gerinol,1,6,0.1664905881374061
32,3,Gerinol,1,7,0.21157725309049086
32,3,Gerinol,1,8,0.19118769524091947
32,3,Gerinol,1,9,0.17545545416816916
32,3,Gerinol,1,10,0.17063701530726144
32,3,Gerinol,1,11,0.18641896372667563
32,3,Gerinol,1,12,0.15352885818791975
32,3,Gerinol,1,13,0.19397491263133548
32,3,Gerinol,1,14,0.16576961978718852
32,4,n Methyl Piperdine,0,0,0.456829692668543
32,4,n Methyl Piperdine,0,1,0.44969186509908343
32,4,n Methyl Piperdine,0,2,0.45174947809615107
32,4,n Methyl Piperdine,0,3,0.4478095488158282
32,4,n Methyl Piperdine,0,4,0.4525749923485023
32,4,n Methyl Piperdine,0,5,0.46897986416608756
32,4,n Methyl Piperdine,0,6,0.4649453048143378
32,4,n Methyl Piperdine,0,7,0.4567006594379124
32,4,n Methyl Piperdine,0,8,0.4536624736734291
32,4,n Methyl Piperdine,0,9,0.4606184373234918
32,4,n Methyl Piperdine,0,10,0.46290459095080916
32,4,n Methyl Piperdine,0,11,0.4472262807402885
32,4,n Methyl Piperdine,0,12,0.4532453168568911
32,4,n Methyl Piperdine,0,13,0.4392891619614041
32,4,n Methyl Piperdine,0,14,0.46284964468003587
32,4,n Methyl Piperdine,1,0,0.46062483857439107
32,4,n Methyl Piperdine,1,1,0.44474530550976893
32,4,n Methyl Piperdine,1,2,0.42710456351356013
32,4,n Methyl Piperdine,1,3,0.4489757686454005
32,4,n Methyl Piperdine,1,4,0.4368719311835916
32,4,n Methyl Piperdine,1,5,0.43879784897946855
32,4,n Methyl Piperdine,1,6,0.44911725563111227
32,4,n Methyl Piperdine,1,7,0.44614107751688603
32,4,n Methyl Piperdine,1,8,0.4401997743100754
32,4,n Methyl Piperdine,1,9,0.43890779945197095
32,4,n Methyl Piperdine,1,10,0.4451113329545509
32,4,n Methyl Piperdine,1,11,0.4408289200926853
32,4,n Methyl Piperdine,1,12,0.4352307474439602
32,4,n Methyl Piperdine,1,13,0.44144413906095736
32,4,n Methyl Piperdine,1,14,0.4468213854988257
32,5,"2,4 Dimethyl Acetophenone",0,0,0.4331769002086105
32,5,"2,4 Dimethyl Acetophenone",0,1,0.415756243758299
32,5,"2,4 Dimethyl Acetophenone",0,2,0.4496353345852778
32,5,"2,4 Dimethyl Acetophenone",0,3,0.39706792455176193
32,5,"2,4 Dimethyl Acetophenone",0,4,0.42939409682680635
32,5,"2,4 Dimethyl Acetophenone",0,5,0.426942844105235
32,5,"2,4 Dimethyl Acetophenone",0,6,0.4377778626686677
32,5,"2,4 Dimethyl Acetophenone",0,7,0.4436084553116434
32,5,"2,4 Dimethyl Acetophenone",0,8,0.45157706818169085
32,5,"2,4 Dimethyl Acetophenone",0,9,0.4256426258177001
32,5,"2,4 Dimethyl Acetophenone",0,10,0.4439598639082816
32,5,"2,4 Dimethyl Acetophenone",0,11,0.4384496354468709
32,5,"2,4 Dimethyl Acetophenone",0,12,0.41155366142759336
32,5,"2,4 Dimethyl Acetophenone",0,13,0.46248820647306343
32,5,"2,4 Dimethyl Acetophenone",0,14,0.4153999561648092
32,5,"2,4 Dimethyl Acetophenone",1,0,0.436881386456351
32,5,"2,4 Dimethyl Acetophenone",1,1,0.4364648756030217
32,5,"2,4 Dimethyl Acetophenone",1,2,0.43485278538535804
32,5,"2,4 Dimethyl Acetophenone",1,3,0.4239918723932675
32,5,"2,4 Dimethyl Acetophenone",1,4,0.44263121393372584
32,5,"2,4 Dimethyl Acetophenone",1,5,0.4089629792188237
32,5,"2,4 Dimethyl Acetophenone",1,6,0.4300377216862344
32,5,"2,4 Dimethyl Acetophenone",1,7,0.4230146924883635
32,5,"2,4 Dimethyl Acetophenone",1,8,0.42141529186120485
32,5,"2,4 Dimethyl Acetophenone",1,9,0.4370118295330466
32,5,"2,4 Dimethyl Acetophenone",1,10,0.44615969150054086
32,5,"2,4 Dimethyl Acetophenone",1,11,0.42612567707303706
32,5,"2,4 Dimethyl Acetophenone",1,12,0.44197450048188985
32,5,"2,4 Dimethyl Acetophenone",1,13,0.4316673860814444
32,5,"2,4 Dimethyl Acetophenone",1,14,0.41837741686737956
32,6,4 Heptanone,0,0,0.5605305019614905
32,6,4 Heptanone,0,1,0.5595753243962863
32,6,4 Heptanone,0,2,0.5504412760453933
32,6,4 Heptanone,0,3,0.5763168584122408
32,6,4 Heptanone,0,4,0.5718590790328474
32,6,4 Heptanone,0,5,0.529881658643588
32,6,4 Heptanone,0,6,0.5284816500590704
32,6,4 Heptanone,0,7,0.5762295026021327
32,6,4 Heptanone,0,8,0.5477131511524131
32,6,4 Heptanone,0,9,0.5734090013770673
32,6,4 Heptanone,0,10,0.584422330646861
32,6,4 Heptanone,0,11,0.5372339184217042
32,6,4 Heptanone,0,12,0.5340008145588744
32,6,4 Heptanone,0,13,0.6049706865510586
32,6,4 Heptanone,0,14,0.574548063830705
32,6,4 Heptanone,1,0,0.5787243582230618
32,6,4 Heptanone,1,1,0.5668874994015162
32,6,4 Heptanone,1,2,0.5766269728958905
32,6,4 Heptanone,1,3,0.5609855825997729
32,6,4 Heptanone,1,4,0.6086822439107562
32,6,4 Heptanone,1,5,0.5705024756567062
32,6,4 Heptanone,1,6,0.6135145546493804
32,6,4 Heptanone,1,7,0.579152383460047
32,6,4 Heptanone,1,8,0.5643713384289644
32,6,4 Heptanone,1,9,0.5785619737650137
32,6,4 Heptanone,1,10,0.5280163544344796
32,6,4 Heptanone,1,11,0.5855884990305117
32,6,4 Heptanone,1,12,0.5844535534551599
32,6,4 Heptanone,1,13,0.6073329880214079
32,6,4 Heptanone,1,14,0.5449854043755987
32,7,33 Dimethyl Butyric Acid,0,0,0.6470723973518836
32,7,33 Dimethyl Butyric Acid,0,1,0.6441476275112175
32,7,33 Dimethyl Butyric Acid,0,2,0.6478452453338551
32,7,33 Dimethyl Butyric Acid,0,3,0.6366629850852175
32,7,33 Dimethyl Butyric Acid,0,4,0.64580425034183
32,7,33 Dimethyl Butyric Acid,0,5,0.6245057841536433
32,7,33 Dimethyl Butyric Acid,0,6,0.6432258741776156
32,7,33 Dimethyl Butyric Acid,0,7,0.6305057085457779
32,7,33 Dimethyl Butyric Acid,0,8,0.62296177318558
32,7,33 Dimethyl Butyric Acid,0,9,0.6274805742781515
32,7,33 Dimethyl Butyric Acid,0,10,0.637162228097462
32,7,33 Dimethyl Butyric Acid,0,11,0.6300503119060501
32,7,33 Dimethyl Butyric Acid,0,12,0.6403378970216796
32,7,33 Dimethyl Butyric Acid,0,13,0.6216176399913018
32,7,33 Dimethyl Butyric Acid,0,14,0.6188849060964537
32,7,33 Dimethyl Butyric Acid,1,0,0.6249062434653597
32,7,33 Dimethyl Butyric Acid,1,1,0.6208902977333814
32,7,33 Dimethyl Butyric Acid,1,2,0.6041516209860172
32,7,33 Dimethyl Butyric Acid,1,3,0.613118728506537
32,7,33 Dimethyl Butyric Acid,1,4,0.6218819437942192
32,7,33 Dimethyl Butyric Acid,1,5,0.6167371220949704
32,7,33 Dimethyl Butyric Acid,1,6,0.6144147566100423
32,7,33 Dimethyl Butyric Acid,1,7,0.6225302633890829
32,7,33 Dimethyl Butyric Acid,1,8,0.6068819926600487
32,7,33 Dimethyl Butyric Acid,1,9,0.6134116458814814
32,7,33 Dimethyl Butyric Acid,1,10,0.6129914677874021
32,7,33 Dimethyl Butyric Acid,1,11,0.6108067768918995
32,7,33 Dimethyl Butyric Acid,1,12,0.6098036763086256
32,7,33 Dimethyl Butyric Acid,1,13,0.6137689409451021
32,7,33 Dimethyl Butyric Acid,1,14,0.6134393198681122
32,8,2 Methyl Butyraldehyde,0,0,0.3384788047055119
32,8,2 Methyl Butyraldehyde,0,1,0.37380253493861826
32,8,2 Methyl Butyraldehyde,0,2,0.33985421014110984
32,8,2 Methyl Butyraldehyde,0,3,0.35432854126961605
32,8,2 Methyl Butyraldehyde,0,4,0.3528575901324632
32,8,2 Methyl Butyraldehyde,0,5,0.3653317385347835
32,8,2 Methyl Butyraldehyde,0,6,0.31803787979319226
32,8,2 Methyl Butyraldehyde,0,7,0.37550386207669345
32,8,2 Methyl Butyraldehyde,0,8,0.34557013741884
32,8,2 Methyl Butyraldehyde,0,9,0.38178601989438227
32,8,2 Methyl Butyraldehyde,0,10,0.34936603310921954
32,8,2 Methyl Butyraldehyde,0,11,0.3575624649049874
32,8,2 Methyl Butyraldehyde,0,12,0.39503220706566305
32,8,2 Methyl Butyraldehyde,0,13,0.35320013668035066
32,8,2 Methyl Butyraldehyde,0,14,0.38214659513711224
32,8,2 Methyl Butyraldehyde,1,0,0.3398888197425089
32,8,2 Methyl Butyraldehyde,1,1,0.3470743971869923
32,8,2 Methyl Butyraldehyde,1,2,0.3404790080303014
32,8,2 Methyl Butyraldehyde,1,3,0.35533023168330685
32,8,2 Methyl Butyraldehyde,1,4,0.32605549036216736
32,8,2 Methyl Butyraldehyde,1,5,0.32035632455549945
32,8,2 Methyl Butyraldehyde,1,6,0.3269519445632513
32,8,2 Methyl Butyraldehyde,1,7,0.3410470172816562
32,8,2 Methyl Butyraldehyde,1,8,0.3349276023433937
32,8,2 Methyl Butyraldehyde,1,9,0.35270367123826785
32,8,2 Methyl Butyraldehyde,1,10,0.3640528038528765
32,8,2 Methyl Butyraldehyde,1,11,0.3205130701484427
32,8,2 Methyl Butyraldehyde,1,12,0.3251311288930105
32,8,2 Methyl Butyraldehyde,1,13,0.3117232763067086
32,8,2 Methyl Butyraldehyde,1,14,0.3779064580090724
32,9,m Anisaldehyde,0,0,0.4654889626522445
32,9,m Anisaldehyde,0,1,0.46715073909673055
32,9,m Anisaldehyde,0,2,0.4498812695457781
32,9,m Anisaldehyde,0,3,0.46258695459648547
32,9,m Anisaldehyde,0,4,0.4674301391039275
32,9,m Anisaldehyde,0,5,0.4601997235001019
32,9,m Anisaldehyde,0,6,0.4728050651665618
32,9,m Anisaldehyde,0,7,0.48453424436198644
32,9,m Anisaldehyde,0,8,0.4536116955388377
32,9,m Anisaldehyde,0,9,0.45289981405712154
32,9,m Anisaldehyde,0,10,0.4542693240929917
32,9,m Anisaldehyde,0,11,0.4778387399286707
32,9,m Anisaldehyde,0,12,0.4724886153108539
32,9,m Anisaldehyde,0,13,0.4613120783407109
32,9,m Anisaldehyde,0,14,0.46294495859001883
32,9,m Anisaldehyde,1,0,0.44066066224458916
32,9,m Anisaldehyde,1,1,0.4568537385311692
32,9,m Anisaldehyde,1,2,0.44480380947156783
32,9,m Anisaldehyde,1,3,0.44594079130303726
32,9,m Anisaldehyde,1,4,0.45418517154733357
32,9,m Anisaldehyde,1,5,0.44662474937899665
32,9,m Anisaldehyde,1,6,0.44617905682950026
32,9,m Anisaldehyde,1,7,0.44850891469696114
32,9,m Anisaldehyde,1,8,0.45595543018885215
32,9,m Anisaldehyde,1,9,0.46403158924175736
32,9,m Anisaldehyde,1,10,0.4539640520995433
32,9,m Anisaldehyde,1,11,0.4560309486589676
32,9,m Anisaldehyde,1,12,0.44651222213915337
32,9,m Anisaldehyde,1,13,0.4416925142211532
32,9,m Anisaldehyde,1,14,0.4546140255643956
34,0,"2,3 Pentanedione",0,0,0.2859521218486719
34,0,"2,3 Pentanedione",0,1,0.2461053850149139
34,0,"2,3 Pentanedione",0,2,0.2734693606480177
34,0,"2,3 Pentanedione",0,3,0.2795986756466188
34,0,"2,3 Pentanedione",0,4,0.2689096545579457
34,0,"2,3 Pentanedione",0,5,0.31871449109721084
34,0,"2,3 Pentanedione",0,6,0.29366707715621304
34,0,"2,3 Pentanedione",0,7,0.31600047418087385
34,0,"2,3 Pentanedione",0,8,0.2882567327749616
34,0,"2,3 Pentanedione",0,9,0.28370579714428457
34,0,"2,3 Pentanedione",0,10,0.25825615579340144
34,0,"2,3 Pentanedione",0,11,0.2819693395635718
34,0,"2,3 Pentanedione",0,12,0.28199744937554366
34,0,"2,3 Pentanedione",0,13,0.24749325413280182
34,0,"2,3 Pentanedione",0,14,0.2681829144893978
34,0,"2,3 Pentanedione",1,0,0.2580070888750431
34,0,"2,3 Pentanedione",1,1,0.2764261424393452
34,0,"2,3 Pentanedione",1,2,0.2776229066375948
34,0,"2,3 Pentanedione",1,3,0.25155619178882205
34,0,"2,3 Pentanedione",1,4,0.27781089390149927
34,0,"2,3 Pentanedione",1,5,0.26153718060423925
34,0,"2,3 Pentanedione",1,6,0.19434865321657824
34,0,"2,3 Pentanedione",1,7,0.2539716030391636
34,0,"2,3 Pentanedione",1,8,0.2930638698415116
34,0,"2,3 Pentanedione",1,9,0.22404400992226015
34,0,"2,3 Pentanedione",1,10,0.2689064338483407
34,0,"2,3 Pentanedione",1,11,0.30572068419258436
34,0,"2,3 Pentanedione",1,12,0.24707383001269012
34,0,"2,3 Pentanedione",1,13,0.2661428808486443
34,0,"2,3 Pentanedione",1,14,0.23348874740725412
34,1,3 Methylvaleric Acid,0,0,0.6673162628704289
34,1,3 Methylvaleric Acid,0,1,0.6503828481098415
34,1,3 Methylvaleric Acid,0,2,0.651669358232615
34,1,3 Methylvaleric Acid,0,3,0.6646144353063562
34,1,3 Methylvaleric Acid,0,4,0.6577559692870784
34,1,3 Methylvaleric Acid,0,5,0.642539656985701
34,1,3 Methylvaleric Acid,0,6,0.6448001742610908
34,1,3 Methylvaleric Acid,0,7,0.6561072666745958
34,1,3 Methylvaleric Acid,0,8,0.6450294114721967
34,1,3 Methylvaleric Acid,0,9,0.630248519388399
34,1,3 Methylvaleric Acid,0,10,0.6506807366889277
34,1,3 Methylvaleric Acid,0,11,0.6365546883989625
34,1,3 Methylvaleric Acid,0,12,0.6672078713953689
34,1,3 Methylvaleric Acid,0,13,0.6529578613373582
34,1,3 Methylvaleric Acid,0,14,0.6422471685252946
34,1,3 Methylvaleric Acid,1,0,0.645435191458046
34,1,3 Methylvaleric Acid,1,1,0.6336474283065757
34,1,3 Methylvaleric Acid,1,2,0.6414672530368092
34,1,3 Methylvaleric Acid,1,3,0.6624120825241101
34,1,3 Methylvaleric Acid,1,4,0.6744443367529286
34,1,3 Methylvaleric Acid,1,5,0.659542006020249
34,1,3 Methylvaleric Acid,1,6,0.6514400175561855
34,1,3 Methylvaleric Acid,1,7,0.6480750726818455
34,1,3 Methylvaleric Acid,1,8,0.6428825196632937
34,1,3 Methylvaleric Acid,1,9,0.6727414536282599
34,1,3 Methylvaleric Acid,1,10,0.650482692490551
34,1,3 Methylvaleric Acid,1,11,0.6732944684450218
34,1,3 Methylvaleric Acid,1,12,0.6661460687284189
34,1,3 Methylvaleric Acid,1,13,0.6351184784150185
34,1,3 Methylvaleric Acid,1,14,0.6457587013584717
34,2,Acetic Acid,0,0,0.34053936044895367
34,2,Acetic Acid,0,1,0.35039567944045197
34,2,Acetic Acid,0,2,0.3507224192938965
34,2,Acetic Acid,0,3,0.4018534923022381
34,2,Acetic Acid,0,4,0.3337111393689768
34,2,Acetic Acid,0,5,0.35556166444686443
34,2,Acetic Acid,0,6,0.362044529829471
34,2,Acetic Acid,0,7,0.351705079781593
34,2,Acetic Acid,0,8,0.3535745153158053
34,2,Acetic Acid,0,9,0.33425345519102573
34,2,Acetic Acid,0,10,0.35351271440658133
34,2,Acetic Acid,0,11,0.3602862346624126
34,2,Acetic Acid,0,12,0.3572115917734156
34,2,Acetic Acid,0,13,0.3612698931478864
34,2,Acetic Acid,0,14,0.3753619663888819
34,2,Acetic Acid,1,0,0.39204481283286124
34,2,Acetic Acid,1,1,0.3775635558331409
34,2,Acetic Acid,1,2,0.3567693393811163
34,2,Acetic Acid,1,3,0.36633382100414
34,2,Acetic Acid,1,4,0.37269684982302764
34,2,Acetic Acid,1,5,0.3805922427174507
34,2,Acetic Acid,1,6,0.3683692005466453
34,2,Acetic Acid,1,7,0.36071764910727544
34,2,Acetic Acid,1,8,0.35649431977972146
34,2,Acetic Acid,1,9,0.3487494470662399
34,2,Acetic Acid,1,10,0.3724405791039694
34,2,Acetic Acid,1,11,0.35178584737517066
34,2,Acetic Acid,1,12,0.3596337781906558
34,2,Acetic Acid,1,13,0.3697815894172941
34,2,Acetic Acid,1,14,0.35402323202283664
34,3,Gerinol,0,0,0.21635866056114691
34,3,Gerinol,0,1,0.2225085005366161
34,3,Gerinol,0,2,0.20050633008445357
34,3,Gerinol,0,3,0.2024239336714308
34,3,Gerinol,0,4,0.2190487305828082
34,3,Gerinol,0,5,0.19769870425020325
34,3,Gerinol,0,6,0.19652598063332824
34,3,Gerinol,0,7,0.23029282093026437
34,3,Gerinol,0,8,0.22496462050405122
34,3,Gerinol,0,9,0.22014265853782722
34,3,Gerinol,0,10,0.22567189871146856
34,3,Gerinol,0,11,0.1761463606542324
34,3,Gerinol,0,12,0.23297708160417918
34,3,Gerinol,0,13,0.2165686749979862
34,3,Gerinol,0,14,0.22712438073497657
34,3,Gerinol,1,0,0.2153901666079953
34,3,Gerinol,1,1,0.20961965007748404
34,3,Gerinol,1,2,0.20408803135289744
34,3,Gerinol,1,3,0.2150486582395216
34,3,Gerinol,1,4,0.20346636628055412
34,3,Gerinol,1,5,0.223591428767868
34,3,Gerinol,1,6,0.1817191037943991
34,3,Gerinol,1,7,0.1995453695239036
34,3,Gerinol,1,8,0.2436708224780185
34,3,Gerinol,1,9,0.19810367252696337
34,3,Gerinol,1,10,0.20471288321684525
34,3,Gerinol,1,11,0.1937276273269254
34,3,Gerinol,1,12,0.21451468438938798
34,3,Gerinol,1,13,0.19622386298342673
34,3,Gerinol,1,14,0.20561833543883717
34,4,n Methyl Piperdine,0,0,0.4588608807974807
34,4,n Methyl Piperdine,0,1,0.4464798411586816
34,4,n Methyl Piperdine,0,2,0.4583788374633219
34,4,n Methyl Piperdine,0,3,0.458647783033683
34,4,n Methyl Piperdine,0,4,0.4605095972669545
34,4,n Methyl Piperdine,0,5,0.4531942764685445
34,4,n Methyl Piperdine,0,6,0.47800002112501444
34,4,n Methyl Piperdine,0,7,0.4605062180815368
34,4,n Methyl Piperdine,0,8,0.45466896950445473
34,4,n Methyl Piperdine,0,9,0.44506255319654625
34,4,n Methyl Piperdine,0,10,0.451293475502207
34,4,n Methyl Piperdine,0,11,0.46348056432440043
34,4,n Methyl Piperdine,0,12,0.4657462254342103
34,4,n Methyl Piperdine,0,13,0.463896581312722
34,4,n Methyl Piperdine,0,14,0.45835148696303707
34,4,n Methyl Piperdine,1,0,0.43877117030590596
34,4,n Methyl Piperdine,1,1,0.45271374649887586
34,4,n Methyl Piperdine,1,2,0.4388852329318465
34,4,n Methyl Piperdine,1,3,0.43691668240922443
34,4,n Methyl Piperdine,1,4,0.4507297214328884
34,4,n Methyl Piperdine,1,5,0.4530020475344285
34,4,n Methyl Piperdine,1,6,0.45604346874411694
34,4,n Methyl Piperdine,1,7,0.4527935418793593
34,4,n Methyl Piperdine,1,8,0.4530691398422125
34,4,n Methyl Piperdine,1,9,0.4409392312763315
34,4,n Methyl Piperdine,1,10,0.44797663847879315
34,4,n Methyl Piperdine,1,11,0.4367595176711946
34,4,n Methyl Piperdine,1,12,0.43278949892106894
34,4,n Methyl Piperdine,1,13,0.4547415936350151
34,4,n Methyl Piperdine,1,14,0.44279145680594284
34,5,"2,4 Dimethyl Acetophenone",0,0,0.44144600749882157
34,5,"2,4 Dimethyl Acetophenone",0,1,0.4447717551568279
34,5,"2,4 Dimethyl Acetophenone",0,2,0.4204096605191221
34,5,"2,4 Dimethyl Acetophenone",0,3,0.43746683519563884
34,5,"2,4 Dimethyl Acetophenone",0,4,0.41981967601569004
34,5,"2,4 Dimethyl Acetophenone",0,5,0.4031137089043943
34,5,"2,4 Dimethyl Acetophenone",0,6,0.43088156547463385
34,5,"2,4 Dimethyl Acetophenone",0,7,0.4225028866117181
34,5,"2,4 Dimethyl Acetophenone",0,8,0.42293698925166545
34,5,"2,4 Dimethyl Acetophenone",0,9,0.4569974057239629
34,5,"2,4 Dimethyl Acetophenone",0,10,0.4076263916620093
34,5,"2,4 Dimethyl Acetophenone",0,11,0.4345416892891868
34,5,"2,4 Dimethyl Acetophenone",0,12,0.4151148138326497
34,5,"2,4 Dimethyl Acetophenone",0,13,0.44195030629346543
34,5,"2,4 Dimethyl Acetophenone",0,14,0.43335098800652455
34,5,"2,4 Dimethyl Acetophenone",1,0,0.42750266647260343
34,5,"2,4 Dimethyl Acetophenone",1,1,0.40882941960946156
34,5,"2,4 Dimethyl Acetophenone",1,2,0.41135778323071065
34,5,"2,4 Dimethyl Acetophenone",1,3,0.43522878376448326
34,5,"2,4 Dimethyl Acetophenone",1,4,0.4471237855315293
34,5,"2,4 Dimethyl Acetophenone",1,5,0.4289263693908399
34,5,"2,4 Dimethyl Acetophenone",1,6,0.4094987865424035
34,5,"2,4 Dimethyl Acetophenone",1,7,0.42693289708445087
34,5,"2,4 Dimethyl Acetophenone",1,8,0.456383661084015
34,5,"2,4 Dimethyl Acetophenone",1,9,0.42359774907950937
34,5,"2,4 Dimethyl Acetophenone",1,10,0.44276713262491363
34,5,"2,4 Dimethyl Acetophenone",1,11,0.4117139582751228
34,5,"2,4 Dimethyl Acetophenone",1,12,0.42156000520013437
34,5,"2,4 Dimethyl Acetophenone",1,13,0.43089006135593044
34,5,"2,4 Dimethyl Acetophenone",1,14,0.4277562613175804
34,6,4 Heptanone,0,0,0.5393610614788432
34,6,4 Heptanone,0,1,0.5383692032175437
34,6,4 Heptanone,0,2,0.5797143270648626
34,6,4 Heptanone,0,3,0.5843889661686681
34,6,4 Heptanone,0,4,0.5917618291405435
34,6,4 Heptanone,0,5,0.5984722274460621
34,6,4 Heptanone,0,6,0.5600820836256107
34,6,4 Heptanone,0,7,0.5498293249825812
34,6,4 Heptanone,0,8,0.5880557060396305
34,6,4 Heptanone,0,9,0.5733850404374118
34,6,4 Heptanone,0,10,0.5343920492382379
34,6,4 Heptanone,0,11,0.5332150228335877
34,6,4 Heptanone,0,12,0.5682993728381063
34,6,4 Heptanone,0,13,0.5529092686528927
34,6,4 Heptanone,0,14,0.5563783345271516
34,6,4 Heptanone,1,0,0.5990731033054805
34,6,4 Heptanone,1,1,0.591863443377483
34,6,4 Heptanone,1,2,0.604991302411911
34,6,4 Heptanone,1,3,0.5299867222780492
34,6,4 Heptanone,1,4,0.5802349558581487
34,6,4 Heptanone,1,5,0.5903835796454736
34,6,4 Heptanone,1,6,0.5392996051911223
34,6,4 Heptanone,1,7,0.5593463860452769
34,6,4 Heptanone,1,8,0.5550782729116652
34,6,4 Heptanone,1,9,0.5749064183188741
34,6,4 Heptanone,1,10,0.6118441431261323
34,6,4 Heptanone,1,11,0.6209221098632577
34,6,4 Heptanone,1,12,0.5556807549888823
34,6,4 Heptanone,1,13,0.5865169643007988
34,6,4 Heptanone,1,14,0.5872584206857122
34,7,33 Dimethyl Butyric Acid,0,0,0.6413786384420415
34,7,33 Dimethyl Butyric Acid,0,1,0.6414759447456831
34,7,33 Dimethyl Butyric Acid,0,2,0.6406597315212383
34,7,33 Dimethyl Butyric Acid,0,3,0.6525195846617005
34,7,33 Dimethyl Butyric Acid,0,4,0.6475050562968437
34,7,33 Dimethyl Butyric Acid,0,5,0.6289706954094859
34,7,33 Dimethyl Butyric Acid,0,6,0.6448761480828326
34,7,33 Dimethyl Butyric Acid,0,7,0.6457044897006374
34,7,33 Dimethyl Butyric Acid,0,8,0.6407559315799126
34,7,33 Dimethyl Butyric Acid,0,9,0.6477532345500195
34,7,33 Dimethyl Butyric Acid,0,10,0.6396684150978106
34,7,33 Dimethyl Butyric Acid,0,11,0.639774633027773
34,7,33 Dimethyl Butyric Acid,0,12,0.6390956303367118
34,7,33 Dimethyl Butyric Acid,0,13,0.6207595506276721
34,7,33 Dimethyl Butyric Acid,0,14,0.6373675189973568
34,7,33 Dimethyl Butyric Acid,1,0,0.6159182597522398
34,7,33 Dimethyl Butyric Acid,1,1,0.6114771393232326
34,7,33 Dimethyl Butyric Acid,1,2,0.6339353881872433
34,7,33 Dimethyl Butyric Acid,1,3,0.6259666072572019
34,7,33 Dimethyl Butyric Acid,1,4,0.6213897226242101
34,7,33 Dimethyl Butyric Acid,1,5,0.6168048361295803
34,7,33 Dimethyl Butyric Acid,1,6,0.6241836544449869
34,7,33 Dimethyl Butyric Acid,1,7,0.6301423147413698
34,7,33 Dimethyl Butyric Acid,1,8,0.6145580182325469
34,7,33 Dimethyl Butyric Acid,1,9,0.6216040039761519
34,7,33 Dimethyl Butyric Acid,1,10,0.6290849971586291
34,7,33 Dimethyl Butyric Acid,1,11,0.6050532248322705
34,7,33 Dimethyl Butyric Acid,1,12,0.6211519930948437
34,7,33 Dimethyl Butyric Acid,1,13,0.6179662179135805
34,7,33 Dimethyl Butyric Acid,1,14,0.6204984192541949
34,8,2 Methyl Butyraldehyde,0,0,0.35774871368352185
34,8,2 Methyl Butyraldehyde,0,1,0.3699530801237645
34,8,2 Methyl Butyraldehyde,0,2,0.4040507298334254
34,8,2 Methyl Butyraldehyde,0,3,0.3611414073441068
34,8,2 Methyl Butyraldehyde,0,4,0.3728948363003758
34,8,2 Methyl Butyraldehyde,0,5,0.40540850920055116
34,8,2 Methyl Butyraldehyde,0,6,0.3568249279552054
34,8,2 Methyl Butyraldehyde,0,7,0.40197066415056654
34,8,2 Methyl Butyraldehyde,0,8,0.36742723076274814
34,8,2 Methyl Butyraldehyde,0,9,0.4013448582046481
34,8,2 Methyl Butyraldehyde,0,10,0.38164814675607456
34,8,2 Methyl Butyraldehyde,0,11,0.3731887964330361
34,8,2 Methyl Butyraldehyde,0,12,0.36607261123647356
34,8,2 Methyl Butyraldehyde,0,13,0.3554116557272667
34,8,2 Methyl Butyraldehyde,0,14,0.3687725880907796
34,8,2 Methyl Butyraldehyde,1,0,0.3715178239853718
34,8,2 Methyl Butyraldehyde,1,1,0.3541354386464862
34,8,2 Methyl Butyraldehyde,1,2,0.3483409205267441
34,8,2 Methyl Butyraldehyde,1,3,0.3495979167227569
34,8,2 Methyl Butyraldehyde,1,4,0.3733337245863792
34,8,2 Methyl Butyraldehyde,1,5,0.3777760507908293
34,8,2 Methyl Butyraldehyde,1,6,0.34164878529514864
34,8,2 Methyl Butyraldehyde,1,7,0.34162134410280914
34,8,2 Methyl Butyraldehyde,1,8,0.36162832607249223
34,8,2 Methyl Butyraldehyde,1,9,0.38354878989141067
34,8,2 Methyl Butyraldehyde,1,10,0.3762645468281435
34,8,2 Methyl Butyraldehyde,1,11,0.3304858936357343
34,8,2 Methyl Butyraldehyde,1,12,0.3493441237473351
34,8,2 Methyl Butyraldehyde,1,13,0.33661904489737743
34,8,2 Methyl Butyraldehyde,1,14,0.3492785144684378
34,9,m Anisaldehyde,0,0,0.4838076936797116
34,9,m Anisaldehyde,0,1,0.45508540758814353
34,9,m Anisaldehyde,0,2,0.45322311837599377
34,9,m Anisaldehyde,0,3,0.4607221150177413
34,9,m Anisaldehyde,0,4,0.47131018044673767
34,9,m Anisaldehyde,0,5,0.4744741205019964
34,9,m Anisaldehyde,0,6,0.47273478784924383
34,9,m Anisaldehyde,0,7,0.4797396701892438
34,9,m Anisaldehyde,0,8,0.4518546604383594
34,9,m Anisaldehyde,0,9,0.4798597125561741
34,9,m Anisaldehyde,0,10,0.46562261921400516
34,9,m Anisaldehyde,0,11,0.47552489027541966
34,9,m Anisaldehyde,0,12,0.4560264479194433
34,9,m Anisaldehyde,0,13,0.4686310191862224
34,9,m Anisaldehyde,0,14,0.4708258806445863
34,9,m Anisaldehyde,1,0,0.4641831922135325
34,9,m Anisaldehyde,1,1,0.4381747112447114
34,9,m Anisaldehyde,1,2,0.4535084598640099
34,9,m Anisaldehyde,1,3,0.4429192265354834
34,9,m Anisaldehyde,1,4,0.45801314124865694
34,9,m Anisaldehyde,1,5,0.46059140562597056
34,9,m Anisaldehyde,1,6,0.46543018485648063
34,9,m Anisaldehyde,1,7,0.4481399446990756
34,9,m Anisaldehyde,1,8,0.4620147995891922
34,9,m Anisaldehyde,1,9,0.4661297967946612
34,9,m Anisaldehyde,1,10,0.4376244413632291
34,9,m Anisaldehyde,1,11,0.45902699430105154
34,9,m Anisaldehyde,1,12,0.46231165023323123
34,9,m Anisaldehyde,1,13,0.4507616915959317
34,9,m Anisaldehyde,1,14,0.44172803595176047
36,0,"2,3 Pentanedione",0,0,0.30455308165718964
36,0,"2,3 Pentanedione",0,1,0.2509914670655041
36,0,"2,3 Pentanedione",0,2,0.27652040189167554
36,0,"2,3 Pentanedione",0,3,0.2799760863093648
36,0,"2,3 Pentanedione",0,4,0.29886763904704805
36,0,"2,3 Pentanedione",0,5,0.26531339876663473
36,0,"2,3 Pentanedione",0,6,0.2638645955337517
36,0,"2,3 Pentanedione",0,7,0.28345207472352585
36,0,"2,3 Pentanedione",0,8,0.3061389496949418
36,0,"2,3 Pentanedione",0,9,0.33816543777077673
36,0,"2,3 Pentanedione",0,10,0.2432921577599787
36,0,"2,3 Pentanedione",0,11,0.2888627381991125
36,0,"2,3 Pentanedione",0,12,0.2538158120985908
36,0,"2,3 Pentanedione",0,13,0.30644946883461666
36,0,"2,3 Pentanedione",0,14,0.25751557407171727
36,0,"2,3 Pentanedione",1,0,0.24568096898727015
36,0,"2,3 Pentanedione",1,1,0.24781540296522833
36,0,"2,3 Pentanedione",1,2,0.26064220097383317
36,0,"2,3 Pentanedione",1,3,0.27062711436329595
36,0,"2,3 Pentanedione",1,4,0.27463970928204107
36,0,"2,3 Pentanedione",1,5,0.2624029857872587
36,0,"2,3 Pentanedione",1,6,0.2292998988808137
36,0,"2,3 Pentanedione",1,7,0.280741828199583
36,0,"2,3 Pentanedione",1,8,0.26122320785025255
36,0,"2,3 Pentanedione",1,9,0.2915905441921957
36,0,"2,3 Pentanedione",1,10,0.24485370495482983
36,0,"2,3 Pentanedione",1,11,0.22249030625805338
36,0,"2,3 Pentanedione",1,12,0.2616965243747514
36,0,"2,3 Pentanedione",1,13,0.29494599164893487
36,0,"2,3 Pentanedione",1,14,0.2665707278572295
36,1,3 Methylvaleric Acid,0,0,0.6513797056174198
36,1,3 Methylvaleric Acid,0,1,0.6447404585345871
36,1,3 Methylvaleric Acid,0,2,0.6707569897411667
36,1,3 Methylvaleric Acid,0,3,0.6431639369271877
36,1,3 Methylvaleric Acid,0,4,0.6461753920057833
36,1,3 Methylvaleric Acid,0,5,0.6589992502572403
36,1,3 Methylvaleric Acid,0,6,0.6349829613770714
36,1,3 Methylvaleric Acid,0,7,0.6659738788185662
36,1,3 Methylvaleric Acid,0,8,0.6595353866121303
36,1,3 Methylvaleric Acid,0,9,0.6622580748253197
36,1,3 Methylvaleric Acid,0,10,0.658881278261444
36,1,3 Methylvaleric Acid,0,11,0.6517612875190959
36,1,3 Methylvaleric Acid,0,12,0.6428318532633736
36,1,3 Methylvaleric Acid,0,13,0.6519696491196798
36,1,3 Methylvaleric Acid,0,14,0.6437021260541497
36,1,3 Methylvaleric Acid,1,0,0.6586597150990883
36,1,3 Methylvaleric Acid,1,1,0.6618336791962085
36,1,3 Methylvaleric Acid,1,2,0.6684665073846799
36,1,3 Methylvaleric Acid,1,3,0.6575273551794952
36,1,3 Methylvaleric Acid,1,4,0.662999774571337
36,1,3 Methylvaleric Acid,1,5,0.6509055788160438
36,1,3 Methylvaleric Acid,1,6,0.6491124915747783
36,1,3 Methylvaleric Acid,1,7,0.6585361377617065
36,1,3 Methylvaleric Acid,1,8,0.6500212911936233
36,1,3 Methylvaleric Acid,1,9,0.6565118648049199
36,1,3 Methylvaleric Acid,1,10,0.6433420300958448
36,1,3 Methylvaleric Acid,1,11,0.6451195962565658
36,1,3 Methylvaleric Acid,1,12,0.6601372278230202
36,1,3 Methylvaleric Acid,1,13,0.662624736124101
36,1,3 Methylvaleric Acid,1,14,0.6440897851843732
36,2,Acetic Acid,0,0,0.3760466715719241
36,2,Acetic Acid,0,1,0.35591662022077963
36,2,Acetic Acid,0,2,0.36510450957173785
36,2,Acetic Acid,0,3,0.3885315376123581
36,2,Acetic Acid,0,4,0.3783363287927267
36,2,Acetic Acid,0,5,0.3781420249728495
36,2,Acetic Acid,0,6,0.3967593052760804
36,2,Acetic Acid,0,7,0.3530536702289444
36,2,Acetic Acid,0,8,0.3483363505217062
36,2,Acetic Acid,0,9,0.35274849625114324
36,2,Acetic Acid,0,10,0.3605710243903019
36,2,Acetic Acid,0,11,0.3254406748837119
36,2,Acetic Acid,0,12,0.361358474617228
36,2,Acetic Acid,0,13,0.355718639295989
36,2,Acetic Acid,0,14,0.3779394075909737
36,2,Acetic Acid,1,0,0.38755234667673233
36,2,Acetic Acid,1,1,0.37160829513522015
36,2,Acetic Acid,1,2,0.39152602181788765
36,2,Acetic Acid,1,3,0.39375594699262423
36,2,Acetic Acid,1,4,0.3688004567698541
36,2,Acetic Acid,1,5,0.37340947551905906
36,2,Acetic Acid,1,6,0.34443031556562165
36,2,Acetic Acid,1,7,0.3634120201843477
36,2,Acetic Acid,1,8,0.36923666888054346
36,2,Acetic Acid,1,9,0.3828976316481687
36,2,Acetic Acid,1,10,0.36584226861472435
36,2,Acetic Acid,1,11,0.3730677534157125
36,2,Acetic Acid,1,12,0.3611592023933671
36,2,Acetic Acid,1,13,0.3845194063998398
36,2,Acetic Acid,1,14,0.3887784541878429
36,3,Gerinol,0,0,0.22003009402972912
36,3,Gerinol,0,1,0.2133763983029636
36,3,Gerinol,0,2,0.18687392067755793
36,3,Gerinol,0,3,0.2025887450504624
36,3,Gerinol,0,4,0.2062166247482581
36,3,Gerinol,0,5,0.20628506084139214
36,3,Gerinol,0,6,0.21444473290435392
36,3,Gerinol,0,7,0.23748606411932122
36,3,Gerinol,0,8,0.22702033768669913
36,3,Gerinol,0,9,0.1963178903158536
36,3,Gerinol,0,10,0.22473945263467274
36,3,Gerinol,0,11,0.22408943611157747
36,3,Gerinol,0,12,0.19941353667170947
36,3,Gerinol,0,13,0.22764765003773157
36,3,Gerinol,0,14,0.21042939286269005
36,3,Gerinol,1,0,0.18871354325483441
36,3,Gerinol,1,1,0.22053417854459165
36,3,Gerinol,1,2,0.21646965206525867
36,3,Gerinol,1,3,0.20888384785655317
36,3,Gerinol,1,4,0.21212918773569014
36,3,Gerinol,1,5,0.20050014795995638
36,3,Gerinol,1,6,0.22317733535803974
36,3,Gerinol,1,7,0.21202686609925667
36,3,Gerinol,1,8,0.21560787164668907
36,3,Gerinol,1,9,0.21886120502358716
36,3,Gerinol,1,10,0.1930702657480909
36,3,Gerinol,1,11,0.19751117734426885
36,3,Gerinol,1,12,0.17506523826095366
36,3,Gerinol,1,13,0.2224029858483305
36,3,Gerinol,1,14,0.1920871602589263
36,4,n Methyl Piperdine,0,0,0.45357563749961904
36,4,n Methyl Piperdine,0,1,0.45548298561997025
36,4,n Methyl Piperdine,0,2,0.457333902531594
36,4,n Methyl Piperdine,0,3,0.44288294450976534
36,4,n Methyl Piperdine,0,4,0.45199378687532826
36,4,n Methyl Piperdine,0,5,0.4658773231867558
36,4,n Methyl Piperdine,0,6,0.46622959726032837
36,4,n Methyl Piperdine,0,7,0.4604136645726694
36,4,n Methyl Piperdine,0,8,0.4552150249310045
36,4,n Methyl Piperdine,0,9,0.4444742287096908
36,4,n Methyl Piperdine,0,10,0.45826405282358224
36,4,n Methyl Piperdine,0,11,0.45125090999047907
36,4,n Methyl Piperdine,0,12,0.45699930602263655
36,4,n Methyl Piperdine,0,13,0.4474523321816369
36,4,n Methyl Piperdine,0,14,0.4511316149177344
36,4,n Methyl Piperdine,1,0,0.4421920870503005
36,4,n Methyl Piperdine,1,1,0.44284913290163996
36,4,n Methyl Piperdine,1,2,0.4448286898853711
36,4,n Methyl Piperdine,1,3,0.43624534829348993
36,4,n Methyl Piperdine,1,4,0.4301326325528075
36,4,n Methyl Piperdine,1,5,0.4538771884888875
36,4,n Methyl Piperdine,1,6,0.460792941521876
36,4,n Methyl Piperdine,1,7,0.44445827385930814
36,4,n Methyl Piperdine,1,8,0.43028697141184824
36,4,n Methyl Piperdine,1,9,0.4346933472349461
36,4,n Methyl Piperdine,1,10,0.44495184872209687
36,4,n Methyl Piperdine,1,11,0.4516078330631394
36,4,n Methyl Piperdine,1,12,0.43117578309335425
36,4,n Methyl Piperdine,1,13,0.4398842456028979
36,4,n Methyl Piperdine,1,14,0.4424463646852409
36,5,"2,4 Dimethyl Acetophenone",0,0,0.453538721978087
36,5,"2,4 Dimethyl Acetophenone",0,1,0.4365019781114367
36,5,"2,4 Dimethyl Acetophenone",0,2,0.4192955400554536
36,5,"2,4 Dimethyl Acetophenone",0,3,0.4501067669089916
36,5,"2,4 Dimethyl Acetophenone",0,4,0.45720809309888616
36,5,"2,4 Dimethyl Acetophenone",0,5,0.4401825190328191
36,5,"2,4 Dimethyl Acetophenone",0,6,0.44706151416982864
36,5,"2,4 Dimethyl Acetophenone",0,7,0.43465627420667946
36,5,"2,4 Dimethyl Acetophenone",0,8,0.42942077013529395
36,5,"2,4 Dimethyl Acetophenone",0,9,0.45582095709810494
36,5,"2,4 Dimethyl Acetophenone",0,10,0.44681129959488447
36,5,"2,4 Dimethyl Acetophenone",0,11,0.4482619256429003
36,5,"2,4 Dimethyl Acetophenone",0,12,0.46252873463489586
36,5,"2,4 Dimethyl Acetophenone",0,13,0.4264726452402182
36,5,"2,4 Dimethyl Acetophenone",0,14,0.4335629395278312
36,5,"2,4 Dimethyl Acetophenone",1,0,0.4429070933157568
36,5,"2,4 Dimethyl Acetophenone",1,1,0.4327225721919463
36,5,"2,4 Dimethyl Acetophenone",1,2,0.45172318906078407
36,5,"2,4 Dimethyl Acetophenone",1,3,0.43803750041422473
36,5,"2,4 Dimethyl Acetophenone",1,4,0.42668417570168404
36,5,"2,4 Dimethyl Acetophenone",1,5,0.4416075059871578
36,5,"2,4 Dimethyl Acetophenone",1,6,0.44308202426658344
36,5,"2,4 Dimethyl Acetophenone",1,7,0.453860158145787
36,5,"2,4 Dimethyl Acetophenone",1,8,0.44622379477179
36,5,"2,4 Dimethyl Acetophenone",1,9,0.4471827516489678
36,5,"2,4 Dimethyl Acetophenone",1,10,0.44519653562656747
36,5,"2,4 Dimethyl Acetophenone",1,11,0.43802589091637745
36,5,"2,4 Dimethyl Acetophenone",1,12,0.4305805217545826
36,5,"2,4 Dimethyl Acetophenone",1,13,0.44475300687384506
36,5,"2,4 Dimethyl Acetophenone",1,14,0.4359825998876343
36,6,4 Heptanone,0,0,0.5681657957378692
36,6,4 Heptanone,0,1,0.5601709033990703
36,6,4 Heptanone,0,2,0.5438577147494795
36,6,4 Heptanone,0,3,0.5380077653985771
36,6,4 Heptanone,0,4,0.5272810881378296
36,6,4 Heptanone,0,5,0.5003011188342393
36,6,4 Heptanone,0,6,0.5243324931861035
36,6,4 Heptanone,0,7,0.5316358921731064
36,6,4 Heptanone,0,8,0.5345808826814231
36,6,4 Heptanone,0,9,0.5401021434561327
36,6,4 Heptanone,0,10,0.5504923162018738
36,6,4 Heptanone,0,11,0.5133860541455869
36,6,4 Heptanone,0,12,0.5135948370191232
36,6,4 Heptanone,0,13,0.5626701531801505
36,6,4 Heptanone,0,14,0.5470346593911685
36,6,4 Heptanone,1,0,0.5425100445044485
36,6,4 Heptanone,1,1,0.5490312380795672
36,6,4 Heptanone,1,2,0.5491346633880723
36,6,4 Heptanone,1,3,0.5522229663679648
36,6,4 Heptanone,1,4,0.5623674129816081
36,6,4 Heptanone,1,5,0.6097955806437276
36,6,4 Heptanone,1,6,0.555860782453642
36,6,4 Heptanone,1,7,0.5667350030786494
36,6,4 Heptanone,1,8,0.5127119246617737
36,6,4 Heptanone,1,9,0.5403453024699374
36,6,4 Heptanone,1,10,0.5797566304338396
36,6,4 Heptanone,1,11,0.560749124908728
36,6,4 Heptanone,1,12,0.45055774611744714
36,6,4 Heptanone,1,13,0.5669977518252394
36,6,4 Heptanone,1,14,0.5956100103936225
36,7,33 Dimethyl Butyric Acid,0,0,0.6229169587424427
36,7,33 Dimethyl Butyric Acid,0,1,0.6530441834031667
36,7,33 Dimethyl Butyric Acid,0,2,0.6162659743888237
36,7,33 Dimethyl Butyric Acid,0,3,0.6480614927335456
36,7,33 Dimethyl Butyric Acid,0,4,0.6399484149052833
36,7,33 Dimethyl Butyric Acid,0,5,0.6198825181892249
36,7,33 Dimethyl Butyric Acid,0,6,0.6438460828476618
36,7,33 Dimethyl Butyric Acid,0,7,0.6498856077067012
36,7,33 Dimethyl Butyric Acid,0,8,0.6431411665174172
36,7,33 Dimethyl Butyric Acid,0,9,0.6450346996628811
36,7,33 Dimethyl Butyric Acid,0,10,0.6364943381575686
36,7,33 Dimethyl Butyric Acid,0,11,0.6240698203402834
36,7,33 Dimethyl Butyric Acid,0,12,0.6459520363262333
36,7,33 Dimethyl Butyric Acid,0,13,0.6550184970992936
36,7,33 Dimethyl Butyric Acid,0,14,0.6497034120571925
36,7,33 Dimethyl Butyric Acid,1,0,0.6074017644865478
36,7,33 Dimethyl Butyric Acid,1,1,0.6114553692371055
36,7,33 Dimethyl Butyric Acid,1,2,0.6171882885027106
36,7,33 Dimethyl Butyric Acid,1,3,0.610786189273191
36,7,33 Dimethyl Butyric Acid,1,4,0.6248172294166497
36,7,33 Dimethyl Butyric Acid,1,5,0.6278102089333307
36,7,33 Dimethyl Butyric Acid,1,6,0.6121807712211359
36,7,33 Dimethyl Butyric Acid,1,7,0.6310987512816276
36,7,33 Dimethyl Butyric Acid,1,8,0.629590163887966
36,7,33 Dimethyl Butyric Acid,1,9,0.619740605289994
36,7,33 Dimethyl Butyric Acid,1,10,0.6229599378440552
36,7,33 Dimethyl Butyric Acid,1,11,0.6077280766646048
36,7,33 Dimethyl Butyric Acid,1,12,0.6215909125873698
36,7,33 Dimethyl Butyric Acid,1,13,0.6245017990539355
36,7,33 Dimethyl Butyric Acid,1,14,0.6258847292420578
36,8,2 Methyl Butyraldehyde,0,0,0.3785900300228561
36,8,2 Methyl Butyraldehyde,0,1,0.37601962906998004
36,8,2 Methyl Butyraldehyde,0,2,0.3663099186531323
36,8,2 Methyl Butyraldehyde,0,3,0.3768205828214212
36,8,2 Methyl Butyraldehyde,0,4,0.39048705833379244
36,8,2 Methyl Butyraldehyde,0,5,0.3695334519736405
36,8,2 Methyl Butyraldehyde,0,6,0.377420058112298
36,8,2 Methyl Butyraldehyde,0,7,0.3678023594193534
36,8,2 Methyl Butyraldehyde,0,8,0.3590089997869939
36,8,2 Methyl Butyraldehyde,0,9,0.3813392731941078
36,8,2 Methyl Butyraldehyde,0,10,0.36075651079291277
36,8,2 Methyl Butyraldehyde,0,11,0.37872882575319217
36,8,2 Methyl Butyraldehyde,0,12,0.37189610339188417
36,8,2 Methyl Butyraldehyde,0,13,0.36555406346525027
36,8,2 Methyl Butyraldehyde,0,14,0.36509189101172873
36,8,2 Methyl Butyraldehyde,1,0,0.34363282797129246
36,8,2 Methyl Butyraldehyde,1,1,0.3219126916637394
36,8,2 Methyl Butyraldehyde,1,2,0.36064375179696756
36,8,2 Methyl Butyraldehyde,1,3,0.3577542709828401
36,8,2 Methyl Butyraldehyde,1,4,0.3695552369598364
36,8,2 Methyl Butyraldehyde,1,5,0.3431873080855183
36,8,2 Methyl Butyraldehyde,1,6,0.38951957966933565
36,8,2 Methyl Butyraldehyde,1,7,0.3460839040449098
36,8,2 Methyl Butyraldehyde,1,8,0.33662642701701573
36,8,2 Methyl Butyraldehyde,1,9,0.33436263510147113
36,8,2 Methyl Butyraldehyde,1,10,0.32023031625968357
36,8,2 Methyl Butyraldehyde,1,11,0.3825939918726113
36,8,2 Methyl Butyraldehyde,1,12,0.37950954320250463
36,8,2 Methyl Butyraldehyde,1,13,0.36480285841594134
36,8,2 Methyl Butyraldehyde,1,14,0.33622590115378875
36,9,m Anisaldehyde,0,0,0.48371698133414426
36,9,m Anisaldehyde,0,1,0.46319312654506023
36,9,m Anisaldehyde,0,2,0.46397777574828103
36,9,m Anisaldehyde,0,3,0.4801681394889555
36,9,m Anisaldehyde,0,4,0.4727826523523192
36,9,m Anisaldehyde,0,5,0.48741599889438064
36,9,m Anisaldehyde,0,6,0.4688905132816604
36,9,m Anisaldehyde,0,7,0.46276317964884417
36,9,m Anisaldehyde,0,8,0.460725260590698
36,9,m Anisaldehyde,0,9,0.4490049457721554
36,9,m Anisaldehyde,0,10,0.4638869697907936
36,9,m Anisaldehyde,0,11,0.4773911326838835
36,9,m Anisaldehyde,0,12,0.47221260748288985
36,9,m Anisaldehyde,0,13,0.4667231672384355
36,9,m Anisaldehyde,0,14,0.4570898730305207
36,9,m Anisaldehyde,1,0,0.456246431645263
36,9,m Anisaldehyde,1,1,0.4637039585313694
36,9,m Anisaldehyde,1,2,0.4581806600529766
36,9,m Anisaldehyde,1,3,0.45567580382502704
36,9,m Anisaldehyde,1,4,0.44653164669709466
36,9,m Anisaldehyde,1,5,0.4623221064896818
36,9,m Anisaldehyde,1,6,0.42437611823540083
36,9,m Anisaldehyde,1,7,0.45772640405857556
36,9,m Anisaldehyde,1,8,0.4784826308041716
36,9,m Anisaldehyde,1,9,0.4397812620301549
36,9,m Anisaldehyde,1,10,0.4518034362813254
36,9,m Anisaldehyde,1,11,0.45401864514474544
36,9,m Anisaldehyde,1,12,0.44970441710359194
36,9,m Anisaldehyde,1,13,0.46392751654752207
36,9,m Anisaldehyde,1,14,0.45857663867007786
38,0,"2,3 Pentanedione",0,0,0.3399218031273917
38,0,"2,3 Pentanedione",0,1,0.3560461078429407
38,0,"2,3 Pentanedione",0,2,0.3365330615405023
38,0,"2,3 Pentanedione",0,3,0.41561090603429657
38,0,"2,3 Pentanedione",0,4,0.33989796715512727
38,0,"2,3 Pentanedione",0,5,0.3409963462759513
38,0,"2,3 Pentanedione",0,6,0.29335259257437685
38,0,"2,3 Pentanedione",0,7,0.32252803563112314
38,0,"2,3 Pentanedione",0,8,0.364798735858704
38,0,"2,3 Pentanedione",0,9,0.3027278725547119
38,0,"2,3 Pentanedione",0,10,0.28217536445615987
38,0,"2,3 Pentanedione",0,11,0.33692218059339807
38,0,"2,3 Pentanedione",0,12,0.37038290650058314
38,0,"2,3 Pentanedione",0,13,0.33717382453111183
38,0,"2,3 Pentanedione",0,14,0.3277111787480501
38,0,"2,3 Pentanedione",1,0,0.2729081952313141
38,0,"2,3 Pentanedione",1,1,0.33067674674239345
38,0,"2,3 Pentanedione",1,2,0.33590227139691475
38,0,"2,3 Pentanedione",1,3,0.27482708119731114
38,0,"2,3 Pentanedione",1,4,0.34773370489226907
38,0,"2,3 Pentanedione",1,5,0.33851278182214134
38,0,"2,3 Pentanedione",1,6,0.34767829223852226
38,0,"2,3 Pentanedione",1,7,0.3339585209706722
38,0,"2,3 Pentanedione",1,8,0.33571246139512156
38,0,"2,3 Pentanedione",1,9,0.33238841614238207
38,0,"2,3 Pentanedione",1,10,0.3410822017123685
38,0,"2,3 Pentanedione",1,11,0.27390144944674066
38,0,"2,3 Pentanedione",1,12,0.28184390783430074
38,0,"2,3 Pentanedione",1,13,0.30097019617009435
38,0,"2,3 Pentanedione",1,14,0.3161248893830248
38,1,3 Methylvaleric Acid,0,0,0.6696754290932803
38,1,3 Methylvaleric Acid,0,1,0.6690472651939361
38,1,3 Methylvaleric Acid,0,2,0.6768917239527465
38,1,3 Methylvaleric Acid,0,3,0.6772024584686627
38,1,3 Methylvaleric Acid,0,4,0.6571971206156647
38,1,3 Methylvaleric Acid,0,5,0.6681948790376648
38,1,3 Methylvaleric Acid,0,6,0.6574401841205931
38,1,3 Methylvaleric Acid,0,7,0.6639696209480431
38,1,3 Methylvaleric Acid,0,8,0.6690186533516309
38,1,3 Methylvaleric Acid,0,9,0.6320892133236381
38,1,3 Methylvaleric Acid,0,10,0.6897028098513623
38,1,3 Methylvaleric Acid,0,11,0.6714401978831956
38,1,3 Methylvaleric Acid,0,12,0.6599360820731219
38,1,3 Methylvaleric Acid,0,13,0.684912784422316
38,1,3 Methylvaleric Acid,0,14,0.6623938065983581
38,1,3 Methylvaleric Acid,1,0,0.66613076306643
38,1,3 Methylvaleric Acid,1,1,0.6599967971949525
38,1,3 Methylvaleric Acid,1,2,0.6811725041063688
38,1,3 Methylvaleric Acid,1,3,0.6637796345244109
38,1,3 Methylvaleric Acid,1,4,0.6662987021746667
38,1,3 Methylvaleric Acid,1,5,0.6767355338951355
38,1,3 Methylvaleric Acid,1,6,0.6706113931033516
38,1,3 Methylvaleric Acid,1,7,0.6642809027394607
38,1,3 Methylvaleric Acid,1,8,0.6758110248962862
38,1,3 Methylvaleric Acid,1,9,0.6899481643285678
38,1,3 Methylvaleric Acid,1,10,0.6679610585001233
38,1,3 Methylvaleric Acid,1,11,0.665974756764002
38,1,3 Methylvaleric Acid,1,12,0.6665080032863442
38,1,3 Methylvaleric Acid,1,13,0.6777912699083747
38,1,3 Methylvaleric Acid,1,14,0.6588872625773096
38,2,Acetic Acid,0,0,0.3783470269474006
38,2,Acetic Acid,0,1,0.3572839454722554
38,2,Acetic Acid,0,2,0.36319867081800544
38,2,Acetic Acid,0,3,0.3743408824832411
38,2,Acetic Acid,0,4,0.38206708534045486
38,2,Acetic Acid,0,5,0.41259665134995815
38,2,Acetic Acid,0,6,0.39196909008788816
38,2,Acetic Acid,0,7,0.3677452563470249
38,2,Acetic Acid,0,8,0.3708249112637748
38,2,Acetic Acid,0,9,0.406000086167407
38,2,Acetic Acid,0,10,0.4018491429787816
38,2,Acetic Acid,0,11,0.38347371992254575
38,2,Acetic Acid,0,12,0.37560008403650497
38,2,Acetic Acid,0,13,0.4018210809670849
38,2,Acetic Acid,0,14,0.3663861016161268
38,2,Acetic Acid,1,0,0.39954318628177854
38,2,Acetic Acid,1,1,0.431002986559329
38,2,Acetic Acid,1,2,0.3964204275943379
38,2,Acetic Acid,1,3,0.3800105058383889
38,2,Acetic Acid,1,4,0.39984995573258
38,2,Acetic Acid,1,5,0.3851227001965092
38,2,Acetic Acid,1,6,0.36966391918569674
38,2,Acetic Acid,1,7,0.4047123384493987
38,2,Acetic Acid,1,8,0.41168468463293373
38,2,Acetic Acid,1,9,0.38778421382000544
38,2,Acetic Acid,1,10,0.3866746395190382
38,2,Acetic Acid,1,11,0.37689977154995025
38,2,Acetic Acid,1,12,0.3904769931292472
38,2,Acetic Acid,1,13,0.3835776760533523
38,2,Acetic Acid,1,14,0.3760722656589994
38,3,Gerinol,0,0,0.25703842114709563
38,3,Gerinol,0,1,0.23271557026986273
38,3,Gerinol,0,2,0.23452232412816895
38,3,Gerinol,0,3,0.23982823869239914
38,3,Gerinol,0,4,0.2379112554277628
38,3,Gerinol,0,5,0.21770904228592164
38,3,Gerinol,0,6,0.2294068392768458
38,3,Gerinol,0,7,0.2201671206951257
38,3,Gerinol,0,8,0.23223737617103699
38,3,Gerinol,0,9,0.23058637771646007
38,3,Gerinol,0,10,0.21822853150299557
38,3,Gerinol,0,11,0.20207833613825052
38,3,Gerinol,0,12,0.22725182323812448
38,3,Gerinol,0,13,0.22127198045590912
38,3,Gerinol,0,14,0.19250609984901323
38,3,Gerinol,1,0,0.23038860280146148
38,3,Gerinol,1,1,0.238196892086164
38,3,Gerinol,1,2,0.26486281401050515
38,3,Gerinol,1,3,0.2150535478322807
38,3,Gerinol,1,4,0.2125368676367895
38,3,Gerinol,1,5,0.2028002423271262
38,3,Gerinol,1,6,0.22528715236469168
38,3,Gerinol,1,7,0.22517926597165538
38,3,Gerinol,1,8,0.20788642070548788
38,3,Gerinol,1,9,0.21874319755107993
38,3,Gerinol,1,10,0.18797043003753006
38,3,Gerinol,1,11,0.23753212061015136
38,3,Gerinol,1,12,0.2085793713139168
38,3,Gerinol,1,13,0.2211363444750078
38,3,Gerinol,1,14,0.19738739328117927
38,4,n Methyl Piperdine,0,0,0.44926411114735604
38,4,n Methyl Piperdine,0,1,0.45168621071490844
38,4,n Methyl Piperdine,0,2,0.453832613167362
38,4,n Methyl Piperdine,0,3,0.45776080006722875
38,4,n Methyl Piperdine,0,4,0.4654355406109384
38,4,n Methyl Piperdine,0,5,0.4597846274852035
38,4,n Methyl Piperdine,0,6,0.4616202562882186
38,4,n Methyl Piperdine,0,7,0.46549177282259374
38,4,n Methyl Piperdine,0,8,0.45848060299523025
38,4,n Methyl Piperdine,0,9,0.4536292823780967
38,4,n Methyl Piperdine,0,10,0.46199583519308907
38,4,n Methyl Piperdine,0,11,0.4625070142307419
38,4,n Methyl Piperdine,0,12,0.45911146664677693
38,4,n Methyl Piperdine,0,13,0.4422859191667598
38,4,n Methyl Piperdine,0,14,0.44719125871829146
38,4,n Methyl Piperdine,1,0,0.4387052929358283
38,4,n Methyl Piperdine,1,1,0.4471410939339593
38,4,n Methyl Piperdine,1,2,0.44073335441550765
38,4,n Methyl Piperdine,1,3,0.44999907483567664
38,4,n Methyl Piperdine,1,4,0.45142601879802635
38,4,n Methyl Piperdine,1,5,0.45049748951748975
38,4,n Methyl Piperdine,1,6,0.45054845028391444
38,4,n Methyl Piperdine,1,7,0.43260817453080236
38,4,n Methyl Piperdine,1,8,0.4447652097637183
38,4,n Methyl Piperdine,1,9,0.43604389344042876
38,4,n Methyl Piperdine,1,10,0.42771159511719853
38,4,n Methyl Piperdine,1,11,0.43860435671162545
38,4,n Methyl Piperdine,1,12,0.45150202149309016
38,4,n Methyl Piperdine,1,13,0.44459006184901984
38,4,n Methyl Piperdine,1,14,0.45704660074091924
38,5,"2,4 Dimethyl Acetophenone",0,0,0.43799602408529736
38,5,"2,4 Dimethyl Acetophenone",0,1,0.47001375199401574
38,5,"2,4 Dimethyl Acetophenone",0,2,0.4380001286570587
38,5,"2,4 Dimethyl Acetophenone",0,3,0.4358138703216638
38,5,"2,4 Dimethyl Acetophenone",0,4,0.41745597611607277
38,5,"2,4 Dimethyl Acetophenone",0,5,0.4511571046718746
38,5,"2,4 Dimethyl Acetophenone",0,6,0.42841632060291834
38,5,"2,4 Dimethyl Acetophenone",0,7,0.42637274380162676
38,5,"2,4 Dimethyl Acetophenone",0,8,0.4535637204808537
38,5,"2,4 Dimethyl Acetophenone",0,9,0.45182916537469875
38,5,"2,4 Dimethyl Acetophenone",0,10,0.45146011943003167
38,5,"2,4 Dimethyl Acetophenone",0,11,0.43038955350328767
38,5,"2,4 Dimethyl Acetophenone",0,12,0.43477805258027563
38,5,"2,4 Dimethyl Acetophenone",0,13,0.4346528548952209
38,5,"2,4 Dimethyl Acetophenone",0,14,0.4465312929214151
38,5,"2,4 Dimethyl Acetophenone",1,0,0.448511415633035
38,5,"2,4 Dimethyl Acetophenone",1,1,0.4317956345695198
38,5,"2,4 Dimethyl Acetophenone",1,2,0.4544526106102049
38,5,"2,4 Dimethyl Acetophenone",1,3,0.4392558278532863
38,5,"2,4 Dimethyl Acetophenone",1,4,0.42329339188501697
38,5,"2,4 Dimethyl Acetophenone",1,5,0.43829013733386607
38,5,"2,4 Dimethyl Acetophenone",1,6,0.45066008985287137
38,5,"2,4 Dimethyl Acetophenone",1,7,0.4547825483221901
38,5,"2,4 Dimethyl Acetophenone",1,8,0.4433408931521345
38,5,"2,4 Dimethyl Acetophenone",1,9,0.426966377613259
38,5,"2,4 Dimethyl Acetophenone",1,10,0.4235487096245795
38,5,"2,4 Dimethyl Acetophenone",1,11,0.43472759118797655
38,5,"2,4 Dimethyl Acetophenone",1,12,0.4502093349407643
38,5,"2,4 Dimethyl Acetophenone",1,13,0.43272098947237025
38,5,"2,4 Dimethyl Acetophenone",1,14,0.43301376851261447
38,6,4 Heptanone,0,0,0.5202160830434646
38,6,4 Heptanone,0,1,0.5114933491360091
38,6,4 Heptanone,0,2,0.5153053517194921
38,6,4 Heptanone,0,3,0.5221485281903643
38,6,4 Heptanone,0,4,0.558546228316229
38,6,4 Heptanone,0,5,0.513521214838172
38,6,4 Heptanone,0,6,0.5202440072231556
38,6,4 Heptanone,0,7,0.4991324486147412
38,6,4 Heptanone,0,8,0.5355148488042106
38,6,4 Heptanone,0,9,0.5504643937468349
38,6,4 Heptanone,0,10,0.5563936037242583
38,6,4 Heptanone,0,11,0.5237109513859933
38,6,4 Heptanone,0,12,0.53224282458849
38,6,4 Heptanone,0,13,0.5155027673402295
38,6,4 Heptanone,0,14,0.5311772170200889
38,6,4 Heptanone,1,0,0.5456138096066345
38,6,4 Heptanone,1,1,0.5397333062870696
38,6,4 Heptanone,1,2,0.541561369342025
38,6,4 Heptanone,1,3,0.5487864921967566
38,6,4 Heptanone,1,4,0.5316285660051842
38,6,4 Heptanone,1,5,0.5328165216942273
38,6,4 Heptanone,1,6,0.5776585899953705
38,6,4 Heptanone,1,7,0.6007294293697741
38,6,4 Heptanone,1,8,0.5106958188384888
38,6,4 Heptanone,1,9,0.5094285533334866
38,6,4 Heptanone,1,10,0.5163811497218889
38,6,4 Heptanone,1,11,0.5360179799397621
38,6,4 Heptanone,1,12,0.5589941651325246
38,6,4 Heptanone,1,13,0.5519907626256771
38,6,4 Heptanone,1,14,0.5423496682193976
38,7,33 Dimethyl Butyric Acid,0,0,0.6659196469302435
38,7,33 Dimethyl Butyric Acid,0,1,0.655455093474472
38,7,33 Dimethyl Butyric Acid,0,2,0.6592942854998818
38,7,33 Dimethyl Butyric Acid,0,3,0.6612142802978798
38,7,33 Dimethyl Butyric Acid,0,4,0.6478092474144272
38,7,33 Dimethyl Butyric Acid,0,5,0.6514336906446994
38,7,33 Dimethyl Butyric Acid,0,6,0.6517743108911798
38,7,33 Dimethyl Butyric Acid,0,7,0.6679351533210854
38,7,33 Dimethyl Butyric Acid,0,8,0.6634892688934662
38,7,33 Dimethyl Butyric Acid,0,9,0.6666234905102543
38,7,33 Dimethyl Butyric Acid,0,10,0.6456200550278525
38,7,33 Dimethyl Butyric Acid,0,11,0.6486718477016693
38,7,33 Dimethyl Butyric Acid,0,12,0.6670704693253994
38,7,33 Dimethyl Butyric Acid,0,13,0.6375723938017513
38,7,33 Dimethyl Butyric Acid,0,14,0.6718819693434563
38,7,33 Dimethyl Butyric Acid,1,0,0.6224856594739947
38,7,33 Dimethyl Butyric Acid,1,1,0.6453398211456985
38,7,33 Dimethyl Butyric Acid,1,2,0.6304966214255666
38,7,33 Dimethyl Butyric Acid,1,3,0.6471015271725871
38,7,33 Dimethyl Butyric Acid,1,4,0.6656070642278744
38,7,33 Dimethyl Butyric Acid,1,5,0.6186302086692949
38,7,33 Dimethyl Butyric Acid,1,6,0.6440716894139339
38,7,33 Dimethyl Butyric Acid,1,7,0.6226155378714209
38,7,33 Dimethyl Butyric Acid,1,8,0.6417696294852309
38,7,33 Dimethyl Butyric Acid,1,9,0.6363399761555733
38,7,33 Dimethyl Butyric Acid,1,10,0.6392243576529097
38,7,33 Dimethyl Butyric Acid,1,11,0.6302986327517582
38,7,33 Dimethyl Butyric Acid,1,12,0.6448015722869623
38,7,33 Dimethyl Butyric Acid,1,13,0.6256991827759701
38,7,33 Dimethyl Butyric Acid,1,14,0.6487533164135052
38,8,2 Methyl Butyraldehyde,0,0,0.38482781470101907
38,8,2 Methyl Butyraldehyde,0,1,0.3658614473048289
38,8,2 Methyl Butyraldehyde,0,2,0.423090956158644
38,8,2 Methyl Butyraldehyde,0,3,0.39135537928185443
38,8,2 Methyl Butyraldehyde,0,4,0.42906088357730277
38,8,2 Methyl Butyraldehyde,0,5,0.4159587025243455
38,8,2 Methyl Butyraldehyde,0,6,0.3774031788422897
38,8,2 Methyl Butyraldehyde,0,7,0.39101846696711146
38,8,2 Methyl Butyraldehyde,0,8,0.39495186643115165
38,8,2 Methyl Butyraldehyde,0,9,0.42178063039120045
38,8,2 Methyl Butyraldehyde,0,10,0.400993972065266
38,8,2 Methyl Butyraldehyde,0,11,0.3960067667746711
38,8,2 Methyl Butyraldehyde,0,12,0.3888250369853294
38,8,2 Methyl Butyraldehyde,0,13,0.39167584358700136
38,8,2 Methyl Butyraldehyde,0,14,0.4175478102105285
38,8,2 Methyl Butyraldehyde,1,0,0.3852841258334322
38,8,2 Methyl Butyraldehyde,1,1,0.3776722543665469
38,8,2 Methyl Butyraldehyde,1,2,0.37443603906123235
38,8,2 Methyl Butyraldehyde,1,3,0.374641121266402
38,8,2 Methyl Butyraldehyde,1,4,0.35844512712337356
38,8,2 Methyl Butyraldehyde,1,5,0.37088751860084007
38,8,2 Methyl Butyraldehyde,1,6,0.41382062711805495
38,8,2 Methyl Butyraldehyde,1,7,0.38126907405827887
38,8,2 Methyl Butyraldehyde,1,8,0.39866173142523476
38,8,2 Methyl Butyraldehyde,1,9,0.3378899537894817
38,8,2 Methyl Butyraldehyde,1,10,0.39606335763388034
38,8,2 Methyl Butyraldehyde,1,11,0.38213290326584964
38,8,2 Methyl Butyraldehyde,1,12,0.37602192382468536
38,8,2 Methyl Butyraldehyde,1,13,0.38866820009770653
38,8,2 Methyl Butyraldehyde,1,14,0.3757472867324572
38,9,m Anisaldehyde,0,0,0.4586897136717454
38,9,m Anisaldehyde,0,1,0.4875933491562151
38,9,m Anisaldehyde,0,2,0.48114836049230747
38,9,m Anisaldehyde,0,3,0.4758635541929775
38,9,m Anisaldehyde,0,4,0.4696746404854343
38,9,m Anisaldehyde,0,5,0.4648954648845549
38,9,m Anisaldehyde,0,6,0.4809668911813112
38,9,m Anisaldehyde,0,7,0.4941518472810006
38,9,m Anisaldehyde,0,8,0.48077022695151356
38,9,m Anisaldehyde,0,9,0.4657218886862414
38,9,m Anisaldehyde,0,10,0.48097850549519877
38,9,m Anisaldehyde,0,11,0.4783362951434421
38,9,m Anisaldehyde,0,12,0.48704106798308416
38,9,m Anisaldehyde,0,13,0.48459953566357106
38,9,m Anisaldehyde,0,14,0.4505109826144247
38,9,m Anisaldehyde,1,0,0.4693453780306363
38,9,m Anisaldehyde,1,1,0.45465007943705155
38,9,m Anisaldehyde,1,2,0.45068145217428174
38,9,m Anisaldehyde,1,3,0.4623833972942062
38,9,m Anisaldehyde,1,4,0.4680713247588171
38,9,m Anisaldehyde,1,5,0.44860337913173437
38,9,m Anisaldehyde,1,6,0.47085724679368196
38,9,m Anisaldehyde,1,7,0.47141482373593707
38,9,m Anisaldehyde,1,8,0.46461749943540187
38,9,m Anisaldehyde,1,9,0.4559391692413003
38,9,m Anisaldehyde,1,10,0.454878769567311
38,9,m Anisaldehyde,1,11,0.4739064831039277
38,9,m Anisaldehyde,1,12,0.4498322742245745
38,9,m Anisaldehyde,1,13,0.4742721603504835
38,9,m Anisaldehyde,1,14,0.46260423883763335
40,0,"2,3 Pentanedione",0,0,0.2811610123907051
40,0,"2,3 Pentanedione",0,1,0.2408546822464434
40,0,"2,3 Pentanedione",0,2,0.2798889591285619
40,0,"2,3 Pentanedione",0,3,0.2988965127820609
40,0,"2,3 Pentanedione",0,4,0.250146622685477
40,0,"2,3 Pentanedione",0,5,0.29602277156307266
40,0,"2,3 Pentanedione",0,6,0.2857821812237521
40,0,"2,3 Pentanedione",0,7,0.2674629845359689
40,0,"2,3 Pentanedione",0,8,0.30492370204405916
40,0,"2,3 Pentanedione",0,9,0.22850045565731264
40,0,"2,3 Pentanedione",0,10,0.29222389360036927
40,0,"2,3 Pentanedione",0,11,0.32404275383360887
40,0,"2,3 Pentanedione",0,12,0.3195554533592931
40,0,"2,3 Pentanedione",0,13,0.2933020428952396
40,0,"2,3 Pentanedione",0,14,0.2760148554785054
40,0,"2,3 Pentanedione",1,0,0.24540344879621767
40,0,"2,3 Pentanedione",1,1,0.2537253678622674
40,0,"2,3 Pentanedione",1,2,0.2748936939078561
40,0,"2,3 Pentanedione",1,3,0.24111741757342306
40,0,"2,3 Pentanedione",1,4,0.280234108161168
40,0,"2,3 Pentanedione",1,5,0.3146275256599916
40,0,"2,3 Pentanedione",1,6,0.25975143183172356
40,0,"2,3 Pentanedione",1,7,0.22768864262782582
40,0,"2,3 Pentanedione",1,8,0.22767989405199812
40,0,"2,3 Pentanedione",1,9,0.28071265150269786
40,0,"2,3 Pentanedione",1,10,0.2598048582358974
40,0,"2,3 Pentanedione",1,11,0.2832192851115098
40,0,"2,3 Pentanedione",1,12,0.24795765648092472
40,0,"2,3 Pentanedione",1,13,0.28206410139840427
40,0,"2,3 Pentanedione",1,14,0.2573410333736653
40,1,3 Methylvaleric Acid,0,0,0.6442644717596545
40,1,3 Methylvaleric Acid,0,1,0.64754615089114
40,1,3 Methylvaleric Acid,0,2,0.6396657405969467
40,1,3 Methylvaleric Acid,0,3,0.6712090653143953
40,1,3 Methylvaleric Acid,0,4,0.6505616481383442
40,1,3 Methylvaleric Acid,0,5,0.6578960123034918
40,1,3 Methylvaleric Acid,0,6,0.646201124075253
40,1,3 Methylvaleric Acid,0,7,0.6411023943064359
40,1,3 Methylvaleric Acid,0,8,0.6492005048041487
40,1,3 Methylvaleric Acid,0,9,0.6624168174660677
40,1,3 Methylvaleric Acid,0,10,0.6463608727506861
40,1,3 Methylvaleric Acid,0,11,0.6428980895079145
40,1,3 Methylvaleric Acid,0,12,0.6530547523609642
40,1,3 Methylvaleric Acid,0,13,0.6564557457931314
40,1,3 Methylvaleric Acid,0,14,0.6677788388656409
40,1,3 Methylvaleric Acid,1,0,0.6597639687770182
40,1,3 Methylvaleric Acid,1,1,0.6626371686227994
40,1,3 Methylvaleric Acid,1,2,0.6633824146105821
40,1,3 Methylvaleric Acid,1,3,0.6448480143255658
40,1,3 Methylvaleric Acid,1,4,0.6467257497511688
40,1,3 Methylvaleric Acid,1,5,0.6455322462026182
40,1,3 Methylvaleric Acid,1,6,0.6430747457864711
40,1,3 Methylvaleric Acid,1,7,0.6641365905708297
40,1,3 Methylvaleric Acid,1,8,0.6591333783902045
40,1,3 Methylvaleric Acid,1,9,0.6570490370983741
40,1,3 Methylvaleric Acid,1,10,0.6305959549338108
40,1,3 Methylvaleric Acid,1,11,0.6766098994191194
40,1,3 Methylvaleric Acid,1,12,0.6474093973109661
40,1,3 Methylvaleric Acid,1,13,0.6765736273013903
40,1,3 Methylvaleric Acid,1,14,0.6419155779648664
40,2,Acetic Acid,0,0,0.3513694230079121
40,2,Acetic Acid,0,1,0.3281095281044328
40,2,Acetic Acid,0,2,0.37101729912383974
40,2,Acetic Acid,0,3,0.34653734639364053
40,2,Acetic Acid,0,4,0.3470100336082681
40,2,Acetic Acid,0,5,0.3419996596085399
40,2,Acetic Acid,0,6,0.3779634104663819
40,2,Acetic Acid,0,7,0.37686115633533185
40,2,Acetic Acid,0,8,0.39527187286827054
40,2,Acetic Acid,0,9,0.35348881269531407
40,2,Acetic Acid,0,10,0.36862003380209946
40,2,Acetic Acid,0,11,0.34339110678704826
40,2,Acetic Acid,0,12,0.359354900581852
40,2,Acetic Acid,0,13,0.35628012589621844
40,2,Acetic Acid,0,14,0.37272902651930523
40,2,Acetic Acid,1,0,0.37992500333854323
40,2,Acetic Acid,1,1,0.3794908172607347
40,2,Acetic Acid,1,2,0.3488130608283866
40,2,Acetic Acid,1,3,0.37961462730413137
40,2,Acetic Acid,1,4,0.36217444235929513
40,2,Acetic Acid,1,5,0.35748194542468975
40,2,Acetic Acid,1,6,0.35105969044034524
40,2,Acetic Acid,1,7,0.35354511559479285
40,2,Acetic Acid,1,8,0.3920579374017799
40,2,Acetic Acid,1,9,0.36805438642045396
40,2,Acetic Acid,1,10,0.36583288054496954
40,2,Acetic Acid,1,11,0.3585249582397229
40,2,Acetic Acid,1,12,0.40382908299702774
40,2,Acetic Acid,1,13,0.38474257681684787
40,2,Acetic Acid,1,14,0.3508497392298251
40,3,Gerinol,0,0,0.20756195536404473
40,3,Gerinol,0,1,0.20857485035550763
40,3,Gerinol,0,2,0.21471864485772463
40,3,Gerinol,0,3,0.20026666739041948
40,3,Gerinol,0,4,0.21971644689481948
40,3,Gerinol,0,5,0.23700344197647225
40,3,Gerinol,0,6,0.18981873587525028
40,3,Gerinol,0,7,0.19298315451337553
40,3,Gerinol,0,8,0.20398702300324817
40,3,Gerinol,0,9,0.20477800230529053
40,3,Gerinol,0,10,0.24632495979065477
40,3,Gerinol,0,11,0.2293197192999748
40,3,Gerinol,0,12,0.22834066640380787
40,3,Gerinol,0,13,0.20771975477345458
40,3,Gerinol,0,14,0.2073453141909279
40,3,Gerinol,1,0,0.18267849671159747
40,3,Gerinol,1,1,0.22078236096133377
40,3,Gerinol,1,2,0.21582309742704966
40,3,Gerinol,1,3,0.2293852770661238
40,3,Gerinol,1,4,0.20384854820244278
40,3,Gerinol,1,5,0.20502659050085964
40,3,Gerinol,1,6,0.2103464983841634
40,3,Gerinol,1,7,0.22266170851970626
40,3,Gerinol,1,8,0.1823627019358861
40,3,Gerinol,1,9,0.2200029640978731
40,3,Gerinol,1,10,0.20709575803956723
40,3,Gerinol,1,11,0.18938446483032242
40,3,Gerinol,1,12,0.17188085375797382
40,3,Gerinol,1,13,0.205117104254769
40,3,Gerinol,1,14,0.23214423831535902
40,4,n Methyl Piperdine,0,0,0.4678110349354729
40,4,n Methyl Piperdine,0,1,0.4572565672869025
40,4,n Methyl Piperdine,0,2,0.4701096029122797
40,4,n Methyl Piperdine,0,3,0.4540700289378878
40,4,n Methyl Piperdine,0,4,0.462039986014684
40,4,n Methyl Piperdine,0,5,0.4508037104902903
40,4,n Methyl Piperdine,0,6,0.45029676688726855
40,4,n Methyl Piperdine,0,7,0.44899348466649663
40,4,n Methyl Piperdine,0,8,0.4379293260245472
40,4,n Methyl Piperdine,0,9,0.464710295681117
40,4,n Methyl Piperdine,0,10,0.44928049808843756
40,4,n Methyl Piperdine,0,11,0.44800204736350013
40,4,n Methyl Piperdine,0,12,0.4449737841486403
40,4,n Methyl Piperdine,0,13,0.45277868210925143
40,4,n Methyl Piperdine,0,14,0.4685214960860197
40,4,n Methyl Piperdine,1,0,0.4586007265847878
40,4,n Methyl Piperdine,1,1,0.42856356077178936
40,4,n Methyl Piperdine,1,2,0.4390149118103958
40,4,n Methyl Piperdine,1,3,0.4335756336174565
40,4,n Methyl Piperdine,1,4,0.44975719770789824
40,4,n Methyl Piperdine,1,5,0.4441432441565575
40,4,n Methyl Piperdine,1,6,0.4367579411591674
40,4,n Methyl Piperdine,1,7,0.4424310804229342
40,4,n Methyl Piperdine,1,8,0.4380311468069444
40,4,n Methyl Piperdine,1,9,0.45476446453320524
40,4,n Methyl Piperdine,1,10,0.44622617189833436
40,4,n Methyl Piperdine,1,11,0.44720908314553753
40,4,n Methyl Piperdine,1,12,0.4205151559539429
40,4,n Methyl Piperdine,1,13,0.4413161863475756
40,4,n Methyl Piperdine,1,14,0.45851618345067835
40,5,"2,4 Dimethyl Acetophenone",0,0,0.4653033257896988
40,5,"2,4 Dimethyl Acetophenone",0,1,0.4205572334829398
40,5,"2,4 Dimethyl Acetophenone",0,2,0.44218368514300166
40,5,"2,4 Dimethyl Acetophenone",0,3,0.4296605267986551
40,5,"2,4 Dimethyl Acetophenone",0,4,0.4707318879076482
40,5,"2,4 Dimethyl Acetophenone",0,5,0.4500479650787665
40,5,"2,4 Dimethyl Acetophenone",0,6,0.4357765408670431
40,5,"2,4 Dimethyl Acetophenone",0,7,0.4470850226874759
40,5,"2,4 Dimethyl Acetophenone",0,8,0.4098364539782393
40,5,"2,4 Dimethyl Acetophenone",0,9,0.431304133137237
40,5,"2,4 Dimethyl Acetophenone",0,10,0.44711725488961207
40,5,"2,4 Dimethyl Acetophenone",0,11,0.4585283669825536
40,5,"2,4 Dimethyl Acetophenone",0,12,0.4192285574024859
40,5,"2,4 Dimethyl Acetophenone",0,13,0.4412286203744923
40,5,"2,4 Dimethyl Acetophenone",0,14,0.4608411049164617
40,5,"2,4 Dimethyl Acetophenone",1,0,0.42029037066222164
40,5,"2,4 Dimethyl Acetophenone",1,1,0.4439893050456312
40,5,"2,4 Dimethyl Acetophenone",1,2,0.441687876790508
40,5,"2,4 Dimethyl Acetophenone",1,3,0.46493232567814674
40,5,"2,4 Dimethyl Acetophenone",1,4,0.4375123698423499
40,5,"2,4 Dimethyl Acetophenone",1,5,0.4383377901519137
40,5,"2,4 Dimethyl Acetophenone",1,6,0.45281349108170166
40,5,"2,4 Dimethyl Acetophenone",1,7,0.42205449255447347
40,5,"2,4 Dimethyl Acetophenone",1,8,0.43764284776891343
40,5,"2,4 Dimethyl Acetophenone",1,9,0.43433130381574026
40,5,"2,4 Dimethyl Acetophenone",1,10,0.4387987402406315
40,5,"2,4 Dimethyl Acetophenone",1,11,0.45272108183212795
40,5,"2,4 Dimethyl Acetophenone",1,12,0.44857188389082425
40,5,"2,4 Dimethyl Acetophenone",1,13,0.4302002634729373
40,5,"2,4 Dimethyl Acetophenone",1,14,0.4426851777355674
40,6,4 Heptanone,0,0,0.5724694701859931
40,6,4 Heptanone,0,1,0.5190734797686084
40,6,4 Heptanone,0,2,0.5415313808233887
40,6,4 Heptanone,0,3,0.5337506620835184
40,6,4 Heptanone,0,4,0.5367439296102232
40,6,4 Heptanone,0,5,0.5006916857031596
40,6,4 Heptanone,0,6,0.5706370501266316
40,6,4 Heptanone,0,7,0.5203846601537777
40,6,4 Heptanone,0,8,0.5617900839507198
40,6,4 Heptanone,0,9,0.523902724389876
40,6,4 Heptanone,0,10,0.5238077892983465
40,6,4 Heptanone,0,11,0.5660918140364218
40,6,4 Heptanone,0,12,0.5610498518422997
40,6,4 Heptanone,0,13,0.542991708003719
40,6,4 Heptanone,0,14,0.5556975277150499
40,6,4 Heptanone,1,0,0.5497878498243746
40,6,4 Heptanone,1,1,0.5562314352316898
40,6,4 Heptanone,1,2,0.5412080989898563
40,6,4 Heptanone,1,3,0.5772151925264399
40,6,4 Heptanone,1,4,0.540477029767633
40,6,4 Heptanone,1,5,0.5905788986448275
40,6,4 Heptanone,1,6,0.5491604434381876
40,6,4 Heptanone,1,7,0.5568955182710614
40,6,4 Heptanone,1,8,0.5738727923168445
40,6,4 Heptanone,1,9,0.5569726949241237
40,6,4 Heptanone,1,10,0.5495726950169182
40,6,4 Heptanone,1,11,0.5557334033943533
40,6,4 Heptanone,1,12,0.5769795454402036
40,6,4 Heptanone,1,13,0.5411798618570489
40,6,4 Heptanone,1,14,0.5535207226647054
40,7,33 Dimethyl Butyric Acid,0,0,0.6430937558219185
40,7,33 Dimethyl Butyric Acid,0,1,0.650415371777886
40,7,33 Dimethyl Butyric Acid,0,2,0.642149887865344
40,7,33 Dimethyl Butyric Acid,0,3,0.6585033070813122
40,7,33 Dimethyl Butyric Acid,0,4,0.6416640086541404
40,7,33 Dimethyl Butyric Acid,0,5,0.6409685690704129
40,7,33 Dimethyl Butyric Acid,0,6,0.6415397942650863
40,7,33 Dimethyl Butyric Acid,0,7,0.631721549595281
40,7,33 Dimethyl Butyric Acid,0,8,0.6341205086774433
40,7,33 Dimethyl Butyric Acid,0,9,0.638457607237201
40,7,33 Dimethyl Butyric Acid,0,10,0.6527400267499872
40,7,33 Dimethyl Butyric Acid,0,11,0.6427216941085628
40,7,33 Dimethyl Butyric Acid,0,12,0.6388520367581552
40,7,33 Dimethyl Butyric Acid,0,13,0.6535173972406348
40,7,33 Dimethyl Butyric Acid,0,14,0.6562996881743521
40,7,33 Dimethyl Butyric Acid,1,0,0.6348803188762089
40,7,33 Dimethyl Butyric Acid,1,1,0.6168100235788742
40,7,33 Dimethyl Butyric Acid,1,2,0.6198768406614364
40,7,33 Dimethyl Butyric Acid,1,3,0.6396655910590873
40,7,33 Dimethyl Butyric Acid,1,4,0.6261879281994571
40,7,33 Dimethyl Butyric Acid,1,5,0.6218276314836645
40,7,33 Dimethyl Butyric Acid,1,6,0.6302777584041794
40,7,33 Dimethyl Butyric Acid,1,7,0.6327541634396064
40,7,33 Dimethyl Butyric Acid,1,8,0.6192237737093905
40,7,33 Dimethyl Butyric Acid,1,9,0.6260019544208871
40,7,33 Dimethyl Butyric Acid,1,10,0.6320622039441028
40,7,33 Dimethyl Butyric Acid,1,11,0.6141772440182419
40,7,33 Dimethyl Butyric Acid,1,12,0.6242270871341111
40,7,33 Dimethyl Butyric Acid,1,13,0.6145706004726136
40,7,33 Dimethyl Butyric Acid,1,14,0.6156916775204192
40,8,2 Methyl Butyraldehyde,0,0,0.3532498975623377
40,8,2 Methyl Butyraldehyde,0,1,0.3731093556412261
40,8,2 Methyl Butyraldehyde,0,2,0.3578524520790496
40,8,2 Methyl Butyraldehyde,0,3,0.35162103942272593
40,8,2 Methyl Butyraldehyde,0,4,0.3649846388533337
40,8,2 Methyl Butyraldehyde,0,5,0.3421030246655933
40,8,2 Methyl Butyraldehyde,0,6,0.3721869197264418
40,8,2 Methyl Butyraldehyde,0,7,0.3856003645754217
40,8,2 Methyl Butyraldehyde,0,8,0.3624882477235536
40,8,2 Methyl Butyraldehyde,0,9,0.3601314859212427
40,8,2 Methyl Butyraldehyde,0,10,0.3711299539926868
40,8,2 Methyl Butyraldehyde,0,11,0.3252736504555302
40,8,2 Methyl Butyraldehyde,0,12,0.37424908449913163
40,8,2 Methyl Butyraldehyde,0,13,0.4232203464879096
40,8,2 Methyl Butyraldehyde,0,14,0.3616582941963596
40,8,2 Methyl Butyraldehyde,1,0,0.3402850709279252
40,8,2 Methyl Butyraldehyde,1,1,0.35675600687827014
40,8,2 Methyl Butyraldehyde,1,2,0.3739713937444962
40,8,2 Methyl Butyraldehyde,1,3,0.36117305585649684
40,8,2 Methyl Butyraldehyde,1,4,0.3014053716515661
40,8,2 Methyl Butyraldehyde,1,5,0.35331554450422414
40,8,2 Methyl Butyraldehyde,1,6,0.3916616232687577
40,8,2 Methyl Butyraldehyde,1,7,0.3544427548155157
40,8,2 Methyl Butyraldehyde,1,8,0.3205161592697109
40,8,2 Methyl Butyraldehyde,1,9,0.3479399373688084
40,8,2 Methyl Butyraldehyde,1,10,0.318108988275455
40,8,2 Methyl Butyraldehyde,1,11,0.36609555498660507
40,8,2 Methyl Butyraldehyde,1,12,0.3243100293822061
40,8,2 Methyl Butyraldehyde,1,13,0.34397678843384627
40,8,2 Methyl Butyraldehyde,1,14,0.3261829648335725
40,9,m Anisaldehyde,0,0,0.4730022894608015
40,9,m Anisaldehyde,0,1,0.4922889350391991
40,9,m Anisaldehyde,0,2,0.4791690215677163
40,9,m Anisaldehyde,0,3,0.47288126709472067
40,9,m Anisaldehyde,0,4,0.4673206682196474
40,9,m Anisaldehyde,0,5,0.4604274053280148
40,9,m Anisaldehyde,0,6,0.466314370167073
40,9,m Anisaldehyde,0,7,0.4792496949130443
40,9,m Anisaldehyde,0,8,0.4874884599207585
40,9,m Anisaldehyde,0,9,0.4728703644426995
40,9,m Anisaldehyde,0,10,0.4930897114083568
40,9,m Anisaldehyde,0,11,0.4713792310934994
40,9,m Anisaldehyde,0,12,0.4759289381201106
40,9,m Anisaldehyde,0,13,0.4679436108590395
40,9,m Anisaldehyde,0,14,0.4875883562483401
40,9,m Anisaldehyde,1,0,0.479026374148555
40,9,m Anisaldehyde,1,1,0.44240651259655617
40,9,m Anisaldehyde,1,2,0.4558391858159962
40,9,m Anisaldehyde,1,3,0.47112487192958835
40,9,m Anisaldehyde,1,4,0.4453942218017314
40,9,m Anisaldehyde,1,5,0.46450087430849213
40,9,m Anisaldehyde,1,6,0.47071394023210944
40,9,m Anisaldehyde,1,7,0.45986608819138164
40,9,m Anisaldehyde,1,8,0.46434506251736046
40,9,m Anisaldehyde,1,9,0.4758324118677957
40,9,m Anisaldehyde,1,10,0.47761176563744273
40,9,m Anisaldehyde,1,11,0.4585358152323064
40,9,m Anisaldehyde,1,12,0.4540722468935425
40,9,m Anisaldehyde,1,13,0.4503944193736815
40,9,m Anisaldehyde,1,14,0.4683938855704381
42,0,"2,3 Pentanedione",0,0,0.2449746647874
42,0,"2,3 Pentanedione",0,1,0.27295470278239414
42,0,"2,3 Pentanedione",0,2,0.2818362980060358
42,0,"2,3 Pentanedione",0,3,0.2666939909142053
42,0,"2,3 Pentanedione",0,4,0.2862645603576523
42,0,"2,3 Pentanedione",0,5,0.34338188668949315
42,0,"2,3 Pentanedione",0,6,0.2762290889735106
42,0,"2,3 Pentanedione",0,7,0.26838391304648945
42,0,"2,3 Pentanedione",0,8,0.30465234934172053
42,0,"2,3 Pentanedione",0,9,0.28525864483581226
42,0,"2,3 Pentanedione",0,10,0.3152524480124586
42,0,"2,3 Pentanedione",0,11,0.2833862442276672
42,0,"2,3 Pentanedione",0,12,0.27305847353289836
42,0,"2,3 Pentanedione",0,13,0.2346759315298103
42,0,"2,3 Pentanedione",0,14,0.23877568638688068
42,0,"2,3 Pentanedione",1,0,0.21537233656420476
42,0,"2,3 Pentanedione",1,1,0.27074828298198833
42,0,"2,3 Pentanedione",1,2,0.22720856682819585
42,0,"2,3 Pentanedione",1,3,0.29265423797286694
42,0,"2,3 Pentanedione",1,4,0.26202096794628116
42,0,"2,3 Pentanedione",1,5,0.2551601308473406
42,0,"2,3 Pentanedione",1,6,0.2401684269447739
42,0,"2,3 Pentanedione",1,7,0.27682127253163746
42,0,"2,3 Pentanedione",1,8,0.24115235833632204
42,0,"2,3 Pentanedione",1,9,0.23663035372313532
42,0,"2,3 Pentanedione",1,10,0.29097355184001605
42,0,"2,3 Pentanedione",1,11,0.2701303328442579
42,0,"2,3 Pentanedione",1,12,0.2553915681186755
42,0,"2,3 Pentanedione",1,13,0.2773006284432252
42,0,"2,3 Pentanedione",1,14,0.2614881006526498
42,1,3 Methylvaleric Acid,0,0,0.6601114647195737
42,1,3 Methylvaleric Acid,0,1,0.648233658563004
42,1,3 Methylvaleric Acid,0,2,0.6768154300160264
42,1,3 Methylvaleric Acid,0,3,0.6505820533347499
42,1,3 Methylvaleric Acid,0,4,0.6717233962166905
42,1,3 Methylvaleric Acid,0,5,0.6544502229270095
42,1,3 Methylvaleric Acid,0,6,0.6643096067635422
42,1,3 Methylvaleric Acid,0,7,0.6635882076563657
42,1,3 Methylvaleric Acid,0,8,0.6676729459928715
42,1,3 Methylvaleric Acid,0,9,0.6479982943099256
42,1,3 Methylvaleric Acid,0,10,0.6669679526567961
42,1,3 Methylvaleric Acid,0,11,0.6745983910444617
42,1,3 Methylvaleric Acid,0,12,0.653759011658427
42,1,3 Methylvaleric Acid,0,13,0.6566634621289711
42,1,3 Methylvaleric Acid,0,14,0.6511381309458006
42,1,3 Methylvaleric Acid,1,0,0.6586040647846348
42,1,3 Methylvaleric Acid,1,1,0.678975465997404
42,1,3 Methylvaleric Acid,1,2,0.6520923104697194
42,1,3 Methylvaleric Acid,1,3,0.6527072135811851
42,1,3 Methylvaleric Acid,1,4,0.6779803681111327
42,1,3 Methylvaleric Acid,1,5,0.6682161509174259
42,1,3 Methylvaleric Acid,1,6,0.683023766864563
42,1,3 Methylvaleric Acid,1,7,0.6575745120930536
42,1,3 Methylvaleric Acid,1,8,0.6632836445619535
42,1,3 Methylvaleric Acid,1,9,0.6554932962399115
42,1,3 Methylvaleric Acid,1,10,0.6634521312658029
42,1,3 Methylvaleric Acid,1,11,0.6444711999963872
42,1,3 Methylvaleric Acid,1,12,0.6688141304169889
42,1,3 Methylvaleric Acid,1,13,0.6652357202506661
42,1,3 Methylvaleric Acid,1,14,0.6614637955149567
42,2,Acetic Acid,0,0,0.35288276228424903
42,2,Acetic Acid,0,1,0.3444451589673556
42,2,Acetic Acid,0,2,0.3715863418710572
42,2,Acetic Acid,0,3,0.33982251558617776
42,2,Acetic Acid,0,4,0.3679760810562179
42,2,Acetic Acid,0,5,0.39411504522888463
42,2,Acetic Acid,0,6,0.3842632237177086
42,2,Acetic Acid,0,7,0.3342346140455209
42,2,Acetic Acid,0,8,0.3504341722171215
42,2,Acetic Acid,0,9,0.36646308319895543
42,2,Acetic Acid,0,10,0.358237210523552
42,2,Acetic Acid,0,11,0.3360031716846116
42,2,Acetic Acid,0,12,0.365858608050637
42,2,Acetic Acid,0,13,0.35924534456828383
42,2,Acetic Acid,0,14,0.3914364027981215
42,2,Acetic Acid,1,0,0.3707524845372846
42,2,Acetic Acid,1,1,0.39452734247845017
42,2,Acetic Acid,1,2,0.3537922916480095
42,2,Acetic Acid,1,3,0.3577916889398686
42,2,Acetic Acid,1,4,0.38706078998857685
42,2,Acetic Acid,1,5,0.3931176014357822
42,2,Acetic Acid,1,6,0.35897298717933607
42,2,Acetic Acid,1,7,0.37539135626416736
42,2,Acetic Acid,1,8,0.3518770507630736
42,2,Acetic Acid,1,9,0.3719570737239083
42,2,Acetic Acid,1,10,0.3889889126246824
42,2,Acetic Acid,1,11,0.36771244615610843
42,2,Acetic Acid,1,12,0.370822643152452
42,2,Acetic Acid,1,13,0.35608897613320445
42,2,Acetic Acid,1,14,0.36414261917664087
42,3,Gerinol,0,0,0.24305795172371886
42,3,Gerinol,0,1,0.21430771114886255
42,3,Gerinol,0,2,0.19596362500487863
42,3,Gerinol,0,3,0.2076933805615629
42,3,Gerinol,0,4,0.1858105387939291
42,3,Gerinol,0,5,0.1957614243551294
42,3,Gerinol,0,6,0.23627174719135424
42,3,Gerinol,0,7,0.21063273873066063
42,3,Gerinol,0,8,0.24532051239724714
42,3,Gerinol,0,9,0.21143688181281908
42,3,Gerinol,0,10,0.21244975344785905
42,3,Gerinol,0,11,0.22399759275419764
42,3,Gerinol,0,12,0.16746769290785254
42,3,Gerinol,0,13,0.21655995311049295
42,3,Gerinol,0,14,0.21222783305440807
42,3,Gerinol,1,0,0.2219006146307477
42,3,Gerinol,1,1,0.21300592240422314
42,3,Gerinol,1,2,0.17720650769272547
42,3,Gerinol,1,3,0.21773953598580503
42,3,Gerinol,1,4,0.19207270205718835
42,3,Gerinol,1,5,0.18111744734963073
42,3,Gerinol,1,6,0.19991063294752262
42,3,Gerinol,1,7,0.1930885768243081
42,3,Gerinol,1,8,0.22279503944814308
42,3,Gerinol,1,9,0.2023591456479621
42,3,Gerinol,1,10,0.20005659758740746
42,3,Gerinol,1,11,0.21191349443015217
42,3,Gerinol,1,12,0.21519295530398086
42,3,Gerinol,1,13,0.20991669094407406
42,3,Gerinol,1,14,0.22076479975115665
42,4,n Methyl Piperdine,0,0,0.46109092354657816
42,4,n Methyl Piperdine,0,1,0.45756267596108147
42,4,n Methyl Piperdine,0,2,0.4661348407399721
42,4,n Methyl Piperdine,0,3,0.45549429512261075
42,4,n Methyl Piperdine,0,4,0.4564874363740251
42,4,n Methyl Piperdine,0,5,0.46999407958164313
42,4,n Methyl Piperdine,0,6,0.4691968572669097
42,4,n Methyl Piperdine,0,7,0.45615605778788126
42,4,n Methyl Piperdine,0,8,0.4525930516248229
42,4,n Methyl Piperdine,0,9,0.4679268522449358
42,4,n Methyl Piperdine,0,10,0.46262481110658954
42,4,n Methyl Piperdine,0,11,0.45874611427684675
42,4,n Methyl Piperdine,0,12,0.4536464825617483
42,4,n Methyl Piperdine,0,13,0.4588750368729846
42,4,n Methyl Piperdine,0,14,0.4560477965641662
42,4,n Methyl Piperdine,1,0,0.43873546988124007
42,4,n Methyl Piperdine,1,1,0.44508251394652193
42,4,n Methyl Piperdine,1,2,0.4461735676829409
42,4,n Methyl Piperdine,1,3,0.44104701478246217
42,4,n Methyl Piperdine,1,4,0.4512807808267002
42,4,n Methyl Piperdine,1,5,0.4543608344563119
42,4,n Methyl Piperdine,1,6,0.45180935686706736
42,4,n Methyl Piperdine,1,7,0.4418401882361121
42,4,n Methyl Piperdine,1,8,0.45009674735133104
42,4,n Methyl Piperdine,1,9,0.44467386649750434
42,4,n Methyl Piperdine,1,10,0.4341642074892964
42,4,n Methyl Piperdine,1,11,0.449432010345806
42,4,n Methyl Piperdine,1,12,0.4452192284454796
42,4,n Methyl Piperdine,1,13,0.4647985593343785
42,4,n Methyl Piperdine,1,14,0.45570834222405254
42,5,"2,4 Dimethyl Acetophenone",0,0,0.453803294744017
42,5,"2,4 Dimethyl Acetophenone",0,1,0.44728884157937626
42,5,"2,4 Dimethyl Acetophenone",0,2,0.446083921424855
42,5,"2,4 Dimethyl Acetophenone",0,3,0.4296220524194788
42,5,"2,4 Dimethyl Acetophenone",0,4,0.419253493598449
42,5,"2,4 Dimethyl Acetophenone",0,5,0.4314711428542652
42,5,"2,4 Dimethyl Acetophenone",0,6,0.4431023805154716
42,5,"2,4 Dimethyl Acetophenone",0,7,0.4140846812070012
42,5,"2,4 Dimethyl Acetophenone",0,8,0.4360996727064007
42,5,"2,4 Dimethyl Acetophenone",0,9,0.4402836130409727
42,5,"2,4 Dimethyl Acetophenone",0,10,0.4407374800274948
42,5,"2,4 Dimethyl Acetophenone",0,11,0.4344441700089712
42,5,"2,4 Dimethyl Acetophenone",0,12,0.4389595022621855
42,5,"2,4 Dimethyl Acetophenone",0,13,0.46808416433018724
42,5,"2,4 Dimethyl Acetophenone",0,14,0.4531122687171851
42,5,"2,4 Dimethyl Acetophenone",1,0,0.43135946972572325
42,5,"2,4 Dimethyl Acetophenone",1,1,0.4382965819207187
42,5,"2,4 Dimethyl Acetophenone",1,2,0.4388611145012377
42,5,"2,4 Dimethyl Acetophenone",1,3,0.42843129633132526
42,5,"2,4 Dimethyl Acetophenone",1,4,0.4284147305036375
42,5,"2,4 Dimethyl Acetophenone",1,5,0.4535099355445283
42,5,"2,4 Dimethyl Acetophenone",1,6,0.4333409152102716
42,5,"2,4 Dimethyl Acetophenone",1,7,0.42382386695393315
42,5,"2,4 Dimethyl Acetophenone",1,8,0.43865203635088
42,5,"2,4 Dimethyl Acetophenone",1,9,0.44092444109391704
42,5,"2,4 Dimethyl Acetophenone",1,10,0.41144293012375327
42,5,"2,4 Dimethyl Acetophenone",1,11,0.4386857943554295
42,5,"2,4 Dimethyl Acetophenone",1,12,0.451499897308745
42,5,"2,4 Dimethyl Acetophenone",1,13,0.44562322741974364
42,5,"2,4 Dimethyl Acetophenone",1,14,0.4707030832198449
42,6,4 Heptanone,0,0,0.5551357773615455
42,6,4 Heptanone,0,1,0.5596852665950838
42,6,4 Heptanone,0,2,0.590758514620507
42,6,4 Heptanone,0,3,0.543799037532265
42,6,4 Heptanone,0,4,0.530113487895158
42,6,4 Heptanone,0,5,0.5487569523534208
42,6,4 Heptanone,0,6,0.5135021703734597
42,6,4 Heptanone,0,7,0.5288397915122279
42,6,4 Heptanone,0,8,0.5114670851370471
42,6,4 Heptanone,0,9,0.5355159535916347
42,6,4 Heptanone,0,10,0.5113709219486605
42,6,4 Heptanone,0,11,0.5105655596049617
42,6,4 Heptanone,0,12,0.5358721572998482
42,6,4 Heptanone,0,13,0.5231962325556639
42,6,4 Heptanone,0,14,0.4820349093102496
42,6,4 Heptanone,1,0,0.5111489341151723
42,6,4 Heptanone,1,1,0.5182388733821521
42,6,4 Heptanone,1,2,0.5243170139187016
42,6,4 Heptanone,1,3,0.5541539875480082
42,6,4 Heptanone,1,4,0.5496583140735698
42,6,4 Heptanone,1,5,0.5691221129391419
42,6,4 Heptanone,1,6,0.5619358799962044
42,6,4 Heptanone,1,7,0.5692744394701347
42,6,4 Heptanone,1,8,0.5586148973840684
42,6,4 Heptanone,1,9,0.5494453669446195
42,6,4 Heptanone,1,10,0.5699056956091302
42,6,4 Heptanone,1,11,0.5657675320217479
42,6,4 Heptanone,1,12,0.5532725365006806
42,6,4 Heptanone,1,13,0.5738548460355213
42,6,4 Heptanone,1,14,0.49067575236941446
42,7,33 Dimethyl Butyric Acid,0,0,0.6488815591018985
42,7,33 Dimethyl Butyric Acid,0,1,0.6487501992244443
42,7,33 Dimethyl Butyric Acid,0,2,0.6612497905242626
42,7,33 Dimethyl Butyric Acid,0,3,0.6648382896835286
42,7,33 Dimethyl Butyric Acid,0,4,0.638942413801162
42,7,33 Dimethyl Butyric Acid,0,5,0.6634650850861955
42,7,33 Dimethyl Butyric Acid,0,6,0.6413312564906714
42,7,33 Dimethyl Butyric Acid,0,7,0.6415903369206394
42,7,33 Dimethyl Butyric Acid,0,8,0.6493630183217235
42,7,33 Dimethyl Butyric Acid,0,9,0.6486437900073563
42,7,33 Dimethyl Butyric Acid,0,10,0.6380147796840565
42,7,33 Dimethyl Butyric Acid,0,11,0.6569405888285327
42,7,33 Dimethyl Butyric Acid,0,12,0.657193622986143
42,7,33 Dimethyl Butyric Acid,0,13,0.6604044026345427
42,7,33 Dimethyl Butyric Acid,0,14,0.6476560697825614
42,7,33 Dimethyl Butyric Acid,1,0,0.6334568063750443
42,7,33 Dimethyl Butyric Acid,1,1,0.6335352724193751
42,7,33 Dimethyl Butyric Acid,1,2,0.6482627135214949
42,7,33 Dimethyl Butyric Acid,1,3,0.6095056427618523
42,7,33 Dimethyl Butyric Acid,1,4,0.6255947185601876
42,7,33 Dimethyl Butyric Acid,1,5,0.6338435299532998
42,7,33 Dimethyl Butyric Acid,1,6,0.6244923528486532
42,7,33 Dimethyl Butyric Acid,1,7,0.6315821535790286
42,7,33 Dimethyl Butyric Acid,1,8,0.6327155347413004
42,7,33 Dimethyl Butyric Acid,1,9,0.628159459090532
42,7,33 Dimethyl Butyric Acid,1,10,0.6343485628090154
42,7,33 Dimethyl Butyric Acid,1,11,0.639179486906874
42,7,33 Dimethyl Butyric Acid,1,12,0.6317711627857182
42,7,33 Dimethyl Butyric Acid,1,13,0.6299120167369702
42,7,33 Dimethyl Butyric Acid,1,14,0.6323753838329356
42,8,2 Methyl Butyraldehyde,0,0,0.3680752885898359
42,8,2 Methyl Butyraldehyde,0,1,0.33499177321576995
42,8,2 Methyl Butyraldehyde,0,2,0.3770290636983216
42,8,2 Methyl Butyraldehyde,0,3,0.35960692473168
42,8,2 Methyl Butyraldehyde,0,4,0.3923019849293483
42,8,2 Methyl Butyraldehyde,0,5,0.379501417611889
42,8,2 Methyl Butyraldehyde,0,6,0.39055570154618674
42,8,2 Methyl Butyraldehyde,0,7,0.3489155790918401
42,8,2 Methyl Butyraldehyde,0,8,0.36112689470211556
42,8,2 Methyl Butyraldehyde,0,9,0.3444967383781401
42,8,2 Methyl Butyraldehyde,0,10,0.3547540310089819
42,8,2 Methyl Butyraldehyde,0,11,0.39212195780611864
42,8,2 Methyl Butyraldehyde,0,12,0.396615837288481
42,8,2 Methyl Butyraldehyde,0,13,0.3462975573413803
42,8,2 Methyl Butyraldehyde,0,14,0.35946800586245437
42,8,2 Methyl Butyraldehyde,1,0,0.3509940462728478
42,8,2 Methyl Butyraldehyde,1,1,0.36362889304420826
42,8,2 Methyl Butyraldehyde,1,2,0.31885114788154606
42,8,2 Methyl Butyraldehyde,1,3,0.321844905343863
42,8,2 Methyl Butyraldehyde,1,4,0.36179649074417963
42,8,2 Methyl Butyraldehyde,1,5,0.31523847653544584
42,8,2 Methyl Butyraldehyde,1,6,0.34391866575325136
42,8,2 Methyl Butyraldehyde,1,7,0.3555433358281319
42,8,2 Methyl Butyraldehyde,1,8,0.3603844725970824
42,8,2 Methyl Butyraldehyde,1,9,0.34974311829196153
42,8,2 Methyl Butyraldehyde,1,10,0.3454658622338889
42,8,2 Methyl Butyraldehyde,1,11,0.3685729537146365
42,8,2 Methyl Butyraldehyde,1,12,0.3578937814699978
42,8,2 Methyl Butyraldehyde,1,13,0.3400961603281419
42,8,2 Methyl Butyraldehyde,1,14,0.3531689341582729
42,9,m Anisaldehyde,0,0,0.4801302782416744
42,9,m Anisaldehyde,0,1,0.49279829161573924
42,9,m Anisaldehyde,0,2,0.483955677102067
42,9,m Anisaldehyde,0,3,0.4880190378143913
42,9,m Anisaldehyde,0,4,0.4707006679873583
42,9,m Anisaldehyde,0,5,0.4715207209107364
42,9,m Anisaldehyde,0,6,0.47426107463831885
42,9,m Anisaldehyde,0,7,0.47513220367338016
42,9,m Anisaldehyde,0,8,0.4669297063890403
42,9,m Anisaldehyde,0,9,0.4885065347137639
42,9,m Anisaldehyde,0,10,0.4848763428759689
42,9,m Anisaldehyde,0,11,0.47359404180385856
42,9,m Anisaldehyde,0,12,0.4825834927923189
42,9,m Anisaldehyde,0,13,0.4786095314386625
42,9,m Anisaldehyde,0,14,0.4833247218857433
42,9,m Anisaldehyde,1,0,0.4544376241398427
42,9,m Anisaldehyde,1,1,0.4658111734330994
42,9,m Anisaldehyde,1,2,0.46664259429983673
42,9,m Anisaldehyde,1,3,0.47311083254014547
42,9,m Anisaldehyde,1,4,0.46123026930618233
42,9,m Anisaldehyde,1,5,0.4434723004049633
42,9,m Anisaldehyde,1,6,0.45692941750478855
42,9,m Anisaldehyde,1,7,0.4666140385667385
42,9,m Anisaldehyde,1,8,0.46779947830699514
42,9,m Anisaldehyde,1,9,0.483169822102176
42,9,m Anisaldehyde,1,10,0.47272278738464596
42,9,m Anisaldehyde,1,11,0.4679669157768418
42,9,m Anisaldehyde,1,12,0.46688595244114917
42,9,m Anisaldehyde,1,13,0.47767052717487285
42,9,m Anisaldehyde,1,14,0.4615939427347003
44,0,"2,3 Pentanedione",0,0,0.2836134958330765
44,0,"2,3 Pentanedione",0,1,0.2598891375231339
44,0,"2,3 Pentanedione",0,2,0.322593241743974
44,0,"2,3 Pentanedione",0,3,0.29693306395163177
44,0,"2,3 Pentanedione",0,4,0.2694325081264928
44,0,"2,3 Pentanedione",0,5,0.28425921526863374
44,0,"2,3 Pentanedione",0,6,0.29986185960674844
44,0,"2,3 Pentanedione",0,7,0.28085261770853454
44,0,"2,3 Pentanedione",0,8,0.2737588249837764
44,0,"2,3 Pentanedione",0,9,0.27076374837698314
44,0,"2,3 Pentanedione",0,10,0.2955946380076193
44,0,"2,3 Pentanedione",0,11,0.27816923354632433
44,0,"2,3 Pentanedione",0,12,0.2757766471575228
44,0,"2,3 Pentanedione",0,13,0.2537190466502063
44,0,"2,3 Pentanedione",0,14,0.2890616049397707
44,0,"2,3 Pentanedione",1,0,0.2643234436217801
44,0,"2,3 Pentanedione",1,1,0.2608128208755287
44,0,"2,3 Pentanedione",1,2,0.27382329652879583
44,0,"2,3 Pentanedione",1,3,0.2875540861599753
44,0,"2,3 Pentanedione",1,4,0.28639316639008955
44,0,"2,3 Pentanedione",1,5,0.28267224211407194
44,0,"2,3 Pentanedione",1,6,0.2628372726256848
44,0,"2,3 Pentanedione",1,7,0.2546790711930468
44,0,"2,3 Pentanedione",1,8,0.2427561385585169
44,0,"2,3 Pentanedione",1,9,0.2540251169081258
44,0,"2,3 Pentanedione",1,10,0.2693452819699921
44,0,"2,3 Pentanedione",1,11,0.2491968765502658
44,0,"2,3 Pentanedione",1,12,0.2712554580695139
44,0,"2,3 Pentanedione",1,13,0.24471761264378122
44,0,"2,3 Pentanedione",1,14,0.2273292323664023
44,1,3 Methylvaleric Acid,0,0,0.665355460937967
44,1,3 Methylvaleric Acid,0,1,0.6525475181911532
44,1,3 Methylvaleric Acid,0,2,0.6489578368128243
44,1,3 Methylvaleric Acid,0,3,0.6464155584193862
44,1,3 Methylvaleric Acid,0,4,0.6614316668028525
44,1,3 Methylvaleric Acid,0,5,0.6708545478508258
44,1,3 Methylvaleric Acid,0,6,0.6532537428092415
44,1,3 Methylvaleric Acid,0,7,0.6551099687479576
44,1,3 Methylvaleric Acid,0,8,0.6678523235465272
44,1,3 Methylvaleric Acid,0,9,0.6393217213421196
44,1,3 Methylvaleric Acid,0,10,0.6767145573739247
44,1,3 Methylvaleric Acid,0,11,0.6814388253455685
44,1,3 Methylvaleric Acid,0,12,0.6304530032432479
44,1,3 Methylvaleric Acid,0,13,0.6562786836776415
44,1,3 Methylvaleric Acid,0,14,0.6501268138329768
44,1,3 Methylvaleric Acid,1,0,0.6574672626416663
44,1,3 Methylvaleric Acid,1,1,0.6559465957437254
44,1,3 Methylvaleric Acid,1,2,0.6681241840893449
44,1,3 Methylvaleric Acid,1,3,0.6589739572978931
44,1,3 Methylvaleric Acid,1,4,0.6510709623965115
44,1,3 Methylvaleric Acid,1,5,0.6583838069357292
44,1,3 Methylvaleric Acid,1,6,0.6651843354875746
44,1,3 Methylvaleric Acid,1,7,0.6483702887226139
44,1,3 Methylvaleric Acid,1,8,0.6437917317651541
44,1,3 Methylvaleric Acid,1,9,0.6798151173499922
44,1,3 Methylvaleric Acid,1,10,0.6537287365929392
44,1,3 Methylvaleric Acid,1,11,0.6587286217076316
44,1,3 Methylvaleric Acid,1,12,0.6561504193737653
44,1,3 Methylvaleric Acid,1,13,0.6655140171001729
44,1,3 Methylvaleric Acid,1,14,0.6776377338610704
44,2,Acetic Acid,0,0,0.36021274020126004
44,2,Acetic Acid,0,1,0.3251116748572212
44,2,Acetic Acid,0,2,0.32735731641181776
44,2,Acetic Acid,0,3,0.34383738830994315
44,2,Acetic Acid,0,4,0.34602431095916014
44,2,Acetic Acid,0,5,0.32170601636515755
44,2,Acetic Acid,0,6,0.3642176239415202
44,2,Acetic Acid,0,7,0.3323390649721176
44,2,Acetic Acid,0,8,0.37549186877193963
44,2,Acetic Acid,0,9,0.38096757462236036
44,2,Acetic Acid,0,10,0.34635853768139263
44,2,Acetic Acid,0,11,0.35785469286696747
44,2,Acetic Acid,0,12,0.3299029721740201
44,2,Acetic Acid,0,13,0.3609444794926415
44,2,Acetic Acid,0,14,0.3421774741709348
44,2,Acetic Acid,1,0,0.338652360622042
44,2,Acetic Acid,1,1,0.3519999111292214
44,2,Acetic Acid,1,2,0.3490488136070974
44,2,Acetic Acid,1,3,0.3514006280291916
44,2,Acetic Acid,1,4,0.37272657728884606
44,2,Acetic Acid,1,5,0.3437031112525963
44,2,Acetic Acid,1,6,0.38586406603795687
44,2,Acetic Acid,1,7,0.33467395395463084
44,2,Acetic Acid,1,8,0.38386347787947206
44,2,Acetic Acid,1,9,0.33983546766143874
44,2,Acetic Acid,1,10,0.35682305637175554
44,2,Acetic Acid,1,11,0.34863983731816917
44,2,Acetic Acid,1,12,0.35108999493469945
44,2,Acetic Acid,1,13,0.3702453848400731
44,2,Acetic Acid,1,14,0.38192962327435476
44,3,Gerinol,0,0,0.22763151635194662
44,3,Gerinol,0,1,0.2004134003908012
44,3,Gerinol,0,2,0.21046398155998697
44,3,Gerinol,0,3,0.1939777844377249
44,3,Gerinol,0,4,0.19040406443007424
44,3,Gerinol,0,5,0.18776393051156165
44,3,Gerinol,0,6,0.19985523002968172
44,3,Gerinol,0,7,0.211578897030387
44,3,Gerinol,0,8,0.1747038180689577
44,3,Gerinol,0,9,0.2065296609712466
44,3,Gerinol,0,10,0.23318474028954303
44,3,Gerinol,0,11,0.22646092835178933
44,3,Gerinol,0,12,0.19733690559896863
44,3,Gerinol,0,13,0.18348902834718248
44,3,Gerinol,0,14,0.21516545062512057
44,3,Gerinol,1,0,0.157428449782657
44,3,Gerinol,1,1,0.215904971770566
44,3,Gerinol,1,2,0.1933211809299886
44,3,Gerinol,1,3,0.2282081398322664
44,3,Gerinol,1,4,0.16750208336782868
44,3,Gerinol,1,5,0.21262920697728777
44,3,Gerinol,1,6,0.19525036709243493
44,3,Gerinol,1,7,0.19131719349165888
44,3,Gerinol,1,8,0.17359478995974117
44,3,Gerinol,1,9,0.2071289066644733
44,3,Gerinol,1,10,0.20850039728952138
44,3,Gerinol,1,11,0.22742041016994377
44,3,Gerinol,1,12,0.21416302144856486
44,3,Gerinol,1,13,0.18683291042044178
44,3,Gerinol,1,14,0.17983863380765286
44,4,n Methyl Piperdine,0,0,0.4451996637159149
44,4,n Methyl Piperdine,0,1,0.46793338994920974
44,4,n Methyl Piperdine,0,2,0.44992220090987106
44,4,n Methyl Piperdine,0,3,0.46798943413586447
44,4,n Methyl Piperdine,0,4,0.4603481715109905
44,4,n Methyl Piperdine,0,5,0.4587868182368457
44,4,n Methyl Piperdine,0,6,0.4536926486836116
44,4,n Methyl Piperdine,0,7,0.461432978488112
44,4,n Methyl Piperdine,0,8,0.4560238290813996
44,4,n Methyl Piperdine,0,9,0.4531938888523435
44,4,n Methyl Piperdine,0,10,0.4617156334772796
44,4,n Methyl Piperdine,0,11,0.45499581831032493
44,4,n Methyl Piperdine,0,12,0.44976091695418335
44,4,n Methyl Piperdine,0,13,0.4609462093877792
44,4,n Methyl Piperdine,0,14,0.4556357099390655
44,4,n Methyl Piperdine,1,0,0.4459294314206466
44,4,n Methyl Piperdine,1,1,0.4383872724597507
44,4,n Methyl Piperdine,1,2,0.43234518088913654
44,4,n Methyl Piperdine,1,3,0.45589874302669836
44,4,n Methyl Piperdine,1,4,0.45439104261269275
44,4,n Methyl Piperdine,1,5,0.44908843101667983
44,4,n Methyl Piperdine,1,6,0.43891566584359
44,4,n Methyl Piperdine,1,7,0.4396156075412956
44,4,n Methyl Piperdine,1,8,0.45307677089375586
44,4,n Methyl Piperdine,1,9,0.43918751102604486
44,4,n Methyl Piperdine,1,10,0.4369577030358058
44,4,n Methyl Piperdine,1,11,0.4569960287316758
44,4,n Methyl Piperdine,1,12,0.4416367298736732
44,4,n Methyl Piperdine,1,13,0.45616555395469494
44,4,n Methyl Piperdine,1,14,0.43083101604106416
44,5,"2,4 Dimethyl Acetophenone",0,0,0.44937461825762265
44,5,"2,4 Dimethyl Acetophenone",0,1,0.47127229128181924
44,5,"2,4 Dimethyl Acetophenone",0,2,0.44248712596669165
44,5,"2,4 Dimethyl Acetophenone",0,3,0.438344833747894
44,5,"2,4 Dimethyl Acetophenone",0,4,0.4256009386368765
44,5,"2,4 Dimethyl Acetophenone",0,5,0.45732990793704864
44,5,"2,4 Dimethyl Acetophenone",0,6,0.4312078995026163
44,5,"2,4 Dimethyl Acetophenone",0,7,0.4407306941789948
44,5,"2,4 Dimethyl Acetophenone",0,8,0.42465968050370506
44,5,"2,4 Dimethyl Acetophenone",0,9,0.46402163944652175
44,5,"2,4 Dimethyl Acetophenone",0,10,0.4583528385472727
44,5,"2,4 Dimethyl Acetophenone",0,11,0.44162222380644356
44,5,"2,4 Dimethyl Acetophenone",0,12,0.4257927565841178
44,5,"2,4 Dimethyl Acetophenone",0,13,0.4637256904465754
44,5,"2,4 Dimethyl Acetophenone",0,14,0.4369075405921112
44,5,"2,4 Dimethyl Acetophenone",1,0,0.43104957634320684
44,5,"2,4 Dimethyl Acetophenone",1,1,0.4217863327399901
44,5,"2,4 Dimethyl Acetophenone",1,2,0.437525393056264
44,5,"2,4 Dimethyl Acetophenone",1,3,0.4261221586094162
44,5,"2,4 Dimethyl Acetophenone",1,4,0.4378517546749628
44,5,"2,4 Dimethyl Acetophenone",1,5,0.4571312898052542
44,5,"2,4 Dimethyl Acetophenone",1,6,0.44134067537433896
44,5,"2,4 Dimethyl Acetophenone",1,7,0.45164994896844174
44,5,"2,4 Dimethyl Acetophenone",1,8,0.4364343922773099
44,5,"2,4 Dimethyl Acetophenone",1,9,0.44755321651495006
44,5,"2,4 Dimethyl Acetophenone",1,10,0.4737212034837109
44,5,"2,4 Dimethyl Acetophenone",1,11,0.44172019544678515
44,5,"2,4 Dimethyl Acetophenone",1,12,0.4520551609413978
44,5,"2,4 Dimethyl Acetophenone",1,13,0.4245584926086264
44,5,"2,4 Dimethyl Acetophenone",1,14,0.4680695297190339
44,6,4 Heptanone,0,0,0.5346624187029001
44,6,4 Heptanone,0,1,0.5697967749591851
44,6,4 Heptanone,0,2,0.5428041738732315
44,6,4 Heptanone,0,3,0.5597018809258929
44,6,4 Heptanone,0,4,0.5610686985776224
44,6,4 Heptanone,0,5,0.5352319838626991
44,6,4 Heptanone,0,6,0.570748249642205
44,6,4 Heptanone,0,7,0.5281821962249699
44,6,4 Heptanone,0,8,0.5635276429495032
44,6,4 Heptanone,0,9,0.5366632403956897
44,6,4 Heptanone,0,10,0.5536760178144613
44,6,4 Heptanone,0,11,0.5350122955661234
44,6,4 Heptanone,0,12,0.5467863521130555
44,6,4 Heptanone,0,13,0.5209216513990507
44,6,4 Heptanone,0,14,0.5513302406851435
44,6,4 Heptanone,1,0,0.5698443688368068
44,6,4 Heptanone,1,1,0.5564059206779478
44,6,4 Heptanone,1,2,0.5675626437562189
44,6,4 Heptanone,1,3,0.5719099358141524
44,6,4 Heptanone,1,4,0.5546534232635164
44,6,4 Heptanone,1,5,0.5658670168676811
44,6,4 Heptanone,1,6,0.5457028758279331
44,6,4 Heptanone,1,7,0.6227743794261246
44,6,4 Heptanone,1,8,0.5931853396048092
44,6,4 Heptanone,1,9,0.5751086631507154
44,6,4 Heptanone,1,10,0.5957839363009143
44,6,4 Heptanone,1,11,0.5233101026681769
44,6,4 Heptanone,1,12,0.5100076652428319
44,6,4 Heptanone,1,13,0.5596454196012401
44,6,4 Heptanone,1,14,0.5371244912691981
44,7,33 Dimethyl Butyric Acid,0,0,0.6434309644564639
44,7,33 Dimethyl Butyric Acid,0,1,0.647221295172099
44,7,33 Dimethyl Butyric Acid,0,2,0.6533470026745491
44,7,33 Dimethyl Butyric Acid,0,3,0.6357034579559699
44,7,33 Dimethyl Butyric Acid,0,4,0.6488837158832846
44,7,33 Dimethyl Butyric Acid,0,5,0.6455820751730136
44,7,33 Dimethyl Butyric Acid,0,6,0.6484370187229364
44,7,33 Dimethyl Butyric Acid,0,7,0.6410041360092316
44,7,33 Dimethyl Butyric Acid,0,8,0.6573126691930629
44,7,33 Dimethyl Butyric Acid,0,9,0.644571648008445
44,7,33 Dimethyl Butyric Acid,0,10,0.6606640699900124
44,7,33 Dimethyl Butyric Acid,0,11,0.6386848627764105
44,7,33 Dimethyl Butyric Acid,0,12,0.6518250229206096
44,7,33 Dimethyl Butyric Acid,0,13,0.6449473725175424
44,7,33 Dimethyl Butyric Acid,0,14,0.6426498916240879
44,7,33 Dimethyl Butyric Acid,1,0,0.6321028516740332
44,7,33 Dimethyl Butyric Acid,1,1,0.6241196892796828
44,7,33 Dimethyl Butyric Acid,1,2,0.6038697939420784
44,7,33 Dimethyl Butyric Acid,1,3,0.6004339265676325
44,7,33 Dimethyl Butyric Acid,1,4,0.6375887754816933
44,7,33 Dimethyl Butyric Acid,1,5,0.6372274188273377
44,7,33 Dimethyl Butyric Acid,1,6,0.6428588296403224
44,7,33 Dimethyl Butyric Acid,1,7,0.6265334805871896
44,7,33 Dimethyl Butyric Acid,1,8,0.6156054023605931
44,7,33 Dimethyl Butyric Acid,1,9,0.6230877332699165
44,7,33 Dimethyl Butyric Acid,1,10,0.6267816151960584
44,7,33 Dimethyl Butyric Acid,1,11,0.618053057996429
44,7,33 Dimethyl Butyric Acid,1,12,0.6408125253857547
44,7,33 Dimethyl Butyric Acid,1,13,0.6458769720420509
44,7,33 Dimethyl Butyric Acid,1,14,0.6307827246715091
44,8,2 Methyl Butyraldehyde,0,0,0.372043319881073
44,8,2 Methyl Butyraldehyde,0,1,0.3475277330531845
44,8,2 Methyl Butyraldehyde,0,2,0.4017746254611155
44,8,2 Methyl Butyraldehyde,0,3,0.3737075454039921
44,8,2 Methyl Butyraldehyde,0,4,0.3667301148189876
44,8,2 Methyl Butyraldehyde,0,5,0.3814371100197373
44,8,2 Methyl Butyraldehyde,0,6,0.3610685552586991
44,8,2 Methyl Butyraldehyde,0,7,0.37505480843533495
44,8,2 Methyl Butyraldehyde,0,8,0.34471172430969943
44,8,2 Methyl Butyraldehyde,0,9,0.3930049613106536
44,8,2 Methyl Butyraldehyde,0,10,0.3702573522403532
44,8,2 Methyl Butyraldehyde,0,11,0.39437409012677677
44,8,2 Methyl Butyraldehyde,0,12,0.36841071450230006
44,8,2 Methyl Butyraldehyde,0,13,0.36965045567425947
44,8,2 Methyl Butyraldehyde,0,14,0.34910564530637744
44,8,2 Methyl Butyraldehyde,1,0,0.3687258737244764
44,8,2 Methyl Butyraldehyde,1,1,0.3374997094348328
44,8,2 Methyl Butyraldehyde,1,2,0.34493431459643503
44,8,2 Methyl Butyraldehyde,1,3,0.35424088902970235
44,8,2 Methyl Butyraldehyde,1,4,0.3565352603439694
44,8,2 Methyl Butyraldehyde,1,5,0.32164877414331317
44,8,2 Methyl Butyraldehyde,1,6,0.3498144430272058
44,8,2 Methyl Butyraldehyde,1,7,0.3694031147839804
44,8,2 Methyl Butyraldehyde,1,8,0.3469978176886783
44,8,2 Methyl Butyraldehyde,1,9,0.3499304075374353
44,8,2 Methyl Butyraldehyde,1,10,0.3573214881292047
44,8,2 Methyl Butyraldehyde,1,11,0.3518161102227767
44,8,2 Methyl Butyraldehyde,1,12,0.33454670554679167
44,8,2 Methyl Butyraldehyde,1,13,0.3535269908716263
44,8,2 Methyl Butyraldehyde,1,14,0.37319934511702785
44,9,m Anisaldehyde,0,0,0.473559613242754
44,9,m Anisaldehyde,0,1,0.4799805355997099
44,9,m Anisaldehyde,0,2,0.47042403329842764
44,9,m Anisaldehyde,0,3,0.4924663250811713
44,9,m Anisaldehyde,0,4,0.48265751235236587
44,9,m Anisaldehyde,0,5,0.4754666098991707
44,9,m Anisaldehyde,0,6,0.4844093455718828
44,9,m Anisaldehyde,0,7,0.47211331062415773
44,9,m Anisaldehyde,0,8,0.47372737676280857
44,9,m Anisaldehyde,0,9,0.4696791522650496
44,9,m Anisaldehyde,0,10,0.4734115588682326
44,9,m Anisaldehyde,0,11,0.4964131882108102
44,9,m Anisaldehyde,0,12,0.47657755500504895
44,9,m Anisaldehyde,0,13,0.48795772172660035
44,9,m Anisaldehyde,0,14,0.4755984853748314
44,9,m Anisaldehyde,1,0,0.47208536923409306
44,9,m Anisaldehyde,1,1,0.45514226187701706
44,9,m Anisaldehyde,1,2,0.4652506295500836
44,9,m Anisaldehyde,1,3,0.46537989724165496
44,9,m Anisaldehyde,1,4,0.48696617098264944
44,9,m Anisaldehyde,1,5,0.47086030249452476
44,9,m Anisaldehyde,1,6,0.45925254212365285
44,9,m Anisaldehyde,1,7,0.47137860818421984
44,9,m Anisaldehyde,1,8,0.4851668274644217
44,9,m Anisaldehyde,1,9,0.4494153400832165
44,9,m Anisaldehyde,1,10,0.4568843801412912
44,9,m Anisaldehyde,1,11,0.4626305676600553
44,9,m Anisaldehyde,1,12,0.4609207990052905
44,9,m Anisaldehyde,1,13,0.46172099252334964
44,9,m Anisaldehyde,1,14,0.4525029875514573
46,0,"2,3 Pentanedione",0,0,0.30870922661448874
46,0,"2,3 Pentanedione",0,1,0.23804511031382292
46,0,"2,3 Pentanedione",0,2,0.2686050050351759
46,0,"2,3 Pentanedione",0,3,0.29975609006975584
46,0,"2,3 Pentanedione",0,4,0.27285570384709207
46,0,"2,3 Pentanedione",0,5,0.24912547110316918
46,0,"2,3 Pentanedione",0,6,0.23989343386638945
46,0,"2,3 Pentanedione",0,7,0.26786034537504383
46,0,"2,3 Pentanedione",0,8,0.25468458612947675
46,0,"2,3 Pentanedione",0,9,0.27874110256831286
46,0,"2,3 Pentanedione",0,10,0.23857404658263393
46,0,"2,3 Pentanedione",0,11,0.29393621869792896
46,0,"2,3 Pentanedione",0,12,0.27649906335485
46,0,"2,3 Pentanedione",0,13,0.2783562351345503
46,0,"2,3 Pentanedione",0,14,0.3096372447317388
46,0,"2,3 Pentanedione",1,0,0.2386528962854424
46,0,"2,3 Pentanedione",1,1,0.23145236637640842
46,0,"2,3 Pentanedione",1,2,0.2359036930360672
46,0,"2,3 Pentanedione",1,3,0.24478461950665759
46,0,"2,3 Pentanedione",1,4,0.24732366137495582
46,0,"2,3 Pentanedione",1,5,0.2288303403296947
46,0,"2,3 Pentanedione",1,6,0.19902065241891256
46,0,"2,3 Pentanedione",1,7,0.2355745587227631
46,0,"2,3 Pentanedione",1,8,0.25859342540191127
46,0,"2,3 Pentanedione",1,9,0.25300424140107636
46,0,"2,3 Pentanedione",1,10,0.2795866454903847
46,0,"2,3 Pentanedione",1,11,0.29848494734383374
46,0,"2,3 Pentanedione",1,12,0.26858112803120077
46,0,"2,3 Pentanedione",1,13,0.2841607998049447
46,0,"2,3 Pentanedione",1,14,0.26876714105131705
46,1,3 Methylvaleric Acid,0,0,0.6661342599579794
46,1,3 Methylvaleric Acid,0,1,0.667529612177456
46,1,3 Methylvaleric Acid,0,2,0.6586233099471084
46,1,3 Methylvaleric Acid,0,3,0.6562001051414674
46,1,3 Methylvaleric Acid,0,4,0.6471757648797919
46,1,3 Methylvaleric Acid,0,5,0.6487982125294159
46,1,3 Methylvaleric Acid,0,6,0.6458630642340328
46,1,3 Methylvaleric Acid,0,7,0.6553573906946322
46,1,3 Methylvaleric Acid,0,8,0.6420764691044689
46,1,3 Methylvaleric Acid,0,9,0.6473156022717016
46,1,3 Methylvaleric Acid,0,10,0.6258928477066702
46,1,3 Methylvaleric Acid,0,11,0.6662648382869572
46,1,3 Methylvaleric Acid,0,12,0.6470248754091982
46,1,3 Methylvaleric Acid,0,13,0.6537173590587837
46,1,3 Methylvaleric Acid,0,14,0.6636385175345513
46,1,3 Methylvaleric Acid,1,0,0.6551532505953617
46,1,3 Methylvaleric Acid,1,1,0.6664785680101519
46,1,3 Methylvaleric Acid,1,2,0.6398881928398183
46,1,3 Methylvaleric Acid,1,3,0.6759129436588484
46,1,3 Methylvaleric Acid,1,4,0.6629421999461577
46,1,3 Methylvaleric Acid,1,5,0.6542515123613891
46,1,3 Methylvaleric Acid,1,6,0.6662878638900955
46,1,3 Methylvaleric Acid,1,7,0.6406118619549916
46,1,3 Methylvaleric Acid,1,8,0.6493234598812947
46,1,3 Methylvaleric Acid,1,9,0.6664776443474419
46,1,3 Methylvaleric Acid,1,10,0.6336979278388812
46,1,3 Methylvaleric Acid,1,11,0.6577287001131251
46,1,3 Methylvaleric Acid,1,12,0.6574487314106464
46,1,3 Methylvaleric Acid,1,13,0.6716745429933456
46,1,3 Methylvaleric Acid,1,14,0.6365103712242357
46,2,Acetic Acid,0,0,0.3938283101450062
46,2,Acetic Acid,0,1,0.35754283109012475
46,2,Acetic Acid,0,2,0.3594241220175692
46,2,Acetic Acid,0,3,0.3464597410047938
46,2,Acetic Acid,0,4,0.34870388752999676
46,2,Acetic Acid,0,5,0.37365210987831077
46,2,Acetic Acid,0,6,0.3482943797441082
46,2,Acetic Acid,0,7,0.37928557991447354
46,2,Acetic Acid,0,8,0.35581152614226225
46,2,Acetic Acid,0,9,0.3466098039631075
46,2,Acetic Acid,0,10,0.35807247714317586
46,2,Acetic Acid,0,11,0.3725344030319042
46,2,Acetic Acid,0,12,0.36226218910038294
46,2,Acetic Acid,0,13,0.3674741282117192
46,2,Acetic Acid,0,14,0.378548246881519
46,2,Acetic Acid,1,0,0.39860338731913053
46,2,Acetic Acid,1,1,0.37530888923156525
46,2,Acetic Acid,1,2,0.3630281658244025
46,2,Acetic Acid,1,3,0.3817692044850068
46,2,Acetic Acid,1,4,0.3883694576757244
46,2,Acetic Acid,1,5,0.35606075589523833
46,2,Acetic Acid,1,6,0.36559786880800543
46,2,Acetic Acid,1,7,0.36846546481324877
46,2,Acetic Acid,1,8,0.3770197490669944
46,2,Acetic Acid,1,9,0.3677654337128322
46,2,Acetic Acid,1,10,0.3923238897461647
46,2,Acetic Acid,1,11,0.35364505107834243
46,2,Acetic Acid,1,12,0.35407019362448044
46,2,Acetic Acid,1,13,0.3749108633519833
46,2,Acetic Acid,1,14,0.3775578895684258
46,3,Gerinol,0,0,0.18295554748479925
46,3,Gerinol,0,1,0.19742112324107297
46,3,Gerinol,0,2,0.20093056900955428
46,3,Gerinol,0,3,0.20106271800327752
46,3,Gerinol,0,4,0.2103637919203802
46,3,Gerinol,0,5,0.19648569126568635
46,3,Gerinol,0,6,0.23298534195574455
46,3,Gerinol,0,7,0.21610165795896968
46,3,Gerinol,0,8,0.19400278686082506
46,3,Gerinol,0,9,0.20938502697214928
46,3,Gerinol,0,10,0.2098883791606562
46,3,Gerinol,0,11,0.22849645205144153
46,3,Gerinol,0,12,0.19752973791251618
46,3,Gerinol,0,13,0.22086384516151106
46,3,Gerinol,0,14,0.20848666803638868
46,3,Gerinol,1,0,0.223339579696406
46,3,Gerinol,1,1,0.21991594795603772
46,3,Gerinol,1,2,0.2012531789994253
46,3,Gerinol,1,3,0.19341790701391243
46,3,Gerinol,1,4,0.2065355865527867
46,3,Gerinol,1,5,0.19481401802300544
46,3,Gerinol,1,6,0.22655960245729634
46,3,Gerinol,1,7,0.19923134359356565
46,3,Gerinol,1,8,0.19097210295463876
46,3,Gerinol,1,9,0.19005130192630154
46,3,Gerinol,1,10,0.1771975158819219
46,3,Gerinol,1,11,0.2073878171231865
46,3,Gerinol,1,12,0.18390273737444693
46,3,Gerinol,1,13,0.21662763835603
46,3,Gerinol,1,14,0.17583438509606636
46,4,n Methyl Piperdine,0,0,0.4580384806707027
46,4,n Methyl Piperdine,0,1,0.4662223391468963
46,4,n Methyl Piperdine,0,2,0.43980257256192756
46,4,n Methyl Piperdine,0,3,0.47316667342925417
46,4,n Methyl Piperdine,0,4,0.4536182675013318
46,4,n Methyl Piperdine,0,5,0.4581493121362138
46,4,n Methyl Piperdine,0,6,0.4615921428830474
46,4,n Methyl Piperdine,0,7,0.4628295815278411
46,4,n Methyl Piperdine,0,8,0.4592116205849941
46,4,n Methyl Piperdine,0,9,0.4649996257485676
46,4,n Methyl Piperdine,0,10,0.46117311478229117
46,4,n Methyl Piperdine,0,11,0.4711075981991751
46,4,n Methyl Piperdine,0,12,0.46119916942175343
46,4,n Methyl Piperdine,0,13,0.47273763323798135
46,4,n Methyl Piperdine,0,14,0.4642291798008179
46,4,n Methyl Piperdine,1,0,0.4329552303511339
46,4,n Methyl Piperdine,1,1,0.46829005278438274
46,4,n Methyl Piperdine,1,2,0.44280647848946225
46,4,n Methyl Piperdine,1,3,0.4593655834788939
46,4,n Methyl Piperdine,1,4,0.4476155789022355
46,4,n Methyl Piperdine,1,5,0.4558899534181007
46,4,n Methyl Piperdine,1,6,0.44189340007035366
46,4,n Methyl Piperdine,1,7,0.4524071877019967
46,4,n Methyl Piperdine,1,8,0.44537570699412476
46,4,n Methyl Piperdine,1,9,0.46003325624999913
46,4,n Methyl Piperdine,1,10,0.4509105766966161
46,4,n Methyl Piperdine,1,11,0.45488877248769255
46,4,n Methyl Piperdine,1,12,0.43008861638549545
46,4,n Methyl Piperdine,1,13,0.44671664991897103
46,4,n Methyl Piperdine,1,14,0.4506856444377464
46,5,"2,4 Dimethyl Acetophenone",0,0,0.43598935279280204
46,5,"2,4 Dimethyl Acetophenone",0,1,0.44638956145779707
46,5,"2,4 Dimethyl Acetophenone",0,2,0.4276764436513049
46,5,"2,4 Dimethyl Acetophenone",0,3,0.43352407643222923
46,5,"2,4 Dimethyl Acetophenone",0,4,0.44949279936764464
46,5,"2,4 Dimethyl Acetophenone",0,5,0.40070394265534226
46,5,"2,4 Dimethyl Acetophenone",0,6,0.44114665220294624
46,5,"2,4 Dimethyl Acetophenone",0,7,0.42812795488956523
46,5,"2,4 Dimethyl Acetophenone",0,8,0.4199713692341509
46,5,"2,4 Dimethyl Acetophenone",0,9,0.43758178818030835
46,5,"2,4 Dimethyl Acetophenone",0,10,0.4501446193074527
46,5,"2,4 Dimethyl Acetophenone",0,11,0.4474892639288869
46,5,"2,4 Dimethyl Acetophenone",0,12,0.43093086954980864
46,5,"2,4 Dimethyl Acetophenone",0,13,0.44518509248813004
46,5,"2,4 Dimethyl Acetophenone",0,14,0.4450768932979416
46,5,"2,4 Dimethyl Acetophenone",1,0,0.4356885598806019
46,5,"2,4 Dimethyl Acetophenone",1,1,0.427147350982199
46,5,"2,4 Dimethyl Acetophenone",1,2,0.4279630545447097
46,5,"2,4 Dimethyl Acetophenone",1,3,0.4487353085327023
46,5,"2,4 Dimethyl Acetophenone",1,4,0.4363262775852496
46,5,"2,4 Dimethyl Acetophenone",1,5,0.4221682047173142
46,5,"2,4 Dimethyl Acetophenone",1,6,0.4131620614644644
46,5,"2,4 Dimethyl Acetophenone",1,7,0.4486503927490689
46,5,"2,4 Dimethyl Acetophenone",1,8,0.4292103820276693
46,5,"2,4 Dimethyl Acetophenone",1,9,0.44157945047868896
46,5,"2,4 Dimethyl Acetophenone",1,10,0.4544019134404054
46,5,"2,4 Dimethyl Acetophenone",1,11,0.4184632317656278
46,5,"2,4 Dimethyl Acetophenone",1,12,0.43628410709761617
46,5,"2,4 Dimethyl Acetophenone",1,13,0.4345136099345943
46,5,"2,4 Dimethyl Acetophenone",1,14,0.4422754153627764
46,6,4 Heptanone,0,0,0.574998729257089
46,6,4 Heptanone,0,1,0.5159268282446952
46,6,4 Heptanone,0,2,0.5596050101513821
46,6,4 Heptanone,0,3,0.5702235949318558
46,6,4 Heptanone,0,4,0.542214801452452
46,6,4 Heptanone,0,5,0.5433400755400662
46,6,4 Heptanone,0,6,0.5561243564091158
46,6,4 Heptanone,0,7,0.5544309906040014
46,6,4 Heptanone,0,8,0.5598937371399876
46,6,4 Heptanone,0,9,0.5594091299001536
46,6,4 Heptanone,0,10,0.523918022187547
46,6,4 Heptanone,0,11,0.5692747766683762
46,6,4 Heptanone,0,12,0.5733342358978339
46,6,4 Heptanone,0,13,0.550780485701487
46,6,4 Heptanone,0,14,0.5121390436056911
46,6,4 Heptanone,1,0,0.5725957195314416
46,6,4 Heptanone,1,1,0.5797054632507065
46,6,4 Heptanone,1,2,0.5489115393649352
46,6,4 Heptanone,1,3,0.5669522848239666
46,6,4 Heptanone,1,4,0.5428224849866953
46,6,4 Heptanone,1,5,0.5892008573608278
46,6,4 Heptanone,1,6,0.5790511686718502
46,6,4 Heptanone,1,7,0.5373855360569721
46,6,4 Heptanone,1,8,0.5833174425877903
46,6,4 Heptanone,1,9,0.5739350250747545
46,6,4 Heptanone,1,10,0.5871108830095466
46,6,4 Heptanone,1,11,0.5662302897299318
46,6,4 Heptanone,1,12,0.5568024943227473
46,6,4 Heptanone,1,13,0.5575070205360491
46,6,4 Heptanone,1,14,0.562857973000053
46,7,33 Dimethyl Butyric Acid,0,0,0.6519005952111757
46,7,33 Dimethyl Butyric Acid,0,1,0.6530073102165029
46,7,33 Dimethyl Butyric Acid,0,2,0.6501047265714593
46,7,33 Dimethyl Butyric Acid,0,3,0.6481112716756152
46,7,33 Dimethyl Butyric Acid,0,4,0.6487276176132514
46,7,33 Dimethyl Butyric Acid,0,5,0.6732312757095817
46,7,33 Dimethyl Butyric Acid,0,6,0.6451338925778188
46,7,33 Dimethyl Butyric Acid,0,7,0.6469572562664131
46,7,33 Dimethyl Butyric Acid,0,8,0.6799686599002711
46,7,33 Dimethyl Butyric Acid,0,9,0.6553474790522618
46,7,33 Dimethyl Butyric Acid,0,10,0.6399123744999713
46,7,33 Dimethyl Butyric Acid,0,11,0.6589613616477676
46,7,33 Dimethyl Butyric Acid,0,12,0.6439399284975458
46,7,33 Dimethyl Butyric Acid,0,13,0.6595302110371405
46,7,33 Dimethyl Butyric Acid,0,14,0.649931242600943
46,7,33 Dimethyl Butyric Acid,1,0,0.626176773688878
46,7,33 Dimethyl Butyric Acid,1,1,0.6437370348612091
46,7,33 Dimethyl Butyric Acid,1,2,0.6348002112395836
46,7,33 Dimethyl Butyric Acid,1,3,0.6382848034751415
46,7,33 Dimethyl Butyric Acid,1,4,0.6336733705020444
46,7,33 Dimethyl Butyric Acid,1,5,0.6261369330369005
46,7,33 Dimethyl Butyric Acid,1,6,0.6351854736616263
46,7,33 Dimethyl Butyric Acid,1,7,0.6403093368056625
46,7,33 Dimethyl Butyric Acid,1,8,0.6311007161690693
46,7,33 Dimethyl Butyric Acid,1,9,0.6453866308512005
46,7,33 Dimethyl Butyric Acid,1,10,0.6372349194518132
46,7,33 Dimethyl Butyric Acid,1,11,0.6317627267316056
46,7,33 Dimethyl Butyric Acid,1,12,0.6321012887098674
46,7,33 Dimethyl Butyric Acid,1,13,0.6311221341448562
46,7,33 Dimethyl Butyric Acid,1,14,0.619222443592824
46,8,2 Methyl Butyraldehyde,0,0,0.3588388166733042
46,8,2 Methyl Butyraldehyde,0,1,0.36478124329044315
46,8,2 Methyl Butyraldehyde,0,2,0.35261470790751426
46,8,2 Methyl Butyraldehyde,0,3,0.3670052340994611
46,8,2 Methyl Butyraldehyde,0,4,0.360965233225681
46,8,2 Methyl Butyraldehyde,0,5,0.3753294561697084
46,8,2 Methyl Butyraldehyde,0,6,0.3732183162609252
46,8,2 Methyl Butyraldehyde,0,7,0.36374966302617473
46,8,2 Methyl Butyraldehyde,0,8,0.33445615581161564
46,8,2 Methyl Butyraldehyde,0,9,0.3947462035413809
46,8,2 Methyl Butyraldehyde,0,10,0.3578495127552033
46,8,2 Methyl Butyraldehyde,0,11,0.35901418719865513
46,8,2 Methyl Butyraldehyde,0,12,0.3540191676634916
46,8,2 Methyl Butyraldehyde,0,13,0.35123387854742244
46,8,2 Methyl Butyraldehyde,0,14,0.3900369796315626
46,8,2 Methyl Butyraldehyde,1,0,0.36812104649035843
46,8,2 Methyl Butyraldehyde,1,1,0.35014342269710247
46,8,2 Methyl Butyraldehyde,1,2,0.3396068909710731
46,8,2 Methyl Butyraldehyde,1,3,0.35347919472941614
46,8,2 Methyl Butyraldehyde,1,4,0.3430681435979457
46,8,2 Methyl Butyraldehyde,1,5,0.33802758095092683
46,8,2 Methyl Butyraldehyde,1,6,0.3481142244745941
46,8,2 Methyl Butyraldehyde,1,7,0.3332368332703662
46,8,2 Methyl Butyraldehyde,1,8,0.34647536978138443
46,8,2 Methyl Butyraldehyde,1,9,0.3455581455236654
46,8,2 Methyl Butyraldehyde,1,10,0.3531702551304144
46,8,2 Methyl Butyraldehyde,1,11,0.32983892515726554
46,8,2 Methyl Butyraldehyde,1,12,0.3552168811124543
46,8,2 Methyl Butyraldehyde,1,13,0.32435630344510386
46,8,2 Methyl Butyraldehyde,1,14,0.3307280268653851
46,9,m Anisaldehyde,0,0,0.48081055841041564
46,9,m Anisaldehyde,0,1,0.4756570116701656
46,9,m Anisaldehyde,0,2,0.4954666282929396
46,9,m Anisaldehyde,0,3,0.4766343373552562
46,9,m Anisaldehyde,0,4,0.4791975683353263
46,9,m Anisaldehyde,0,5,0.49774149202958584
46,9,m Anisaldehyde,0,6,0.48041528304730946
46,9,m Anisaldehyde,0,7,0.4840441277597559
46,9,m Anisaldehyde,0,8,0.47622654756418437
46,9,m Anisaldehyde,0,9,0.4937329443367415
46,9,m Anisaldehyde,0,10,0.4938637459131342
46,9,m Anisaldehyde,0,11,0.49284095962375357
46,9,m Anisaldehyde,0,12,0.49092979021105554
46,9,m Anisaldehyde,0,13,0.48652761275884776
46,9,m Anisaldehyde,0,14,0.4808537165745508
46,9,m Anisaldehyde,1,0,0.4680572557966907
46,9,m Anisaldehyde,1,1,0.4880297052679675
46,9,m Anisaldehyde,1,2,0.4830471960389443
46,9,m Anisaldehyde,1,3,0.469211694822449
46,9,m Anisaldehyde,1,4,0.4761681757455102
46,9,m Anisaldehyde,1,5,0.4729425342961598
46,9,m Anisaldehyde,1,6,0.4650850134973968
46,9,m Anisaldehyde,1,7,0.47747589966389686
46,9,m Anisaldehyde,1,8,0.47184775532146883
46,9,m Anisaldehyde,1,9,0.46675192538204263
46,9,m Anisaldehyde,1,10,0.461755234084888
46,9,m Anisaldehyde,1,11,0.46095181995066475
46,9,m Anisaldehyde,1,12,0.47226588786813295
46,9,m Anisaldehyde,1,13,0.4749827879325938
46,9,m Anisaldehyde,1,14,0.46748479044817226
48,0,"2,3 Pentanedione",0,0,0.30213935375563467
48,0,"2,3 Pentanedione",0,1,0.2842322045196299
48,0,"2,3 Pentanedione",0,2,0.3002930008291702
48,0,"2,3 Pentanedione",0,3,0.28129809830951125
48,0,"2,3 Pentanedione",0,4,0.2661929271840263
48,0,"2,3 Pentanedione",0,5,0.28872380734266934
48,0,"2,3 Pentanedione",0,6,0.2543040052637459
48,0,"2,3 Pentanedione",0,7,0.2993568310801202
48,0,"2,3 Pentanedione",0,8,0.2624421379013756
48,0,"2,3 Pentanedione",0,9,0.3088266812275402
48,0,"2,3 Pentanedione",0,10,0.2774094744081561
48,0,"2,3 Pentanedione",0,11,0.3124342059719519
48,0,"2,3 Pentanedione",0,12,0.25780528834949606
48,0,"2,3 Pentanedione",0,13,0.26892662554598346
48,0,"2,3 Pentanedione",0,14,0.29539424173541823
48,0,"2,3 Pentanedione",1,0,0.29053319875586564
48,0,"2,3 Pentanedione",1,1,0.3029359941280698
48,0,"2,3 Pentanedione",1,2,0.26230492551221857
48,0,"2,3 Pentanedione",1,3,0.30721441218986567
48,0,"2,3 Pentanedione",1,4,0.254029157674561
48,0,"2,3 Pentanedione",1,5,0.2887399619792711
48,0,"2,3 Pentanedione",1,6,0.23771624649621415
48,0,"2,3 Pentanedione",1,7,0.2717757840917781
48,0,"2,3 Pentanedione",1,8,0.20272844539878562
48,0,"2,3 Pentanedione",1,9,0.23323099612886866
48,0,"2,3 Pentanedione",1,10,0.2729376913722159
48,0,"2,3 Pentanedione",1,11,0.2284598001151837
48,0,"2,3 Pentanedione",1,12,0.2719445116899264
48,0,"2,3 Pentanedione",1,13,0.28393222444050586
48,0,"2,3 Pentanedione",1,14,0.2487377666022398
48,1,3 Methylvaleric Acid,0,0,0.6459475689323483
48,1,3 Methylvaleric Acid,0,1,0.6508454182819243
48,1,3 Methylvaleric Acid,0,2,0.645978659091787
48,1,3 Methylvaleric Acid,0,3,0.6545375971989701
48,1,3 Methylvaleric Acid,0,4,0.6565501699628444
48,1,3 Methylvaleric Acid,0,5,0.6525102508693008
48,1,3 Methylvaleric Acid,0,6,0.6721145570179738
48,1,3 Methylvaleric Acid,0,7,0.6484179351941848
48,1,3 Methylvaleric Acid,0,8,0.669313781961172
48,1,3 Methylvaleric Acid,0,9,0.6452319840509377
48,1,3 Methylvaleric Acid,0,10,0.6562599907094289
48,1,3 Methylvaleric Acid,0,11,0.6672514791039699
48,1,3 Methylvaleric Acid,0,12,0.6667392066572884
48,1,3 Methylvaleric Acid,0,13,0.6513792758140129
48,1,3 Methylvaleric Acid,0,14,0.661034354088071
48,1,3 Methylvaleric Acid,1,0,0.6607982435271372
48,1,3 Methylvaleric Acid,1,1,0.6512838281823531
48,1,3 Methylvaleric Acid,1,2,0.6627263421492067
48,1,3 Methylvaleric Acid,1,3,0.6750662601732843
48,1,3 Methylvaleric Acid,1,4,0.6612983727288975
48,1,3 Methylvaleric Acid,1,5,0.6622353997454424
48,1,3 Methylvaleric Acid,1,6,0.6632827337256081
48,1,3 Methylvaleric Acid,1,7,0.6421661857553335
48,1,3 Methylvaleric Acid,1,8,0.6611847682357748
48,1,3 Methylvaleric Acid,1,9,0.6465636314356035
48,1,3 Methylvaleric Acid,1,10,0.6507893794002708
48,1,3 Methylvaleric Acid,1,11,0.6780306070887867
48,1,3 Methylvaleric Acid,1,12,0.6541217406099719
48,1,3 Methylvaleric Acid,1,13,0.6493016389716495
48,1,3 Methylvaleric Acid,1,14,0.6680386393364645
48,2,Acetic Acid,0,0,0.33536599985594656
48,2,Acetic Acid,0,1,0.3437344849361173
48,2,Acetic Acid,0,2,0.37211363904499334
48,2,Acetic Acid,0,3,0.35193449637817015
48,2,Acetic Acid,0,4,0.3250961347745477
48,2,Acetic Acid,0,5,0.3603191107654951
48,2,Acetic Acid,0,6,0.3445868485854951
48,2,Acetic Acid,0,7,0.37697822980847284
48,2,Acetic Acid,0,8,0.34107856265252795
48,2,Acetic Acid,0,9,0.3688043346002967
48,2,Acetic Acid,0,10,0.3809235517377464
48,2,Acetic Acid,0,11,0.3369841956974832
48,2,Acetic Acid,0,12,0.3479869321779333
48,2,Acetic Acid,0,13,0.357720122783031
48,2,Acetic Acid,0,14,0.3368770920001977
48,2,Acetic Acid,1,0,0.3709418491761958
48,2,Acetic Acid,1,1,0.36265771884758313
48,2,Acetic Acid,1,2,0.362320688167555
48,2,Acetic Acid,1,3,0.36723892080135007
48,2,Acetic Acid,1,4,0.367612403189692
48,2,Acetic Acid,1,5,0.36916171630586236
48,2,Acetic Acid,1,6,0.35640289003635006
48,2,Acetic Acid,1,7,0.3571331595145719
48,2,Acetic Acid,1,8,0.36443648871007794
48,2,Acetic Acid,1,9,0.365671541401769
48,2,Acetic Acid,1,10,0.3590790402669288
48,2,Acetic Acid,1,11,0.37183923604406377
48,2,Acetic Acid,1,12,0.33606230546724486
48,2,Acetic Acid,1,13,0.35420077240316317
48,2,Acetic Acid,1,14,0.3617375338691375
48,3,Gerinol,0,0,0.18733195306497818
48,3,Gerinol,0,1,0.22973282241592763
48,3,Gerinol,0,2,0.20225956334198125
48,3,Gerinol,0,3,0.20495356155838632
48,3,Gerinol,0,4,0.19369357624717343
48,3,Gerinol,0,5,0.20166857197765414
48,3,Gerinol,0,6,0.18120484797324574
48,3,Gerinol,0,7,0.1990405933329644
48,3,Gerinol,0,8,0.18595186794554933
48,3,Gerinol,0,9,0.19720510507727007
48,3,Gerinol,0,10,0.1582641238557643
48,3,Gerinol,0,11,0.18269338740432634
48,3,Gerinol,0,12,0.22691319390780484
48,3,Gerinol,0,13,0.21610483151384013
48,3,Gerinol,0,14,0.22444133737810645
48,3,Gerinol,1,0,0.20937167635928255
48,3,Gerinol,1,1,0.19717790682488742
48,3,Gerinol,1,2,0.17797015555498938
48,3,Gerinol,1,3,0.1680002588528269
48,3,Gerinol,1,4,0.20526047618994
48,3,Gerinol,1,5,0.18679792188718183
48,3,Gerinol,1,6,0.2282458155664162
48,3,Gerinol,1,7,0.17946757422158413
48,3,Gerinol,1,8,0.2193550905673437
48,3,Gerinol,1,9,0.1830213972737446
48,3,Gerinol,1,10,0.20849011091701017
48,3,Gerinol,1,11,0.21464288982995575
48,3,Gerinol,1,12,0.16824424242759528
48,3,Gerinol,1,13,0.17742200967536043
48,3,Gerinol,1,14,0.16807313685690903
48,4,n Methyl Piperdine,0,0,0.45200819298246575
48,4,n Methyl Piperdine,0,1,0.46718428369273113
48,4,n Methyl Piperdine,0,2,0.46027472192653934
48,4,n Methyl Piperdine,0,3,0.4622666794740526
48,4,n Methyl Piperdine,0,4,0.46629766196831773
48,4,n Methyl Piperdine,0,5,0.4469886542188122
48,4,n Methyl Piperdine,0,6,0.47214187692018794
48,4,n Methyl Piperdine,0,7,0.4590549955818122
48,4,n Methyl Piperdine,0,8,0.4661069593384344
48,4,n Methyl Piperdine,0,9,0.4668134516023599
48,4,n Methyl Piperdine,0,10,0.47281412137464224
48,4,n Methyl Piperdine,0,11,0.46100888978626725
48,4,n Methyl Piperdine,0,12,0.44485864921618806
48,4,n Methyl Piperdine,0,13,0.46230476979616003
48,4,n Methyl Piperdine,0,14,0.4634534037538243
48,4,n Methyl Piperdine,1,0,0.4407853825468721
48,4,n Methyl Piperdine,1,1,0.45023939465545654
48,4,n Methyl Piperdine,1,2,0.4461713219421827
48,4,n Methyl Piperdine,1,3,0.43831743782573296
48,4,n Methyl Piperdine,1,4,0.4544313485800673
48,4,n Methyl Piperdine,1,5,0.44454966821281067
48,4,n Methyl Piperdine,1,6,0.4458084357020965
48,4,n Methyl Piperdine,1,7,0.44535883864169634
48,4,n Methyl Piperdine,1,8,0.4589432981997062
48,4,n Methyl Piperdine,1,9,0.44873214012580587
48,4,n Methyl Piperdine,1,10,0.44969226798435963
48,4,n Methyl Piperdine,1,11,0.4455343801849019
48,4,n Methyl Piperdine,1,12,0.45276240399803225
48,4,n Methyl Piperdine,1,13,0.4598540138075984
48,4,n Methyl Piperdine,1,14,0.4542423559598851
48,5,"2,4 Dimethyl Acetophenone",0,0,0.45991523997989514
48,5,"2,4 Dimethyl Acetophenone",0,1,0.4587781674696436
48,5,"2,4 Dimethyl Acetophenone",0,2,0.430766578256241
48,5,"2,4 Dimethyl Acetophenone",0,3,0.4378753132833971
48,5,"2,4 Dimethyl Acetophenone",0,4,0.4473390510635894
48,5,"2,4 Dimethyl Acetophenone",0,5,0.439994081447929
48,5,"2,4 Dimethyl Acetophenone",0,6,0.43521839651437216
48,5,"2,4 Dimethyl Acetophenone",0,7,0.4238297465472692
48,5,"2,4 Dimethyl Acetophenone",0,8,0.4312419770302418
48,5,"2,4 Dimethyl Acetophenone",0,9,0.4466123027105072
48,5,"2,4 Dimethyl Acetophenone",0,10,0.4492506200019985
48,5,"2,4 Dimethyl Acetophenone",0,11,0.43904662766381636
48,5,"2,4 Dimethyl Acetophenone",0,12,0.4513425506849955
48,5,"2,4 Dimethyl Acetophenone",0,13,0.4441120514722023
48,5,"2,4 Dimethyl Acetophenone",0,14,0.4656079753102133
48,5,"2,4 Dimethyl Acetophenone",1,0,0.4431315149655146
48,5,"2,4 Dimethyl Acetophenone",1,1,0.4552297065538519
48,5,"2,4 Dimethyl Acetophenone",1,2,0.44827617875702525
48,5,"2,4 Dimethyl Acetophenone",1,3,0.4256397865961997
48,5,"2,4 Dimethyl Acetophenone",1,4,0.4441322409162292
48,5,"2,4 Dimethyl Acetophenone",1,5,0.42798688301316085
48,5,"2,4 Dimethyl Acetophenone",1,6,0.44388599696270475
48,5,"2,4 Dimethyl Acetophenone",1,7,0.4349034116410889
48,5,"2,4 Dimethyl Acetophenone",1,8,0.45079675242547507
48,5,"2,4 Dimethyl Acetophenone",1,9,0.42648186189567233
48,5,"2,4 Dimethyl Acetophenone",1,10,0.44561794008860717
48,5,"2,4 Dimethyl Acetophenone",1,11,0.45348235599241515
48,5,"2,4 Dimethyl Acetophenone",1,12,0.4582087856061295
48,5,"2,4 Dimethyl Acetophenone",1,13,0.43463496852509936
48,5,"2,4 Dimethyl Acetophenone",1,14,0.4456609366245154
48,6,4 Heptanone,0,0,0.5758218288885013
48,6,4 Heptanone,0,1,0.6071670785962127
48,6,4 Heptanone,0,2,0.537519858162609
48,6,4 Heptanone,0,3,0.5506337211407251
48,6,4 Heptanone,0,4,0.636082790945877
48,6,4 Heptanone,0,5,0.5653063094384261
48,6,4 Heptanone,0,6,0.5280985760852306
48,6,4 Heptanone,0,7,0.5581896370845456
48,6,4 Heptanone,0,8,0.5079094585874351
48,6,4 Heptanone,0,9,0.5771274885079888
48,6,4 Heptanone,0,10,0.5902099950009116
48,6,4 Heptanone,0,11,0.5506208463703846
48,6,4 Heptanone,0,12,0.5607613715247464
48,6,4 Heptanone,0,13,0.592828717534569
48,6,4 Heptanone,0,14,0.5313361398235702
48,6,4 Heptanone,1,0,0.5551354276890629
48,6,4 Heptanone,1,1,0.5802822895329421
48,6,4 Heptanone,1,2,0.5682264968064737
48,6,4 Heptanone,1,3,0.5787701580287321
48,6,4 Heptanone,1,4,0.5564651693176426
48,6,4 Heptanone,1,5,0.5904570860228561
48,6,4 Heptanone,1,6,0.5820963882513512
48,6,4 Heptanone,1,7,0.5981584527243363
48,6,4 Heptanone,1,8,0.590137097783884
48,6,4 Heptanone,1,9,0.5902817658281295
48,6,4 Heptanone,1,10,0.5522667960745506
48,6,4 Heptanone,1,11,0.5968568130149241
48,6,4 Heptanone,1,12,0.5779192583146501
48,6,4 Heptanone,1,13,0.5816970298517833
48,6,4 Heptanone,1,14,0.6096359530669482
48,7,33 Dimethyl Butyric Acid,0,0,0.6488870096158087
48,7,33 Dimethyl Butyric Acid,0,1,0.6666328960396719
48,7,33 Dimethyl Butyric Acid,0,2,0.6674324300276461
48,7,33 Dimethyl Butyric Acid,0,3,0.6615044141872236
48,7,33 Dimethyl Butyric Acid,0,4,0.6466485669681995
48,7,33 Dimethyl Butyric Acid,0,5,0.6363155617417726
48,7,33 Dimethyl Butyric Acid,0,6,0.6642987729072465
48,7,33 Dimethyl Butyric Acid,0,7,0.6560074127520442
48,7,33 Dimethyl Butyric Acid,0,8,0.6486662216244312
48,7,33 Dimethyl Butyric Acid,0,9,0.6651106178128479
48,7,33 Dimethyl Butyric Acid,0,10,0.6476689664633254
48,7,33 Dimethyl Butyric Acid,0,11,0.6514176578891145
48,7,33 Dimethyl Butyric Acid,0,12,0.6595512877991722
48,7,33 Dimethyl Butyric Acid,0,13,0.6455088677624217
48,7,33 Dimethyl Butyric Acid,0,14,0.6541145194867937
48,7,33 Dimethyl Butyric Acid,1,0,0.6442717997993276
48,7,33 Dimethyl Butyric Acid,1,1,0.6367468273987288
48,7,33 Dimethyl Butyric Acid,1,2,0.6456283893646348
48,7,33 Dimethyl Butyric Acid,1,3,0.6446528808152063
48,7,33 Dimethyl Butyric Acid,1,4,0.6350038596519257
48,7,33 Dimethyl Butyric Acid,1,5,0.6149109053765348
48,7,33 Dimethyl Butyric Acid,1,6,0.6254607110959409
48,7,33 Dimethyl Butyric Acid,1,7,0.6414795614238306
48,7,33 Dimethyl Butyric Acid,1,8,0.6216513803112316
48,7,33 Dimethyl Butyric Acid,1,9,0.6321376777807868
48,7,33 Dimethyl Butyric Acid,1,10,0.6378384286455088
48,7,33 Dimethyl Butyric Acid,1,11,0.6475322388311721
48,7,33 Dimethyl Butyric Acid,1,12,0.630009433633149
48,7,33 Dimethyl Butyric Acid,1,13,0.6294226404778273
48,7,33 Dimethyl Butyric Acid,1,14,0.6344880623164771
48,8,2 Methyl Butyraldehyde,0,0,0.3693387312325642
48,8,2 Methyl Butyraldehyde,0,1,0.35969442183133604
48,8,2 Methyl Butyraldehyde,0,2,0.3826714536405372
48,8,2 Methyl Butyraldehyde,0,3,0.3473823053710756
48,8,2 Methyl Butyraldehyde,0,4,0.36493330537204943
48,8,2 Methyl Butyraldehyde,0,5,0.37113906427224574
48,8,2 Methyl Butyraldehyde,0,6,0.3549981555472618
48,8,2 Methyl Butyraldehyde,0,7,0.3786706479998705
48,8,2 Methyl Butyraldehyde,0,8,0.3654830978174993
48,8,2 Methyl Butyraldehyde,0,9,0.3776995685301463
48,8,2 Methyl Butyraldehyde,0,10,0.36634499897587236
48,8,2 Methyl Butyraldehyde,0,11,0.36982540672627284
48,8,2 Methyl Butyraldehyde,0,12,0.3505658695122896
48,8,2 Methyl Butyraldehyde,0,13,0.35059679889250434
48,8,2 Methyl Butyraldehyde,0,14,0.38601493008101845
48,8,2 Methyl Butyraldehyde,1,0,0.3639456751127874
48,8,2 Methyl Butyraldehyde,1,1,0.3322827201174495
48,8,2 Methyl Butyraldehyde,1,2,0.35526573551312157
48,8,2 Methyl Butyraldehyde,1,3,0.3064935773316535
48,8,2 Methyl Butyraldehyde,1,4,0.34085532640395355
48,8,2 Methyl Butyraldehyde,1,5,0.37016032029865176
48,8,2 Methyl Butyraldehyde,1,6,0.34942353345985416
48,8,2 Methyl Butyraldehyde,1,7,0.35406390480230376
48,8,2 Methyl Butyraldehyde,1,8,0.2942252152445345
48,8,2 Methyl Butyraldehyde,1,9,0.34432401347909947
48,8,2 Methyl Butyraldehyde,1,10,0.358270921535624
48,8,2 Methyl Butyraldehyde,1,11,0.3606958918874696
48,8,2 Methyl Butyraldehyde,1,12,0.3701856746078281
48,8,2 Methyl Butyraldehyde,1,13,0.3477986059835981
48,8,2 Methyl Butyraldehyde,1,14,0.34865012841952703
48,9,m Anisaldehyde,0,0,0.47960508058994616
48,9,m Anisaldehyde,0,1,0.49030445880670076
48,9,m Anisaldehyde,0,2,0.4802744333886769
48,9,m Anisaldehyde,0,3,0.4747112767470707
48,9,m Anisaldehyde,0,4,0.4819481927947981
48,9,m Anisaldehyde,0,5,0.5065604986684138
48,9,m Anisaldehyde,0,6,0.48967783065844195
48,9,m Anisaldehyde,0,7,0.494331437273626
48,9,m Anisaldehyde,0,8,0.4873727016656979
48,9,m Anisaldehyde,0,9,0.4752551584151723
48,9,m Anisaldehyde,0,10,0.5011275575640192
48,9,m Anisaldehyde,0,11,0.47163383722919555
48,9,m Anisaldehyde,0,12,0.48698085377032
48,9,m Anisaldehyde,0,13,0.4917268726772164
48,9,m Anisaldehyde,0,14,0.4944321336337267
48,9,m Anisaldehyde,1,0,0.4689602143602358
48,9,m Anisaldehyde,1,1,0.4584136416951778
48,9,m Anisaldehyde,1,2,0.4682521352809445
48,9,m Anisaldehyde,1,3,0.4687487273881804
48,9,m Anisaldehyde,1,4,0.4685178159406729
48,9,m Anisaldehyde,1,5,0.4850579998949664
48,9,m Anisaldehyde,1,6,0.4643379714880218
48,9,m Anisaldehyde,1,7,0.47870933126429044
48,9,m Anisaldehyde,1,8,0.4773554674962062
48,9,m Anisaldehyde,1,9,0.4849668753920653
48,9,m Anisaldehyde,1,10,0.474590196580267
48,9,m Anisaldehyde,1,11,0.48336021584964894
48,9,m Anisaldehyde,1,12,0.47421930116532823
48,9,m Anisaldehyde,1,13,0.4799752447499671
48,9,m Anisaldehyde,1,14,0.4615925375710056
50,0,"2,3 Pentanedione",0,0,0.21791075437787288
50,0,"2,3 Pentanedione",0,1,0.29330637762429695
50,0,"2,3 Pentanedione",0,2,0.29464728443613136
50,0,"2,3 Pentanedione",0,3,0.2957552646139477
50,0,"2,3 Pentanedione",0,4,0.27074439341628365
50,0,"2,3 Pentanedione",0,5,0.32111076259040994
50,0,"2,3 Pentanedione",0,6,0.27237076089172507
50,0,"2,3 Pentanedione",0,7,0.29438968177695984
50,0,"2,3 Pentanedione",0,8,0.2987336119102526
50,0,"2,3 Pentanedione",0,9,0.3268362102788784
50,0,"2,3 Pentanedione",0,10,0.27594196579040475
50,0,"2,3 Pentanedione",0,11,0.26753788362942177
50,0,"2,3 Pentanedione",0,12,0.24641407167476753
50,0,"2,3 Pentanedione",0,13,0.32267688145171247
50,0,"2,3 Pentanedione",0,14,0.29440297896136414
50,0,"2,3 Pentanedione",1,0,0.27477856782993126
50,0,"2,3 Pentanedione",1,1,0.34136964621567173
50,0,"2,3 Pentanedione",1,2,0.27157815871223123
50,0,"2,3 Pentanedione",1,3,0.2308940050550729
50,0,"2,3 Pentanedione",1,4,0.2585544508077493
50,0,"2,3 Pentanedione",1,5,0.2390824799613574
50,0,"2,3 Pentanedione",1,6,0.2535553303180044
50,0,"2,3 Pentanedione",1,7,0.2533873001137085
50,0,"2,3 Pentanedione",1,8,0.24877643040589748
50,0,"2,3 Pentanedione",1,9,0.2286199775486888
50,0,"2,3 Pentanedione",1,10,0.30326458102438114
50,0,"2,3 Pentanedione",1,11,0.27092324129353357
50,0,"2,3 Pentanedione",1,12,0.2578152393150678
50,0,"2,3 Pentanedione",1,13,0.2823929859204673
50,0,"2,3 Pentanedione",1,14,0.2752287220538085
50,1,3 Methylvaleric Acid,0,0,0.6598473887782073
50,1,3 Methylvaleric Acid,0,1,0.6638992523100891
50,1,3 Methylvaleric Acid,0,2,0.65844410116027
50,1,3 Methylvaleric Acid,0,3,0.6637529738910881
50,1,3 Methylvaleric Acid,0,4,0.6645735367166875
50,1,3 Methylvaleric Acid,0,5,0.6587290430441333
50,1,3 Methylvaleric Acid,0,6,0.654936483352524
50,1,3 Methylvaleric Acid,0,7,0.6722681330888274
50,1,3 Methylvaleric Acid,0,8,0.6523873392058529
50,1,3 Methylvaleric Acid,0,9,0.6609919763172367
50,1,3 Methylvaleric Acid,0,10,0.6612156495303931
50,1,3 Methylvaleric Acid,0,11,0.6510840314975456
50,1,3 Methylvaleric Acid,0,12,0.6491213478303689
50,1,3 Methylvaleric Acid,0,13,0.6536153448452399
50,1,3 Methylvaleric Acid,0,14,0.652245627365752
50,1,3 Methylvaleric Acid,1,0,0.6476127550696135
50,1,3 Methylvaleric Acid,1,1,0.6555978962135978
50,1,3 Methylvaleric Acid,1,2,0.6646826792243898
50,1,3 Methylvaleric Acid,1,3,0.6745792313824739
50,1,3 Methylvaleric Acid,1,4,0.6675353493732347
50,1,3 Methylvaleric Acid,1,5,0.63631363449653
50,1,3 Methylvaleric Acid,1,6,0.6683957226596823
50,1,3 Methylvaleric Acid,1,7,0.6565219311930626
50,1,3 Methylvaleric Acid,1,8,0.6665324369854265
50,1,3 Methylvaleric Acid,1,9,0.6619073238055744
50,1,3 Methylvaleric Acid,1,10,0.6601397771404375
50,1,3 Methylvaleric Acid,1,11,0.6610351892466038
50,1,3 Methylvaleric Acid,1,12,0.661825267872752
50,1,3 Methylvaleric Acid,1,13,0.675355945614968
50,1,3 Methylvaleric Acid,1,14,0.6618526307874393
50,2,Acetic Acid,0,0,0.3732273703200574
50,2,Acetic Acid,0,1,0.370791217247518
50,2,Acetic Acid,0,2,0.3662267162349882
50,2,Acetic Acid,0,3,0.32518097692715087
50,2,Acetic Acid,0,4,0.37374756362458156
50,2,Acetic Acid,0,5,0.3474082195375713
50,2,Acetic Acid,0,6,0.36704108097379406
50,2,Acetic Acid,0,7,0.33879928659970027
50,2,Acetic Acid,0,8,0.33524382432246064
50,2,Acetic Acid,0,9,0.38812985829366853
50,2,Acetic Acid,0,10,0.33905940842664817
50,2,Acetic Acid,0,11,0.3742406145218401
50,2,Acetic Acid,0,12,0.35704912523825194
50,2,Acetic Acid,0,13,0.3480402370110169
50,2,Acetic Acid,0,14,0.3543182365192063
50,2,Acetic Acid,1,0,0.3469289432053505
50,2,Acetic Acid,1,1,0.3684640103217011
50,2,Acetic Acid,1,2,0.35058164688200655
50,2,Acetic Acid,1,3,0.3620789788484956
50,2,Acetic Acid,1,4,0.3841728268458018
50,2,Acetic Acid,1,5,0.3729462871436527
50,2,Acetic Acid,1,6,0.343899841717335
50,2,Acetic Acid,1,7,0.38293808380466254
50,2,Acetic Acid,1,8,0.36857533104955015
50,2,Acetic Acid,1,9,0.3596242371280627
50,2,Acetic Acid,1,10,0.38118475567223786
50,2,Acetic Acid,1,11,0.36589700497078814
50,2,Acetic Acid,1,12,0.34919451551166897
50,2,Acetic Acid,1,13,0.3996048930731758
50,2,Acetic Acid,1,14,0.36840490802705583
50,3,Gerinol,0,0,0.19606501078621594
50,3,Gerinol,0,1,0.1905421623872968
50,3,Gerinol,0,2,0.2175843816808395
50,3,Gerinol,0,3,0.18849876053953354
50,3,Gerinol,0,4,0.17109524614044147
50,3,Gerinol,0,5,0.18587485872314247
50,3,Gerinol,0,6,0.22008902509161637
50,3,Gerinol,0,7,0.21165014124556747
50,3,Gerinol,0,8,0.19310277570732204
50,3,Gerinol,0,9,0.2208820097958045
50,3,Gerinol,0,10,0.21021381268476888
50,3,Gerinol,0,11,0.19290532155684206
50,3,Gerinol,0,12,0.1946229717445481
50,3,Gerinol,0,13,0.20307183855208105
50,3,Gerinol,0,14,0.18326102035895242
50,3,Gerinol,1,0,0.1924349285370163
50,3,Gerinol,1,1,0.19762148456640116
50,3,Gerinol,1,2,0.16357745748519892
50,3,Gerinol,1,3,0.1891281561951329
50,3,Gerinol,1,4,0.18718775711165428
50,3,Gerinol,1,5,0.2098974998829638
50,3,Gerinol,1,6,0.16088989240682022
50,3,Gerinol,1,7,0.18584935792160123
50,3,Gerinol,1,8,0.1841390588088316
50,3,Gerinol,1,9,0.20873743108873172
50,3,Gerinol,1,10,0.19161514007297306
50,3,Gerinol,1,11,0.22300047482789878
50,3,Gerinol,1,12,0.2036558098222977
50,3,Gerinol,1,13,0.1853594298584396
50,3,Gerinol,1,14,0.19644678441906607
50,4,n Methyl Piperdine,0,0,0.4613681470358277
50,4,n Methyl Piperdine,0,1,0.4710758662347067
50,4,n Methyl Piperdine,0,2,0.4535431158044552
50,4,n Methyl Piperdine,0,3,0.45761112969821266
50,4,n Methyl Piperdine,0,4,0.46784621685922273
50,4,n Methyl Piperdine,0,5,0.47400674910057233
50,4,n Methyl Piperdine,0,6,0.44658494874166976
50,4,n Methyl Piperdine,0,7,0.4751964672387067
50,4,n Methyl Piperdine,0,8,0.46307961648335927
50,4,n Methyl Piperdine,0,9,0.44912969781528606
50,4,n Methyl Piperdine,0,10,0.44018687477566865
50,4,n Methyl Piperdine,0,11,0.4519656089843171
50,4,n Methyl Piperdine,0,12,0.4640430586640201
50,4,n Methyl Piperdine,0,13,0.4636735132083123
50,4,n Methyl Piperdine,0,14,0.46926630098845784
50,4,n Methyl Piperdine,1,0,0.4438515181571478
50,4,n Methyl Piperdine,1,1,0.4393830912060661
50,4,n Methyl Piperdine,1,2,0.44494272447634836
50,4,n Methyl Piperdine,1,3,0.4485162978729281
50,4,n Methyl Piperdine,1,4,0.4500935979372777
50,4,n Methyl Piperdine,1,5,0.44193409798345623
50,4,n Methyl Piperdine,1,6,0.45545898918031835
50,4,n Methyl Piperdine,1,7,0.4432762414038432
50,4,n Methyl Piperdine,1,8,0.44128967667903624
50,4,n Methyl Piperdine,1,9,0.44390828350188916
50,4,n Methyl Piperdine,1,10,0.4568461369832563
50,4,n Methyl Piperdine,1,11,0.4471850439541102
50,4,n Methyl Piperdine,1,12,0.4426913075530773
50,4,n Methyl Piperdine,1,13,0.45565627758122385
50,4,n Methyl Piperdine,1,14,0.46538940389722544
50,5,"2,4 Dimethyl Acetophenone",0,0,0.46243878356245594
50,5,"2,4 Dimethyl Acetophenone",0,1,0.47688063428394367
50,5,"2,4 Dimethyl Acetophenone",0,2,0.4740919235167692
50,5,"2,4 Dimethyl Acetophenone",0,3,0.4509417848687884
50,5,"2,4 Dimethyl Acetophenone",0,4,0.45985758639331914
50,5,"2,4 Dimethyl Acetophenone",0,5,0.44139663483663855
50,5,"2,4 Dimethyl Acetophenone",0,6,0.45659208779717736
50,5,"2,4 Dimethyl Acetophenone",0,7,0.45065199714034726
50,5,"2,4 Dimethyl Acetophenone",0,8,0.4538008503751748
50,5,"2,4 Dimethyl Acetophenone",0,9,0.4489076168009622
50,5,"2,4 Dimethyl Acetophenone",0,10,0.4554336127247396
50,5,"2,4 Dimethyl Acetophenone",0,11,0.46698711633217455
50,5,"2,4 Dimethyl Acetophenone",0,12,0.45779703770081454
50,5,"2,4 Dimethyl Acetophenone",0,13,0.4331921719125777
50,5,"2,4 Dimethyl Acetophenone",0,14,0.44896084119042823
50,5,"2,4 Dimethyl Acetophenone",1,0,0.4323717060326359
50,5,"2,4 Dimethyl Acetophenone",1,1,0.4572385474437875
50,5,"2,4 Dimethyl Acetophenone",1,2,0.460894376143016
50,5,"2,4 Dimethyl Acetophenone",1,3,0.4574146427831313
50,5,"2,4 Dimethyl Acetophenone",1,4,0.44269369060611985
50,5,"2,4 Dimethyl Acetophenone",1,5,0.457277941923827
50,5,"2,4 Dimethyl Acetophenone",1,6,0.4471678524339889
50,5,"2,4 Dimethyl Acetophenone",1,7,0.4377467036263112
50,5,"2,4 Dimethyl Acetophenone",1,8,0.4642590920981662
50,5,"2,4 Dimethyl Acetophenone",1,9,0.46533216051051157
50,5,"2,4 Dimethyl Acetophenone",1,10,0.46717754844097187
50,5,"2,4 Dimethyl Acetophenone",1,11,0.44521858659415436
50,5,"2,4 Dimethyl Acetophenone",1,12,0.47042740016533663
50,5,"2,4 Dimethyl Acetophenone",1,13,0.44683692626425425
50,5,"2,4 Dimethyl Acetophenone",1,14,0.46301214549747644
50,6,4 Heptanone,0,0,0.5535228707861358
50,6,4 Heptanone,0,1,0.5601215829349308
50,6,4 Heptanone,0,2,0.5095913604004539
50,6,4 Heptanone,0,3,0.5583293559866662
50,6,4 Heptanone,0,4,0.5673674850255784
50,6,4 Heptanone,0,5,0.5558424784996977
50,6,4 Heptanone,0,6,0.6056607412174796
50,6,4 Heptanone,0,7,0.5385387072995769
50,6,4 Heptanone,0,8,0.5523116200814014
50,6,4 Heptanone,0,9,0.5444627384043105
50,6,4 Heptanone,0,10,0.5523071184881352
50,6,4 Heptanone,0,11,0.5889926572578547
50,6,4 Heptanone,0,12,0.5992638151480247
50,6,4 Heptanone,0,13,0.5491560881125411
50,6,4 Heptanone,0,14,0.5486451980489454
50,6,4 Heptanone,1,0,0.5493991264405392
50,6,4 Heptanone,1,1,0.6060517312808551
50,6,4 Heptanone,1,2,0.6017907138585877
50,6,4 Heptanone,1,3,0.5735729787424049
50,6,4 Heptanone,1,4,0.5439033779325406
50,6,4 Heptanone,1,5,0.5459602055845747
50,6,4 Heptanone,1,6,0.5799343729856866
50,6,4 Heptanone,1,7,0.5886437579631926
50,6,4 Heptanone,1,8,0.5284939386119866
50,6,4 Heptanone,1,9,0.5686209494919142
50,6,4 Heptanone,1,10,0.6132272232942519
50,6,4 Heptanone,1,11,0.5710081163168176
50,6,4 Heptanone,1,12,0.610268403002874
50,6,4 Heptanone,1,13,0.5909368072715084
50,6,4 Heptanone,1,14,0.5510744795305321
50,7,33 Dimethyl Butyric Acid,0,0,0.66085214071423
50,7,33 Dimethyl Butyric Acid,0,1,0.6622574774502681
50,7,33 Dimethyl Butyric Acid,0,2,0.655197094774404
50,7,33 Dimethyl Butyric Acid,0,3,0.655048344307758
50,7,33 Dimethyl Butyric Acid,0,4,0.6762739262702493
50,7,33 Dimethyl Butyric Acid,0,5,0.6549841303135563
50,7,33 Dimethyl Butyric Acid,0,6,0.6726029771836555
50,7,33 Dimethyl Butyric Acid,0,7,0.6596196149058887
50,7,33 Dimethyl Butyric Acid,0,8,0.6631406915630073
50,7,33 Dimethyl Butyric Acid,0,9,0.6681756185168529
50,7,33 Dimethyl Butyric Acid,0,10,0.6582305863017451
50,7,33 Dimethyl Butyric Acid,0,11,0.6682275537917592
50,7,33 Dimethyl Butyric Acid,0,12,0.6458218603054137
50,7,33 Dimethyl Butyric Acid,0,13,0.6671288644143109
50,7,33 Dimethyl Butyric Acid,0,14,0.6422043222646187
50,7,33 Dimethyl Butyric Acid,1,0,0.6419280927903758
50,7,33 Dimethyl Butyric Acid,1,1,0.651193383528991
50,7,33 Dimethyl Butyric Acid,1,2,0.6492055164162029
50,7,33 Dimethyl Butyric Acid,1,3,0.6327444426276527
50,7,33 Dimethyl Butyric Acid,1,4,0.6338478384661057
50,7,33 Dimethyl Butyric Acid,1,5,0.6379700995233812
50,7,33 Dimethyl Butyric Acid,1,6,0.6454681736350213
50,7,33 Dimethyl Butyric Acid,1,7,0.6264579142239459
50,7,33 Dimethyl Butyric Acid,1,8,0.6437589127298521
50,7,33 Dimethyl Butyric Acid,1,9,0.6465412941864581
50,7,33 Dimethyl Butyric Acid,1,10,0.6414465223075044
50,7,33 Dimethyl Butyric Acid,1,11,0.6483744147732803
50,7,33 Dimethyl Butyric Acid,1,12,0.6457896319408318
50,7,33 Dimethyl Butyric Acid,1,13,0.6392300897618075
50,7,33 Dimethyl Butyric Acid,1,14,0.6272784700108697
50,8,2 Methyl Butyraldehyde,0,0,0.38121580121232473
50,8,2 Methyl Butyraldehyde,0,1,0.3604729970545947
50,8,2 Methyl Butyraldehyde,0,2,0.3676272450982253
50,8,2 Methyl Butyraldehyde,0,3,0.3878159803660436
50,8,2 Methyl Butyraldehyde,0,4,0.4057278956152684
50,8,2 Methyl Butyraldehyde,0,5,0.3779421031621037
50,8,2 Methyl Butyraldehyde,0,6,0.3892467167693848
50,8,2 Methyl Butyraldehyde,0,7,0.35109130830777663
50,8,2 Methyl Butyraldehyde,0,8,0.3833561701600381
50,8,2 Methyl Butyraldehyde,0,9,0.37752503158837436
50,8,2 Methyl Butyraldehyde,0,10,0.4021366546406666
50,8,2 Methyl Butyraldehyde,0,11,0.36835051416034437
50,8,2 Methyl Butyraldehyde,0,12,0.37405548283438916
50,8,2 Methyl Butyraldehyde,0,13,0.3988831954349928
50,8,2 Methyl Butyraldehyde,0,14,0.3769116593980164
50,8,2 Methyl Butyraldehyde,1,0,0.3377671004840422
50,8,2 Methyl Butyraldehyde,1,1,0.40765142286943645
50,8,2 Methyl Butyraldehyde,1,2,0.33834459503544534
50,8,2 Methyl Butyraldehyde,1,3,0.3577014297971901
50,8,2 Methyl Butyraldehyde,1,4,0.36555548997605486
50,8,2 Methyl Butyraldehyde,1,5,0.36404590471533593
50,8,2 Methyl Butyraldehyde,1,6,0.3553141468219928
50,8,2 Methyl Butyraldehyde,1,7,0.35540928663754684
50,8,2 Methyl Butyraldehyde,1,8,0.3544514324477958
50,8,2 Methyl Butyraldehyde,1,9,0.337631693735682
50,8,2 Methyl Butyraldehyde,1,10,0.3999877857329686
50,8,2 Methyl Butyraldehyde,1,11,0.3547366790798476
50,8,2 Methyl Butyraldehyde,1,12,0.37033302642464694
50,8,2 Methyl Butyraldehyde,1,13,0.35254759904672844
50,8,2 Methyl Butyraldehyde,1,14,0.35216365139274186
50,9,m Anisaldehyde,0,0,0.4940125516513014
50,9,m Anisaldehyde,0,1,0.4836281379075117
50,9,m Anisaldehyde,0,2,0.4968100234254368
50,9,m Anisaldehyde,0,3,0.4944721446465722
50,9,m Anisaldehyde,0,4,0.5094503055204103
50,9,m Anisaldehyde,0,5,0.4869790184188592
50,9,m Anisaldehyde,0,6,0.4928577479247714
50,9,m Anisaldehyde,0,7,0.4898091039474276
50,9,m Anisaldehyde,0,8,0.5120217892282145
50,9,m Anisaldehyde,0,9,0.4900845790404006
50,9,m Anisaldehyde,0,10,0.5036695775482195
50,9,m Anisaldehyde,0,11,0.5075396393878661
50,9,m Anisaldehyde,0,12,0.4969475922421865
50,9,m Anisaldehyde,0,13,0.4852700068140239
50,9,m Anisaldehyde,0,14,0.4853901061798207
50,9,m Anisaldehyde,1,0,0.4908533662811107
50,9,m Anisaldehyde,1,1,0.47073400145566396
50,9,m Anisaldehyde,1,2,0.486415162872428
50,9,m Anisaldehyde,1,3,0.48378037444000543
50,9,m Anisaldehyde,1,4,0.4862738375122751
50,9,m Anisaldehyde,1,5,0.48717006384805805
50,9,m Anisaldehyde,1,6,0.4738360660896199
50,9,m Anisaldehyde,1,7,0.4734388953480118
50,9,m Anisaldehyde,1,8,0.4894790573512141
50,9,m Anisaldehyde,1,9,0.47672371481511594
50,9,m Anisaldehyde,1,10,0.45660011996383176
50,9,m Anisaldehyde,1,11,0.4888511750494888
50,9,m Anisaldehyde,1,12,0.47286261929940715
50,9,m Anisaldehyde,1,13,0.4871278494479287
50,9,m Anisaldehyde,1,14,0.49591137234281885
52,0,"2,3 Pentanedione",0,0,0.25453052735699355
52,0,"2,3 Pentanedione",0,1,0.27900561171703314
52,0,"2,3 Pentanedione",0,2,0.2579564079388499
52,0,"2,3 Pentanedione",0,3,0.29379719912897356
52,0,"2,3 Pentanedione",0,4,0.2275587882065172
52,0,"2,3 Pentanedione",0,5,0.2539060914150326
52,0,"2,3 Pentanedione",0,6,0.27094050605148157
52,0,"2,3 Pentanedione",0,7,0.24935117200019372
52,0,"2,3 Pentanedione",0,8,0.2829169408417616
52,0,"2,3 Pentanedione",0,9,0.24331047743767534
52,0,"2,3 Pentanedione",0,10,0.3058457447161671
52,0,"2,3 Pentanedione",0,11,0.307166403532251
52,0,"2,3 Pentanedione",0,12,0.26116326583112737
52,0,"2,3 Pentanedione",0,13,0.2679264954343103
52,0,"2,3 Pentanedione",0,14,0.2839032518160608
52,0,"2,3 Pentanedione",1,0,0.22366028091372503
52,0,"2,3 Pentanedione",1,1,0.22054021552346442
52,0,"2,3 Pentanedione",1,2,0.28475068873435005
52,0,"2,3 Pentanedione",1,3,0.2601899277097342
52,0,"2,3 Pentanedione",1,4,0.24767758473841445
52,0,"2,3 Pentanedione",1,5,0.2536182984599382
52,0,"2,3 Pentanedione",1,6,0.19368917907880745
52,0,"2,3 Pentanedione",1,7,0.24857615802648417
52,0,"2,3 Pentanedione",1,8,0.2345140474080786
52,0,"2,3 Pentanedione",1,9,0.27629200672828624
52,0,"2,3 Pentanedione",1,10,0.27821598534750935
52,0,"2,3 Pentanedione",1,11,0.26775722174115696
52,0,"2,3 Pentanedione",1,12,0.26322668210788774
52,0,"2,3 Pentanedione",1,13,0.21590654716990249
52,0,"2,3 Pentanedione",1,14,0.26810629288783105
52,1,3 Methylvaleric Acid,0,0,0.6635250962667858
52,1,3 Methylvaleric Acid,0,1,0.6696210439263465
52,1,3 Methylvaleric Acid,0,2,0.6782633184276375
52,1,3 Methylvaleric Acid,0,3,0.6405392894384013
52,1,3 Methylvaleric Acid,0,4,0.6534488301901467
52,1,3 Methylvaleric Acid,0,5,0.6499465523291116
52,1,3 Methylvaleric Acid,0,6,0.6590021893558311
52,1,3 Methylvaleric Acid,0,7,0.6574271550918651
52,1,3 Methylvaleric Acid,0,8,0.6549772329480474
52,1,3 Methylvaleric Acid,0,9,0.6674670682200835
52,1,3 Methylvaleric Acid,0,10,0.6463912362733085
52,1,3 Methylvaleric Acid,0,11,0.6469880933191109
52,1,3 Methylvaleric Acid,0,12,0.6471553541397678
52,1,3 Methylvaleric Acid,0,13,0.65372748845138
52,1,3 Methylvaleric Acid,0,14,0.6451322805563917
52,1,3 Methylvaleric Acid,1,0,0.6573821679009413
52,1,3 Methylvaleric Acid,1,1,0.6562247524479832
52,1,3 Methylvaleric Acid,1,2,0.6500770292651409
52,1,3 Methylvaleric Acid,1,3,0.6665126825507102
52,1,3 Methylvaleric Acid,1,4,0.6572739778632667
52,1,3 Methylvaleric Acid,1,5,0.6683824767286625
52,1,3 Methylvaleric Acid,1,6,0.6559321320066344
52,1,3 Methylvaleric Acid,1,7,0.6576234796225107
52,1,3 Methylvaleric Acid,1,8,0.6522918305089135
52,1,3 Methylvaleric Acid,1,9,0.6577932365700815
52,1,3 Methylvaleric Acid,1,10,0.6649135967278694
52,1,3 Methylvaleric Acid,1,11,0.6537910641330327
52,1,3 Methylvaleric Acid,1,12,0.662994917404777
52,1,3 Methylvaleric Acid,1,13,0.64981735186865
52,1,3 Methylvaleric Acid,1,14,0.6653770754666118
52,2,Acetic Acid,0,0,0.34697567812870217
52,2,Acetic Acid,0,1,0.37092373485334457
52,2,Acetic Acid,0,2,0.3576965782736889
52,2,Acetic Acid,0,3,0.3821195775901249
52,2,Acetic Acid,0,4,0.337370900908727
52,2,Acetic Acid,0,5,0.33198255026542123
52,2,Acetic Acid,0,6,0.3463682482601442
52,2,Acetic Acid,0,7,0.3335142948036329
52,2,Acetic Acid,0,8,0.3335456780719618
52,2,Acetic Acid,0,9,0.36707405610585137
52,2,Acetic Acid,0,10,0.3566066374631798
52,2,Acetic Acid,0,11,0.3486522738132387
52,2,Acetic Acid,0,12,0.35020329867219124
52,2,Acetic Acid,0,13,0.34668574521319
52,2,Acetic Acid,0,14,0.3842844833750558
52,2,Acetic Acid,1,0,0.3537752846837467
52,2,Acetic Acid,1,1,0.3439619670628533
52,2,Acetic Acid,1,2,0.37939568431285925
52,2,Acetic Acid,1,3,0.36246984240155283
52,2,Acetic Acid,1,4,0.4001843821840546
52,2,Acetic Acid,1,5,0.3572765280388395
52,2,Acetic Acid,1,6,0.38023099007294375
52,2,Acetic Acid,1,7,0.3841824446965443
52,2,Acetic Acid,1,8,0.35735799183416966
52,2,Acetic Acid,1,9,0.35365124301177436
52,2,Acetic Acid,1,10,0.37848091015280044
52,2,Acetic Acid,1,11,0.3756960657147505
52,2,Acetic Acid,1,12,0.342481906792269
52,2,Acetic Acid,1,13,0.3472022180368503
52,2,Acetic Acid,1,14,0.32364880520553707
52,3,Gerinol,0,0,0.2320991845074564
52,3,Gerinol,0,1,0.21747462097534273
52,3,Gerinol,0,2,0.21917516390513203
52,3,Gerinol,0,3,0.19308453623771255
52,3,Gerinol,0,4,0.20320728687339074
52,3,Gerinol,0,5,0.2137872898206851
52,3,Gerinol,0,6,0.21047128259867082
52,3,Gerinol,0,7,0.2239518941977323
52,3,Gerinol,0,8,0.23189584417968798
52,3,Gerinol,0,9,0.26066243591825017
52,3,Gerinol,0,10,0.22160004111391945
52,3,Gerinol,0,11,0.24097095260756027
52,3,Gerinol,0,12,0.20778173130048824
52,3,Gerinol,0,13,0.1933659978778184
52,3,Gerinol,0,14,0.21593107488112553
52,3,Gerinol,1,0,0.18859733081331503
52,3,Gerinol,1,1,0.2161057127799261
52,3,Gerinol,1,2,0.20254038492231444
52,3,Gerinol,1,3,0.18251438886614707
52,3,Gerinol,1,4,0.24547296528615253
52,3,Gerinol,1,5,0.20668426883788094
52,3,Gerinol,1,6,0.1879166551179067
52,3,Gerinol,1,7,0.23117870626508502
52,3,Gerinol,1,8,0.20342480100831162
52,3,Gerinol,1,9,0.2344542382243275
52,3,Gerinol,1,10,0.2033432519407708
52,3,Gerinol,1,11,0.2066273551533181
52,3,Gerinol,1,12,0.221738406963958
52,3,Gerinol,1,13,0.22597604316541953
52,3,Gerinol,1,14,0.22896615366019407
52,4,n Methyl Piperdine,0,0,0.4521970798780734
52,4,n Methyl Piperdine,0,1,0.4571439427603447
52,4,n Methyl Piperdine,0,2,0.4588800378432954
52,4,n Methyl Piperdine,0,3,0.4545195620964428
52,4,n Methyl Piperdine,0,4,0.45177374408179366
52,4,n Methyl Piperdine,0,5,0.441352649402059
52,4,n Methyl Piperdine,0,6,0.4577084022421479
52,4,n Methyl Piperdine,0,7,0.4532523985810372
52,4,n Methyl Piperdine,0,8,0.44960608216910236
52,4,n Methyl Piperdine,0,9,0.4631371398966413
52,4,n Methyl Piperdine,0,10,0.44149233992460146
52,4,n Methyl Piperdine,0,11,0.4660672995108271
52,4,n Methyl Piperdine,0,12,0.4527368227588323
52,4,n Methyl Piperdine,0,13,0.4554551544159312
52,4,n Methyl Piperdine,0,14,0.44975465607166587
52,4,n Methyl Piperdine,1,0,0.42889065056005726
52,4,n Methyl Piperdine,1,1,0.44111035467251763
52,4,n Methyl Piperdine,1,2,0.44490519311538623
52,4,n Methyl Piperdine,1,3,0.44763703743146466
52,4,n Methyl Piperdine,1,4,0.4406429682727327
52,4,n Methyl Piperdine,1,5,0.4246869151306085
52,4,n Methyl Piperdine,1,6,0.42989394310358287
52,4,n Methyl Piperdine,1,7,0.4586433908503502
52,4,n Methyl Piperdine,1,8,0.433486945990067
52,4,n Methyl Piperdine,1,9,0.45364362952615755
52,4,n Methyl Piperdine,1,10,0.43475453996090313
52,4,n Methyl Piperdine,1,11,0.44076758658242093
52,4,n Methyl Piperdine,1,12,0.4472288999370431
52,4,n Methyl Piperdine,1,13,0.4356656782875969
52,4,n Methyl Piperdine,1,14,0.45496495494631634
52,5,"2,4 Dimethyl Acetophenone",0,0,0.44122994375950786
52,5,"2,4 Dimethyl Acetophenone",0,1,0.4466606210232552
52,5,"2,4 Dimethyl Acetophenone",0,2,0.43638851376404014
52,5,"2,4 Dimethyl Acetophenone",0,3,0.44945081143210314
52,5,"2,4 Dimethyl Acetophenone",0,4,0.4624249085136499
52,5,"2,4 Dimethyl Acetophenone",0,5,0.43831080020586494
52,5,"2,4 Dimethyl Acetophenone",0,6,0.4645530576457013
52,5,"2,4 Dimethyl Acetophenone",0,7,0.4315378695815145
52,5,"2,4 Dimethyl Acetophenone",0,8,0.4509367327164771
52,5,"2,4 Dimethyl Acetophenone",0,9,0.4470591692693849
52,5,"2,4 Dimethyl Acetophenone",0,10,0.42509382907171633
52,5,"2,4 Dimethyl Acetophenone",0,11,0.4431770521530046
52,5,"2,4 Dimethyl Acetophenone",0,12,0.4402659537238236
52,5,"2,4 Dimethyl Acetophenone",0,13,0.42813107838588255
52,5,"2,4 Dimethyl Acetophenone",0,14,0.4452103381903849
52,5,"2,4 Dimethyl Acetophenone",1,0,0.4433414541136135
52,5,"2,4 Dimethyl Acetophenone",1,1,0.4402550397060294
52,5,"2,4 Dimethyl Acetophenone",1,2,0.44031157803611704
52,5,"2,4 Dimethyl Acetophenone",1,3,0.4400093506456763
52,5,"2,4 Dimethyl Acetophenone",1,4,0.43609360603861275
52,5,"2,4 Dimethyl Acetophenone",1,5,0.44325042470725
52,5,"2,4 Dimethyl Acetophenone",1,6,0.43219865742944175
52,5,"2,4 Dimethyl Acetophenone",1,7,0.4787427199552281
52,5,"2,4 Dimethyl Acetophenone",1,8,0.4214053543445075
52,5,"2,4 Dimethyl Acetophenone",1,9,0.4330331383096255
52,5,"2,4 Dimethyl Acetophenone",1,10,0.43414704566220436
52,5,"2,4 Dimethyl Acetophenone",1,11,0.47005194283959517
52,5,"2,4 Dimethyl Acetophenone",1,12,0.42266315880744243
52,5,"2,4 Dimethyl Acetophenone",1,13,0.4472846027850794
52,5,"2,4 Dimethyl Acetophenone",1,14,0.44478124718326567
52,6,4 Heptanone,0,0,0.5642650819643115
52,6,4 Heptanone,0,1,0.585025953002999
52,6,4 Heptanone,0,2,0.5845541848183362
52,6,4 Heptanone,0,3,0.5462221067275523
52,6,4 Heptanone,0,4,0.5610549656259618
52,6,4 Heptanone,0,5,0.5137231618585552
52,6,4 Heptanone,0,6,0.558871931524741
52,6,4 Heptanone,0,7,0.5383331809796035
52,6,4 Heptanone,0,8,0.5523066823417679
52,6,4 Heptanone,0,9,0.5178335263359718
52,6,4 Heptanone,0,10,0.5659041203363404
52,6,4 Heptanone,0,11,0.517576026127153
52,6,4 Heptanone,0,12,0.560003220109815
52,6,4 Heptanone,0,13,0.5283863482327212
52,6,4 Heptanone,0,14,0.5370533277059027
52,6,4 Heptanone,1,0,0.5822366095202547
52,6,4 Heptanone,1,1,0.5692012456001706
52,6,4 Heptanone,1,2,0.5821094566106125
52,6,4 Heptanone,1,3,0.5915505222719704
52,6,4 Heptanone,1,4,0.5379071115851708
52,6,4 Heptanone,1,5,0.5901532924161039
52,6,4 Heptanone,1,6,0.5219774357813801
52,6,4 Heptanone,1,7,0.5728390605302188
52,6,4 Heptanone,1,8,0.5443349629561262
52,6,4 Heptanone,1,9,0.5342858768451751
52,6,4 Heptanone,1,10,0.5698118760053172
52,6,4 Heptanone,1,11,0.5774121602056648
52,6,4 Heptanone,1,12,0.5767295193287455
52,6,4 Heptanone,1,13,0.5606218065024257
52,6,4 Heptanone,1,14,0.5587152461489303
52,7,33 Dimethyl Butyric Acid,0,0,0.6590292765203782
52,7,33 Dimethyl Butyric Acid,0,1,0.6571172153857836
52,7,33 Dimethyl Butyric Acid,0,2,0.6591534541425939
52,7,33 Dimethyl Butyric Acid,0,3,0.6562622001658373
52,7,33 Dimethyl Butyric Acid,0,4,0.6617367900914967
52,7,33 Dimethyl Butyric Acid,0,5,0.6405681578038102
52,7,33 Dimethyl Butyric Acid,0,6,0.653388801967588
52,7,33 Dimethyl Butyric Acid,0,7,0.6426538434704832
52,7,33 Dimethyl Butyric Acid,0,8,0.6568852847404767
52,7,33 Dimethyl Butyric Acid,0,9,0.6685857344534984
52,7,33 Dimethyl Butyric Acid,0,10,0.6504507974789299
52,7,33 Dimethyl Butyric Acid,0,11,0.65560444970163
52,7,33 Dimethyl Butyric Acid,0,12,0.6609971957716941
52,7,33 Dimethyl Butyric Acid,0,13,0.6367927997881744
52,7,33 Dimethyl Butyric Acid,0,14,0.6500392015953443
52,7,33 Dimethyl Butyric Acid,1,0,0.6349136799828521
52,7,33 Dimethyl Butyric Acid,1,1,0.6069614743263831
52,7,33 Dimethyl Butyric Acid,1,2,0.6234180953814196
52,7,33 Dimethyl Butyric Acid,1,3,0.6412243733023095
52,7,33 Dimethyl Butyric Acid,1,4,0.6403856720524355
52,7,33 Dimethyl Butyric Acid,1,5,0.6349976911822897
52,7,33 Dimethyl Butyric Acid,1,6,0.6393503830683936
52,7,33 Dimethyl Butyric Acid,1,7,0.6336331754368083
52,7,33 Dimethyl Butyric Acid,1,8,0.6365495772729659
52,7,33 Dimethyl Butyric Acid,1,9,0.6290844070954854
52,7,33 Dimethyl Butyric Acid,1,10,0.6327822145199631
52,7,33 Dimethyl Butyric Acid,1,11,0.6263700420738927
52,7,33 Dimethyl Butyric Acid,1,12,0.6426181256664268
52,7,33 Dimethyl Butyric Acid,1,13,0.6448299215528251
52,7,33 Dimethyl Butyric Acid,1,14,0.6436159640078312
52,8,2 Methyl Butyraldehyde,0,0,0.34745413993145985
52,8,2 Methyl Butyraldehyde,0,1,0.33703651604961593
52,8,2 Methyl Butyraldehyde,0,2,0.3796250615652601
52,8,2 Methyl Butyraldehyde,0,3,0.3656296490774772
52,8,2 Methyl Butyraldehyde,0,4,0.36151879088016975
52,8,2 Methyl Butyraldehyde,0,5,0.3431485385775677
52,8,2 Methyl Butyraldehyde,0,6,0.3633721934294237
52,8,2 Methyl Butyraldehyde,0,7,0.3345258937351278
52,8,2 Methyl Butyraldehyde,0,8,0.3673508553158963
52,8,2 Methyl Butyraldehyde,0,9,0.3815707446623374
52,8,2 Methyl Butyraldehyde,0,10,0.38638486076213757
52,8,2 Methyl Butyraldehyde,0,11,0.36877244836095124
52,8,2 Methyl Butyraldehyde,0,12,0.3288605853598485
52,8,2 Methyl Butyraldehyde,0,13,0.35901293783322225
52,8,2 Methyl Butyraldehyde,0,14,0.3960955402620484
52,8,2 Methyl Butyraldehyde,1,0,0.32061980251261396
52,8,2 Methyl Butyraldehyde,1,1,0.33607311762378145
52,8,2 Methyl Butyraldehyde,1,2,0.3641894318544231
52,8,2 Methyl Butyraldehyde,1,3,0.3489850633537109
52,8,2 Methyl Butyraldehyde,1,4,0.3845531441266591
52,8,2 Methyl Butyraldehyde,1,5,0.3232113386016194
52,8,2 Methyl Butyraldehyde,1,6,0.31830696584571466
52,8,2 Methyl Butyraldehyde,1,7,0.36057350327908194
52,8,2 Methyl Butyraldehyde,1,8,0.3143717507335441
52,8,2 Methyl Butyraldehyde,1,9,0.3334463726378288
52,8,2 Methyl Butyraldehyde,1,10,0.3359496909574182
52,8,2 Methyl Butyraldehyde,1,11,0.35698168650863965
52,8,2 Methyl Butyraldehyde,1,12,0.34893034770190184
52,8,2 Methyl Butyraldehyde,1,13,0.34592908968707825
52,8,2 Methyl Butyraldehyde,1,14,0.32951993877344066
52,9,m Anisaldehyde,0,0,0.5095199899714413
52,9,m Anisaldehyde,0,1,0.5361909159588502
52,9,m Anisaldehyde,0,2,0.504550568787217
52,9,m Anisaldehyde,0,3,0.4989369814733459
52,9,m Anisaldehyde,0,4,0.485676240124537
52,9,m Anisaldehyde,0,5,0.4919423783119277
52,9,m Anisaldehyde,0,6,0.49596340086963153
52,9,m Anisaldehyde,0,7,0.4929185835079152
52,9,m Anisaldehyde,0,8,0.4978386682483024
52,9,m Anisaldehyde,0,9,0.5148622220586233
52,9,m Anisaldehyde,0,10,0.5098251728976141
52,9,m Anisaldehyde,0,11,0.4964841151788879
52,9,m Anisaldehyde,0,12,0.4865262633365455
52,9,m Anisaldehyde,0,13,0.510681057249678
52,9,m Anisaldehyde,0,14,0.49752576590850406
52,9,m Anisaldehyde,1,0,0.47473587462852507
52,9,m Anisaldehyde,1,1,0.4978780664027383
52,9,m Anisaldehyde,1,2,0.5008504526137549
52,9,m Anisaldehyde,1,3,0.46809942750816363
52,9,m Anisaldehyde,1,4,0.4832941348633342
52,9,m Anisaldehyde,1,5,0.49006999561289594
52,9,m Anisaldehyde,1,6,0.49808758362048033
52,9,m Anisaldehyde,1,7,0.4862243106756758
52,9,m Anisaldehyde,1,8,0.4832221419061313
52,9,m Anisaldehyde,1,9,0.4980179210621284
52,9,m Anisaldehyde,1,10,0.4866743030690771
52,9,m Anisaldehyde,1,11,0.49626143088093766
52,9,m Anisaldehyde,1,12,0.48057125831115755
52,9,m Anisaldehyde,1,13,0.4782862233232611
52,9,m Anisaldehyde,1,14,0.4982845516387166
54,0,"2,3 Pentanedione",0,0,0.2829470801798626
54,0,"2,3 Pentanedione",0,1,0.29969547575283745
54,0,"2,3 Pentanedione",0,2,0.2633192573988962
54,0,"2,3 Pentanedione",0,3,0.2567564498599386
54,0,"2,3 Pentanedione",0,4,0.31065205461045503
54,0,"2,3 Pentanedione",0,5,0.2385601133220705
54,0,"2,3 Pentanedione",0,6,0.30792060015144784
54,0,"2,3 Pentanedione",0,7,0.3096467001089918
54,0,"2,3 Pentanedione",0,8,0.2981363202785841
54,0,"2,3 Pentanedione",0,9,0.25943889449667107
54,0,"2,3 Pentanedione",0,10,0.25622098650379826
54,0,"2,3 Pentanedione",0,11,0.27138268809697724
54,0,"2,3 Pentanedione",0,12,0.24425809050114727
54,0,"2,3 Pentanedione",0,13,0.25259173245309235
54,0,"2,3 Pentanedione",0,14,0.2927524397096584
54,0,"2,3 Pentanedione",1,0,0.2644959990681312
54,0,"2,3 Pentanedione",1,1,0.22202290054915338
54,0,"2,3 Pentanedione",1,2,0.26516531959502915
54,0,"2,3 Pentanedione",1,3,0.25961985385602243
54,0,"2,3 Pentanedione",1,4,0.2860094275769549
54,0,"2,3 Pentanedione",1,5,0.26249068225921535
54,0,"2,3 Pentanedione",1,6,0.27472679755588675
54,0,"2,3 Pentanedione",1,7,0.26018921098578257
54,0,"2,3 Pentanedione",1,8,0.272760498954957
54,0,"2,3 Pentanedione",1,9,0.21608434229833293
54,0,"2,3 Pentanedione",1,10,0.24521865978475446
54,0,"2,3 Pentanedione",1,11,0.24728770200683906
54,0,"2,3 Pentanedione",1,12,0.24216852253914523
54,0,"2,3 Pentanedione",1,13,0.25935943697044544
54,0,"2,3 Pentanedione",1,14,0.2641217625749211
54,1,3 Methylvaleric Acid,0,0,0.6590909699735354
54,1,3 Methylvaleric Acid,0,1,0.653456268663078
54,1,3 Methylvaleric Acid,0,2,0.6479246663708116
54,1,3 Methylvaleric Acid,0,3,0.6660692863059083
54,1,3 Methylvaleric Acid,0,4,0.6586700087951779
54,1,3 Methylvaleric Acid,0,5,0.6451243098807091
54,1,3 Methylvaleric Acid,0,6,0.6532905178434727
54,1,3 Methylvaleric Acid,0,7,0.6379504144818433
54,1,3 Methylvaleric Acid,0,8,0.655558037377592
54,1,3 Methylvaleric Acid,0,9,0.6532440662741436
54,1,3 Methylvaleric Acid,0,10,0.6495210613765235
54,1,3 Methylvaleric Acid,0,11,0.670894353650159
54,1,3 Methylvaleric Acid,0,12,0.6437627550934045
54,1,3 Methylvaleric Acid,0,13,0.6622007009016829
54,1,3 Methylvaleric Acid,0,14,0.6768548119461733
54,1,3 Methylvaleric Acid,1,0,0.6714993143389846
54,1,3 Methylvaleric Acid,1,1,0.660522884319708
54,1,3 Methylvaleric Acid,1,2,0.6496085906218775
54,1,3 Methylvaleric Acid,1,3,0.6473516100881984
54,1,3 Methylvaleric Acid,1,4,0.6567610156389084
54,1,3 Methylvaleric Acid,1,5,0.6540342580005731
54,1,3 Methylvaleric Acid,1,6,0.6537120730630738
54,1,3 Methylvaleric Acid,1,7,0.6576048160801009
54,1,3 Methylvaleric Acid,1,8,0.6598229202636879
54,1,3 Methylvaleric Acid,1,9,0.665638364136885
54,1,3 Methylvaleric Acid,1,10,0.6485817583183441
54,1,3 Methylvaleric Acid,1,11,0.654081348440526
54,1,3 Methylvaleric Acid,1,12,0.6592544520252989
54,1,3 Methylvaleric Acid,1,13,0.6588999266537339
54,1,3 Methylvaleric Acid,1,14,0.679014439075885
54,2,Acetic Acid,0,0,0.3539392569657187
54,2,Acetic Acid,0,1,0.3230614723475425
54,2,Acetic Acid,0,2,0.3570496375668448
54,2,Acetic Acid,0,3,0.3591822062389339
54,2,Acetic Acid,0,4,0.34796097170367024
54,2,Acetic Acid,0,5,0.3297560404444743
54,2,Acetic Acid,0,6,0.37946349835617604
54,2,Acetic Acid,0,7,0.33215677114171366
54,2,Acetic Acid,0,8,0.36110778044341346
54,2,Acetic Acid,0,9,0.35340067016749444
54,2,Acetic Acid,0,10,0.36010472126795173
54,2,Acetic Acid,0,11,0.3786070612046574
54,2,Acetic Acid,0,12,0.3594494440185518
54,2,Acetic Acid,0,13,0.34070862943935726
54,2,Acetic Acid,0,14,0.368555574491954
54,2,Acetic Acid,1,0,0.35745557732198285
54,2,Acetic Acid,1,1,0.3707488799555726
54,2,Acetic Acid,1,2,0.34638167922427937
54,2,Acetic Acid,1,3,0.3507277425772087
54,2,Acetic Acid,1,4,0.36887243928202285
54,2,Acetic Acid,1,5,0.37417030616859437
54,2,Acetic Acid,1,6,0.33953465106415415
54,2,Acetic Acid,1,7,0.37633161912350666
54,2,Acetic Acid,1,8,0.3543051363926412
54,2,Acetic Acid,1,9,0.3894198855714948
54,2,Acetic Acid,1,10,0.36212504371821425
54,2,Acetic Acid,1,11,0.3492164866302763
54,2,Acetic Acid,1,12,0.36928091008141495
54,2,Acetic Acid,1,13,0.3526857320044384
54,2,Acetic Acid,1,14,0.3892401750857439
54,3,Gerinol,0,0,0.20694356780171094
54,3,Gerinol,0,1,0.20434683193158606
54,3,Gerinol,0,2,0.21703098712840058
54,3,Gerinol,0,3,0.18978954218317404
54,3,Gerinol,0,4,0.18494082105222717
54,3,Gerinol,0,5,0.21390123442337466
54,3,Gerinol,0,6,0.18817350886299852
54,3,Gerinol,0,7,0.1881677177238816
54,3,Gerinol,0,8,0.22121006019865827
54,3,Gerinol,0,9,0.2158924171666523
54,3,Gerinol,0,10,0.18554347068764054
54,3,Gerinol,0,11,0.19637170599044612
54,3,Gerinol,0,12,0.19151634323139455
54,3,Gerinol,0,13,0.2372395486727415
54,3,Gerinol,0,14,0.22239157994008563
54,3,Gerinol,1,0,0.1916774521157381
54,3,Gerinol,1,1,0.20868751871207877
54,3,Gerinol,1,2,0.1757199921371037
54,3,Gerinol,1,3,0.18738157736014902
54,3,Gerinol,1,4,0.20064633416847402
54,3,Gerinol,1,5,0.2065726227590632
54,3,Gerinol,1,6,0.19719459807319248
54,3,Gerinol,1,7,0.20308855948706
54,3,Gerinol,1,8,0.20019377163663904
54,3,Gerinol,1,9,0.19606658233582477
54,3,Gerinol,1,10,0.19380489294099548
54,3,Gerinol,1,11,0.19158498335057417
54,3,Gerinol,1,12,0.20281429366671422
54,3,Gerinol,1,13,0.2058660563654438
54,3,Gerinol,1,14,0.2022414278959765
54,4,n Methyl Piperdine,0,0,0.4502694579410936
54,4,n Methyl Piperdine,0,1,0.4517068115319566
54,4,n Methyl Piperdine,0,2,0.46288928878868657
54,4,n Methyl Piperdine,0,3,0.4714716207464691
54,4,n Methyl Piperdine,0,4,0.4609175580335721
54,4,n Methyl Piperdine,0,5,0.4564048870412861
54,4,n Methyl Piperdine,0,6,0.46149295798464424
54,4,n Methyl Piperdine,0,7,0.45060366296099463
54,4,n Methyl Piperdine,0,8,0.47016977959339373
54,4,n Methyl Piperdine,0,9,0.46119098749716625
54,4,n Methyl Piperdine,0,10,0.45434257663541766
54,4,n Methyl Piperdine,0,11,0.45836387061235906
54,4,n Methyl Piperdine,0,12,0.4554819444845931
54,4,n Methyl Piperdine,0,13,0.4701915941556367
54,4,n Methyl Piperdine,0,14,0.4580803136255256
54,4,n Methyl Piperdine,1,0,0.4482623616078287
54,4,n Methyl Piperdine,1,1,0.45160924729211427
54,4,n Methyl Piperdine,1,2,0.4410933028087876
54,4,n Methyl Piperdine,1,3,0.4485691113679852
54,4,n Methyl Piperdine,1,4,0.4492149201940576
54,4,n Methyl Piperdine,1,5,0.434586805070739
54,4,n Methyl Piperdine,1,6,0.4490410075491248
54,4,n Methyl Piperdine,1,7,0.44665333911935884
54,4,n Methyl Piperdine,1,8,0.4480591659758319
54,4,n Methyl Piperdine,1,9,0.4473044733468285
54,4,n Methyl Piperdine,1,10,0.44909279462250457
54,4,n Methyl Piperdine,1,11,0.4577181814443132
54,4,n Methyl Piperdine,1,12,0.43758337634222305
54,4,n Methyl Piperdine,1,13,0.44428221695490056
54,4,n Methyl Piperdine,1,14,0.4523523846706066
54,5,"2,4 Dimethyl Acetophenone",0,0,0.4651582496776669
54,5,"2,4 Dimethyl Acetophenone",0,1,0.4648547880891719
54,5,"2,4 Dimethyl Acetophenone",0,2,0.497205290244929
54,5,"2,4 Dimethyl Acetophenone",0,3,0.4670366615449787
54,5,"2,4 Dimethyl Acetophenone",0,4,0.47432417768573765
54,5,"2,4 Dimethyl Acetophenone",0,5,0.4540465578016249
54,5,"2,4 Dimethyl Acetophenone",0,6,0.44437540766292294
54,5,"2,4 Dimethyl Acetophenone",0,7,0.4539443896099493
54,5,"2,4 Dimethyl Acetophenone",0,8,0.46841610342064793
54,5,"2,4 Dimethyl Acetophenone",0,9,0.4641133810807015
54,5,"2,4 Dimethyl Acetophenone",0,10,0.464062948472409
54,5,"2,4 Dimethyl Acetophenone",0,11,0.4553541263693918
54,5,"2,4 Dimethyl Acetophenone",0,12,0.45310557890309633
54,5,"2,4 Dimethyl Acetophenone",0,13,0.4558404353916134
54,5,"2,4 Dimethyl Acetophenone",0,14,0.46859258348147015
54,5,"2,4 Dimethyl Acetophenone",1,0,0.4737034930627333
54,5,"2,4 Dimethyl Acetophenone",1,1,0.44765907009500444
54,5,"2,4 Dimethyl Acetophenone",1,2,0.47259817478740335
54,5,"2,4 Dimethyl Acetophenone",1,3,0.4526723235787643
54,5,"2,4 Dimethyl Acetophenone",1,4,0.4684605970030533
54,5,"2,4 Dimethyl Acetophenone",1,5,0.4591413122149203
54,5,"2,4 Dimethyl Acetophenone",1,6,0.4839277024125903
54,5,"2,4 Dimethyl Acetophenone",1,7,0.45595291261045273
54,5,"2,4 Dimethyl Acetophenone",1,8,0.4643668893180271
54,5,"2,4 Dimethyl Acetophenone",1,9,0.4704019261614838
54,5,"2,4 Dimethyl Acetophenone",1,10,0.4495244121974388
54,5,"2,4 Dimethyl Acetophenone",1,11,0.4608208839313616
54,5,"2,4 Dimethyl Acetophenone",1,12,0.4580890950862004
54,5,"2,4 Dimethyl Acetophenone",1,13,0.4546028828514273
54,5,"2,4 Dimethyl Acetophenone",1,14,0.4556476452528279
54,6,4 Heptanone,0,0,0.5776350899642085
54,6,4 Heptanone,0,1,0.5382961966734953
54,6,4 Heptanone,0,2,0.565087446243387
54,6,4 Heptanone,0,3,0.559296354929754
54,6,4 Heptanone,0,4,0.5199342390119798
54,6,4 Heptanone,0,5,0.564001075508729
54,6,4 Heptanone,0,6,0.5195540175685567
54,6,4 Heptanone,0,7,0.5665060288036984
54,6,4 Heptanone,0,8,0.5403972363050314
54,6,4 Heptanone,0,9,0.5522538523722517
54,6,4 Heptanone,0,10,0.5222960961123017
54,6,4 Heptanone,0,11,0.5548759250868734
54,6,4 Heptanone,0,12,0.5733790584081614
54,6,4 Heptanone,0,13,0.5335031594121965
54,6,4 Heptanone,0,14,0.5380980412911085
54,6,4 Heptanone,1,0,0.5739413344402542
54,6,4 Heptanone,1,1,0.5745162122899742
54,6,4 Heptanone,1,2,0.507505866926178
54,6,4 Heptanone,1,3,0.609835647722313
54,6,4 Heptanone,1,4,0.5756416034086311
54,6,4 Heptanone,1,5,0.5795135980524039
54,6,4 Heptanone,1,6,0.5601850576144395
54,6,4 Heptanone,1,7,0.5208174695543588
54,6,4 Heptanone,1,8,0.5790031295486072
54,6,4 Heptanone,1,9,0.5504881761807839
54,6,4 Heptanone,1,10,0.5759952653094882
54,6,4 Heptanone,1,11,0.5584542440735112
54,6,4 Heptanone,1,12,0.5689604769214365
54,6,4 Heptanone,1,13,0.5456630880894657
54,6,4 Heptanone,1,14,0.5833650121764218
54,7,33 Dimethyl Butyric Acid,0,0,0.6429358265183609
54,7,33 Dimethyl Butyric Acid,0,1,0.6723658826497855
54,7,33 Dimethyl Butyric Acid,0,2,0.672300569995816
54,7,33 Dimethyl Butyric Acid,0,3,0.6671133886261813
54,7,33 Dimethyl Butyric Acid,0,4,0.6640518918075741
54,7,33 Dimethyl Butyric Acid,0,5,0.6523960147655172
54,7,33 Dimethyl Butyric Acid,0,6,0.663118306709081
54,7,33 Dimethyl Butyric Acid,0,7,0.6522963578202653
54,7,33 Dimethyl Butyric Acid,0,8,0.6398064706928593
54,7,33 Dimethyl Butyric Acid,0,9,0.6660035471438926
54,7,33 Dimethyl Butyric Acid,0,10,0.6627950148090671
54,7,33 Dimethyl Butyric Acid,0,11,0.6528520353631706
54,7,33 Dimethyl Butyric Acid,0,12,0.6426203938206807
54,7,33 Dimethyl Butyric Acid,0,13,0.6480966911039329
54,7,33 Dimethyl Butyric Acid,0,14,0.6375128112515347
54,7,33 Dimethyl Butyric Acid,1,0,0.6465319851759395
54,7,33 Dimethyl Butyric Acid,1,1,0.6246914548939722
54,7,33 Dimethyl Butyric Acid,1,2,0.640890568558528
54,7,33 Dimethyl Butyric Acid,1,3,0.6312016080127919
54,7,33 Dimethyl Butyric Acid,1,4,0.6262050217033988
54,7,33 Dimethyl Butyric Acid,1,5,0.640475115371368
54,7,33 Dimethyl Butyric Acid,1,6,0.6355715652472507
54,7,33 Dimethyl Butyric Acid,1,7,0.6456158881080556
54,7,33 Dimethyl Butyric Acid,1,8,0.6275685448622511
54,7,33 Dimethyl Butyric Acid,1,9,0.6319419016087738
54,7,33 Dimethyl Butyric Acid,1,10,0.6179694637041068
54,7,33 Dimethyl Butyric Acid,1,11,0.6197117725382604
54,7,33 Dimethyl Butyric Acid,1,12,0.6538434289197443
54,7,33 Dimethyl Butyric Acid,1,13,0.6562894498209109
54,7,33 Dimethyl Butyric Acid,1,14,0.63922702839693
54,8,2 Methyl Butyraldehyde,0,0,0.3497935394338011
54,8,2 Methyl Butyraldehyde,0,1,0.3598238818366734
54,8,2 Methyl Butyraldehyde,0,2,0.3821996800179894
54,8,2 Methyl Butyraldehyde,0,3,0.355701239668026
54,8,2 Methyl Butyraldehyde,0,4,0.3700585607332221
54,8,2 Methyl Butyraldehyde,0,5,0.3652782162780723
54,8,2 Methyl Butyraldehyde,0,6,0.35466220504024615
54,8,2 Methyl Butyraldehyde,0,7,0.3554758876350678
54,8,2 Methyl Butyraldehyde,0,8,0.37112171481908335
54,8,2 Methyl Butyraldehyde,0,9,0.34687139096941577
54,8,2 Methyl Butyraldehyde,0,10,0.374145986233562
54,8,2 Methyl Butyraldehyde,0,11,0.3565185522651007
54,8,2 Methyl Butyraldehyde,0,12,0.36795339549597683
54,8,2 Methyl Butyraldehyde,0,13,0.3919438111253357
54,8,2 Methyl Butyraldehyde,0,14,0.36231069425097134
54,8,2 Methyl Butyraldehyde,1,0,0.3582512419221094
54,8,2 Methyl Butyraldehyde,1,1,0.306477927597892
54,8,2 Methyl Butyraldehyde,1,2,0.3317107211720475
54,8,2 Methyl Butyraldehyde,1,3,0.3412193243696103
54,8,2 Methyl Butyraldehyde,1,4,0.377410166601515
54,8,2 Methyl Butyraldehyde,1,5,0.30327208067146116
54,8,2 Methyl Butyraldehyde,1,6,0.338853903940861
54,8,2 Methyl Butyraldehyde,1,7,0.3685012269026805
54,8,2 Methyl Butyraldehyde,1,8,0.3257034077298248
54,8,2 Methyl Butyraldehyde,1,9,0.33662727056462655
54,8,2 Methyl Butyraldehyde,1,10,0.3470241326698581
54,8,2 Methyl Butyraldehyde,1,11,0.34421326798723206
54,8,2 Methyl Butyraldehyde,1,12,0.3705837697789204
54,8,2 Methyl Butyraldehyde,1,13,0.34925278739771903
54,8,2 Methyl Butyraldehyde,1,14,0.3660400148910985
54,9,m Anisaldehyde,0,0,0.4948073356394819
54,9,m Anisaldehyde,0,1,0.49119673727415897
54,9,m Anisaldehyde,0,2,0.4960815224062846
54,9,m Anisaldehyde,0,3,0.4872249944070175
54,9,m Anisaldehyde,0,4,0.502811213770089
54,9,m Anisaldehyde,0,5,0.494561866229491
54,9,m Anisaldehyde,0,6,0.4918489549150496
54,9,m Anisaldehyde,0,7,0.5029549358401384
54,9,m Anisaldehyde,0,8,0.48737099946836887
54,9,m Anisaldehyde,0,9,0.5055343702834291
54,9,m Anisaldehyde,0,10,0.4936845512540522
54,9,m Anisaldehyde,0,11,0.509221610258467
54,9,m Anisaldehyde,0,12,0.49449677906829254
54,9,m Anisaldehyde,0,13,0.5042193122077455
54,9,m Anisaldehyde,0,14,0.4999271408609555
54,9,m Anisaldehyde,1,0,0.48863949432968884
54,9,m Anisaldehyde,1,1,0.48262410869472006
54,9,m Anisaldehyde,1,2,0.4657974409260985
54,9,m Anisaldehyde,1,3,0.49115296226663874
54,9,m Anisaldehyde,1,4,0.4807488658424887
54,9,m Anisaldehyde,1,5,0.48907231216897834
54,9,m Anisaldehyde,1,6,0.4881303763121507
54,9,m Anisaldehyde,1,7,0.4742433093421377
54,9,m Anisaldehyde,1,8,0.47290067363372246
54,9,m Anisaldehyde,1,9,0.487799303783994
54,9,m Anisaldehyde,1,10,0.4787034315437567
54,9,m Anisaldehyde,1,11,0.49046632214013697
54,9,m Anisaldehyde,1,12,0.4798899707860843
54,9,m Anisaldehyde,1,13,0.49129165083585746
54,9,m Anisaldehyde,1,14,0.48559745351052414
56,0,"2,3 Pentanedione",0,0,0.2827500976430722
56,0,"2,3 Pentanedione",0,1,0.2662004428317116
56,0,"2,3 Pentanedione",0,2,0.2813614131517564
56,0,"2,3 Pentanedione",0,3,0.3053720406740362
56,0,"2,3 Pentanedione",0,4,0.2741953363336355
56,0,"2,3 Pentanedione",0,5,0.28883008389231485
56,0,"2,3 Pentanedione",0,6,0.27670972470646116
56,0,"2,3 Pentanedione",0,7,0.278665823868854
56,0,"2,3 Pentanedione",0,8,0.31863599172367596
56,0,"2,3 Pentanedione",0,9,0.30559397357620727
56,0,"2,3 Pentanedione",0,10,0.27753581818011147
56,0,"2,3 Pentanedione",0,11,0.28091207499861937
56,0,"2,3 Pentanedione",0,12,0.2580039602114443
56,0,"2,3 Pentanedione",0,13,0.27122643414359465
56,0,"2,3 Pentanedione",0,14,0.28328566748893386
56,0,"2,3 Pentanedione",1,0,0.2714844028390399
56,0,"2,3 Pentanedione",1,1,0.2689495855225847
56,0,"2,3 Pentanedione",1,2,0.22248758670219895
56,0,"2,3 Pentanedione",1,3,0.2746436313667775
56,0,"2,3 Pentanedione",1,4,0.24799972111537288
56,0,"2,3 Pentanedione",1,5,0.22554427920787326
56,0,"2,3 Pentanedione",1,6,0.2836286815356098
56,0,"2,3 Pentanedione",1,7,0.28680103801826057
56,0,"2,3 Pentanedione",1,8,0.25681273765832824
56,0,"2,3 Pentanedione",1,9,0.26793890314744256
56,0,"2,3 Pentanedione",1,10,0.2694052933184225
56,0,"2,3 Pentanedione",1,11,0.285113366920118
56,0,"2,3 Pentanedione",1,12,0.26842077623560484
56,0,"2,3 Pentanedione",1,13,0.21702685616384748
56,0,"2,3 Pentanedione",1,14,0.3004642568240899
56,1,3 Methylvaleric Acid,0,0,0.6722705036206502
56,1,3 Methylvaleric Acid,0,1,0.6566772850051422
56,1,3 Methylvaleric Acid,0,2,0.6515286411129688
56,1,3 Methylvaleric Acid,0,3,0.6667185358528923
56,1,3 Methylvaleric Acid,0,4,0.6589666425428239
56,1,3 Methylvaleric Acid,0,5,0.6649879561167539
56,1,3 Methylvaleric Acid,0,6,0.6690804479075597
56,1,3 Methylvaleric Acid,0,7,0.6561138387621925
56,1,3 Methylvaleric Acid,0,8,0.6506725191802859
56,1,3 Methylvaleric Acid,0,9,0.6655405668745391
56,1,3 Methylvaleric Acid,0,10,0.6564410511443378
56,1,3 Methylvaleric Acid,0,11,0.6631674758044708
56,1,3 Methylvaleric Acid,0,12,0.6484232115375622
56,1,3 Methylvaleric Acid,0,13,0.6592247901664796
56,1,3 Methylvaleric Acid,0,14,0.6687987633055563
56,1,3 Methylvaleric Acid,1,0,0.669106870612191
56,1,3 Methylvaleric Acid,1,1,0.6553043457358393
56,1,3 Methylvaleric Acid,1,2,0.6515435314751086
56,1,3 Methylvaleric Acid,1,3,0.6632646017910706
56,1,3 Methylvaleric Acid,1,4,0.6686623940971299
56,1,3 Methylvaleric Acid,1,5,0.6671195095844236
56,1,3 Methylvaleric Acid,1,6,0.6580385188301212
56,1,3 Methylvaleric Acid,1,7,0.6660568108868373
56,1,3 Methylvaleric Acid,1,8,0.6779808466206608
56,1,3 Methylvaleric Acid,1,9,0.6651393445151739
56,1,3 Methylvaleric Acid,1,10,0.646941501202305
56,1,3 Methylvaleric Acid,1,11,0.6651200967839942
56,1,3 Methylvaleric Acid,1,12,0.6833423321153328
56,1,3 Methylvaleric Acid,1,13,0.6503642609218935
56,1,3 Methylvaleric Acid,1,14,0.6634028058937039
56,2,Acetic Acid,0,0,0.3486658336958245
56,2,Acetic Acid,0,1,0.354056013503977
56,2,Acetic Acid,0,2,0.35570156712614187
56,2,Acetic Acid,0,3,0.3715218929337895
56,2,Acetic Acid,0,4,0.3538703343682346
56,2,Acetic Acid,0,5,0.373818486522441
56,2,Acetic Acid,0,6,0.35048386624356
56,2,Acetic Acid,0,7,0.34659484239271393
56,2,Acetic Acid,0,8,0.341257727954117
56,2,Acetic Acid,0,9,0.3220551952663294
56,2,Acetic Acid,0,10,0.3570654165366618
56,2,Acetic Acid,0,11,0.3868120719469954
56,2,Acetic Acid,0,12,0.3601175707354864
56,2,Acetic Acid,0,13,0.3639401958061396
56,2,Acetic Acid,0,14,0.34554272076604264
56,2,Acetic Acid,1,0,0.36120045776620346
56,2,Acetic Acid,1,1,0.3817591711697151
56,2,Acetic Acid,1,2,0.3988898668834125
56,2,Acetic Acid,1,3,0.39017865408937596
56,2,Acetic Acid,1,4,0.3787581589743031
56,2,Acetic Acid,1,5,0.36587576150845574
56,2,Acetic Acid,1,6,0.3687960005024444
56,2,Acetic Acid,1,7,0.35268282161661973
56,2,Acetic Acid,1,8,0.3410623074465262
56,2,Acetic Acid,1,9,0.34643828106456637
56,2,Acetic Acid,1,10,0.36612082261959983
56,2,Acetic Acid,1,11,0.3604032038362255
56,2,Acetic Acid,1,12,0.3407064256079126
56,2,Acetic Acid,1,13,0.36466339226843714
56,2,Acetic Acid,1,14,0.35996093884774816
56,3,Gerinol,0,0,0.196642097984481
56,3,Gerinol,0,1,0.21033610612412132
56,3,Gerinol,0,2,0.2111759301000498
56,3,Gerinol,0,3,0.20613138901507425
56,3,Gerinol,0,4,0.23246109721705638
56,3,Gerinol,0,5,0.1841869798859596
56,3,Gerinol,0,6,0.1827727021853682
56,3,Gerinol,0,7,0.21670762983034325
56,3,Gerinol,0,8,0.2182915574731217
56,3,Gerinol,0,9,0.22354771463023612
56,3,Gerinol,0,10,0.20745637513605023
56,3,Gerinol,0,11,0.2009912656223724
56,3,Gerinol,0,12,0.21652675504025187
56,3,Gerinol,0,13,0.2091179960858693
56,3,Gerinol,0,14,0.24311374066461738
56,3,Gerinol,1,0,0.18966470599969604
56,3,Gerinol,1,1,0.1942888397250645
56,3,Gerinol,1,2,0.23742826284327517
56,3,Gerinol,1,3,0.19187348770642962
56,3,Gerinol,1,4,0.2046845641875522
56,3,Gerinol,1,5,0.20622261873236025
56,3,Gerinol,1,6,0.20767434066841012
56,3,Gerinol,1,7,0.20013502779426975
56,3,Gerinol,1,8,0.19850324411494105
56,3,Gerinol,1,9,0.19690796949082287
56,3,Gerinol,1,10,0.1853694224420499
56,3,Gerinol,1,11,0.20074974649848312
56,3,Gerinol,1,12,0.22980607100039027
56,3,Gerinol,1,13,0.2158511370150899
56,3,Gerinol,1,14,0.20038122478619283
56,4,n Methyl Piperdine,0,0,0.46394214838095277
56,4,n Methyl Piperdine,0,1,0.45014210272625965
56,4,n Methyl Piperdine,0,2,0.4550114127625071
56,4,n Methyl Piperdine,0,3,0.4646783087495773
56,4,n Methyl Piperdine,0,4,0.4689928475437704
56,4,n Methyl Piperdine,0,5,0.4509285806193418
56,4,n Methyl Piperdine,0,6,0.4532268035207196
56,4,n Methyl Piperdine,0,7,0.47454651634713313
56,4,n Methyl Piperdine,0,8,0.45786559999425663
56,4,n Methyl Piperdine,0,9,0.47168240577770787
56,4,n Methyl Piperdine,0,10,0.45875036853431117
56,4,n Methyl Piperdine,0,11,0.45906495225470834
56,4,n Methyl Piperdine,0,12,0.45465158289482566
56,4,n Methyl Piperdine,0,13,0.4646359511281867
56,4,n Methyl Piperdine,0,14,0.46795773039853683
56,4,n Methyl Piperdine,1,0,0.44176859992817086
56,4,n Methyl Piperdine,1,1,0.4472290133515343
56,4,n Methyl Piperdine,1,2,0.45736924596429157
56,4,n Methyl Piperdine,1,3,0.44901222866702317
56,4,n Methyl Piperdine,1,4,0.44610153402103214
56,4,n Methyl Piperdine,1,5,0.458124955000253
56,4,n Methyl Piperdine,1,6,0.4588762434069979
56,4,n Methyl Piperdine,1,7,0.4464514810439207
56,4,n Methyl Piperdine,1,8,0.4517475499932014
56,4,n Methyl Piperdine,1,9,0.4403808194020639
56,4,n Methyl Piperdine,1,10,0.4428847704854682
56,4,n Methyl Piperdine,1,11,0.45104193962636485
56,4,n Methyl Piperdine,1,12,0.45029987206993655
56,4,n Methyl Piperdine,1,13,0.44231360903545275
56,4,n Methyl Piperdine,1,14,0.44432082637149317
56,5,"2,4 Dimethyl Acetophenone",0,0,0.441400832032345
56,5,"2,4 Dimethyl Acetophenone",0,1,0.46283607852053604
56,5,"2,4 Dimethyl Acetophenone",0,2,0.42867318990880926
56,5,"2,4 Dimethyl Acetophenone",0,3,0.44215478121104973
56,5,"2,4 Dimethyl Acetophenone",0,4,0.4301495491415324
56,5,"2,4 Dimethyl Acetophenone",0,5,0.4623278829252377
56,5,"2,4 Dimethyl Acetophenone",0,6,0.4309985522888904
56,5,"2,4 Dimethyl Acetophenone",0,7,0.4568666213952011
56,5,"2,4 Dimethyl Acetophenone",0,8,0.4795384077110404
56,5,"2,4 Dimethyl Acetophenone",0,9,0.48001657786316154
56,5,"2,4 Dimethyl Acetophenone",0,10,0.43095379490904684
56,5,"2,4 Dimethyl Acetophenone",0,11,0.4606271268085012
56,5,"2,4 Dimethyl Acetophenone",0,12,0.44247355129354693
56,5,"2,4 Dimethyl Acetophenone",0,13,0.43959458981552624
56,5,"2,4 Dimethyl Acetophenone",0,14,0.4548191436118861
56,5,"2,4 Dimethyl Acetophenone",1,0,0.46725338296295127
56,5,"2,4 Dimethyl Acetophenone",1,1,0.45838893295208655
56,5,"2,4 Dimethyl Acetophenone",1,2,0.43984871883030713
56,5,"2,4 Dimethyl Acetophenone",1,3,0.4598748453647809
56,5,"2,4 Dimethyl Acetophenone",1,4,0.41829413166021556
56,5,"2,4 Dimethyl Acetophenone",1,5,0.4393156259729119
56,5,"2,4 Dimethyl Acetophenone",1,6,0.4383152080202061
56,5,"2,4 Dimethyl Acetophenone",1,7,0.45103745517334626
56,5,"2,4 Dimethyl Acetophenone",1,8,0.4470729304902504
56,5,"2,4 Dimethyl Acetophenone",1,9,0.4479381340794562
56,5,"2,4 Dimethyl Acetophenone",1,10,0.4474692922600384
56,5,"2,4 Dimethyl Acetophenone",1,11,0.4502490101590875
56,5,"2,4 Dimethyl Acetophenone",1,12,0.45754951987597237
56,5,"2,4 Dimethyl Acetophenone",1,13,0.45203878389369645
56,5,"2,4 Dimethyl Acetophenone",1,14,0.4459233488683814
56,6,4 Heptanone,0,0,0.5576300235317155
56,6,4 Heptanone,0,1,0.5673896351049603
56,6,4 Heptanone,0,2,0.5356035185123688
56,6,4 Heptanone,0,3,0.5470246581339776
56,6,4 Heptanone,0,4,0.5751118378847833
56,6,4 Heptanone,0,5,0.5230299318667323
56,6,4 Heptanone,0,6,0.5898945932325325
56,6,4 Heptanone,0,7,0.5175934309252321
56,6,4 Heptanone,0,8,0.5404482218604739
56,6,4 Heptanone,0,9,0.5265386909885141
56,6,4 Heptanone,0,10,0.5987078430089404
56,6,4 Heptanone,0,11,0.5368149367899776
56,6,4 Heptanone,0,12,0.5368726348261321
56,6,4 Heptanone,0,13,0.5398644478809675
56,6,4 Heptanone,0,14,0.5505894131444247
56,6,4 Heptanone,1,0,0.5606898532173988
56,6,4 Heptanone,1,1,0.565187147835619
56,6,4 Heptanone,1,2,0.48707987455804536
56,6,4 Heptanone,1,3,0.5695577640126187
56,6,4 Heptanone,1,4,0.568652734618718
56,6,4 Heptanone,1,5,0.5921278124433861
56,6,4 Heptanone,1,6,0.5983484820982018
56,6,4 Heptanone,1,7,0.5639263906294258
56,6,4 Heptanone,1,8,0.5870145331178265
56,6,4 Heptanone,1,9,0.542909789498785
56,6,4 Heptanone,1,10,0.5858902555640872
56,6,4 Heptanone,1,11,0.5550776570057084
56,6,4 Heptanone,1,12,0.5409980293857068
56,6,4 Heptanone,1,13,0.5639751313512571
56,6,4 Heptanone,1,14,0.6004507269714822
56,7,33 Dimethyl Butyric Acid,0,0,0.6585986211715532
56,7,33 Dimethyl Butyric Acid,0,1,0.6698727353514785
56,7,33 Dimethyl Butyric Acid,0,2,0.6506304617243092
56,7,33 Dimethyl Butyric Acid,0,3,0.6660277698555432
56,7,33 Dimethyl Butyric Acid,0,4,0.6514581209980618
56,7,33 Dimethyl Butyric Acid,0,5,0.6589784848641018
56,7,33 Dimethyl Butyric Acid,0,6,0.6589043871767333
56,7,33 Dimethyl Butyric Acid,0,7,0.6627165442850589
56,7,33 Dimethyl Butyric Acid,0,8,0.659196273533949
56,7,33 Dimethyl Butyric Acid,0,9,0.6507122927006143
56,7,33 Dimethyl Butyric Acid,0,10,0.66459186193153
56,7,33 Dimethyl Butyric Acid,0,11,0.6718882054891676
56,7,33 Dimethyl Butyric Acid,0,12,0.65204395943928
56,7,33 Dimethyl Butyric Acid,0,13,0.6413188085190458
56,7,33 Dimethyl Butyric Acid,0,14,0.6613266760372914
56,7,33 Dimethyl Butyric Acid,1,0,0.6374651155159584
56,7,33 Dimethyl Butyric Acid,1,1,0.6391798451448948
56,7,33 Dimethyl Butyric Acid,1,2,0.645070063704469
56,7,33 Dimethyl Butyric Acid,1,3,0.6363920076114807
56,7,33 Dimethyl Butyric Acid,1,4,0.6379992903871594
56,7,33 Dimethyl Butyric Acid,1,5,0.6394453824457038
56,7,33 Dimethyl Butyric Acid,1,6,0.6528997089655135
56,7,33 Dimethyl Butyric Acid,1,7,0.6405611455910992
56,7,33 Dimethyl Butyric Acid,1,8,0.6297133144828887
56,7,33 Dimethyl Butyric Acid,1,9,0.6300543714408375
56,7,33 Dimethyl Butyric Acid,1,10,0.6414966850453564
56,7,33 Dimethyl Butyric Acid,1,11,0.6306238736886599
56,7,33 Dimethyl Butyric Acid,1,12,0.6269139898658944
56,7,33 Dimethyl Butyric Acid,1,13,0.6457501896121399
56,7,33 Dimethyl Butyric Acid,1,14,0.6461698134202251
56,8,2 Methyl Butyraldehyde,0,0,0.3515264798026929
56,8,2 Methyl Butyraldehyde,0,1,0.36416122178429844
56,8,2 Methyl Butyraldehyde,0,2,0.36214633911478983
56,8,2 Methyl Butyraldehyde,0,3,0.3700559463875627
56,8,2 Methyl Butyraldehyde,0,4,0.37010043970729833
56,8,2 Methyl Butyraldehyde,0,5,0.3088061191229908
56,8,2 Methyl Butyraldehyde,0,6,0.3539632854932856
56,8,2 Methyl Butyraldehyde,0,7,0.36844241593420946
56,8,2 Methyl Butyraldehyde,0,8,0.35071852214802035
56,8,2 Methyl Butyraldehyde,0,9,0.3592459620546409
56,8,2 Methyl Butyraldehyde,0,10,0.3728868603896764
56,8,2 Methyl Butyraldehyde,0,11,0.36009978798471887
56,8,2 Methyl Butyraldehyde,0,12,0.38734339189024664
56,8,2 Methyl Butyraldehyde,0,13,0.38007076781303123
56,8,2 Methyl Butyraldehyde,0,14,0.35629121617508186
56,8,2 Methyl Butyraldehyde,1,0,0.3391790280036566
56,8,2 Methyl Butyraldehyde,1,1,0.28854279535091926
56,8,2 Methyl Butyraldehyde,1,2,0.33672659677764394
56,8,2 Methyl Butyraldehyde,1,3,0.31712397647386936
56,8,2 Methyl Butyraldehyde,1,4,0.34718367271273215
56,8,2 Methyl Butyraldehyde,1,5,0.34587859317361386
56,8,2 Methyl Butyraldehyde,1,6,0.3562450471200335
56,8,2 Methyl Butyraldehyde,1,7,0.3696247222063332
56,8,2 Methyl Butyraldehyde,1,8,0.3424585210429092
56,8,2 Methyl Butyraldehyde,1,9,0.3864968453640046
56,8,2 Methyl Butyraldehyde,1,10,0.3473979168139372
56,8,2 Methyl Butyraldehyde,1,11,0.31794591761623564
56,8,2 Methyl Butyraldehyde,1,12,0.3322291944212759
56,8,2 Methyl Butyraldehyde,1,13,0.3358437151597298
56,8,2 Methyl Butyraldehyde,1,14,0.3542647019605622
56,9,m Anisaldehyde,0,0,0.48876291911491954
56,9,m Anisaldehyde,0,1,0.494923661929643
56,9,m Anisaldehyde,0,2,0.49622299780871565
56,9,m Anisaldehyde,0,3,0.49349898722821434
56,9,m Anisaldehyde,0,4,0.5054503025744944
56,9,m Anisaldehyde,0,5,0.5038363378717527
56,9,m Anisaldehyde,0,6,0.5088202181330124
56,9,m Anisaldehyde,0,7,0.4946100682518094
56,9,m Anisaldehyde,0,8,0.5091614345847192
56,9,m Anisaldehyde,0,9,0.4848085452122731
56,9,m Anisaldehyde,0,10,0.4845771431299007
56,9,m Anisaldehyde,0,11,0.4862336988543797
56,9,m Anisaldehyde,0,12,0.49783846153258093
56,9,m Anisaldehyde,0,13,0.5091600164937717
56,9,m Anisaldehyde,0,14,0.4920375311628354
56,9,m Anisaldehyde,1,0,0.47757446156423666
56,9,m Anisaldehyde,1,1,0.4800479232465926
56,9,m Anisaldehyde,1,2,0.4875330184157595
56,9,m Anisaldehyde,1,3,0.4775656190937896
56,9,m Anisaldehyde,1,4,0.477036230845158
56,9,m Anisaldehyde,1,5,0.4693316417552746
56,9,m Anisaldehyde,1,6,0.47667277561571236
56,9,m Anisaldehyde,1,7,0.4932701836015442
56,9,m Anisaldehyde,1,8,0.4829604113004701
56,9,m Anisaldehyde,1,9,0.4750774143314943
56,9,m Anisaldehyde,1,10,0.4938269994516256
56,9,m Anisaldehyde,1,11,0.47654475085581727
56,9,m Anisaldehyde,1,12,0.4955711259763087
56,9,m Anisaldehyde,1,13,0.49541599959356886
56,9,m Anisaldehyde,1,14,0.482629120469626
58,0,"2,3 Pentanedione",0,0,0.23061981354029903
58,0,"2,3 Pentanedione",0,1,0.3253210671082351
58,0,"2,3 Pentanedione",0,2,0.2777654531312049
58,0,"2,3 Pentanedione",0,3,0.25998637610657643
58,0,"2,3 Pentanedione",0,4,0.2919867495939676
58,0,"2,3 Pentanedione",0,5,0.2856411214001249
58,0,"2,3 Pentanedione",0,6,0.30085701047175223
58,0,"2,3 Pentanedione",0,7,0.2515248570075938
58,0,"2,3 Pentanedione",0,8,0.27604538704395104
58,0,"2,3 Pentanedione",0,9,0.23843679596846779
58,0,"2,3 Pentanedione",0,10,0.28474191161812207
58,0,"2,3 Pentanedione",0,11,0.2675099174839115
58,0,"2,3 Pentanedione",0,12,0.2751087831117615
58,0,"2,3 Pentanedione",0,13,0.2644248086285795
58,0,"2,3 Pentanedione",0,14,0.2618088312098822
58,0,"2,3 Pentanedione",1,0,0.23814827176850242
58,0,"2,3 Pentanedione",1,1,0.27961480648597614
58,0,"2,3 Pentanedione",1,2,0.2970966520374062
58,0,"2,3 Pentanedione",1,3,0.24593734214611815
58,0,"2,3 Pentanedione",1,4,0.27369256374314765
58,0,"2,3 Pentanedione",1,5,0.27065864173537635
58,0,"2,3 Pentanedione",1,6,0.26005649640259176
58,0,"2,3 Pentanedione",1,7,0.22168915778475237
58,0,"2,3 Pentanedione",1,8,0.22731411734110546
58,0,"2,3 Pentanedione",1,9,0.24032950234008102
58,0,"2,3 Pentanedione",1,10,0.206378933029572
58,0,"2,3 Pentanedione",1,11,0.2950548193665107
58,0,"2,3 Pentanedione",1,12,0.26904663184836314
58,0,"2,3 Pentanedione",1,13,0.25910502490889226
58,0,"2,3 Pentanedione",1,14,0.20509815563717457
58,1,3 Methylvaleric Acid,0,0,0.6375150508278087
58,1,3 Methylvaleric Acid,0,1,0.6555469503252952
58,1,3 Methylvaleric Acid,0,2,0.6750766353194813
58,1,3 Methylvaleric Acid,0,3,0.64865402738519
58,1,3 Methylvaleric Acid,0,4,0.6641211397319788
58,1,3 Methylvaleric Acid,0,5,0.6508194219135288
58,1,3 Methylvaleric Acid,0,6,0.6561169594671672
58,1,3 Methylvaleric Acid,0,7,0.6675946702005489
58,1,3 Methylvaleric Acid,0,8,0.6521454432607655
58,1,3 Methylvaleric Acid,0,9,0.6487385605110993
58,1,3 Methylvaleric Acid,0,10,0.6696080598791911
58,1,3 Methylvaleric Acid,0,11,0.6560211198316597
58,1,3 Methylvaleric Acid,0,12,0.6663723147018301
58,1,3 Methylvaleric Acid,0,13,0.6487866317446622
58,1,3 Methylvaleric Acid,0,14,0.6694952438340084
58,1,3 Methylvaleric Acid,1,0,0.666207183539153
58,1,3 Methylvaleric Acid,1,1,0.6678025611146396
58,1,3 Methylvaleric Acid,1,2,0.6648015005424259
58,1,3 Methylvaleric Acid,1,3,0.6584946025220276
58,1,3 Methylvaleric Acid,1,4,0.663481801449931
58,1,3 Methylvaleric Acid,1,5,0.6591171186023373
58,1,3 Methylvaleric Acid,1,6,0.6729973117670217
58,1,3 Methylvaleric Acid,1,7,0.6614883326506475
58,1,3 Methylvaleric Acid,1,8,0.6486840591405623
58,1,3 Methylvaleric Acid,1,9,0.6468733104624679
58,1,3 Methylvaleric Acid,1,10,0.6464051279841522
58,1,3 Methylvaleric Acid,1,11,0.6696159491899295
58,1,3 Methylvaleric Acid,1,12,0.6520993527322976
58,1,3 Methylvaleric Acid,1,13,0.6664691046582203
58,1,3 Methylvaleric Acid,1,14,0.6648504547099716
58,2,Acetic Acid,0,0,0.35421255910496846
58,2,Acetic Acid,0,1,0.3626288193231989
58,2,Acetic Acid,0,2,0.35794318255657775
58,2,Acetic Acid,0,3,0.30996573793096466
58,2,Acetic Acid,0,4,0.34988131262663935
58,2,Acetic Acid,0,5,0.36240629774416616
58,2,Acetic Acid,0,6,0.3827342402606675
58,2,Acetic Acid,0,7,0.38350666825347884
58,2,Acetic Acid,0,8,0.3324917772402548
58,2,Acetic Acid,0,9,0.34944470189464966
58,2,Acetic Acid,0,10,0.3290965207979894
58,2,Acetic Acid,0,11,0.38072018563463056
58,2,Acetic Acid,0,12,0.3722384328045782
58,2,Acetic Acid,0,13,0.36115978112547675
58,2,Acetic Acid,0,14,0.3580735185002137
58,2,Acetic Acid,1,0,0.3808745841951106
58,2,Acetic Acid,1,1,0.3780423769235947
58,2,Acetic Acid,1,2,0.3771510824726722
58,2,Acetic Acid,1,3,0.36541841086818655
58,2,Acetic Acid,1,4,0.3519369027011312
58,2,Acetic Acid,1,5,0.3706116408663358
58,2,Acetic Acid,1,6,0.3714299424491568
58,2,Acetic Acid,1,7,0.354589864510927
58,2,Acetic Acid,1,8,0.3519031010879425
58,2,Acetic Acid,1,9,0.3767373666757078
58,2,Acetic Acid,1,10,0.3856168186695578
58,2,Acetic Acid,1,11,0.3452427637890719
58,2,Acetic Acid,1,12,0.3533730581211405
58,2,Acetic Acid,1,13,0.3636494423987335
58,2,Acetic Acid,1,14,0.36591890847227676
58,3,Gerinol,0,0,0.19664696801256037
58,3,Gerinol,0,1,0.23769278060594035
58,3,Gerinol,0,2,0.21276002528434265
58,3,Gerinol,0,3,0.21462454371459813
58,3,Gerinol,0,4,0.23556640956365893
58,3,Gerinol,0,5,0.1978975888384184
58,3,Gerinol,0,6,0.20405013929029503
58,3,Gerinol,0,7,0.18417644143549713
58,3,Gerinol,0,8,0.20261843989141184
58,3,Gerinol,0,9,0.18015687990875065
58,3,Gerinol,0,10,0.21831757696156323
58,3,Gerinol,0,11,0.21272422340616162
58,3,Gerinol,0,12,0.20083187648000178
58,3,Gerinol,0,13,0.2038455517658503
58,3,Gerinol,0,14,0.21854989183592202
58,3,Gerinol,1,0,0.18986232356302374
58,3,Gerinol,1,1,0.2127228775249963
58,3,Gerinol,1,2,0.22117369524257954
58,3,Gerinol,1,3,0.1788330380814587
58,3,Gerinol,1,4,0.22092509196004895
58,3,Gerinol,1,5,0.18067919031299642
58,3,Gerinol,1,6,0.20723342717741042
58,3,Gerinol,1,7,0.1893915367348709
58,3,Gerinol,1,8,0.23365754447379117
58,3,Gerinol,1,9,0.18949850738478946
58,3,Gerinol,1,10,0.18108647007791762
58,3,Gerinol,1,11,0.21151472060626295
58,3,Gerinol,1,12,0.20218164631917193
58,3,Gerinol,1,13,0.18357022797353328
58,3,Gerinol,1,14,0.21821036557217588
58,4,n Methyl Piperdine,0,0,0.44521630642282134
58,4,n Methyl Piperdine,0,1,0.4528583711417538
58,4,n Methyl Piperdine,0,2,0.45654655275905254
58,4,n Methyl Piperdine,0,3,0.4675660780596599
58,4,n Methyl Piperdine,0,4,0.471512045858524
58,4,n Methyl Piperdine,0,5,0.4699705569010394
58,4,n Methyl Piperdine,0,6,0.4599221085987209
58,4,n Methyl Piperdine,0,7,0.44172983296405754
58,4,n Methyl Piperdine,0,8,0.46427512309216723
58,4,n Methyl Piperdine,0,9,0.4729128888362157
58,4,n Methyl Piperdine,0,10,0.47101862218492735
58,4,n Methyl Piperdine,0,11,0.46485189100036856
58,4,n Methyl Piperdine,0,12,0.4516322768077112
58,4,n Methyl Piperdine,0,13,0.45694584289339146
58,4,n Methyl Piperdine,0,14,0.47661881411238416
58,4,n Methyl Piperdine,1,0,0.43742416094531583
58,4,n Methyl Piperdine,1,1,0.4395752673974258
58,4,n Methyl Piperdine,1,2,0.4562984096319512
58,4,n Methyl Piperdine,1,3,0.4453087232641847
58,4,n Methyl Piperdine,1,4,0.43930395624499197
58,4,n Methyl Piperdine,1,5,0.460981766652413
58,4,n Methyl Piperdine,1,6,0.45244644504779
58,4,n Methyl Piperdine,1,7,0.4457035879076115
58,4,n Methyl Piperdine,1,8,0.4395917985354328
58,4,n Methyl Piperdine,1,9,0.46513724973350845
58,4,n Methyl Piperdine,1,10,0.4485623826726561
58,4,n Methyl Piperdine,1,11,0.45993662172238486
58,4,n Methyl Piperdine,1,12,0.45590706557950444
58,4,n Methyl Piperdine,1,13,0.44459078472932306
58,4,n Methyl Piperdine,1,14,0.44465446830271066
58,5,"2,4 Dimethyl Acetophenone",0,0,0.4877161243455907
58,5,"2,4 Dimethyl Acetophenone",0,1,0.4879445976141112
58,5,"2,4 Dimethyl Acetophenone",0,2,0.44085468441047376
58,5,"2,4 Dimethyl Acetophenone",0,3,0.4750739379819314
58,5,"2,4 Dimethyl Acetophenone",0,4,0.46561212321190665
58,5,"2,4 Dimethyl Acetophenone",0,5,0.4527503291739092
58,5,"2,4 Dimethyl Acetophenone",0,6,0.4710123195469715
58,5,"2,4 Dimethyl Acetophenone",0,7,0.44829050131796955
58,5,"2,4 Dimethyl Acetophenone",0,8,0.46074382789734736
58,5,"2,4 Dimethyl Acetophenone",0,9,0.45606198066088877
58,5,"2,4 Dimethyl Acetophenone",0,10,0.4602737526060467
58,5,"2,4 Dimethyl Acetophenone",0,11,0.46631346333594237
58,5,"2,4 Dimethyl Acetophenone",0,12,0.4530007165945104
58,5,"2,4 Dimethyl Acetophenone",0,13,0.48950505688661605
58,5,"2,4 Dimethyl Acetophenone",0,14,0.4742772638520957
58,5,"2,4 Dimethyl Acetophenone",1,0,0.4847130564407309
58,5,"2,4 Dimethyl Acetophenone",1,1,0.45715030534353895
58,5,"2,4 Dimethyl Acetophenone",1,2,0.45166904006593533
58,5,"2,4 Dimethyl Acetophenone",1,3,0.484203335651244
58,5,"2,4 Dimethyl Acetophenone",1,4,0.45125630198789757
58,5,"2,4 Dimethyl Acetophenone",1,5,0.4568934941089503
58,5,"2,4 Dimethyl Acetophenone",1,6,0.46956113019932144
58,5,"2,4 Dimethyl Acetophenone",1,7,0.44195423932231565
58,5,"2,4 Dimethyl Acetophenone",1,8,0.46943770653561123
58,5,"2,4 Dimethyl Acetophenone",1,9,0.46763349555164463
58,5,"2,4 Dimethyl Acetophenone",1,10,0.4773065907608658
58,5,"2,4 Dimethyl Acetophenone",1,11,0.47195828791777233
58,5,"2,4 Dimethyl Acetophenone",1,12,0.4777388343832352
58,5,"2,4 Dimethyl Acetophenone",1,13,0.4578505421569775
58,5,"2,4 Dimethyl Acetophenone",1,14,0.44724296013764797
58,6,4 Heptanone,0,0,0.6192954024193439
58,6,4 Heptanone,0,1,0.5356604752963299
58,6,4 Heptanone,0,2,0.5379644329663478
58,6,4 Heptanone,0,3,0.5837673941055714
58,6,4 Heptanone,0,4,0.6081415821386965
58,6,4 Heptanone,0,5,0.5751300208954168
58,6,4 Heptanone,0,6,0.5937523912278418
58,6,4 Heptanone,0,7,0.5248721386780142
58,6,4 Heptanone,0,8,0.5592824727542262
58,6,4 Heptanone,0,9,0.5276745091081692
58,6,4 Heptanone,0,10,0.5887183840295577
58,6,4 Heptanone,0,11,0.5351882032756248
58,6,4 Heptanone,0,12,0.5413840431070349
58,6,4 Heptanone,0,13,0.5825921516545577
58,6,4 Heptanone,0,14,0.5951902160350011
58,6,4 Heptanone,1,0,0.5793870305205772
58,6,4 Heptanone,1,1,0.5961555129579587
58,6,4 Heptanone,1,2,0.595410750999854
58,6,4 Heptanone,1,3,0.5780886148759998
58,6,4 Heptanone,1,4,0.5578673188662904
58,6,4 Heptanone,1,5,0.5960340604088206
58,6,4 Heptanone,1,6,0.5971426431350411
58,6,4 Heptanone,1,7,0.6036033286309564
58,6,4 Heptanone,1,8,0.5902196931768035
58,6,4 Heptanone,1,9,0.556170224242238
58,6,4 Heptanone,1,10,0.5989190803909349
58,6,4 Heptanone,1,11,0.583011153586387
58,6,4 Heptanone,1,12,0.5719411135956503
58,6,4 Heptanone,1,13,0.5762669986749133
58,6,4 Heptanone,1,14,0.5671686582458426
58,7,33 Dimethyl Butyric Acid,0,0,0.6675963481945375
58,7,33 Dimethyl Butyric Acid,0,1,0.6478249628025236
58,7,33 Dimethyl Butyric Acid,0,2,0.6514641698293726
58,7,33 Dimethyl Butyric Acid,0,3,0.6571609770404595
58,7,33 Dimethyl Butyric Acid,0,4,0.673809037744413
58,7,33 Dimethyl Butyric Acid,0,5,0.6690141951669749
58,7,33 Dimethyl Butyric Acid,0,6,0.6459161278856823
58,7,33 Dimethyl Butyric Acid,0,7,0.6715601521102945
58,7,33 Dimethyl Butyric Acid,0,8,0.6715436381920178
58,7,33 Dimethyl Butyric Acid,0,9,0.6499170341746194
58,7,33 Dimethyl Butyric Acid,0,10,0.6383689495397972
58,7,33 Dimethyl Butyric Acid,0,11,0.6593597048688468
58,7,33 Dimethyl Butyric Acid,0,12,0.669598210230527
58,7,33 Dimethyl Butyric Acid,0,13,0.6736163007358145
58,7,33 Dimethyl Butyric Acid,0,14,0.6525153945618384
58,7,33 Dimethyl Butyric Acid,1,0,0.656207173855554
58,7,33 Dimethyl Butyric Acid,1,1,0.6220980367913357
58,7,33 Dimethyl Butyric Acid,1,2,0.6380378290750097
58,7,33 Dimethyl Butyric Acid,1,3,0.6376165113982073
58,7,33 Dimethyl Butyric Acid,1,4,0.6510680460420804
58,7,33 Dimethyl Butyric Acid,1,5,0.6523190173849446
58,7,33 Dimethyl Butyric Acid,1,6,0.6493701499774556
58,7,33 Dimethyl Butyric Acid,1,7,0.6296174891033675
58,7,33 Dimethyl Butyric Acid,1,8,0.6485850685345923
58,7,33 Dimethyl Butyric Acid,1,9,0.6455547980096864
58,7,33 Dimethyl Butyric Acid,1,10,0.6268691199529837
58,7,33 Dimethyl Butyric Acid,1,11,0.6234771612914235
58,7,33 Dimethyl Butyric Acid,1,12,0.6500880487325077
58,7,33 Dimethyl Butyric Acid,1,13,0.6396486330063608
58,7,33 Dimethyl Butyric Acid,1,14,0.6301777137667726
58,8,2 Methyl Butyraldehyde,0,0,0.3613531270996795
58,8,2 Methyl Butyraldehyde,0,1,0.3722775896967664
58,8,2 Methyl Butyraldehyde,0,2,0.36374570187696775
58,8,2 Methyl Butyraldehyde,0,3,0.3356975618117672
58,8,2 Methyl Butyraldehyde,0,4,0.4013257630307008
58,8,2 Methyl Butyraldehyde,0,5,0.3844995915510801
58,8,2 Methyl Butyraldehyde,0,6,0.358924569982107
58,8,2 Methyl Butyraldehyde,0,7,0.3596936330550442
58,8,2 Methyl Butyraldehyde,0,8,0.37219065253193084
58,8,2 Methyl Butyraldehyde,0,9,0.34376118132965255
58,8,2 Methyl Butyraldehyde,0,10,0.3714878723978615
58,8,2 Methyl Butyraldehyde,0,11,0.33992164953140674
58,8,2 Methyl Butyraldehyde,0,12,0.3639808514075738
58,8,2 Methyl Butyraldehyde,0,13,0.34301756147433676
58,8,2 Methyl Butyraldehyde,0,14,0.34398144902566913
58,8,2 Methyl Butyraldehyde,1,0,0.3793440562118939
58,8,2 Methyl Butyraldehyde,1,1,0.3490552935076801
58,8,2 Methyl Butyraldehyde,1,2,0.35188429826199585
58,8,2 Methyl Butyraldehyde,1,3,0.3095241141399737
58,8,2 Methyl Butyraldehyde,1,4,0.33652685685001066
58,8,2 Methyl Butyraldehyde,1,5,0.35672985420070685
58,8,2 Methyl Butyraldehyde,1,6,0.35163094852406906
58,8,2 Methyl Butyraldehyde,1,7,0.3068006979842376
58,8,2 Methyl Butyraldehyde,1,8,0.35187917085463327
58,8,2 Methyl Butyraldehyde,1,9,0.3549227708535123
58,8,2 Methyl Butyraldehyde,1,10,0.37243364848453503
58,8,2 Methyl Butyraldehyde,1,11,0.33541516512155983
58,8,2 Methyl Butyraldehyde,1,12,0.30511989443674126
58,8,2 Methyl Butyraldehyde,1,13,0.3288946266496416
58,8,2 Methyl Butyraldehyde,1,14,0.3269798481162655
58,9,m Anisaldehyde,0,0,0.508246964583727
58,9,m Anisaldehyde,0,1,0.47547838187295577
58,9,m Anisaldehyde,0,2,0.49700227810425623
58,9,m Anisaldehyde,0,3,0.5147854755665787
58,9,m Anisaldehyde,0,4,0.5013250184159033
58,9,m Anisaldehyde,0,5,0.5097614306385311
58,9,m Anisaldehyde,0,6,0.48567810949507634
58,9,m Anisaldehyde,0,7,0.486055842004497
58,9,m Anisaldehyde,0,8,0.5148940921509285
58,9,m Anisaldehyde,0,9,0.5022169803506364
58,9,m Anisaldehyde,0,10,0.5022365174755732
58,9,m Anisaldehyde,0,11,0.49064680560576723
58,9,m Anisaldehyde,0,12,0.5022128657167971
58,9,m Anisaldehyde,0,13,0.4903831655490925
58,9,m Anisaldehyde,0,14,0.5125183963527016
58,9,m Anisaldehyde,1,0,0.51220568772054
58,9,m Anisaldehyde,1,1,0.4909141733435776
58,9,m Anisaldehyde,1,2,0.4802974266909432
58,9,m Anisaldehyde,1,3,0.4622811875395969
58,9,m Anisaldehyde,1,4,0.47033890588942806
58,9,m Anisaldehyde,1,5,0.5010757804728567
58,9,m Anisaldehyde,1,6,0.4765565641178663
58,9,m Anisaldehyde,1,7,0.4828034919353738
58,9,m Anisaldehyde,1,8,0.4925403872251491
58,9,m Anisaldehyde,1,9,0.5003871688687627
58,9,m Anisaldehyde,1,10,0.4844284062458502
58,9,m Anisaldehyde,1,11,0.4824824715783897
58,9,m Anisaldehyde,1,12,0.48700180727904235
58,9,m Anisaldehyde,1,13,0.4803667752427873
58,9,m Anisaldehyde,1,14,0.4808774419668138
60,0,"2,3 Pentanedione",0,0,0.2745817021757129
60,0,"2,3 Pentanedione",0,1,0.26891698718322826
60,0,"2,3 Pentanedione",0,2,0.31757483190133073
60,0,"2,3 Pentanedione",0,3,0.27525591965325186
60,0,"2,3 Pentanedione",0,4,0.2930633379397118
60,0,"2,3 Pentanedione",0,5,0.23750256981928783
60,0,"2,3 Pentanedione",0,6,0.27741363148812287
60,0,"2,3 Pentanedione",0,7,0.24621016557233963
60,0,"2,3 Pentanedione",0,8,0.27417103081978006
60,0,"2,3 Pentanedione",0,9,0.28149756419023714
60,0,"2,3 Pentanedione",0,10,0.26553142033740296
60,0,"2,3 Pentanedione",0,11,0.3244678422742359
60,0,"2,3 Pentanedione",0,12,0.29998419346507743
60,0,"2,3 Pentanedione",0,13,0.2937158325580935
60,0,"2,3 Pentanedione",0,14,0.28339185404661643
60,0,"2,3 Pentanedione",1,0,0.29787404101031123
60,0,"2,3 Pentanedione",1,1,0.21786578813032975
60,0,"2,3 Pentanedione",1,2,0.28804709851682453
60,0,"2,3 Pentanedione",1,3,0.22900891276707208
60,0,"2,3 Pentanedione",1,4,0.2396815425903919
60,0,"2,3 Pentanedione",1,5,0.2678248316686018
60,0,"2,3 Pentanedione",1,6,0.28462052470482824
60,0,"2,3 Pentanedione",1,7,0.22495060477501108
60,0,"2,3 Pentanedione",1,8,0.24097639862511688
60,0,"2,3 Pentanedione",1,9,0.2562283223795929
60,0,"2,3 Pentanedione",1,10,0.24913087044966728
60,0,"2,3 Pentanedione",1,11,0.27514082209793983
60,0,"2,3 Pentanedione",1,12,0.3396882109666731
60,0,"2,3 Pentanedione",1,13,0.26427303828020715
60,0,"2,3 Pentanedione",1,14,0.23541010961300224
60,1,3 Methylvaleric Acid,0,0,0.6487923292155042
60,1,3 Methylvaleric Acid,0,1,0.6584070855802433
60,1,3 Methylvaleric Acid,0,2,0.652319044860412
60,1,3 Methylvaleric Acid,0,3,0.6662553015988198
60,1,3 Methylvaleric Acid,0,4,0.6661015834422271
60,1,3 Methylvaleric Acid,0,5,0.6570418281530283
60,1,3 Methylvaleric Acid,0,6,0.6812765784734539
60,1,3 Methylvaleric Acid,0,7,0.6543464506028975
60,1,3 Methylvaleric Acid,0,8,0.6604445913880271
60,1,3 Methylvaleric Acid,0,9,0.6679541520161445
60,1,3 Methylvaleric Acid,0,10,0.670457612607839
60,1,3 Methylvaleric Acid,0,11,0.674274013809518
60,1,3 Methylvaleric Acid,0,12,0.6658687004333922
60,1,3 Methylvaleric Acid,0,13,0.672030196561434
60,1,3 Methylvaleric Acid,0,14,0.6550427601912732
60,1,3 Methylvaleric Acid,1,0,0.6774881228086304
60,1,3 Methylvaleric Acid,1,1,0.6773559390938945
60,1,3 Methylvaleric Acid,1,2,0.68337628384365
60,1,3 Methylvaleric Acid,1,3,0.6518833589996611
60,1,3 Methylvaleric Acid,1,4,0.65941924332844
60,1,3 Methylvaleric Acid,1,5,0.6765482717445821
60,1,3 Methylvaleric Acid,1,6,0.6421530372973258
60,1,3 Methylvaleric Acid,1,7,0.6732702630915678
60,1,3 Methylvaleric Acid,1,8,0.6788910785578464
60,1,3 Methylvaleric Acid,1,9,0.6626940156218779
60,1,3 Methylvaleric Acid,1,10,0.6641411498779101
60,1,3 Methylvaleric Acid,1,11,0.6577665102926
60,1,3 Methylvaleric Acid,1,12,0.663236776696277
60,1,3 Methylvaleric Acid,1,13,0.6635236452497167
60,1,3 Methylvaleric Acid,1,14,0.6616400745618044
60,2,Acetic Acid,0,0,0.35419977301766803
60,2,Acetic Acid,0,1,0.3620064456330301
60,2,Acetic Acid,0,2,0.3618040405314301
60,2,Acetic Acid,0,3,0.397891028015404
60,2,Acetic Acid,0,4,0.35994584234179444
60,2,Acetic Acid,0,5,0.37229696952884045
60,2,Acetic Acid,0,6,0.35688961047553336
60,2,Acetic Acid,0,7,0.3566769462391616
60,2,Acetic Acid,0,8,0.33802861158278646
60,2,Acetic Acid,0,9,0.34025355297362175
60,2,Acetic Acid,0,10,0.34634882534662415
60,2,Acetic Acid,0,11,0.3696128503184173
60,2,Acetic Acid,0,12,0.38454250874911616
60,2,Acetic Acid,0,13,0.3366519694999371
60,2,Acetic Acid,0,14,0.3573547615450894
60,2,Acetic Acid,1,0,0.34754796837970625
60,2,Acetic Acid,1,1,0.3659928672024569
60,2,Acetic Acid,1,2,0.38840962624604447
60,2,Acetic Acid,1,3,0.36293818297365676
60,2,Acetic Acid,1,4,0.36961890488483296
60,2,Acetic Acid,1,5,0.3947573449489771
60,2,Acetic Acid,1,6,0.3780737089521813
60,2,Acetic Acid,1,7,0.35769870777265916
60,2,Acetic Acid,1,8,0.37307217451679436
60,2,Acetic Acid,1,9,0.356570261331881
60,2,Acetic Acid,1,10,0.37744775245859674
60,2,Acetic Acid,1,11,0.379034571989323
60,2,Acetic Acid,1,12,0.3475434686034995
60,2,Acetic Acid,1,13,0.37334374463871506
60,2,Acetic Acid,1,14,0.3684469793022208
60,3,Gerinol,0,0,0.22160381296122822
60,3,Gerinol,0,1,0.22649456175323274
60,3,Gerinol,0,2,0.22045686823504632
60,3,Gerinol,0,3,0.20713865142986368
60,3,Gerinol,0,4,0.22823444973886511
60,3,Gerinol,0,5,0.19741635207101713
60,3,Gerinol,0,6,0.1897824410660119
60,3,Gerinol,0,7,0.15779787965293124
60,3,Gerinol,0,8,0.21111465913249808
60,3,Gerinol,0,9,0.19829525033832307
60,3,Gerinol,0,10,0.21909722361970266
60,3,Gerinol,0,11,0.17868103354137824
60,3,Gerinol,0,12,0.20127006657387847
60,3,Gerinol,0,13,0.22033437846285936
60,3,Gerinol,0,14,0.1947417084181366
60,3,Gerinol,1,0,0.20938825697222668
60,3,Gerinol,1,1,0.19290297689661667
60,3,Gerinol,1,2,0.20184637340935732
60,3,Gerinol,1,3,0.2125598391046075
60,3,Gerinol,1,4,0.21866136595064428
60,3,Gerinol,1,5,0.20398407561165288
60,3,Gerinol,1,6,0.18851861927263203
60,3,Gerinol,1,7,0.19459169617533106
60,3,Gerinol,1,8,0.2132729259936452
60,3,Gerinol,1,9,0.18498292984827716
60,3,Gerinol,1,10,0.19936818368311124
60,3,Gerinol,1,11,0.19582269785347722
60,3,Gerinol,1,12,0.20064269066564228
60,3,Gerinol,1,13,0.18518716290275117
60,3,Gerinol,1,14,0.17081086866505482
60,4,n Methyl Piperdine,0,0,0.4606052925101879
60,4,n Methyl Piperdine,0,1,0.46415240297041993
60,4,n Methyl Piperdine,0,2,0.4421019519225255
60,4,n Methyl Piperdine,0,3,0.4593907608699205
60,4,n Methyl Piperdine,0,4,0.46510481490127215
60,4,n Methyl Piperdine,0,5,0.4612066399566093
60,4,n Methyl Piperdine,0,6,0.4531059901531022
60,4,n Methyl Piperdine,0,7,0.4488913806245047
60,4,n Methyl Piperdine,0,8,0.45708717621731065
60,4,n Methyl Piperdine,0,9,0.4584216320532858
60,4,n Methyl Piperdine,0,10,0.4572058116717579
60,4,n Methyl Piperdine,0,11,0.4549982745415702
60,4,n Methyl Piperdine,0,12,0.4477781377895287
60,4,n Methyl Piperdine,0,13,0.45982085791298155
60,4,n Methyl Piperdine,0,14,0.4602061875378189
60,4,n Methyl Piperdine,1,0,0.44205595039626117
60,4,n Methyl Piperdine,1,1,0.44133732255313785
60,4,n Methyl Piperdine,1,2,0.45388336929453665
60,4,n Methyl Piperdine,1,3,0.43545434311598064
60,4,n Methyl Piperdine,1,4,0.45070085417222105
60,4,n Methyl Piperdine,1,5,0.4345771776387931
60,4,n Methyl Piperdine,1,6,0.4493209779762192
60,4,n Methyl Piperdine,1,7,0.45031631379321213
60,4,n Methyl Piperdine,1,8,0.43810496376535274
60,4,n Methyl Piperdine,1,9,0.45373707782505446
60,4,n Methyl Piperdine,1,10,0.44420166048653653
60,4,n Methyl Piperdine,1,11,0.43343119386344325
60,4,n Methyl Piperdine,1,12,0.43745612063745415
60,4,n Methyl Piperdine,1,13,0.44951147184142104
60,4,n Methyl Piperdine,1,14,0.447833891007581
60,5,"2,4 Dimethyl Acetophenone",0,0,0.44011146967196857
60,5,"2,4 Dimethyl Acetophenone",0,1,0.45306738521896456
60,5,"2,4 Dimethyl Acetophenone",0,2,0.4579009880627958
60,5,"2,4 Dimethyl Acetophenone",0,3,0.44787325804417844
60,5,"2,4 Dimethyl Acetophenone",0,4,0.4882788082953067
60,5,"2,4 Dimethyl Acetophenone",0,5,0.4583260080199806
60,5,"2,4 Dimethyl Acetophenone",0,6,0.45415945195673285
60,5,"2,4 Dimethyl Acetophenone",0,7,0.4718234678431198
60,5,"2,4 Dimethyl Acetophenone",0,8,0.4498811383535213
60,5,"2,4 Dimethyl Acetophenone",0,9,0.4692369830203658
60,5,"2,4 Dimethyl Acetophenone",0,10,0.4315140998688773
60,5,"2,4 Dimethyl Acetophenone",0,11,0.44863402376227385
60,5,"2,4 Dimethyl Acetophenone",0,12,0.46982419528714114
60,5,"2,4 Dimethyl Acetophenone",0,13,0.47717269940758505
60,5,"2,4 Dimethyl Acetophenone",0,14,0.4441267026234994
60,5,"2,4 Dimethyl Acetophenone",1,0,0.44803820707658043
60,5,"2,4 Dimethyl Acetophenone",1,1,0.4685873902540073
60,5,"2,4 Dimethyl Acetophenone",1,2,0.4518002260840488
60,5,"2,4 Dimethyl Acetophenone",1,3,0.4567984696948422
60,5,"2,4 Dimethyl Acetophenone",1,4,0.4729440675843092
60,5,"2,4 Dimethyl Acetophenone",1,5,0.45291325550696226
60,5,"2,4 Dimethyl Acetophenone",1,6,0.4328709317490026
60,5,"2,4 Dimethyl Acetophenone",1,7,0.44223892086944466
60,5,"2,4 Dimethyl Acetophenone",1,8,0.46072611767890115
60,5,"2,4 Dimethyl Acetophenone",1,9,0.4343092876856821
60,5,"2,4 Dimethyl Acetophenone",1,10,0.4563954230404744
60,5,"2,4 Dimethyl Acetophenone",1,11,0.44095554414606064
60,5,"2,4 Dimethyl Acetophenone",1,12,0.48371078924703775
60,5,"2,4 Dimethyl Acetophenone",1,13,0.4911167737605538
60,5,"2,4 Dimethyl Acetophenone",1,14,0.44566391618578144
60,6,4 Heptanone,0,0,0.5590395360318293
60,6,4 Heptanone,0,1,0.5310477245975316
60,6,4 Heptanone,0,2,0.5460211874487119
60,6,4 Heptanone,0,3,0.5946101652032969
60,6,4 Heptanone,0,4,0.5424019877621674
60,6,4 Heptanone,0,5,0.5465565287424184
60,6,4 Heptanone,0,6,0.5314587943466136
60,6,4 Heptanone,0,7,0.5794943053589797
60,6,4 Heptanone,0,8,0.4780874085438497
60,6,4 Heptanone,0,9,0.5429514285697116
60,6,4 Heptanone,0,10,0.5520794332826205
60,6,4 Heptanone,0,11,0.5379315127619796
60,6,4 Heptanone,0,12,0.5729941753582366
60,6,4 Heptanone,0,13,0.5807784430621641
60,6,4 Heptanone,0,14,0.5206611866216216
60,6,4 Heptanone,1,0,0.6181772366568216
60,6,4 Heptanone,1,1,0.5373005390914494
60,6,4 Heptanone,1,2,0.5996674828393441
60,6,4 Heptanone,1,3,0.5734777500233392
60,6,4 Heptanone,1,4,0.5584481577242122
60,6,4 Heptanone,1,5,0.560617616952189
60,6,4 Heptanone,1,6,0.5692613592187077
60,6,4 Heptanone,1,7,0.5748251830261731
60,6,4 Heptanone,1,8,0.5488707333401536
60,6,4 Heptanone,1,9,0.5646520158722421
60,6,4 Heptanone,1,10,0.5523084493883497
60,6,4 Heptanone,1,11,0.5420888527385791
60,6,4 Heptanone,1,12,0.5512358672017731
60,6,4 Heptanone,1,13,0.5435854189770178
60,6,4 Heptanone,1,14,0.5603695192579149
60,7,33 Dimethyl Butyric Acid,0,0,0.667942102873611
60,7,33 Dimethyl Butyric Acid,0,1,0.6652701791862504
60,7,33 Dimethyl Butyric Acid,0,2,0.6811564295653845
60,7,33 Dimethyl Butyric Acid,0,3,0.6452913503039672
60,7,33 Dimethyl Butyric Acid,0,4,0.6682580570145118
60,7,33 Dimethyl Butyric Acid,0,5,0.6642906756924052
60,7,33 Dimethyl Butyric Acid,0,6,0.6712262125022174
60,7,33 Dimethyl Butyric Acid,0,7,0.6703759921766627
60,7,33 Dimethyl Butyric Acid,0,8,0.6628216191530993
60,7,33 Dimethyl Butyric Acid,0,9,0.6657153298695137
60,7,33 Dimethyl Butyric Acid,0,10,0.6578587368009428
60,7,33 Dimethyl Butyric Acid,0,11,0.6694950893410653
60,7,33 Dimethyl Butyric Acid,0,12,0.648133072796815
60,7,33 Dimethyl Butyric Acid,0,13,0.670893307603195
60,7,33 Dimethyl Butyric Acid,0,14,0.6640370481980777
60,7,33 Dimethyl Butyric Acid,1,0,0.6397260283685715
60,7,33 Dimethyl Butyric Acid,1,1,0.6419074233654709
60,7,33 Dimethyl Butyric Acid,1,2,0.6425359450262982
60,7,33 Dimethyl Butyric Acid,1,3,0.6550186240908579
60,7,33 Dimethyl Butyric Acid,1,4,0.671612401808757
60,7,33 Dimethyl Butyric Acid,1,5,0.6543549986212336
60,7,33 Dimethyl Butyric Acid,1,6,0.6390552825719952
60,7,33 Dimethyl Butyric Acid,1,7,0.6492977438119092
60,7,33 Dimethyl Butyric Acid,1,8,0.6496709587060372
60,7,33 Dimethyl Butyric Acid,1,9,0.6359713800354555
60,7,33 Dimethyl Butyric Acid,1,10,0.6330948481955874
60,7,33 Dimethyl Butyric Acid,1,11,0.6433579704173941
60,7,33 Dimethyl Butyric Acid,1,12,0.6508226256497397
60,7,33 Dimethyl Butyric Acid,1,13,0.6300865870621315
60,7,33 Dimethyl Butyric Acid,1,14,0.637721979190843
60,8,2 Methyl Butyraldehyde,0,0,0.38018494812055503
60,8,2 Methyl Butyraldehyde,0,1,0.37004868063995655
60,8,2 Methyl Butyraldehyde,0,2,0.39629104123842795
60,8,2 Methyl Butyraldehyde,0,3,0.3423068454441237
60,8,2 Methyl Butyraldehyde,0,4,0.4141587049697269
60,8,2 Methyl Butyraldehyde,0,5,0.3398893716400839
60,8,2 Methyl Butyraldehyde,0,6,0.3305121255215513
60,8,2 Methyl Butyraldehyde,0,7,0.3681273707608949
60,8,2 Methyl Butyraldehyde,0,8,0.3475934725940187
60,8,2 Methyl Butyraldehyde,0,9,0.3685122023708818
60,8,2 Methyl Butyraldehyde,0,10,0.36784454588160426
60,8,2 Methyl Butyraldehyde,0,11,0.3655144668669443
60,8,2 Methyl Butyraldehyde,0,12,0.3531691345628725
60,8,2 Methyl Butyraldehyde,0,13,0.3775122087848257
60,8,2 Methyl Butyraldehyde,0,14,0.3631936364060766
60,8,2 Methyl Butyraldehyde,1,0,0.37256105082577257
60,8,2 Methyl Butyraldehyde,1,1,0.3480467261148729
60,8,2 Methyl Butyraldehyde,1,2,0.3330736573151087
60,8,2 Methyl Butyraldehyde,1,3,0.3192692243989517
60,8,2 Methyl Butyraldehyde,1,4,0.34820447659989295
60,8,2 Methyl Butyraldehyde,1,5,0.32725917368696555
60,8,2 Methyl Butyraldehyde,1,6,0.32571738785105614
60,8,2 Methyl Butyraldehyde,1,7,0.3615603258389337
60,8,2 Methyl Butyraldehyde,1,8,0.31755175332096197
60,8,2 Methyl Butyraldehyde,1,9,0.37845135405781755
60,8,2 Methyl Butyraldehyde,1,10,0.3545395627508745
60,8,2 Methyl Butyraldehyde,1,11,0.3506532952034922
60,8,2 Methyl Butyraldehyde,1,12,0.3317349825372662
60,8,2 Methyl Butyraldehyde,1,13,0.36608341229779756
60,8,2 Methyl Butyraldehyde,1,14,0.3514348613976922
60,9,m Anisaldehyde,0,0,0.5009682629964736
60,9,m Anisaldehyde,0,1,0.5093744726701037
60,9,m Anisaldehyde,0,2,0.4915110180173065
60,9,m Anisaldehyde,0,3,0.49196133409351034
60,9,m Anisaldehyde,0,4,0.49684933425075267
60,9,m Anisaldehyde,0,5,0.5107949500242428
60,9,m Anisaldehyde,0,6,0.5074474862003115
60,9,m Anisaldehyde,0,7,0.5174318148224274
60,9,m Anisaldehyde,0,8,0.4987489289853563
60,9,m Anisaldehyde,0,9,0.512931233210398
60,9,m Anisaldehyde,0,10,0.5063979239407118
60,9,m Anisaldehyde,0,11,0.49853016459269195
60,9,m Anisaldehyde,0,12,0.5111344582371264
60,9,m Anisaldehyde,0,13,0.5068520389956752
60,9,m Anisaldehyde,0,14,0.5015089028459324
60,9,m Anisaldehyde,1,0,0.4943625304197027
60,9,m Anisaldehyde,1,1,0.49273494493122216
60,9,m Anisaldehyde,1,2,0.49250572080491695
60,9,m Anisaldehyde,1,3,0.4900490575516613
60,9,m Anisaldehyde,1,4,0.4815817973450968
60,9,m Anisaldehyde,1,5,0.494673439094623
60,9,m Anisaldehyde,1,6,0.48634732844811085
60,9,m Anisaldehyde,1,7,0.48428245769424755
60,9,m Anisaldehyde,1,8,0.49168009532653656
60,9,m Anisaldehyde,1,9,0.5009289462458266
60,9,m Anisaldehyde,1,10,0.49572523936190066
60,9,m Anisaldehyde,1,11,0.48892418540150107
60,9,m Anisaldehyde,1,12,0.48854270459316856
60,9,m Anisaldehyde,1,13,0.499997033440053
60,9,m Anisaldehyde,1,14,0.47122219545841
62,0,"2,3 Pentanedione",0,0,0.288742996823444
62,0,"2,3 Pentanedione",0,1,0.22195847772019853
62,0,"2,3 Pentanedione",0,2,0.23342367438538247
62,0,"2,3 Pentanedione",0,3,0.25595222631187636
62,0,"2,3 Pentanedione",0,4,0.3230619756667281
62,0,"2,3 Pentanedione",0,5,0.3107443560938137
62,0,"2,3 Pentanedione",0,6,0.2864710659883854
62,0,"2,3 Pentanedione",0,7,0.27772243155084325
62,0,"2,3 Pentanedione",0,8,0.22225194789314512
62,0,"2,3 Pentanedione",0,9,0.2727278261654745
62,0,"2,3 Pentanedione",0,10,0.25507833412945774
62,0,"2,3 Pentanedione",0,11,0.24839213875288896
62,0,"2,3 Pentanedione",0,12,0.2726789493428235
62,0,"2,3 Pentanedione",0,13,0.25703112185728955
62,0,"2,3 Pentanedione",0,14,0.2905413607426783
62,0,"2,3 Pentanedione",1,0,0.21079316582317037
62,0,"2,3 Pentanedione",1,1,0.2610673205721366
62,0,"2,3 Pentanedione",1,2,0.23721460442563597
62,0,"2,3 Pentanedione",1,3,0.24895113929059473
62,0,"2,3 Pentanedione",1,4,0.2668076955004681
62,0,"2,3 Pentanedione",1,5,0.23125933844823537
62,0,"2,3 Pentanedione",1,6,0.2632978384962987
62,0,"2,3 Pentanedione",1,7,0.25388357988325544
62,0,"2,3 Pentanedione",1,8,0.24267736338406484
62,0,"2,3 Pentanedione",1,9,0.24742772286321407
62,0,"2,3 Pentanedione",1,10,0.2553282377338139
62,0,"2,3 Pentanedione",1,11,0.23999612219940675
62,0,"2,3 Pentanedione",1,12,0.25936939689662736
62,0,"2,3 Pentanedione",1,13,0.25223761947183515
62,0,"2,3 Pentanedione",1,14,0.24390997158681305
62,1,3 Methylvaleric Acid,0,0,0.6726831484989149
62,1,3 Methylvaleric Acid,0,1,0.6610553866574099
62,1,3 Methylvaleric Acid,0,2,0.6531562044986363
62,1,3 Methylvaleric Acid,0,3,0.6583887133973126
62,1,3 Methylvaleric Acid,0,4,0.6467799755082977
62,1,3 Methylvaleric Acid,0,5,0.6526210535612398
62,1,3 Methylvaleric Acid,0,6,0.6537762461273698
62,1,3 Methylvaleric Acid,0,7,0.6446023851692441
62,1,3 Methylvaleric Acid,0,8,0.6607793355164588
62,1,3 Methylvaleric Acid,0,9,0.6519395736598809
62,1,3 Methylvaleric Acid,0,10,0.6534259170132802
62,1,3 Methylvaleric Acid,0,11,0.6513148558474657
62,1,3 Methylvaleric Acid,0,12,0.686237773447562
62,1,3 Methylvaleric Acid,0,13,0.6503853564996149
62,1,3 Methylvaleric Acid,0,14,0.6364663035315278
62,1,3 Methylvaleric Acid,1,0,0.6398014714623297
62,1,3 Methylvaleric Acid,1,1,0.6631562850178424
62,1,3 Methylvaleric Acid,1,2,0.668869677103146
62,1,3 Methylvaleric Acid,1,3,0.6488903796420157
62,1,3 Methylvaleric Acid,1,4,0.6683004364000747
62,1,3 Methylvaleric Acid,1,5,0.6629809421310345
62,1,3 Methylvaleric Acid,1,6,0.6537639827955374
62,1,3 Methylvaleric Acid,1,7,0.6530614662795916
62,1,3 Methylvaleric Acid,1,8,0.6574301987668528
62,1,3 Methylvaleric Acid,1,9,0.6643259211158192
62,1,3 Methylvaleric Acid,1,10,0.6595726521303312
62,1,3 Methylvaleric Acid,1,11,0.6489397662465385
62,1,3 Methylvaleric Acid,1,12,0.65391517591099
62,1,3 Methylvaleric Acid,1,13,0.6752528639171512
62,1,3 Methylvaleric Acid,1,14,0.6581265521465306
62,2,Acetic Acid,0,0,0.3616660440744775
62,2,Acetic Acid,0,1,0.3561550513810257
62,2,Acetic Acid,0,2,0.35169649221992333
62,2,Acetic Acid,0,3,0.34894202258920537
62,2,Acetic Acid,0,4,0.36213552834219
62,2,Acetic Acid,0,5,0.35914536395183366
62,2,Acetic Acid,0,6,0.35153817073165483
62,2,Acetic Acid,0,7,0.33551817256649485
62,2,Acetic Acid,0,8,0.35357343006972686
62,2,Acetic Acid,0,9,0.34600273834976664
62,2,Acetic Acid,0,10,0.3419670594624488
62,2,Acetic Acid,0,11,0.39193515360076214
62,2,Acetic Acid,0,12,0.32137789183009147
62,2,Acetic Acid,0,13,0.3631580020369256
62,2,Acetic Acid,0,14,0.3326926145919279
62,2,Acetic Acid,1,0,0.36799080745327756
62,2,Acetic Acid,1,1,0.40876433750915186
62,2,Acetic Acid,1,2,0.3496972855991544
62,2,Acetic Acid,1,3,0.35368693419420855
62,2,Acetic Acid,1,4,0.36550314849563775
62,2,Acetic Acid,1,5,0.3516235883818707
62,2,Acetic Acid,1,6,0.3805849222257796
62,2,Acetic Acid,1,7,0.3568543325145972
62,2,Acetic Acid,1,8,0.3767366219268471
62,2,Acetic Acid,1,9,0.3435609925049143
62,2,Acetic Acid,1,10,0.33557082707156893
62,2,Acetic Acid,1,11,0.3619655850145427
62,2,Acetic Acid,1,12,0.33955758708526074
62,2,Acetic Acid,1,13,0.3911942475357
62,2,Acetic Acid,1,14,0.34020504668903445
62,3,Gerinol,0,0,0.18962323390170344
62,3,Gerinol,0,1,0.21438335683130533
62,3,Gerinol,0,2,0.19732305878425555
62,3,Gerinol,0,3,0.1814221941904191
62,3,Gerinol,0,4,0.24212972338817532
62,3,Gerinol,0,5,0.19023831679940406
62,3,Gerinol,0,6,0.20397849342793672
62,3,Gerinol,0,7,0.2037578198085954
62,3,Gerinol,0,8,0.2194450459645075
62,3,Gerinol,0,9,0.21521476252798394
62,3,Gerinol,0,10,0.1932210641005149
62,3,Gerinol,0,11,0.20176796494445792
62,3,Gerinol,0,12,0.20345533731156526
62,3,Gerinol,0,13,0.22010444304964688
62,3,Gerinol,0,14,0.18739452196450124
62,3,Gerinol,1,0,0.23724579319413053
62,3,Gerinol,1,1,0.18986356483325695
62,3,Gerinol,1,2,0.202666399330234
62,3,Gerinol,1,3,0.18302558359078955
62,3,Gerinol,1,4,0.18066833140861743
62,3,Gerinol,1,5,0.18789741863431386
62,3,Gerinol,1,6,0.18625798605850388
62,3,Gerinol,1,7,0.19574820651759364
62,3,Gerinol,1,8,0.18611396391704912
62,3,Gerinol,1,9,0.21468219249010828
62,3,Gerinol,1,10,0.18945751451192688
62,3,Gerinol,1,11,0.18756666385015155
62,3,Gerinol,1,12,0.19611139474345052
62,3,Gerinol,1,13,0.21975407004291841
62,3,Gerinol,1,14,0.20648157988198274
62,4,n Methyl Piperdine,0,0,0.45930886943167876
62,4,n Methyl Piperdine,0,1,0.4486420275110291
62,4,n Methyl Piperdine,0,2,0.4509647179918689
62,4,n Methyl Piperdine,0,3,0.44987910615046156
62,4,n Methyl Piperdine,0,4,0.4705611954601573
62,4,n Methyl Piperdine,0,5,0.46435089065583174
62,4,n Methyl Piperdine,0,6,0.453213421599385
62,4,n Methyl Piperdine,0,7,0.45559141252017327
62,4,n Methyl Piperdine,0,8,0.45350406426087986
62,4,n Methyl Piperdine,0,9,0.45301949593973284
62,4,n Methyl Piperdine,0,10,0.463788793920508
62,4,n Methyl Piperdine,0,11,0.45780609590450405
62,4,n Methyl Piperdine,0,12,0.4767557276251582
62,4,n Methyl Piperdine,0,13,0.4701092642669145
62,4,n Methyl Piperdine,0,14,0.4705822283945123
62,4,n Methyl Piperdine,1,0,0.4521277663879005
62,4,n Methyl Piperdine,1,1,0.443375638024258
62,4,n Methyl Piperdine,1,2,0.4515392376645522
62,4,n Methyl Piperdine,1,3,0.44396624903208626
62,4,n Methyl Piperdine,1,4,0.4597991189941424
62,4,n Methyl Piperdine,1,5,0.44999114565271486
62,4,n Methyl Piperdine,1,6,0.4488557934571396
62,4,n Methyl Piperdine,1,7,0.44777349188775156
62,4,n Methyl Piperdine,1,8,0.46067904200720233
62,4,n Methyl Piperdine,1,9,0.4352869079176212
62,4,n Methyl Piperdine,1,10,0.4614632132096653
62,4,n Methyl Piperdine,1,11,0.4452676801286824
62,4,n Methyl Piperdine,1,12,0.4355077187817903
62,4,n Methyl Piperdine,1,13,0.44073923273517107
62,4,n Methyl Piperdine,1,14,0.43355045248652685
62,5,"2,4 Dimethyl Acetophenone",0,0,0.4769748632262891
62,5,"2,4 Dimethyl Acetophenone",0,1,0.4531163947496688
62,5,"2,4 Dimethyl Acetophenone",0,2,0.4701359502906771
62,5,"2,4 Dimethyl Acetophenone",0,3,0.48375132497827744
62,5,"2,4 Dimethyl Acetophenone",0,4,0.45828131480633433
62,5,"2,4 Dimethyl Acetophenone",0,5,0.4639769635721525
62,5,"2,4 Dimethyl Acetophenone",0,6,0.4493785462982484
62,5,"2,4 Dimethyl Acetophenone",0,7,0.46228124984024105
62,5,"2,4 Dimethyl Acetophenone",0,8,0.5040542809966462
62,5,"2,4 Dimethyl Acetophenone",0,9,0.47872730599742463
62,5,"2,4 Dimethyl Acetophenone",0,10,0.4640245306805044
62,5,"2,4 Dimethyl Acetophenone",0,11,0.4591320227089651
62,5,"2,4 Dimethyl Acetophenone",0,12,0.46715635832313174
62,5,"2,4 Dimethyl Acetophenone",0,13,0.46959140666280663
62,5,"2,4 Dimethyl Acetophenone",0,14,0.4618481663049434
62,5,"2,4 Dimethyl Acetophenone",1,0,0.4765215373724624
62,5,"2,4 Dimethyl Acetophenone",1,1,0.45560235899271323
62,5,"2,4 Dimethyl Acetophenone",1,2,0.45553269661057627
62,5,"2,4 Dimethyl Acetophenone",1,3,0.47426727178761796
62,5,"2,4 Dimethyl Acetophenone",1,4,0.45256786833113904
62,5,"2,4 Dimethyl Acetophenone",1,5,0.4793270785446956
62,5,"2,4 Dimethyl Acetophenone",1,6,0.4688457097843424
62,5,"2,4 Dimethyl Acetophenone",1,7,0.4432714264376086
62,5,"2,4 Dimethyl Acetophenone",1,8,0.4705911487789015
62,5,"2,4 Dimethyl Acetophenone",1,9,0.44528454589372346
62,5,"2,4 Dimethyl Acetophenone",1,10,0.47882429793713804
62,5,"2,4 Dimethyl Acetophenone",1,11,0.46553992034104075
62,5,"2,4 Dimethyl Acetophenone",1,12,0.49514953434531855
62,5,"2,4 Dimethyl Acetophenone",1,13,0.4841538465032014
62,5,"2,4 Dimethyl Acetophenone",1,14,0.45409007890320935
62,6,4 Heptanone,0,0,0.503351557443697
62,6,4 Heptanone,0,1,0.5324582049068622
62,6,4 Heptanone,0,2,0.5217377058181478
62,6,4 Heptanone,0,3,0.5918113097479939
62,6,4 Heptanone,0,4,0.5495865074161996
62,6,4 Heptanone,0,5,0.5712901099036771
62,6,4 Heptanone,0,6,0.5432686935538512
62,6,4 Heptanone,0,7,0.545691799192897
62,6,4 Heptanone,0,8,0.5490733766639044
62,6,4 Heptanone,0,9,0.5752714658401064
62,6,4 Heptanone,0,10,0.5569903405510205
62,6,4 Heptanone,0,11,0.5255075814796635
62,6,4 Heptanone,0,12,0.5871376471395897
62,6,4 Heptanone,0,13,0.5430896667670819
62,6,4 Heptanone,0,14,0.5393478512670414
62,6,4 Heptanone,1,0,0.5048942563883423
62,6,4 Heptanone,1,1,0.5845557474465416
62,6,4 Heptanone,1,2,0.5722891289408585
62,6,4 Heptanone,1,3,0.5722641309417859
62,6,4 Heptanone,1,4,0.5607020811834963
62,6,4 Heptanone,1,5,0.5567374524436416
62,6,4 Heptanone,1,6,0.561466618937843
62,6,4 Heptanone,1,7,0.5806176682600255
62,6,4 Heptanone,1,8,0.5846642542949032
62,6,4 Heptanone,1,9,0.5646529093803923
62,6,4 Heptanone,1,10,0.5917893635909535
62,6,4 Heptanone,1,11,0.5681498644554452
62,6,4 Heptanone,1,12,0.5583700846040532
62,6,4 Heptanone,1,13,0.5745291624561728
62,6,4 Heptanone,1,14,0.5387034589838128
62,7,33 Dimethyl Butyric Acid,0,0,0.6607148024205628
62,7,33 Dimethyl Butyric Acid,0,1,0.6455033281177235
62,7,33 Dimethyl Butyric Acid,0,2,0.64991237617585
62,7,33 Dimethyl Butyric Acid,0,3,0.6414194882974877
62,7,33 Dimethyl Butyric Acid,0,4,0.6572195214724812
62,7,33 Dimethyl Butyric Acid,0,5,0.6725154155416959
62,7,33 Dimethyl Butyric Acid,0,6,0.6577169456641634
62,7,33 Dimethyl Butyric Acid,0,7,0.6642360669552605
62,7,33 Dimethyl Butyric Acid,0,8,0.6788804265634724
62,7,33 Dimethyl Butyric Acid,0,9,0.6621832209024023
62,7,33 Dimethyl Butyric Acid,0,10,0.652162214452293
62,7,33 Dimethyl Butyric Acid,0,11,0.6533418635534254
62,7,33 Dimethyl Butyric Acid,0,12,0.6587259718181014
62,7,33 Dimethyl Butyric Acid,0,13,0.6532962176352998
62,7,33 Dimethyl Butyric Acid,0,14,0.6539373435074988
62,7,33 Dimethyl Butyric Acid,1,0,0.6463507307432588
62,7,33 Dimethyl Butyric Acid,1,1,0.646701277381296
62,7,33 Dimethyl Butyric Acid,1,2,0.6237923793770545
62,7,33 Dimethyl Butyric Acid,1,3,0.6308948049382755
62,7,33 Dimethyl Butyric Acid,1,4,0.6339301153954906
62,7,33 Dimethyl Butyric Acid,1,5,0.6430411713085847
62,7,33 Dimethyl Butyric Acid,1,6,0.6477033139070963
62,7,33 Dimethyl Butyric Acid,1,7,0.6610635287469895
62,7,33 Dimethyl Butyric Acid,1,8,0.6339158122989476
62,7,33 Dimethyl Butyric Acid,1,9,0.6343438536236913
62,7,33 Dimethyl Butyric Acid,1,10,0.6429510206499357
62,7,33 Dimethyl Butyric Acid,1,11,0.6320599646793734
62,7,33 Dimethyl Butyric Acid,1,12,0.6366986949922712
62,7,33 Dimethyl Butyric Acid,1,13,0.6343497723381273
62,7,33 Dimethyl Butyric Acid,1,14,0.6154383565418885
62,8,2 Methyl Butyraldehyde,0,0,0.3607209153038137
62,8,2 Methyl Butyraldehyde,0,1,0.3548866329032446
62,8,2 Methyl Butyraldehyde,0,2,0.38263803188803847
62,8,2 Methyl Butyraldehyde,0,3,0.35847301628778944
62,8,2 Methyl Butyraldehyde,0,4,0.3344130571273199
62,8,2 Methyl Butyraldehyde,0,5,0.353440674858005
62,8,2 Methyl Butyraldehyde,0,6,0.3184460758549672
62,8,2 Methyl Butyraldehyde,0,7,0.33524983519532875
62,8,2 Methyl Butyraldehyde,0,8,0.3705010221342147
62,8,2 Methyl Butyraldehyde,0,9,0.35364607057109937
62,8,2 Methyl Butyraldehyde,0,10,0.375980355048305
62,8,2 Methyl Butyraldehyde,0,11,0.32081707311778906
62,8,2 Methyl Butyraldehyde,0,12,0.3537392193073307
62,8,2 Methyl Butyraldehyde,0,13,0.3492899006216615
62,8,2 Methyl Butyraldehyde,0,14,0.37661687558363627
62,8,2 Methyl Butyraldehyde,1,0,0.3421163578072658
62,8,2 Methyl Butyraldehyde,1,1,0.341533861253903
62,8,2 Methyl Butyraldehyde,1,2,0.358700225086389
62,8,2 Methyl Butyraldehyde,1,3,0.3222448670158251
62,8,2 Methyl Butyraldehyde,1,4,0.35476107022656655
62,8,2 Methyl Butyraldehyde,1,5,0.30933667189568814
62,8,2 Methyl Butyraldehyde,1,6,0.3086365523536147
62,8,2 Methyl Butyraldehyde,1,7,0.3436433766846275
62,8,2 Methyl Butyraldehyde,1,8,0.3005443292020269
62,8,2 Methyl Butyraldehyde,1,9,0.3402072522919457
62,8,2 Methyl Butyraldehyde,1,10,0.3312064704139485
62,8,2 Methyl Butyraldehyde,1,11,0.3497356241842803
62,8,2 Methyl Butyraldehyde,1,12,0.3281373588470537
62,8,2 Methyl Butyraldehyde,1,13,0.33034230345251875
62,8,2 Methyl Butyraldehyde,1,14,0.3389949234818024
62,9,m Anisaldehyde,0,0,0.48932895629086176
62,9,m Anisaldehyde,0,1,0.48891566086678395
62,9,m Anisaldehyde,0,2,0.5001183164513942
62,9,m Anisaldehyde,0,3,0.49533871286491304
62,9,m Anisaldehyde,0,4,0.4917517502463204
62,9,m Anisaldehyde,0,5,0.4948311045533486
62,9,m Anisaldehyde,0,6,0.5107468539914886
62,9,m Anisaldehyde,0,7,0.49141296235270054
62,9,m Anisaldehyde,0,8,0.4911377796562903
62,9,m Anisaldehyde,0,9,0.47941525096502974
62,9,m Anisaldehyde,0,10,0.4952147422490964
62,9,m Anisaldehyde,0,11,0.5018495617795882
62,9,m Anisaldehyde,0,12,0.5035510177615656
62,9,m Anisaldehyde,0,13,0.49664345546758
62,9,m Anisaldehyde,0,14,0.504686198386061
62,9,m Anisaldehyde,1,0,0.48303645330632744
62,9,m Anisaldehyde,1,1,0.48665846438845195
62,9,m Anisaldehyde,1,2,0.48543777081807876
62,9,m Anisaldehyde,1,3,0.49099504907330904
62,9,m Anisaldehyde,1,4,0.47448789252612267
62,9,m Anisaldehyde,1,5,0.4635060464160578
62,9,m Anisaldehyde,1,6,0.48239585788440276
62,9,m Anisaldehyde,1,7,0.48350446065020086
62,9,m Anisaldehyde,1,8,0.4909952122524579
62,9,m Anisaldehyde,1,9,0.4882557872395138
62,9,m Anisaldehyde,1,10,0.4945579878336841
62,9,m Anisaldehyde,1,11,0.4819796398956456
62,9,m Anisaldehyde,1,12,0.4782691606825249
62,9,m Anisaldehyde,1,13,0.4629564148206964
62,9,m Anisaldehyde,1,14,0.4790214783295044
64,0,"2,3 Pentanedione",0,0,0.24837204324203277
64,0,"2,3 Pentanedione",0,1,0.2674723774996275
64,0,"2,3 Pentanedione",0,2,0.2635474568215571
64,0,"2,3 Pentanedione",0,3,0.2739779668850691
64,0,"2,3 Pentanedione",0,4,0.25975135942535293
64,0,"2,3 Pentanedione",0,5,0.2855601319321303
64,0,"2,3 Pentanedione",0,6,0.19410576934193927
64,0,"2,3 Pentanedione",0,7,0.2669344665427618
64,0,"2,3 Pentanedione",0,8,0.29224687164262975
64,0,"2,3 Pentanedione",0,9,0.3089358398752211
64,0,"2,3 Pentanedione",0,10,0.28048366062344227
64,0,"2,3 Pentanedione",0,11,0.3043067027283792
64,0,"2,3 Pentanedione",0,12,0.26640802705778427
64,0,"2,3 Pentanedione",0,13,0.2622561915619923
64,0,"2,3 Pentanedione",0,14,0.2754200182445095
64,0,"2,3 Pentanedione",1,0,0.25607817812586536
64,0,"2,3 Pentanedione",1,1,0.23659909849770797
64,0,"2,3 Pentanedione",1,2,0.2432770290948445
64,0,"2,3 Pentanedione",1,3,0.22835421254623806
64,0,"2,3 Pentanedione",1,4,0.2693674625697731
64,0,"2,3 Pentanedione",1,5,0.2564428305106539
64,0,"2,3 Pentanedione",1,6,0.24715088227918955
64,0,"2,3 Pentanedione",1,7,0.24199094127720971
64,0,"2,3 Pentanedione",1,8,0.26878444385313266
64,0,"2,3 Pentanedione",1,9,0.27566923971339374
64,0,"2,3 Pentanedione",1,10,0.22789518528551242
64,0,"2,3 Pentanedione",1,11,0.22396591845375152
64,0,"2,3 Pentanedione",1,12,0.2800207840886674
64,0,"2,3 Pentanedione",1,13,0.22177970423592708
64,0,"2,3 Pentanedione",1,14,0.2698452060437041
64,1,3 Methylvaleric Acid,0,0,0.6700215051903645
64,1,3 Methylvaleric Acid,0,1,0.6700445270903047
64,1,3 Methylvaleric Acid,0,2,0.6613196422444847
64,1,3 Methylvaleric Acid,0,3,0.6610319376189931
64,1,3 Methylvaleric Acid,0,4,0.6763075548313813
64,1,3 Methylvaleric Acid,0,5,0.6309062817221306
64,1,3 Methylvaleric Acid,0,6,0.6494186002711716
64,1,3 Methylvaleric Acid,0,7,0.66241469746433
64,1,3 Methylvaleric Acid,0,8,0.6506762954436532
64,1,3 Methylvaleric Acid,0,9,0.6662881665689752
64,1,3 Methylvaleric Acid,0,10,0.6536256284435865
64,1,3 Methylvaleric Acid,0,11,0.6553193811747533
64,1,3 Methylvaleric Acid,0,12,0.6512961149456612
64,1,3 Methylvaleric Acid,0,13,0.6488427046458308
64,1,3 Methylvaleric Acid,0,14,0.648599191278594
64,1,3 Methylvaleric Acid,1,0,0.6598821180503825
64,1,3 Methylvaleric Acid,1,1,0.6495300917049407
64,1,3 Methylvaleric Acid,1,2,0.6666338349300122
64,1,3 Methylvaleric Acid,1,3,0.6636642478129611
64,1,3 Methylvaleric Acid,1,4,0.6680812296374979
64,1,3 Methylvaleric Acid,1,5,0.646022175403896
64,1,3 Methylvaleric Acid,1,6,0.6403740978131759
64,1,3 Methylvaleric Acid,1,7,0.6571563205121354
64,1,3 Methylvaleric Acid,1,8,0.6858939058243455
64,1,3 Methylvaleric Acid,1,9,0.6697323600280551
64,1,3 Methylvaleric Acid,1,10,0.6517091162985679
64,1,3 Methylvaleric Acid,1,11,0.6614001372656687
64,1,3 Methylvaleric Acid,1,12,0.6644003708313011
64,1,3 Methylvaleric Acid,1,13,0.6436516462515933
64,1,3 Methylvaleric Acid,1,14,0.6707561187012513
64,2,Acetic Acid,0,0,0.35176258998029064
64,2,Acetic Acid,0,1,0.35304637793303395
64,2,Acetic Acid,0,2,0.35496119615367555
64,2,Acetic Acid,0,3,0.37370957831223917
64,2,Acetic Acid,0,4,0.3419303719925414
64,2,Acetic Acid,0,5,0.32600853837043786
64,2,Acetic Acid,0,6,0.35996582514507164
64,2,Acetic Acid,0,7,0.32037630463929617
64,2,Acetic Acid,0,8,0.34952635397366644
64,2,Acetic Acid,0,9,0.3744177585059921
64,2,Acetic Acid,0,10,0.3642505996953554
64,2,Acetic Acid,0,11,0.3720002080736381
64,2,Acetic Acid,0,12,0.3649407686685377
64,2,Acetic Acid,0,13,0.3948842204391593
64,2,Acetic Acid,0,14,0.3447230439155192
64,2,Acetic Acid,1,0,0.36844679516116513
64,2,Acetic Acid,1,1,0.3544576823374396
64,2,Acetic Acid,1,2,0.37779241177091694
64,2,Acetic Acid,1,3,0.3607566662326754
64,2,Acetic Acid,1,4,0.39054013870110327
64,2,Acetic Acid,1,5,0.3529070404774061
64,2,Acetic Acid,1,6,0.385325607140508
64,2,Acetic Acid,1,7,0.3717089534353486
64,2,Acetic Acid,1,8,0.36124369198346984
64,2,Acetic Acid,1,9,0.3708608734037313
64,2,Acetic Acid,1,10,0.3661572321884729
64,2,Acetic Acid,1,11,0.36774124388999896
64,2,Acetic Acid,1,12,0.35832610160258227
64,2,Acetic Acid,1,13,0.3500502986390189
64,2,Acetic Acid,1,14,0.3561815272377085
64,3,Gerinol,0,0,0.1884991433692039
64,3,Gerinol,0,1,0.23157868420027913
64,3,Gerinol,0,2,0.19614195638907522
64,3,Gerinol,0,3,0.21350137886573206
64,3,Gerinol,0,4,0.228270582788951
64,3,Gerinol,0,5,0.23153515217682377
64,3,Gerinol,0,6,0.18693798214184465
64,3,Gerinol,0,7,0.21564758165094447
64,3,Gerinol,0,8,0.22505807090298932
64,3,Gerinol,0,9,0.2181019871907438
64,3,Gerinol,0,10,0.24014525255652297
64,3,Gerinol,0,11,0.2031940652352569
64,3,Gerinol,0,12,0.1822567450526681
64,3,Gerinol,0,13,0.2310391893477608
64,3,Gerinol,0,14,0.20805156512617634
64,3,Gerinol,1,0,0.17707748709201118
64,3,Gerinol,1,1,0.2043748864352631
64,3,Gerinol,1,2,0.22807322396695592
64,3,Gerinol,1,3,0.1855273842341178
64,3,Gerinol,1,4,0.246932630196611
64,3,Gerinol,1,5,0.19278445797848834
64,3,Gerinol,1,6,0.2085636538763691
64,3,Gerinol,1,7,0.18628010016266675
64,3,Gerinol,1,8,0.20778909520192576
64,3,Gerinol,1,9,0.20479738418958027
64,3,Gerinol,1,10,0.18166757809799175
64,3,Gerinol,1,11,0.25528942838842045
64,3,Gerinol,1,12,0.1986284624373764
64,3,Gerinol,1,13,0.198643383815066
64,3,Gerinol,1,14,0.22361150693218348
64,4,n Methyl Piperdine,0,0,0.47268645647199403
64,4,n Methyl Piperdine,0,1,0.4671839123492407
64,4,n Methyl Piperdine,0,2,0.44856297642099363
64,4,n Methyl Piperdine,0,3,0.4598836894811636
64,4,n Methyl Piperdine,0,4,0.4431214375461263
64,4,n Methyl Piperdine,0,5,0.46538605805578515
64,4,n Methyl Piperdine,0,6,0.4450909122969626
64,4,n Methyl Piperdine,0,7,0.4517468068163324
64,4,n Methyl Piperdine,0,8,0.4581468053729558
64,4,n Methyl Piperdine,0,9,0.4617324698943344
64,4,n Methyl Piperdine,0,10,0.45608494041804376
64,4,n Methyl Piperdine,0,11,0.47032508681906937
64,4,n Methyl Piperdine,0,12,0.46395833406274456
64,4,n Methyl Piperdine,0,13,0.46333021543771996
64,4,n Methyl Piperdine,0,14,0.448337210189329
64,4,n Methyl Piperdine,1,0,0.45972748658687757
64,4,n Methyl Piperdine,1,1,0.4397080222522863
64,4,n Methyl Piperdine,1,2,0.4600328828704111
64,4,n Methyl Piperdine,1,3,0.46231010386191895
64,4,n Methyl Piperdine,1,4,0.45023379566542454
64,4,n Methyl Piperdine,1,5,0.4543886481879497
64,4,n Methyl Piperdine,1,6,0.4214691853020594
64,4,n Methyl Piperdine,1,7,0.44457252408259135
64,4,n Methyl Piperdine,1,8,0.45494986852587066
64,4,n Methyl Piperdine,1,9,0.45352862555302703
64,4,n Methyl Piperdine,1,10,0.4363747567017153
64,4,n Methyl Piperdine,1,11,0.44378276708757136
64,4,n Methyl Piperdine,1,12,0.42584161936490517
64,4,n Methyl Piperdine,1,13,0.4494364861278964
64,4,n Methyl Piperdine,1,14,0.43106591619669976
64,5,"2,4 Dimethyl Acetophenone",0,0,0.4815126458819125
64,5,"2,4 Dimethyl Acetophenone",0,1,0.4822493899076205
64,5,"2,4 Dimethyl Acetophenone",0,2,0.4588824602708431
64,5,"2,4 Dimethyl Acetophenone",0,3,0.4729221868060607
64,5,"2,4 Dimethyl Acetophenone",0,4,0.4625102410720793
64,5,"2,4 Dimethyl Acetophenone",0,5,0.4689827779963941
64,5,"2,4 Dimethyl Acetophenone",0,6,0.44939388792458596
64,5,"2,4 Dimethyl Acetophenone",0,7,0.47434946048916377
64,5,"2,4 Dimethyl Acetophenone",0,8,0.4424289566834362
64,5,"2,4 Dimethyl Acetophenone",0,9,0.43976743251189915
64,5,"2,4 Dimethyl Acetophenone",0,10,0.46385225506349076
64,5,"2,4 Dimethyl Acetophenone",0,11,0.4625928096833946
64,5,"2,4 Dimethyl Acetophenone",0,12,0.46941135955502405
64,5,"2,4 Dimethyl Acetophenone",0,13,0.45641277201515423
64,5,"2,4 Dimethyl Acetophenone",0,14,0.49216204357525184
64,5,"2,4 Dimethyl Acetophenone",1,0,0.4664680813166787
64,5,"2,4 Dimethyl Acetophenone",1,1,0.4674872685297248
64,5,"2,4 Dimethyl Acetophenone",1,2,0.4669845914543272
64,5,"2,4 Dimethyl Acetophenone",1,3,0.4783455647106634
64,5,"2,4 Dimethyl Acetophenone",1,4,0.47232588209704063
64,5,"2,4 Dimethyl Acetophenone",1,5,0.47043633230318066
64,5,"2,4 Dimethyl Acetophenone",1,6,0.47458159942063677
64,5,"2,4 Dimethyl Acetophenone",1,7,0.43847416400924183
64,5,"2,4 Dimethyl Acetophenone",1,8,0.4390067226651599
64,5,"2,4 Dimethyl Acetophenone",1,9,0.46313084601528737
64,5,"2,4 Dimethyl Acetophenone",1,10,0.46141593041912776
64,5,"2,4 Dimethyl Acetophenone",1,11,0.47237935978695894
64,5,"2,4 Dimethyl Acetophenone",1,12,0.46448562495014667
64,5,"2,4 Dimethyl Acetophenone",1,13,0.47240833896393214
64,5,"2,4 Dimethyl Acetophenone",1,14,0.4466390139215817
64,6,4 Heptanone,0,0,0.5676532941185672
64,6,4 Heptanone,0,1,0.5370593101320472
64,6,4 Heptanone,0,2,0.5767971965506208
64,6,4 Heptanone,0,3,0.5247043497377744
64,6,4 Heptanone,0,4,0.575910688931671
64,6,4 Heptanone,0,5,0.5341169367066501
64,6,4 Heptanone,0,6,0.5590801755473079
64,6,4 Heptanone,0,7,0.5884815804052106
64,6,4 Heptanone,0,8,0.573129586918687
64,6,4 Heptanone,0,9,0.5300541617216947
64,6,4 Heptanone,0,10,0.5524369503189974
64,6,4 Heptanone,0,11,0.5333722941671526
64,6,4 Heptanone,0,12,0.52892501932737
64,6,4 Heptanone,0,13,0.5706063638095025
64,6,4 Heptanone,0,14,0.5807859092984796
64,6,4 Heptanone,1,0,0.5864495010073068
64,6,4 Heptanone,1,1,0.5901755923431992
64,6,4 Heptanone,1,2,0.5760427023613058
64,6,4 Heptanone,1,3,0.5700293050637532
64,6,4 Heptanone,1,4,0.5516386066766696
64,6,4 Heptanone,1,5,0.566195848090105
64,6,4 Heptanone,1,6,0.5459287847882426
64,6,4 Heptanone,1,7,0.5568798465719165
64,6,4 Heptanone,1,8,0.578361727704886
64,6,4 Heptanone,1,9,0.5736073663149974
64,6,4 Heptanone,1,10,0.6467980056590825
64,6,4 Heptanone,1,11,0.5453665576387364
64,6,4 Heptanone,1,12,0.5734396532687196
64,6,4 Heptanone,1,13,0.5435742050539618
64,6,4 Heptanone,1,14,0.5673984797653846
64,7,33 Dimethyl Butyric Acid,0,0,0.66318429728862
64,7,33 Dimethyl Butyric Acid,0,1,0.6733998956845967
64,7,33 Dimethyl Butyric Acid,0,2,0.66230521022949
64,7,33 Dimethyl Butyric Acid,0,3,0.6645193275928856
64,7,33 Dimethyl Butyric Acid,0,4,0.6624710338303759
64,7,33 Dimethyl Butyric Acid,0,5,0.6541515293376355
64,7,33 Dimethyl Butyric Acid,0,6,0.6605702692492235
64,7,33 Dimethyl Butyric Acid,0,7,0.6628856768691244
64,7,33 Dimethyl Butyric Acid,0,8,0.66679171069394
64,7,33 Dimethyl Butyric Acid,0,9,0.6709493590370339
64,7,33 Dimethyl Butyric Acid,0,10,0.6641484303900318
64,7,33 Dimethyl Butyric Acid,0,11,0.6639977661735311
64,7,33 Dimethyl Butyric Acid,0,12,0.6514110699301031
64,7,33 Dimethyl Butyric Acid,0,13,0.6707846993444354
64,7,33 Dimethyl Butyric Acid,0,14,0.6601949274266911
64,7,33 Dimethyl Butyric Acid,1,0,0.6503697771346013
64,7,33 Dimethyl Butyric Acid,1,1,0.6552490066549534
64,7,33 Dimethyl Butyric Acid,1,2,0.6423561948389407
64,7,33 Dimethyl Butyric Acid,1,3,0.6351965770108375
64,7,33 Dimethyl Butyric Acid,1,4,0.643823575236382
64,7,33 Dimethyl Butyric Acid,1,5,0.646955177415482
64,7,33 Dimethyl Butyric Acid,1,6,0.6412625786701881
64,7,33 Dimethyl Butyric Acid,1,7,0.6391326950170078
64,7,33 Dimethyl Butyric Acid,1,8,0.6487963422677437
64,7,33 Dimethyl Butyric Acid,1,9,0.6482310955674623
64,7,33 Dimethyl Butyric Acid,1,10,0.6409988728474117
64,7,33 Dimethyl Butyric Acid,1,11,0.6297908023330425
64,7,33 Dimethyl Butyric Acid,1,12,0.6478779973909513
64,7,33 Dimethyl Butyric Acid,1,13,0.6373904439648537
64,7,33 Dimethyl Butyric Acid,1,14,0.645803660572423
64,8,2 Methyl Butyraldehyde,0,0,0.36504946961652746
64,8,2 Methyl Butyraldehyde,0,1,0.32610060502276006
64,8,2 Methyl Butyraldehyde,0,2,0.36371161521274176
64,8,2 Methyl Butyraldehyde,0,3,0.3719868858173862
64,8,2 Methyl Butyraldehyde,0,4,0.3743278958578287
64,8,2 Methyl Butyraldehyde,0,5,0.36440433614456913
64,8,2 Methyl Butyraldehyde,0,6,0.3244159885364654
64,8,2 Methyl Butyraldehyde,0,7,0.3865451583939916
64,8,2 Methyl Butyraldehyde,0,8,0.37001071688919995
64,8,2 Methyl Butyraldehyde,0,9,0.3391903432495474
64,8,2 Methyl Butyraldehyde,0,10,0.3471239782081363
64,8,2 Methyl Butyraldehyde,0,11,0.3665780764241467
64,8,2 Methyl Butyraldehyde,0,12,0.3751418047625207
64,8,2 Methyl Butyraldehyde,0,13,0.35284764376348143
64,8,2 Methyl Butyraldehyde,0,14,0.377924237903241
64,8,2 Methyl Butyraldehyde,1,0,0.3124252823753625
64,8,2 Methyl Butyraldehyde,1,1,0.3267498600298672
64,8,2 Methyl Butyraldehyde,1,2,0.30724005730784376
64,8,2 Methyl Butyraldehyde,1,3,0.3295191706375899
64,8,2 Methyl Butyraldehyde,1,4,0.3754436799771476
64,8,2 Methyl Butyraldehyde,1,5,0.38593881141382436
64,8,2 Methyl Butyraldehyde,1,6,0.35113077942882914
64,8,2 Methyl Butyraldehyde,1,7,0.33446343592596645
64,8,2 Methyl Butyraldehyde,1,8,0.3424206111573398
64,8,2 Methyl Butyraldehyde,1,9,0.3556888881969424
64,8,2 Methyl Butyraldehyde,1,10,0.3168122646232666
64,8,2 Methyl Butyraldehyde,1,11,0.3357221457918038
64,8,2 Methyl Butyraldehyde,1,12,0.37404647813150965
64,8,2 Methyl Butyraldehyde,1,13,0.3266877921225059
64,8,2 Methyl Butyraldehyde,1,14,0.33235198707765684
64,9,m Anisaldehyde,0,0,0.4964407051123529
64,9,m Anisaldehyde,0,1,0.4990021566334062
64,9,m Anisaldehyde,0,2,0.49038506172821095
64,9,m Anisaldehyde,0,3,0.4970458040987296
64,9,m Anisaldehyde,0,4,0.5020840487464387
64,9,m Anisaldehyde,0,5,0.5149270717100602
64,9,m Anisaldehyde,0,6,0.4951176244842333
64,9,m Anisaldehyde,0,7,0.49592365860959375
64,9,m Anisaldehyde,0,8,0.5108089966098469
64,9,m Anisaldehyde,0,9,0.49110466479049225
64,9,m Anisaldehyde,0,10,0.4837491743704023
64,9,m Anisaldehyde,0,11,0.4986900433242819
64,9,m Anisaldehyde,0,12,0.5065269778665457
64,9,m Anisaldehyde,0,13,0.49974136980117934
64,9,m Anisaldehyde,0,14,0.49539496599724775
64,9,m Anisaldehyde,1,0,0.47252814669935495
64,9,m Anisaldehyde,1,1,0.4857176182141334
64,9,m Anisaldehyde,1,2,0.4979724567671235
64,9,m Anisaldehyde,1,3,0.47456134237390096
64,9,m Anisaldehyde,1,4,0.4839491407250645
64,9,m Anisaldehyde,1,5,0.482594752033335
64,9,m Anisaldehyde,1,6,0.4796511803061138
64,9,m Anisaldehyde,1,7,0.4886239223730178
64,9,m Anisaldehyde,1,8,0.49047783871466566
64,9,m Anisaldehyde,1,9,0.49037841330360643
64,9,m Anisaldehyde,1,10,0.4770028449868901
64,9,m Anisaldehyde,1,11,0.4706532785867789
64,9,m Anisaldehyde,1,12,0.48876117999297036
64,9,m Anisaldehyde,1,13,0.48147096869901057
64,9,m Anisaldehyde,1,14,0.503714592341012
66,0,"2,3 Pentanedione",0,0,0.30364212652347516
66,0,"2,3 Pentanedione",0,1,0.3062966289830025
66,0,"2,3 Pentanedione",0,2,0.23302661159723365
66,0,"2,3 Pentanedione",0,3,0.2707636112916538
66,0,"2,3 Pentanedione",0,4,0.2783031970543886
66,0,"2,3 Pentanedione",0,5,0.27548823996171157
66,0,"2,3 Pentanedione",0,6,0.24766943551825502
66,0,"2,3 Pentanedione",0,7,0.28850850669723466
66,0,"2,3 Pentanedione",0,8,0.2565412587822646
66,0,"2,3 Pentanedione",0,9,0.25973203724648747
66,0,"2,3 Pentanedione",0,10,0.2180835478286729
66,0,"2,3 Pentanedione",0,11,0.2726485083624262
66,0,"2,3 Pentanedione",0,12,0.25001909128379124
66,0,"2,3 Pentanedione",0,13,0.26814885567561464
66,0,"2,3 Pentanedione",0,14,0.26240722661821697
66,0,"2,3 Pentanedione",1,0,0.2586555091137407
66,0,"2,3 Pentanedione",1,1,0.2529892553854793
66,0,"2,3 Pentanedione",1,2,0.27379708806365777
66,0,"2,3 Pentanedione",1,3,0.24915978127501975
66,0,"2,3 Pentanedione",1,4,0.2177521592108218
66,0,"2,3 Pentanedione",1,5,0.26835598485649476
66,0,"2,3 Pentanedione",1,6,0.23390695657435545
66,0,"2,3 Pentanedione",1,7,0.2210255486300929
66,0,"2,3 Pentanedione",1,8,0.22857601134358146
66,0,"2,3 Pentanedione",1,9,0.2612154041810694
66,0,"2,3 Pentanedione",1,10,0.25171912461977514
66,0,"2,3 Pentanedione",1,11,0.20081501895532522
66,0,"2,3 Pentanedione",1,12,0.24454069612082968
66,0,"2,3 Pentanedione",1,13,0.2833628753215155
66,0,"2,3 Pentanedione",1,14,0.24284970292381194
66,1,3 Methylvaleric Acid,0,0,0.6491727667135799
66,1,3 Methylvaleric Acid,0,1,0.6611357756859797
66,1,3 Methylvaleric Acid,0,2,0.6586856729011445
66,1,3 Methylvaleric Acid,0,3,0.6609255107094242
66,1,3 Methylvaleric Acid,0,4,0.6233644817951873
66,1,3 Methylvaleric Acid,0,5,0.6679715676168065
66,1,3 Methylvaleric Acid,0,6,0.6571108020490862
66,1,3 Methylvaleric Acid,0,7,0.6751778095944181
66,1,3 Methylvaleric Acid,0,8,0.6430663775592343
66,1,3 Methylvaleric Acid,0,9,0.6333539133631932
66,1,3 Methylvaleric Acid,0,10,0.6508823295416826
66,1,3 Methylvaleric Acid,0,11,0.6480848734732811
66,1,3 Methylvaleric Acid,0,12,0.6572816994029552
66,1,3 Methylvaleric Acid,0,13,0.6614519292879083
66,1,3 Methylvaleric Acid,0,14,0.6499467192403329
66,1,3 Methylvaleric Acid,1,0,0.6549684956510808
66,1,3 Methylvaleric Acid,1,1,0.6625259108847315
66,1,3 Methylvaleric Acid,1,2,0.6548138621670284
66,1,3 Methylvaleric Acid,1,3,0.6539857502074423
66,1,3 Methylvaleric Acid,1,4,0.6676182697499387
66,1,3 Methylvaleric Acid,1,5,0.6698222828051317
66,1,3 Methylvaleric Acid,1,6,0.668081867733863
66,1,3 Methylvaleric Acid,1,7,0.6556859817207658
66,1,3 Methylvaleric Acid,1,8,0.6361688894376317
66,1,3 Methylvaleric Acid,1,9,0.655884201965994
66,1,3 Methylvaleric Acid,1,10,0.6498478559418701
66,1,3 Methylvaleric Acid,1,11,0.6560671519295883
66,1,3 Methylvaleric Acid,1,12,0.6507079989738999
66,1,3 Methylvaleric Acid,1,13,0.6571460307243281
66,1,3 Methylvaleric Acid,1,14,0.6470632211724902
66,2,Acetic Acid,0,0,0.31949502893521364
66,2,Acetic Acid,0,1,0.3613729121673947
66,2,Acetic Acid,0,2,0.3246985443737553
66,2,Acetic Acid,0,3,0.34092485712616843
66,2,Acetic Acid,0,4,0.35688676139908243
66,2,Acetic Acid,0,5,0.35621410267381454
66,2,Acetic Acid,0,6,0.3542158030410043
66,2,Acetic Acid,0,7,0.3459857645423917
66,2,Acetic Acid,0,8,0.3530306853100276
66,2,Acetic Acid,0,9,0.36388879892491094
66,2,Acetic Acid,0,10,0.34802923334755853
66,2,Acetic Acid,0,11,0.3101859584490067
66,2,Acetic Acid,0,12,0.3320778247917409
66,2,Acetic Acid,0,13,0.35256842704461233
66,2,Acetic Acid,0,14,0.33042903367177245
66,2,Acetic Acid,1,0,0.3781966739390278
66,2,Acetic Acid,1,1,0.3500380887972184
66,2,Acetic Acid,1,2,0.3525210533306456
66,2,Acetic Acid,1,3,0.36991008945637827
66,2,Acetic Acid,1,4,0.34803620682606423
66,2,Acetic Acid,1,5,0.3540438053655568
66,2,Acetic Acid,1,6,0.3661358287350672
66,2,Acetic Acid,1,7,0.32646633469232994
66,2,Acetic Acid,1,8,0.3463224171014895
66,2,Acetic Acid,1,9,0.3649653434155559
66,2,Acetic Acid,1,10,0.3521923644240781
66,2,Acetic Acid,1,11,0.3756410460358591
66,2,Acetic Acid,1,12,0.3247323960586862
66,2,Acetic Acid,1,13,0.32282405328400055
66,2,Acetic Acid,1,14,0.36397056273958805
66,3,Gerinol,0,0,0.2196837701389137
66,3,Gerinol,0,1,0.20161564622520156
66,3,Gerinol,0,2,0.21174356045279547
66,3,Gerinol,0,3,0.21762626088747444
66,3,Gerinol,0,4,0.1910276289283709
66,3,Gerinol,0,5,0.19285336334933245
66,3,Gerinol,0,6,0.20814943971906943
66,3,Gerinol,0,7,0.22033687867485757
66,3,Gerinol,0,8,0.18502070801738674
66,3,Gerinol,0,9,0.20153550204534024
66,3,Gerinol,0,10,0.20074578514762426
66,3,Gerinol,0,11,0.21204322439906034
66,3,Gerinol,0,12,0.20476420304920429
66,3,Gerinol,0,13,0.19559951505314654
66,3,Gerinol,0,14,0.22621385090719467
66,3,Gerinol,1,0,0.1946913173130031
66,3,Gerinol,1,1,0.19890802782281314
66,3,Gerinol,1,2,0.17673949648204135
66,3,Gerinol,1,3,0.19171649243402972
66,3,Gerinol,1,4,0.2126959133854859
66,3,Gerinol,1,5,0.20936101273119134
66,3,Gerinol,1,6,0.21411946325390152
66,3,Gerinol,1,7,0.21329143335132833
66,3,Gerinol,1,8,0.23950895882288553
66,3,Gerinol,1,9,0.19113245865315381
66,3,Gerinol,1,10,0.17626306106321582
66,3,Gerinol,1,11,0.18596832244382328
66,3,Gerinol,1,12,0.1918866552970586
66,3,Gerinol,1,13,0.18726878275831424
66,3,Gerinol,1,14,0.20548926719278174
66,4,n Methyl Piperdine,0,0,0.46785442998974386
66,4,n Methyl Piperdine,0,1,0.47015046332904703
66,4,n Methyl Piperdine,0,2,0.46186765876006053
66,4,n Methyl Piperdine,0,3,0.47496336846891984
66,4,n Methyl Piperdine,0,4,0.4549822062927564
66,4,n Methyl Piperdine,0,5,0.4447730384092683
66,4,n Methyl Piperdine,0,6,0.4662586152883931
66,4,n Methyl Piperdine,0,7,0.4431244356112952
66,4,n Methyl Piperdine,0,8,0.4517931665636893
66,4,n Methyl Piperdine,0,9,0.46199408860467006
66,4,n Methyl Piperdine,0,10,0.45701413890489745
66,4,n Methyl Piperdine,0,11,0.45630556864231564
66,4,n Methyl Piperdine,0,12,0.44838687048272763
66,4,n Methyl Piperdine,0,13,0.457746771629821
66,4,n Methyl Piperdine,0,14,0.46586249065519003
66,4,n Methyl Piperdine,1,0,0.44870898529237435
66,4,n Methyl Piperdine,1,1,0.4419074349229577
66,4,n Methyl Piperdine,1,2,0.4385689342753075
66,4,n Methyl Piperdine,1,3,0.44207248529644155
66,4,n Methyl Piperdine,1,4,0.45168791197940106
66,4,n Methyl Piperdine,1,5,0.4512980600589639
66,4,n Methyl Piperdine,1,6,0.44214518515532086
66,4,n Methyl Piperdine,1,7,0.43086316658422974
66,4,n Methyl Piperdine,1,8,0.45190934406946354
66,4,n Methyl Piperdine,1,9,0.4413675827682842
66,4,n Methyl Piperdine,1,10,0.4540617417922085
66,4,n Methyl Piperdine,1,11,0.4425003648230642
66,4,n Methyl Piperdine,1,12,0.44064603833072774
66,4,n Methyl Piperdine,1,13,0.44977461721816286
66,4,n Methyl Piperdine,1,14,0.46741083580029713
66,5,"2,4 Dimethyl Acetophenone",0,0,0.4675451136018379
66,5,"2,4 Dimethyl Acetophenone",0,1,0.45890376651555076
66,5,"2,4 Dimethyl Acetophenone",0,2,0.46204314130032864
66,5,"2,4 Dimethyl Acetophenone",0,3,0.43229013459467625
66,5,"2,4 Dimethyl Acetophenone",0,4,0.4411566040060264
66,5,"2,4 Dimethyl Acetophenone",0,5,0.4215758830792895
66,5,"2,4 Dimethyl Acetophenone",0,6,0.48137615917455756
66,5,"2,4 Dimethyl Acetophenone",0,7,0.47852084357879426
66,5,"2,4 Dimethyl Acetophenone",0,8,0.4625221155618845
66,5,"2,4 Dimethyl Acetophenone",0,9,0.458888196059512
66,5,"2,4 Dimethyl Acetophenone",0,10,0.43510368243736997
66,5,"2,4 Dimethyl Acetophenone",0,11,0.4538905293815105
66,5,"2,4 Dimethyl Acetophenone",0,12,0.4822577358254183
66,5,"2,4 Dimethyl Acetophenone",0,13,0.4588360343566044
66,5,"2,4 Dimethyl Acetophenone",0,14,0.4490207399629504
66,5,"2,4 Dimethyl Acetophenone",1,0,0.4306918367390419
66,5,"2,4 Dimethyl Acetophenone",1,1,0.4749466123358297
66,5,"2,4 Dimethyl Acetophenone",1,2,0.4544944245823166
66,5,"2,4 Dimethyl Acetophenone",1,3,0.4307106872753049
66,5,"2,4 Dimethyl Acetophenone",1,4,0.44244946158419507
66,5,"2,4 Dimethyl Acetophenone",1,5,0.4374679087074392
66,5,"2,4 Dimethyl Acetophenone",1,6,0.4536249503886129
66,5,"2,4 Dimethyl Acetophenone",1,7,0.4584064099350347
66,5,"2,4 Dimethyl Acetophenone",1,8,0.4483867392697499
66,5,"2,4 Dimethyl Acetophenone",1,9,0.46643995342001193
66,5,"2,4 Dimethyl Acetophenone",1,10,0.45659389180423177
66,5,"2,4 Dimethyl Acetophenone",1,11,0.47046253449647907
66,5,"2,4 Dimethyl Acetophenone",1,12,0.450445834065203
66,5,"2,4 Dimethyl Acetophenone",1,13,0.4984253387071792
66,5,"2,4 Dimethyl Acetophenone",1,14,0.4475227372530593
66,6,4 Heptanone,0,0,0.5407298610522064
66,6,4 Heptanone,0,1,0.5379018336279402
66,6,4 Heptanone,0,2,0.5566531507948251
66,6,4 Heptanone,0,3,0.5219590815802919
66,6,4 Heptanone,0,4,0.5682785185202756
66,6,4 Heptanone,0,5,0.5176868712480345
66,6,4 Heptanone,0,6,0.5652223236176238
66,6,4 Heptanone,0,7,0.5304287368103935
66,6,4 Heptanone,0,8,0.5527354483815284
66,6,4 Heptanone,0,9,0.5754072576196404
66,6,4 Heptanone,0,10,0.6144916123920878
66,6,4 Heptanone,0,11,0.536712858503277
66,6,4 Heptanone,0,12,0.5580473405308167
66,6,4 Heptanone,0,13,0.5448595699507247
66,6,4 Heptanone,0,14,0.5414993530620664
66,6,4 Heptanone,1,0,0.5493457469298235
66,6,4 Heptanone,1,1,0.5847399651561289
66,6,4 Heptanone,1,2,0.5545643035080708
66,6,4 Heptanone,1,3,0.6175172043453669
66,6,4 Heptanone,1,4,0.5753549394678362
66,6,4 Heptanone,1,5,0.5425605970932053
66,6,4 Heptanone,1,6,0.5573550776699813
66,6,4 Heptanone,1,7,0.5473478614485968
66,6,4 Heptanone,1,8,0.5841880728852729
66,6,4 Heptanone,1,9,0.5281004207184686
66,6,4 Heptanone,1,10,0.5349497555835508
66,6,4 Heptanone,1,11,0.5521842762733045
66,6,4 Heptanone,1,12,0.5814945514766467
66,6,4 Heptanone,1,13,0.5941458399937096
66,6,4 Heptanone,1,14,0.5975375697583035
66,7,33 Dimethyl Butyric Acid,0,0,0.6651107610614729
66,7,33 Dimethyl Butyric Acid,0,1,0.6598597992712351
66,7,33 Dimethyl Butyric Acid,0,2,0.6673803914502827
66,7,33 Dimethyl Butyric Acid,0,3,0.6507614467403129
66,7,33 Dimethyl Butyric Acid,0,4,0.6447608767303232
66,7,33 Dimethyl Butyric Acid,0,5,0.6643123157504046
66,7,33 Dimethyl Butyric Acid,0,6,0.651951198184895
66,7,33 Dimethyl Butyric Acid,0,7,0.660010489626562
66,7,33 Dimethyl Butyric Acid,0,8,0.6615954320452256
66,7,33 Dimethyl Butyric Acid,0,9,0.6626966549670943
66,7,33 Dimethyl Butyric Acid,0,10,0.668607368325935
66,7,33 Dimethyl Butyric Acid,0,11,0.667701344792597
66,7,33 Dimethyl Butyric Acid,0,12,0.6622414036295826
66,7,33 Dimethyl Butyric Acid,0,13,0.6567819747448083
66,7,33 Dimethyl Butyric Acid,0,14,0.661493745756987
66,7,33 Dimethyl Butyric Acid,1,0,0.6308346999513194
66,7,33 Dimethyl Butyric Acid,1,1,0.6342609574939183
66,7,33 Dimethyl Butyric Acid,1,2,0.658383015779715
66,7,33 Dimethyl Butyric Acid,1,3,0.6375058423366226
66,7,33 Dimethyl Butyric Acid,1,4,0.6398031636510255
66,7,33 Dimethyl Butyric Acid,1,5,0.629898218491367
66,7,33 Dimethyl Butyric Acid,1,6,0.6446867785192492
66,7,33 Dimethyl Butyric Acid,1,7,0.6424601994345807
66,7,33 Dimethyl Butyric Acid,1,8,0.6425208784704103
66,7,33 Dimethyl Butyric Acid,1,9,0.6377861052294418
66,7,33 Dimethyl Butyric Acid,1,10,0.6448077630563013
66,7,33 Dimethyl Butyric Acid,1,11,0.6468431733780156
66,7,33 Dimethyl Butyric Acid,1,12,0.638370667185938
66,7,33 Dimethyl Butyric Acid,1,13,0.6349621520710724
66,7,33 Dimethyl Butyric Acid,1,14,0.6436111818733041
66,8,2 Methyl Butyraldehyde,0,0,0.34951420728866667
66,8,2 Methyl Butyraldehyde,0,1,0.3530683957253264
66,8,2 Methyl Butyraldehyde,0,2,0.3657578182041638
66,8,2 Methyl Butyraldehyde,0,3,0.333530112361186
66,8,2 Methyl Butyraldehyde,0,4,0.38257552603087264
66,8,2 Methyl Butyraldehyde,0,5,0.34839183914564925
66,8,2 Methyl Butyraldehyde,0,6,0.35777388853360004
66,8,2 Methyl Butyraldehyde,0,7,0.3627035581061433
66,8,2 Methyl Butyraldehyde,0,8,0.36752545542614623
66,8,2 Methyl Butyraldehyde,0,9,0.36021451578365654
66,8,2 Methyl Butyraldehyde,0,10,0.36548918592789953
66,8,2 Methyl Butyraldehyde,0,11,0.36563702011611365
66,8,2 Methyl Butyraldehyde,0,12,0.35824087031893886
66,8,2 Methyl Butyraldehyde,0,13,0.35201388684381535
66,8,2 Methyl Butyraldehyde,0,14,0.3874224759903657
66,8,2 Methyl Butyraldehyde,1,0,0.3070419697445509
66,8,2 Methyl Butyraldehyde,1,1,0.3432910124388258
66,8,2 Methyl Butyraldehyde,1,2,0.3382664024897536
66,8,2 Methyl Butyraldehyde,1,3,0.3552138442791879
66,8,2 Methyl Butyraldehyde,1,4,0.31945366608982245
66,8,2 Methyl Butyraldehyde,1,5,0.33767674178857493
66,8,2 Methyl Butyraldehyde,1,6,0.34526423299734704
66,8,2 Methyl Butyraldehyde,1,7,0.3676478628662758
66,8,2 Methyl Butyraldehyde,1,8,0.35356038713751065
66,8,2 Methyl Butyraldehyde,1,9,0.3246237592479194
66,8,2 Methyl Butyraldehyde,1,10,0.3379117331013649
66,8,2 Methyl Butyraldehyde,1,11,0.3641345833062614
66,8,2 Methyl Butyraldehyde,1,12,0.3242937293231766
66,8,2 Methyl Butyraldehyde,1,13,0.34571699920968857
66,8,2 Methyl Butyraldehyde,1,14,0.34704432017719633
66,9,m Anisaldehyde,0,0,0.48871911886989816
66,9,m Anisaldehyde,0,1,0.517958766740063
66,9,m Anisaldehyde,0,2,0.48846341456894266
66,9,m Anisaldehyde,0,3,0.4966473549462356
66,9,m Anisaldehyde,0,4,0.4851085109555813
66,9,m Anisaldehyde,0,5,0.4973873078211652
66,9,m Anisaldehyde,0,6,0.5006422952749354
66,9,m Anisaldehyde,0,7,0.486800691569819
66,9,m Anisaldehyde,0,8,0.4918606374655358
66,9,m Anisaldehyde,0,9,0.4838846759215311
66,9,m Anisaldehyde,0,10,0.48152082166042115
66,9,m Anisaldehyde,0,11,0.5022174878026174
66,9,m Anisaldehyde,0,12,0.48712295591797217
66,9,m Anisaldehyde,0,13,0.4694777288546626
66,9,m Anisaldehyde,0,14,0.5091305555136412
66,9,m Anisaldehyde,1,0,0.4732987458590086
66,9,m Anisaldehyde,1,1,0.4785718076902428
66,9,m Anisaldehyde,1,2,0.49647956868239385
66,9,m Anisaldehyde,1,3,0.479564615585534
66,9,m Anisaldehyde,1,4,0.47935971256074517
66,9,m Anisaldehyde,1,5,0.4692558376403776
66,9,m Anisaldehyde,1,6,0.4653971714353871
66,9,m Anisaldehyde,1,7,0.4793307753398204
66,9,m Anisaldehyde,1,8,0.4843521385937794
66,9,m Anisaldehyde,1,9,0.4838085865095672
66,9,m Anisaldehyde,1,10,0.4763430340974769
66,9,m Anisaldehyde,1,11,0.4811017780982819
66,9,m Anisaldehyde,1,12,0.46347689082018384
66,9,m Anisaldehyde,1,13,0.485275928767861
66,9,m Anisaldehyde,1,14,0.48244108443631806
68,0,"2,3 Pentanedione",0,0,0.3148199026207292
68,0,"2,3 Pentanedione",0,1,0.2656653714268839
68,0,"2,3 Pentanedione",0,2,0.24191164646250574
68,0,"2,3 Pentanedione",0,3,0.26421030191393724
68,0,"2,3 Pentanedione",0,4,0.2572833852657618
68,0,"2,3 Pentanedione",0,5,0.2763460769854177
68,0,"2,3 Pentanedione",0,6,0.26615068180928736
68,0,"2,3 Pentanedione",0,7,0.23397971273984164
68,0,"2,3 Pentanedione",0,8,0.22458479806130724
68,0,"2,3 Pentanedione",0,9,0.27205108533198313
68,0,"2,3 Pentanedione",0,10,0.3000562437928887
68,0,"2,3 Pentanedione",0,11,0.2674620773674507
68,0,"2,3 Pentanedione",0,12,0.28581081411416287
68,0,"2,3 Pentanedione",0,13,0.2907986091212477
68,0,"2,3 Pentanedione",0,14,0.27214817641102446
68,0,"2,3 Pentanedione",1,0,0.22984719948509744
68,0,"2,3 Pentanedione",1,1,0.25509218880777174
68,0,"2,3 Pentanedione",1,2,0.2803863088716447
68,0,"2,3 Pentanedione",1,3,0.2634567504216305
68,0,"2,3 Pentanedione",1,4,0.26891562025234905
68,0,"2,3 Pentanedione",1,5,0.238645830639337
68,0,"2,3 Pentanedione",1,6,0.24515064268799558
68,0,"2,3 Pentanedione",1,7,0.24724130390912347
68,0,"2,3 Pentanedione",1,8,0.24892603661821275
68,0,"2,3 Pentanedione",1,9,0.27940844458194164
68,0,"2,3 Pentanedione",1,10,0.19153014347317845
68,0,"2,3 Pentanedione",1,11,0.2509729442961786
68,0,"2,3 Pentanedione",1,12,0.2482220772892613
68,0,"2,3 Pentanedione",1,13,0.21592195814552892
68,0,"2,3 Pentanedione",1,14,0.2670036670963193
68,1,3 Methylvaleric Acid,0,0,0.6491002062592595
68,1,3 Methylvaleric Acid,0,1,0.6527378843299426
68,1,3 Methylvaleric Acid,0,2,0.6745739441511406
68,1,3 Methylvaleric Acid,0,3,0.6662703144349064
68,1,3 Methylvaleric Acid,0,4,0.6619592929898536
68,1,3 Methylvaleric Acid,0,5,0.6600416960492524
68,1,3 Methylvaleric Acid,0,6,0.6546420441580616
68,1,3 Methylvaleric Acid,0,7,0.6760647354903778
68,1,3 Methylvaleric Acid,0,8,0.6642131765727093
68,1,3 Methylvaleric Acid,0,9,0.6488522310943582
68,1,3 Methylvaleric Acid,0,10,0.6424122063439246
68,1,3 Methylvaleric Acid,0,11,0.6618835737283384
68,1,3 Methylvaleric Acid,0,12,0.6557191977889655
68,1,3 Methylvaleric Acid,0,13,0.6421267507106555
68,1,3 Methylvaleric Acid,0,14,0.6605149748324687
68,1,3 Methylvaleric Acid,1,0,0.6578297189529753
68,1,3 Methylvaleric Acid,1,1,0.6657461252386512
68,1,3 Methylvaleric Acid,1,2,0.6648658312440561
68,1,3 Methylvaleric Acid,1,3,0.6544715053753394
68,1,3 Methylvaleric Acid,1,4,0.6667576359603845
68,1,3 Methylvaleric Acid,1,5,0.655563983609312
68,1,3 Methylvaleric Acid,1,6,0.6562076690391807
68,1,3 Methylvaleric Acid,1,7,0.655223780438567
68,1,3 Methylvaleric Acid,1,8,0.6716887799195526
68,1,3 Methylvaleric Acid,1,9,0.657715429071793
68,1,3 Methylvaleric Acid,1,10,0.6740791558979794
68,1,3 Methylvaleric Acid,1,11,0.6781481883081093
68,1,3 Methylvaleric Acid,1,12,0.6531800886999324
68,1,3 Methylvaleric Acid,1,13,0.631577042781042
68,1,3 Methylvaleric Acid,1,14,0.6708328365289099
68,2,Acetic Acid,0,0,0.34179538076027294
68,2,Acetic Acid,0,1,0.33302614050113843
68,2,Acetic Acid,0,2,0.3376677255297631
68,2,Acetic Acid,0,3,0.3405768560660364
68,2,Acetic Acid,0,4,0.36921589501948093
68,2,Acetic Acid,0,5,0.3501910540488201
68,2,Acetic Acid,0,6,0.3689884822190304
68,2,Acetic Acid,0,7,0.3557834876822602
68,2,Acetic Acid,0,8,0.3423430863413985
68,2,Acetic Acid,0,9,0.3409859747647563
68,2,Acetic Acid,0,10,0.3569107878281447
68,2,Acetic Acid,0,11,0.3612403653639227
68,2,Acetic Acid,0,12,0.3641906939880957
68,2,Acetic Acid,0,13,0.3431408980348458
68,2,Acetic Acid,0,14,0.35044690765048836
68,2,Acetic Acid,1,0,0.3737995248206833
68,2,Acetic Acid,1,1,0.3576063978126498
68,2,Acetic Acid,1,2,0.3450438302483291
68,2,Acetic Acid,1,3,0.35054191748458846
68,2,Acetic Acid,1,4,0.3599973729176211
68,2,Acetic Acid,1,5,0.37510712469575447
68,2,Acetic Acid,1,6,0.38509010394743143
68,2,Acetic Acid,1,7,0.3413450735720836
68,2,Acetic Acid,1,8,0.3540369041704377
68,2,Acetic Acid,1,9,0.3580430498704942
68,2,Acetic Acid,1,10,0.37732379564672086
68,2,Acetic Acid,1,11,0.3551950822793598
68,2,Acetic Acid,1,12,0.356840786566389
68,2,Acetic Acid,1,13,0.34040920025636695
68,2,Acetic Acid,1,14,0.3721160999126359
68,3,Gerinol,0,0,0.20062433345519384
68,3,Gerinol,0,1,0.19221951067993406
68,3,Gerinol,0,2,0.19895044975808185
68,3,Gerinol,0,3,0.2226050842400021
68,3,Gerinol,0,4,0.18623394699993923
68,3,Gerinol,0,5,0.1890186980126626
68,3,Gerinol,0,6,0.2247420396060181
68,3,Gerinol,0,7,0.20467065632943268
68,3,Gerinol,0,8,0.21480428349175015
68,3,Gerinol,0,9,0.21023201240097214
68,3,Gerinol,0,10,0.2027750665442815
68,3,Gerinol,0,11,0.19743571144776612
68,3,Gerinol,0,12,0.2175647513120825
68,3,Gerinol,0,13,0.22320802310339666
68,3,Gerinol,0,14,0.2218747696134591
68,3,Gerinol,1,0,0.1818345002933642
68,3,Gerinol,1,1,0.2243218573643477
68,3,Gerinol,1,2,0.19595274578542063
68,3,Gerinol,1,3,0.18917808945005368
68,3,Gerinol,1,4,0.19917049894234146
68,3,Gerinol,1,5,0.21623885463836423
68,3,Gerinol,1,6,0.21127995572297711
68,3,Gerinol,1,7,0.19770228788058772
68,3,Gerinol,1,8,0.21635038697328166
68,3,Gerinol,1,9,0.2044454283760252
68,3,Gerinol,1,10,0.1922841046274067
68,3,Gerinol,1,11,0.18997983839963714
68,3,Gerinol,1,12,0.2090581684608219
68,3,Gerinol,1,13,0.20065152668966899
68,3,Gerinol,1,14,0.17859241940072926
68,4,n Methyl Piperdine,0,0,0.4741210037789073
68,4,n Methyl Piperdine,0,1,0.4635015116053559
68,4,n Methyl Piperdine,0,2,0.48008066901826163
68,4,n Methyl Piperdine,0,3,0.4561197919531136
68,4,n Methyl Piperdine,0,4,0.4658980430632312
68,4,n Methyl Piperdine,0,5,0.46174389035883745
68,4,n Methyl Piperdine,0,6,0.45954033167133257
68,4,n Methyl Piperdine,0,7,0.46344938610028424
68,4,n Methyl Piperdine,0,8,0.4815082527066471
68,4,n Methyl Piperdine,0,9,0.4684906731949873
68,4,n Methyl Piperdine,0,10,0.46101004752397184
68,4,n Methyl Piperdine,0,11,0.45271468455165204
68,4,n Methyl Piperdine,0,12,0.45357281146356976
68,4,n Methyl Piperdine,0,13,0.4630520066814014
68,4,n Methyl Piperdine,0,14,0.46227420796124197
68,4,n Methyl Piperdine,1,0,0.4508729273596042
68,4,n Methyl Piperdine,1,1,0.43448786260599326
68,4,n Methyl Piperdine,1,2,0.4519318802491078
68,4,n Methyl Piperdine,1,3,0.4608871712106569
68,4,n Methyl Piperdine,1,4,0.4656480629883936
68,4,n Methyl Piperdine,1,5,0.437509763826143
68,4,n Methyl Piperdine,1,6,0.44625419093556684
68,4,n Methyl Piperdine,1,7,0.4458314621216838
68,4,n Methyl Piperdine,1,8,0.4538311044296853
68,4,n Methyl Piperdine,1,9,0.44290715326646846
68,4,n Methyl Piperdine,1,10,0.46612343899929354
68,4,n Methyl Piperdine,1,11,0.453013512782966
68,4,n Methyl Piperdine,1,12,0.4516801626950864
68,4,n Methyl Piperdine,1,13,0.46540704287974227
68,4,n Methyl Piperdine,1,14,0.45253695201681327
68,5,"2,4 Dimethyl Acetophenone",0,0,0.4793281151521388
68,5,"2,4 Dimethyl Acetophenone",0,1,0.46309623591441634
68,5,"2,4 Dimethyl Acetophenone",0,2,0.4543576880626979
68,5,"2,4 Dimethyl Acetophenone",0,3,0.46507655672366544
68,5,"2,4 Dimethyl Acetophenone",0,4,0.504522284937475
68,5,"2,4 Dimethyl Acetophenone",0,5,0.48260970452093677
68,5,"2,4 Dimethyl Acetophenone",0,6,0.47755463130962333
68,5,"2,4 Dimethyl Acetophenone",0,7,0.45991536308560566
68,5,"2,4 Dimethyl Acetophenone",0,8,0.48653307067406953
68,5,"2,4 Dimethyl Acetophenone",0,9,0.4545383069846686
68,5,"2,4 Dimethyl Acetophenone",0,10,0.45158604148191406
68,5,"2,4 Dimethyl Acetophenone",0,11,0.46580240746513496
68,5,"2,4 Dimethyl Acetophenone",0,12,0.5012439757093354
68,5,"2,4 Dimethyl Acetophenone",0,13,0.500445896370085
68,5,"2,4 Dimethyl Acetophenone",0,14,0.46732040104454403
68,5,"2,4 Dimethyl Acetophenone",1,0,0.4622769440742053
68,5,"2,4 Dimethyl Acetophenone",1,1,0.4486529160858345
68,5,"2,4 Dimethyl Acetophenone",1,2,0.4728842627615295
68,5,"2,4 Dimethyl Acetophenone",1,3,0.4740685075035024
68,5,"2,4 Dimethyl Acetophenone",1,4,0.48291760443655724
68,5,"2,4 Dimethyl Acetophenone",1,5,0.4846259788071214
68,5,"2,4 Dimethyl Acetophenone",1,6,0.4690000585088708
68,5,"2,4 Dimethyl Acetophenone",1,7,0.4796245813090983
68,5,"2,4 Dimethyl Acetophenone",1,8,0.46190411128793324
68,5,"2,4 Dimethyl Acetophenone",1,9,0.4793568658029148
68,5,"2,4 Dimethyl Acetophenone",1,10,0.4646313731003906
68,5,"2,4 Dimethyl Acetophenone",1,11,0.47826284046768847
68,5,"2,4 Dimethyl Acetophenone",1,12,0.4771212494461139
68,5,"2,4 Dimethyl Acetophenone",1,13,0.4727541498681999
68,5,"2,4 Dimethyl Acetophenone",1,14,0.48298787710372826
68,6,4 Heptanone,0,0,0.5153946695464645
68,6,4 Heptanone,0,1,0.5270195608251104
68,6,4 Heptanone,0,2,0.5452993518338273
68,6,4 Heptanone,0,3,0.51831848484766
68,6,4 Heptanone,0,4,0.5421531691430423
68,6,4 Heptanone,0,5,0.5428944787533415
68,6,4 Heptanone,0,6,0.5816296563320674
68,6,4 Heptanone,0,7,0.5547880082871368
68,6,4 Heptanone,0,8,0.5751844827551513
68,6,4 Heptanone,0,9,0.5584478693556317
68,6,4 Heptanone,0,10,0.5391910151679594
68,6,4 Heptanone,0,11,0.5545852408938143
68,6,4 Heptanone,0,12,0.568285128897033
68,6,4 Heptanone,0,13,0.5789554390973533
68,6,4 Heptanone,0,14,0.5484672619561403
68,6,4 Heptanone,1,0,0.5362344967065483
68,6,4 Heptanone,1,1,0.5346179584590802
68,6,4 Heptanone,1,2,0.5666165777508854
68,6,4 Heptanone,1,3,0.5203571655449173
68,6,4 Heptanone,1,4,0.6154063738822527
68,6,4 Heptanone,1,5,0.5878513139116647
68,6,4 Heptanone,1,6,0.5595044695005078
68,6,4 Heptanone,1,7,0.5486040547210326
68,6,4 Heptanone,1,8,0.5977675529402585
68,6,4 Heptanone,1,9,0.5485123043875602
68,6,4 Heptanone,1,10,0.5507065141961509
68,6,4 Heptanone,1,11,0.5565083670731038
68,6,4 Heptanone,1,12,0.5767470200863061
68,6,4 Heptanone,1,13,0.5884001333598309
68,6,4 Heptanone,1,14,0.6015518797881685
68,7,33 Dimethyl Butyric Acid,0,0,0.6748061957462633
68,7,33 Dimethyl Butyric Acid,0,1,0.6658570825045947
68,7,33 Dimethyl Butyric Acid,0,2,0.6745966570708568
68,7,33 Dimethyl Butyric Acid,0,3,0.6600997664550465
68,7,33 Dimethyl Butyric Acid,0,4,0.650245037108684
68,7,33 Dimethyl Butyric Acid,0,5,0.6600986398194739
68,7,33 Dimethyl Butyric Acid,0,6,0.6589405365105606
68,7,33 Dimethyl Butyric Acid,0,7,0.660434116640518
68,7,33 Dimethyl Butyric Acid,0,8,0.657628297847939
68,7,33 Dimethyl Butyric Acid,0,9,0.6618985923884886
68,7,33 Dimethyl Butyric Acid,0,10,0.6711642009118285
68,7,33 Dimethyl Butyric Acid,0,11,0.6805507632695333
68,7,33 Dimethyl Butyric Acid,0,12,0.6510636706608874
68,7,33 Dimethyl Butyric Acid,0,13,0.6548141466402329
68,7,33 Dimethyl Butyric Acid,0,14,0.6590674995028116
68,7,33 Dimethyl Butyric Acid,1,0,0.6474088626964839
68,7,33 Dimethyl Butyric Acid,1,1,0.6390897392504888
68,7,33 Dimethyl Butyric Acid,1,2,0.634640353801882
68,7,33 Dimethyl Butyric Acid,1,3,0.6469888407299599
68,7,33 Dimethyl Butyric Acid,1,4,0.6490427814475571
68,7,33 Dimethyl Butyric Acid,1,5,0.6406854265905877
68,7,33 Dimethyl Butyric Acid,1,6,0.6338509410889195
68,7,33 Dimethyl Butyric Acid,1,7,0.6431625894196107
68,7,33 Dimethyl Butyric Acid,1,8,0.6388470210716077
68,7,33 Dimethyl Butyric Acid,1,9,0.6387806435977104
68,7,33 Dimethyl Butyric Acid,1,10,0.6364547688840793
68,7,33 Dimethyl Butyric Acid,1,11,0.6487736130712255
68,7,33 Dimethyl Butyric Acid,1,12,0.6429877604278135
68,7,33 Dimethyl Butyric Acid,1,13,0.649722499239281
68,7,33 Dimethyl Butyric Acid,1,14,0.6522989556050749
68,8,2 Methyl Butyraldehyde,0,0,0.3557422151542703
68,8,2 Methyl Butyraldehyde,0,1,0.33731007824184567
68,8,2 Methyl Butyraldehyde,0,2,0.36684103091234527
68,8,2 Methyl Butyraldehyde,0,3,0.35586982214555557
68,8,2 Methyl Butyraldehyde,0,4,0.39668199677373933
68,8,2 Methyl Butyraldehyde,0,5,0.35289989803155575
68,8,2 Methyl Butyraldehyde,0,6,0.3602995191645195
68,8,2 Methyl Butyraldehyde,0,7,0.35252419446460653
68,8,2 Methyl Butyraldehyde,0,8,0.3450875865493564
68,8,2 Methyl Butyraldehyde,0,9,0.3420387922827474
68,8,2 Methyl Butyraldehyde,0,10,0.3525971234908875
68,8,2 Methyl Butyraldehyde,0,11,0.35692961696665604
68,8,2 Methyl Butyraldehyde,0,12,0.36901865078143825
68,8,2 Methyl Butyraldehyde,0,13,0.3528759890429535
68,8,2 Methyl Butyraldehyde,0,14,0.338142241800067
68,8,2 Methyl Butyraldehyde,1,0,0.325574875338722
68,8,2 Methyl Butyraldehyde,1,1,0.3065580569446734
68,8,2 Methyl Butyraldehyde,1,2,0.3635302737439065
68,8,2 Methyl Butyraldehyde,1,3,0.3214831706785757
68,8,2 Methyl Butyraldehyde,1,4,0.3502850289695145
68,8,2 Methyl Butyraldehyde,1,5,0.33709484018700137
68,8,2 Methyl Butyraldehyde,1,6,0.3376137684918977
68,8,2 Methyl Butyraldehyde,1,7,0.3295727735003624
68,8,2 Methyl Butyraldehyde,1,8,0.31677469927519375
68,8,2 Methyl Butyraldehyde,1,9,0.313324149864556
68,8,2 Methyl Butyraldehyde,1,10,0.3648142134269954
68,8,2 Methyl Butyraldehyde,1,11,0.33399074097123077
68,8,2 Methyl Butyraldehyde,1,12,0.3532982045765959
68,8,2 Methyl Butyraldehyde,1,13,0.3582551324812916
68,8,2 Methyl Butyraldehyde,1,14,0.32397131574693927
68,9,m Anisaldehyde,0,0,0.5027197731066783
68,9,m Anisaldehyde,0,1,0.49912836142196815
68,9,m Anisaldehyde,0,2,0.4877208566781914
68,9,m Anisaldehyde,0,3,0.4969413121909463
68,9,m Anisaldehyde,0,4,0.5042759217786982
68,9,m Anisaldehyde,0,5,0.4939661485212311
68,9,m Anisaldehyde,0,6,0.49561894146620417
68,9,m Anisaldehyde,0,7,0.49705624951817134
68,9,m Anisaldehyde,0,8,0.5187368610733865
68,9,m Anisaldehyde,0,9,0.481298595695606
68,9,m Anisaldehyde,0,10,0.5034611938823245
68,9,m Anisaldehyde,0,11,0.4962974199977795
68,9,m Anisaldehyde,0,12,0.49262231032084236
68,9,m Anisaldehyde,0,13,0.49606460016774856
68,9,m Anisaldehyde,0,14,0.5050337780632455
68,9,m Anisaldehyde,1,0,0.4907840589353372
68,9,m Anisaldehyde,1,1,0.4856743521143437
68,9,m Anisaldehyde,1,2,0.4942779530800104
68,9,m Anisaldehyde,1,3,0.4959488278029037
68,9,m Anisaldehyde,1,4,0.4916556149769208
68,9,m Anisaldehyde,1,5,0.47872666169660205
68,9,m Anisaldehyde,1,6,0.48860088778368904
68,9,m Anisaldehyde,1,7,0.4886460453773899
68,9,m Anisaldehyde,1,8,0.4761700457980705
68,9,m Anisaldehyde,1,9,0.4690174202951339
68,9,m Anisaldehyde,1,10,0.4647158605367637
68,9,m Anisaldehyde,1,11,0.48457213344783695
68,9,m Anisaldehyde,1,12,0.4867372968231981
68,9,m Anisaldehyde,1,13,0.4726957702098404
68,9,m Anisaldehyde,1,14,0.49383474723893744
70,0,"2,3 Pentanedione",0,0,0.27493579789066197
70,0,"2,3 Pentanedione",0,1,0.3048666595311355
70,0,"2,3 Pentanedione",0,2,0.2803937409078414
70,0,"2,3 Pentanedione",0,3,0.24447200486127288
70,0,"2,3 Pentanedione",0,4,0.2825873744905054
70,0,"2,3 Pentanedione",0,5,0.2878831115300542
70,0,"2,3 Pentanedione",0,6,0.25743975451107654
70,0,"2,3 Pentanedione",0,7,0.2350780192255048
70,0,"2,3 Pentanedione",0,8,0.2736377457659168
70,0,"2,3 Pentanedione",0,9,0.24610922827534704
70,0,"2,3 Pentanedione",0,10,0.29915253573477996
70,0,"2,3 Pentanedione",0,11,0.26095092714758683
70,0,"2,3 Pentanedione",0,12,0.31424537182058415
70,0,"2,3 Pentanedione",0,13,0.21802637747028078
70,0,"2,3 Pentanedione",0,14,0.27450023426188036
70,0,"2,3 Pentanedione",1,0,0.29108762337247135
70,0,"2,3 Pentanedione",1,1,0.23309519947275592
70,0,"2,3 Pentanedione",1,2,0.25137278397926244
70,0,"2,3 Pentanedione",1,3,0.24527691451083725
70,0,"2,3 Pentanedione",1,4,0.23825861631613127
70,0,"2,3 Pentanedione",1,5,0.2614683733977954
70,0,"2,3 Pentanedione",1,6,0.22296726734496075
70,0,"2,3 Pentanedione",1,7,0.2525785878366827
70,0,"2,3 Pentanedione",1,8,0.26825266331205266
70,0,"2,3 Pentanedione",1,9,0.24997546458527226
70,0,"2,3 Pentanedione",1,10,0.23034770237029395
70,0,"2,3 Pentanedione",1,11,0.28110744233497587
70,0,"2,3 Pentanedione",1,12,0.2736092314103596
70,0,"2,3 Pentanedione",1,13,0.2293231280873448
70,0,"2,3 Pentanedione",1,14,0.2230001182443748
70,1,3 Methylvaleric Acid,0,0,0.6540834141251134
70,1,3 Methylvaleric Acid,0,1,0.6689046491414639
70,1,3 Methylvaleric Acid,0,2,0.6662348004297258
70,1,3 Methylvaleric Acid,0,3,0.6713280967041623
70,1,3 Methylvaleric Acid,0,4,0.6602781519269938
70,1,3 Methylvaleric Acid,0,5,0.6543525783493791
70,1,3 Methylvaleric Acid,0,6,0.6726027702735239
70,1,3 Methylvaleric Acid,0,7,0.658028053812612
70,1,3 Methylvaleric Acid,0,8,0.6653535151950137
70,1,3 Methylvaleric Acid,0,9,0.6481636177531515
70,1,3 Methylvaleric Acid,0,10,0.6578660820532767
70,1,3 Methylvaleric Acid,0,11,0.6734991518634852
70,1,3 Methylvaleric Acid,0,12,0.6564161869278473
70,1,3 Methylvaleric Acid,0,13,0.6715698490289134
70,1,3 Methylvaleric Acid,0,14,0.6404313113495523
70,1,3 Methylvaleric Acid,1,0,0.6583006663355632
70,1,3 Methylvaleric Acid,1,1,0.662141968143148
70,1,3 Methylvaleric Acid,1,2,0.6810882229259961
70,1,3 Methylvaleric Acid,1,3,0.6522653370299353
70,1,3 Methylvaleric Acid,1,4,0.6704806383082241
70,1,3 Methylvaleric Acid,1,5,0.6743011661200999
70,1,3 Methylvaleric Acid,1,6,0.6566960068038956
70,1,3 Methylvaleric Acid,1,7,0.6601406299174156
70,1,3 Methylvaleric Acid,1,8,0.6652402905535131
70,1,3 Methylvaleric Acid,1,9,0.6491725714286279
70,1,3 Methylvaleric Acid,1,10,0.6593330508472559
70,1,3 Methylvaleric Acid,1,11,0.6764709012172604
70,1,3 Methylvaleric Acid,1,12,0.669012188472903
70,1,3 Methylvaleric Acid,1,13,0.6622865314124408
70,1,3 Methylvaleric Acid,1,14,0.6649576015495055
70,2,Acetic Acid,0,0,0.3570977223565056
70,2,Acetic Acid,0,1,0.36030128005462436
70,2,Acetic Acid,0,2,0.3380722513708063
70,2,Acetic Acid,0,3,0.3730534765612105
70,2,Acetic Acid,0,4,0.36940046241588076
70,2,Acetic Acid,0,5,0.35870953609749756
70,2,Acetic Acid,0,6,0.3332788162886782
70,2,Acetic Acid,0,7,0.3303134825991199
70,2,Acetic Acid,0,8,0.34191659775843075
70,2,Acetic Acid,0,9,0.34839663751374544
70,2,Acetic Acid,0,10,0.3177961994804587
70,2,Acetic Acid,0,11,0.35565553456352683
70,2,Acetic Acid,0,12,0.3689172485460516
70,2,Acetic Acid,0,13,0.357023595292819
70,2,Acetic Acid,0,14,0.33607089489909925
70,2,Acetic Acid,1,0,0.3420870224089759
70,2,Acetic Acid,1,1,0.360392107854151
70,2,Acetic Acid,1,2,0.35281155782894885
70,2,Acetic Acid,1,3,0.3627874197267403
70,2,Acetic Acid,1,4,0.36544187652225085
70,2,Acetic Acid,1,5,0.3736415943282082
70,2,Acetic Acid,1,6,0.3364375258618611
70,2,Acetic Acid,1,7,0.35908339276134243
70,2,Acetic Acid,1,8,0.34929574041058803
70,2,Acetic Acid,1,9,0.35372607411904644
70,2,Acetic Acid,1,10,0.3698362028074516
70,2,Acetic Acid,1,11,0.37165485842134205
70,2,Acetic Acid,1,12,0.37876972011191806
70,2,Acetic Acid,1,13,0.3624954946851583
70,2,Acetic Acid,1,14,0.35353567635356287
70,3,Gerinol,0,0,0.20452183772737814
70,3,Gerinol,0,1,0.17924017374188808
70,3,Gerinol,0,2,0.2316927381589564
70,3,Gerinol,0,3,0.20334431787185078
70,3,Gerinol,0,4,0.2174669836619968
70,3,Gerinol,0,5,0.2204201598758069
70,3,Gerinol,0,6,0.1875902923495293
70,3,Gerinol,0,7,0.19308327023154845
70,3,Gerinol,0,8,0.23522913685198177
70,3,Gerinol,0,9,0.2137910860793189
70,3,Gerinol,0,10,0.1989309649376479
70,3,Gerinol,0,11,0.2066805370129092
70,3,Gerinol,0,12,0.2273679144266068
70,3,Gerinol,0,13,0.22477603067798527
70,3,Gerinol,0,14,0.1838238933895678
70,3,Gerinol,1,0,0.22233974442448962
70,3,Gerinol,1,1,0.2109409640692091
70,3,Gerinol,1,2,0.19185660901587717
70,3,Gerinol,1,3,0.17412645554760858
70,3,Gerinol,1,4,0.21243991647616764
70,3,Gerinol,1,5,0.20258605080294886
70,3,Gerinol,1,6,0.1695870474164174
70,3,Gerinol,1,7,0.19049853912617226
70,3,Gerinol,1,8,0.247792228534379
70,3,Gerinol,1,9,0.19473945371387058
70,3,Gerinol,1,10,0.18179948016483882
70,3,Gerinol,1,11,0.17725239313795488
70,3,Gerinol,1,12,0.22469094979012189
70,3,Gerinol,1,13,0.208921187618609
70,3,Gerinol,1,14,0.21846964316636247
70,4,n Methyl Piperdine,0,0,0.461245502715765
70,4,n Methyl Piperdine,0,1,0.46929217432569004
70,4,n Methyl Piperdine,0,2,0.45247345732664446
70,4,n Methyl Piperdine,0,3,0.4605607482903482
70,4,n Methyl Piperdine,0,4,0.4615564485628096
70,4,n Methyl Piperdine,0,5,0.47031959589802946
70,4,n Methyl Piperdine,0,6,0.46181076476415134
70,4,n Methyl Piperdine,0,7,0.454255926509138
70,4,n Methyl Piperdine,0,8,0.4597726111543907
70,4,n Methyl Piperdine,0,9,0.4458487148233458
70,4,n Methyl Piperdine,0,10,0.44069227057686555
70,4,n Methyl Piperdine,0,11,0.46591075140389404
70,4,n Methyl Piperdine,0,12,0.45626206935257696
70,4,n Methyl Piperdine,0,13,0.4571686820511856
70,4,n Methyl Piperdine,0,14,0.46590759387796066
70,4,n Methyl Piperdine,1,0,0.45576108453815034
70,4,n Methyl Piperdine,1,1,0.44886090509641424
70,4,n Methyl Piperdine,1,2,0.4600095840995361
70,4,n Methyl Piperdine,1,3,0.4486065145302518
70,4,n Methyl Piperdine,1,4,0.44700270916643353
70,4,n Methyl Piperdine,1,5,0.44650811203783036
70,4,n Methyl Piperdine,1,6,0.43430103696072464
70,4,n Methyl Piperdine,1,7,0.45223299030291453
70,4,n Methyl Piperdine,1,8,0.42502127329767125
70,4,n Methyl Piperdine,1,9,0.43989497859958737
70,4,n Methyl Piperdine,1,10,0.4447684442623345
70,4,n Methyl Piperdine,1,11,0.43826690287048664
70,4,n Methyl Piperdine,1,12,0.440970954073211
70,4,n Methyl Piperdine,1,13,0.4593000059876114
70,4,n Methyl Piperdine,1,14,0.453417192544047
70,5,"2,4 Dimethyl Acetophenone",0,0,0.46766215993877874
70,5,"2,4 Dimethyl Acetophenone",0,1,0.4707116952267458
70,5,"2,4 Dimethyl Acetophenone",0,2,0.4593258835222675
70,5,"2,4 Dimethyl Acetophenone",0,3,0.4872743683882032
70,5,"2,4 Dimethyl Acetophenone",0,4,0.47381147143872665
70,5,"2,4 Dimethyl Acetophenone",0,5,0.4496036560265725
70,5,"2,4 Dimethyl Acetophenone",0,6,0.47875429837303785
70,5,"2,4 Dimethyl Acetophenone",0,7,0.48352324731256874
70,5,"2,4 Dimethyl Acetophenone",0,8,0.4909145454822418
70,5,"2,4 Dimethyl Acetophenone",0,9,0.4762987435700974
70,5,"2,4 Dimethyl Acetophenone",0,10,0.4720780328996593
70,5,"2,4 Dimethyl Acetophenone",0,11,0.5053417857112704
70,5,"2,4 Dimethyl Acetophenone",0,12,0.4774260044196887
70,5,"2,4 Dimethyl Acetophenone",0,13,0.4874797948600147
70,5,"2,4 Dimethyl Acetophenone",0,14,0.4697249922664378
70,5,"2,4 Dimethyl Acetophenone",1,0,0.48107177115211236
70,5,"2,4 Dimethyl Acetophenone",1,1,0.4508171682952613
70,5,"2,4 Dimethyl Acetophenone",1,2,0.4648275460933261
70,5,"2,4 Dimethyl Acetophenone",1,3,0.45430515945165173
70,5,"2,4 Dimethyl Acetophenone",1,4,0.4628124076033232
70,5,"2,4 Dimethyl Acetophenone",1,5,0.4889763278849136
70,5,"2,4 Dimethyl Acetophenone",1,6,0.46270872780789335
70,5,"2,4 Dimethyl Acetophenone",1,7,0.4814714895681617
70,5,"2,4 Dimethyl Acetophenone",1,8,0.49273845124843557
70,5,"2,4 Dimethyl Acetophenone",1,9,0.4709543662530777
70,5,"2,4 Dimethyl Acetophenone",1,10,0.48535651643221583
70,5,"2,4 Dimethyl Acetophenone",1,11,0.4788321714206589
70,5,"2,4 Dimethyl Acetophenone",1,12,0.47298513543810555
70,5,"2,4 Dimethyl Acetophenone",1,13,0.4819235654834864
70,5,"2,4 Dimethyl Acetophenone",1,14,0.4972885164310655
70,6,4 Heptanone,0,0,0.5289783122206521
70,6,4 Heptanone,0,1,0.5215746498955945
70,6,4 Heptanone,0,2,0.5202243770999301
70,6,4 Heptanone,0,3,0.5665034206154976
70,6,4 Heptanone,0,4,0.5696067084720773
70,6,4 Heptanone,0,5,0.5312834069500004
70,6,4 Heptanone,0,6,0.49451078607104126
70,6,4 Heptanone,0,7,0.5281161822487653
70,6,4 Heptanone,0,8,0.5562332962248716
70,6,4 Heptanone,0,9,0.5420994943646757
70,6,4 Heptanone,0,10,0.5477815311874584
70,6,4 Heptanone,0,11,0.5315983019022144
70,6,4 Heptanone,0,12,0.5669555799470288
70,6,4 Heptanone,0,13,0.5515265532450454
70,6,4 Heptanone,0,14,0.557121217246881
70,6,4 Heptanone,1,0,0.5627375325955574
70,6,4 Heptanone,1,1,0.5711386120668653
70,6,4 Heptanone,1,2,0.569625451197729
70,6,4 Heptanone,1,3,0.5377359171235425
70,6,4 Heptanone,1,4,0.5676589589842275
70,6,4 Heptanone,1,5,0.577282190496459
70,6,4 Heptanone,1,6,0.5856448826920021
70,6,4 Heptanone,1,7,0.5686488687945139
70,6,4 Heptanone,1,8,0.5368809609491083
70,6,4 Heptanone,1,9,0.540421054499298
70,6,4 Heptanone,1,10,0.5490720435228436
70,6,4 Heptanone,1,11,0.563436618746098
70,6,4 Heptanone,1,12,0.5562682673394499
70,6,4 Heptanone,1,13,0.5332362660975748
70,6,4 Heptanone,1,14,0.5330985572029987
70,7,33 Dimethyl Butyric Acid,0,0,0.6502165271613738
70,7,33 Dimethyl Butyric Acid,0,1,0.64146662634326
70,7,33 Dimethyl Butyric Acid,0,2,0.6670721287451556
70,7,33 Dimethyl Butyric Acid,0,3,0.6880866714398797
70,7,33 Dimethyl Butyric Acid,0,4,0.68360052725477
70,7,33 Dimethyl Butyric Acid,0,5,0.6598177802373045
70,7,33 Dimethyl Butyric Acid,0,6,0.6694862619181318
70,7,33 Dimethyl Butyric Acid,0,7,0.6556496187263963
70,7,33 Dimethyl Butyric Acid,0,8,0.6569563360787327
70,7,33 Dimethyl Butyric Acid,0,9,0.657938811912081
70,7,33 Dimethyl Butyric Acid,0,10,0.6662689447363405
70,7,33 Dimethyl Butyric Acid,0,11,0.6666378036121838
70,7,33 Dimethyl Butyric Acid,0,12,0.6703672800114114
70,7,33 Dimethyl Butyric Acid,0,13,0.6738855222083353
70,7,33 Dimethyl Butyric Acid,0,14,0.6653143626923627
70,7,33 Dimethyl Butyric Acid,1,0,0.6480015394538302
70,7,33 Dimethyl Butyric Acid,1,1,0.6383169475507354
70,7,33 Dimethyl Butyric Acid,1,2,0.63616849963461
70,7,33 Dimethyl Butyric Acid,1,3,0.6348445958434382
70,7,33 Dimethyl Butyric Acid,1,4,0.6532555417741025
70,7,33 Dimethyl Butyric Acid,1,5,0.6447952965302612
70,7,33 Dimethyl Butyric Acid,1,6,0.631655167058414
70,7,33 Dimethyl Butyric Acid,1,7,0.6471505839204618
70,7,33 Dimethyl Butyric Acid,1,8,0.6369884714625809
70,7,33 Dimethyl Butyric Acid,1,9,0.6619212637313351
70,7,33 Dimethyl Butyric Acid,1,10,0.6427305862142544
70,7,33 Dimethyl Butyric Acid,1,11,0.6535320049172986
70,7,33 Dimethyl Butyric Acid,1,12,0.657024044395281
70,7,33 Dimethyl Butyric Acid,1,13,0.6395072291029488
70,7,33 Dimethyl Butyric Acid,1,14,0.6483430253327302
70,8,2 Methyl Butyraldehyde,0,0,0.3669456243447039
70,8,2 Methyl Butyraldehyde,0,1,0.3585849973289696
70,8,2 Methyl Butyraldehyde,0,2,0.36327302758008817
70,8,2 Methyl Butyraldehyde,0,3,0.3309942817289047
70,8,2 Methyl Butyraldehyde,0,4,0.3669564744515578
70,8,2 Methyl Butyraldehyde,0,5,0.34709738295952597
70,8,2 Methyl Butyraldehyde,0,6,0.3630506192838743
70,8,2 Methyl Butyraldehyde,0,7,0.37394309604987697
70,8,2 Methyl Butyraldehyde,0,8,0.3691476612015484
70,8,2 Methyl Butyraldehyde,0,9,0.36303665381968436
70,8,2 Methyl Butyraldehyde,0,10,0.3686382932462678
70,8,2 Methyl Butyraldehyde,0,11,0.36952190519977374
70,8,2 Methyl Butyraldehyde,0,12,0.38493054768162277
70,8,2 Methyl Butyraldehyde,0,13,0.35572895350723804
70,8,2 Methyl Butyraldehyde,0,14,0.3595092374189074
70,8,2 Methyl Butyraldehyde,1,0,0.36296005070287257
70,8,2 Methyl Butyraldehyde,1,1,0.3358031181850034
70,8,2 Methyl Butyraldehyde,1,2,0.3196730087624429
70,8,2 Methyl Butyraldehyde,1,3,0.3545819566777942
70,8,2 Methyl Butyraldehyde,1,4,0.34123208084560763
70,8,2 Methyl Butyraldehyde,1,5,0.3221117710659465
70,8,2 Methyl Butyraldehyde,1,6,0.3547215497846068
70,8,2 Methyl Butyraldehyde,1,7,0.3724880236918017
70,8,2 Methyl Butyraldehyde,1,8,0.3140510080874849
70,8,2 Methyl Butyraldehyde,1,9,0.36468322400151987
70,8,2 Methyl Butyraldehyde,1,10,0.29672872159260866
70,8,2 Methyl Butyraldehyde,1,11,0.3375232901568198
70,8,2 Methyl Butyraldehyde,1,12,0.38030379871216613
70,8,2 Methyl Butyraldehyde,1,13,0.33889717106888356
70,8,2 Methyl Butyraldehyde,1,14,0.3468824708618977
70,9,m Anisaldehyde,0,0,0.5143099935028606
70,9,m Anisaldehyde,0,1,0.4907843726962221
70,9,m Anisaldehyde,0,2,0.5077554959801198
70,9,m Anisaldehyde,0,3,0.5076807089052444
70,9,m Anisaldehyde,0,4,0.5247423501164155
70,9,m Anisaldehyde,0,5,0.4953458834659757
70,9,m Anisaldehyde,0,6,0.5034511143883341
70,9,m Anisaldehyde,0,7,0.4982625567453594
70,9,m Anisaldehyde,0,8,0.497256226903562
70,9,m Anisaldehyde,0,9,0.5177689580152187
70,9,m Anisaldehyde,0,10,0.5073242997990193
70,9,m Anisaldehyde,0,11,0.5017998223569871
70,9,m Anisaldehyde,0,12,0.5021577470430947
70,9,m Anisaldehyde,0,13,0.5017271403265928
70,9,m Anisaldehyde,0,14,0.5025756536380152
70,9,m Anisaldehyde,1,0,0.47959487459589567
70,9,m Anisaldehyde,1,1,0.4891377736383477
70,9,m Anisaldehyde,1,2,0.4881843797589173
70,9,m Anisaldehyde,1,3,0.48440229314599986
70,9,m Anisaldehyde,1,4,0.4930639530501249
70,9,m Anisaldehyde,1,5,0.4938690018699778
70,9,m Anisaldehyde,1,6,0.4863109330344964
70,9,m Anisaldehyde,1,7,0.4902251307752177
70,9,m Anisaldehyde,1,8,0.5120752259095661
70,9,m Anisaldehyde,1,9,0.5117128493984943
70,9,m Anisaldehyde,1,10,0.48159086391590294
70,9,m Anisaldehyde,1,11,0.4829158858119417
70,9,m Anisaldehyde,1,12,0.48154044982134125
70,9,m Anisaldehyde,1,13,0.5016228006350955
70,9,m Anisaldehyde,1,14,0.48781126075565906
72,0,"2,3 Pentanedione",0,0,0.2880142969672252
72,0,"2,3 Pentanedione",0,1,0.3319466242093398
72,0,"2,3 Pentanedione",0,2,0.28176082101955613
72,0,"2,3 Pentanedione",0,3,0.2996786589212507
72,0,"2,3 Pentanedione",0,4,0.2950329596098275
72,0,"2,3 Pentanedione",0,5,0.26731700708491896
72,0,"2,3 Pentanedione",0,6,0.30850148417086415
72,0,"2,3 Pentanedione",0,7,0.26077992064981304
72,0,"2,3 Pentanedione",0,8,0.3155194355384221
72,0,"2,3 Pentanedione",0,9,0.2673361667470897
72,0,"2,3 Pentanedione",0,10,0.2700732478639153
72,0,"2,3 Pentanedione",0,11,0.25481024528664786
72,0,"2,3 Pentanedione",0,12,0.2589159556069015
72,0,"2,3 Pentanedione",0,13,0.2713533328191043
72,0,"2,3 Pentanedione",0,14,0.22123872692955238
72,0,"2,3 Pentanedione",1,0,0.2564867402172233
72,0,"2,3 Pentanedione",1,1,0.24962069281557528
72,0,"2,3 Pentanedione",1,2,0.282070326211909
72,0,"2,3 Pentanedione",1,3,0.27289456720553384
72,0,"2,3 Pentanedione",1,4,0.24462911296913076
72,0,"2,3 Pentanedione",1,5,0.25085627976096553
72,0,"2,3 Pentanedione",1,6,0.25645459778359075
72,0,"2,3 Pentanedione",1,7,0.2994689626085094
72,0,"2,3 Pentanedione",1,8,0.24176243173520215
72,0,"2,3 Pentanedione",1,9,0.24432603212284684
72,0,"2,3 Pentanedione",1,10,0.2341054449561844
72,0,"2,3 Pentanedione",1,11,0.22526906176070857
72,0,"2,3 Pentanedione",1,12,0.26999513933725056
72,0,"2,3 Pentanedione",1,13,0.26739263202344343
72,0,"2,3 Pentanedione",1,14,0.294389095067497
72,1,3 Methylvaleric Acid,0,0,0.6694306168901133
72,1,3 Methylvaleric Acid,0,1,0.6828511986386867
72,1,3 Methylvaleric Acid,0,2,0.6583900879010479
72,1,3 Methylvaleric Acid,0,3,0.6565423129120185
72,1,3 Methylvaleric Acid,0,4,0.6462500238163482
72,1,3 Methylvaleric Acid,0,5,0.6660170267351091
72,1,3 Methylvaleric Acid,0,6,0.6602947860746683
72,1,3 Methylvaleric Acid,0,7,0.6655684701979234
72,1,3 Methylvaleric Acid,0,8,0.6478448249962706
72,1,3 Methylvaleric Acid,0,9,0.6626020196095501
72,1,3 Methylvaleric Acid,0,10,0.6611527141991107
72,1,3 Methylvaleric Acid,0,11,0.6604977299984157
72,1,3 Methylvaleric Acid,0,12,0.6523575113950248
72,1,3 Methylvaleric Acid,0,13,0.6708948808606138
72,1,3 Methylvaleric Acid,0,14,0.6794180247093142
72,1,3 Methylvaleric Acid,1,0,0.659535782919919
72,1,3 Methylvaleric Acid,1,1,0.6776593356400471
72,1,3 Methylvaleric Acid,1,2,0.6420386776639887
72,1,3 Methylvaleric Acid,1,3,0.6771462140910847
72,1,3 Methylvaleric Acid,1,4,0.6520141762427424
72,1,3 Methylvaleric Acid,1,5,0.6653306128281067
72,1,3 Methylvaleric Acid,1,6,0.6575293828505343
72,1,3 Methylvaleric Acid,1,7,0.6683930248016272
72,1,3 Methylvaleric Acid,1,8,0.678830917145239
72,1,3 Methylvaleric Acid,1,9,0.6521412968782211
72,1,3 Methylvaleric Acid,1,10,0.6669688277888756
72,1,3 Methylvaleric Acid,1,11,0.6654454308511747
72,1,3 Methylvaleric Acid,1,12,0.6861787353078431
72,1,3 Methylvaleric Acid,1,13,0.6748015710922416
72,1,3 Methylvaleric Acid,1,14,0.6588737849641403
72,2,Acetic Acid,0,0,0.341040749193177
72,2,Acetic Acid,0,1,0.3749557687934643
72,2,Acetic Acid,0,2,0.3608748713421457
72,2,Acetic Acid,0,3,0.3335641988776213
72,2,Acetic Acid,0,4,0.34445707566144085
72,2,Acetic Acid,0,5,0.3449917367577546
72,2,Acetic Acid,0,6,0.339925177010016
72,2,Acetic Acid,0,7,0.3203157075861479
72,2,Acetic Acid,0,8,0.3375892347270042
72,2,Acetic Acid,0,9,0.37216372582313784
72,2,Acetic Acid,0,10,0.34254880751325073
72,2,Acetic Acid,0,11,0.3471974610969011
72,2,Acetic Acid,0,12,0.351275484479793
72,2,Acetic Acid,0,13,0.3860305534658308
72,2,Acetic Acid,0,14,0.3490731834707696
72,2,Acetic Acid,1,0,0.3797311798769968
72,2,Acetic Acid,1,1,0.35142472357626525
72,2,Acetic Acid,1,2,0.3570919668882993
72,2,Acetic Acid,1,3,0.36164127296719956
72,2,Acetic Acid,1,4,0.3484813252799616
72,2,Acetic Acid,1,5,0.35802342578638846
72,2,Acetic Acid,1,6,0.37628690742150517
72,2,Acetic Acid,1,7,0.34804251375414014
72,2,Acetic Acid,1,8,0.3614327760491222
72,2,Acetic Acid,1,9,0.3732872247019225
72,2,Acetic Acid,1,10,0.34763933579918477
72,2,Acetic Acid,1,11,0.3797557444288838
72,2,Acetic Acid,1,12,0.3626505065609525
72,2,Acetic Acid,1,13,0.3586690598214175
72,2,Acetic Acid,1,14,0.3278383012893064
72,3,Gerinol,0,0,0.2058196708348878
72,3,Gerinol,0,1,0.2185332933300713
72,3,Gerinol,0,2,0.24197030102096553
72,3,Gerinol,0,3,0.2218822283191772
72,3,Gerinol,0,4,0.2314076086445715
72,3,Gerinol,0,5,0.19156569564582243
72,3,Gerinol,0,6,0.2100300489333163
72,3,Gerinol,0,7,0.23302034828008444
72,3,Gerinol,0,8,0.19704846971177603
72,3,Gerinol,0,9,0.22866096539903147
72,3,Gerinol,0,10,0.22470453704675994
72,3,Gerinol,0,11,0.21688065656774952
72,3,Gerinol,0,12,0.20658585808106206
72,3,Gerinol,0,13,0.19536695218776917
72,3,Gerinol,0,14,0.242482702991928
72,3,Gerinol,1,0,0.22227477899572648
72,3,Gerinol,1,1,0.21730594840670933
72,3,Gerinol,1,2,0.20445138826006845
72,3,Gerinol,1,3,0.21214095359907817
72,3,Gerinol,1,4,0.2143050130107899
72,3,Gerinol,1,5,0.2183169505057444
72,3,Gerinol,1,6,0.22402310856869231
72,3,Gerinol,1,7,0.19814542863617718
72,3,Gerinol,1,8,0.1864738560697804
72,3,Gerinol,1,9,0.2129327215516347
72,3,Gerinol,1,10,0.18168631150006545
72,3,Gerinol,1,11,0.20597299956828244
72,3,Gerinol,1,12,0.2028077711806269
72,3,Gerinol,1,13,0.2198843482016226
72,3,Gerinol,1,14,0.2453190849500288
72,4,n Methyl Piperdine,0,0,0.44539198485666087
72,4,n Methyl Piperdine,0,1,0.47914219009043657
72,4,n Methyl Piperdine,0,2,0.45908410857493714
72,4,n Methyl Piperdine,0,3,0.46373117930526997
72,4,n Methyl Piperdine,0,4,0.4496300525868996
72,4,n Methyl Piperdine,0,5,0.4689236824096999
72,4,n Methyl Piperdine,0,6,0.46128049013870315
72,4,n Methyl Piperdine,0,7,0.460456970558383
72,4,n Methyl Piperdine,0,8,0.4454496289286657
72,4,n Methyl Piperdine,0,9,0.46153908435866875
72,4,n Methyl Piperdine,0,10,0.46771533643842195
72,4,n Methyl Piperdine,0,11,0.45905848076402384
72,4,n Methyl Piperdine,0,12,0.47034230461304255
72,4,n Methyl Piperdine,0,13,0.47001187122302024
72,4,n Methyl Piperdine,0,14,0.45581994678596255
72,4,n Methyl Piperdine,1,0,0.46043879655963615
72,4,n Methyl Piperdine,1,1,0.4480402454038577
72,4,n Methyl Piperdine,1,2,0.44807584769555964
72,4,n Methyl Piperdine,1,3,0.44846973547007885
72,4,n Methyl Piperdine,1,4,0.448232411696786
72,4,n Methyl Piperdine,1,5,0.4266368188359889
72,4,n Methyl Piperdine,1,6,0.44619383450373923
72,4,n Methyl Piperdine,1,7,0.4367663139159573
72,4,n Methyl Piperdine,1,8,0.4606885713069824
72,4,n Methyl Piperdine,1,9,0.4603665496230266
72,4,n Methyl Piperdine,1,10,0.4544933923489017
72,4,n Methyl Piperdine,1,11,0.4457701461905459
72,4,n Methyl Piperdine,1,12,0.4396137661964274
72,4,n Methyl Piperdine,1,13,0.44241723767905217
72,4,n Methyl Piperdine,1,14,0.46321902094066525
72,5,"2,4 Dimethyl Acetophenone",0,0,0.4592587511204573
72,5,"2,4 Dimethyl Acetophenone",0,1,0.4358028953844254
72,5,"2,4 Dimethyl Acetophenone",0,2,0.48354608125478854
72,5,"2,4 Dimethyl Acetophenone",0,3,0.49017839127700846
72,5,"2,4 Dimethyl Acetophenone",0,4,0.49241642408729663
72,5,"2,4 Dimethyl Acetophenone",0,5,0.483661464009792
72,5,"2,4 Dimethyl Acetophenone",0,6,0.4859623753344966
72,5,"2,4 Dimethyl Acetophenone",0,7,0.46976597571807543
72,5,"2,4 Dimethyl Acetophenone",0,8,0.4397413480707515
72,5,"2,4 Dimethyl Acetophenone",0,9,0.46941269867392976
72,5,"2,4 Dimethyl Acetophenone",0,10,0.4777844460615889
72,5,"2,4 Dimethyl Acetophenone",0,11,0.4671120774796363
72,5,"2,4 Dimethyl Acetophenone",0,12,0.46646954273963737
72,5,"2,4 Dimethyl Acetophenone",0,13,0.4554243520651119
72,5,"2,4 Dimethyl Acetophenone",0,14,0.4548938561593156
72,5,"2,4 Dimethyl Acetophenone",1,0,0.48419666275996126
72,5,"2,4 Dimethyl Acetophenone",1,1,0.4847070948296834
72,5,"2,4 Dimethyl Acetophenone",1,2,0.45823929239731287
72,5,"2,4 Dimethyl Acetophenone",1,3,0.46224643195425313
72,5,"2,4 Dimethyl Acetophenone",1,4,0.4444453748874841
72,5,"2,4 Dimethyl Acetophenone",1,5,0.46733767654877373
72,5,"2,4 Dimethyl Acetophenone",1,6,0.4830897302615973
72,5,"2,4 Dimethyl Acetophenone",1,7,0.43671267848735673
72,5,"2,4 Dimethyl Acetophenone",1,8,0.46481791681323353
72,5,"2,4 Dimethyl Acetophenone",1,9,0.46587746374058825
72,5,"2,4 Dimethyl Acetophenone",1,10,0.46571648863509085
72,5,"2,4 Dimethyl Acetophenone",1,11,0.48144226949111907
72,5,"2,4 Dimethyl Acetophenone",1,12,0.48698685678840525
72,5,"2,4 Dimethyl Acetophenone",1,13,0.45498422725903914
72,5,"2,4 Dimethyl Acetophenone",1,14,0.46776915570979066
72,6,4 Heptanone,0,0,0.5541864071212057
72,6,4 Heptanone,0,1,0.5377121010684265
72,6,4 Heptanone,0,2,0.5584773092673907
72,6,4 Heptanone,0,3,0.5676921102306386
72,6,4 Heptanone,0,4,0.5572380728751432
72,6,4 Heptanone,0,5,0.5319841833298045
72,6,4 Heptanone,0,6,0.5415884531631432
72,6,4 Heptanone,0,7,0.5417644588301422
72,6,4 Heptanone,0,8,0.5328750471243779
72,6,4 Heptanone,0,9,0.5594598913949012
72,6,4 Heptanone,0,10,0.5618648080135854
72,6,4 Heptanone,0,11,0.5747757859302501
72,6,4 Heptanone,0,12,0.5325259805438076
72,6,4 Heptanone,0,13,0.5389686117668672
72,6,4 Heptanone,0,14,0.5880005970320482
72,6,4 Heptanone,1,0,0.5512514255575462
72,6,4 Heptanone,1,1,0.5557273765433121
72,6,4 Heptanone,1,2,0.5510074703228431
72,6,4 Heptanone,1,3,0.5810914221567164
72,6,4 Heptanone,1,4,0.5819832198248102
72,6,4 Heptanone,1,5,0.5806355472606449
72,6,4 Heptanone,1,6,0.5556454264923028
72,6,4 Heptanone,1,7,0.5349705036644767
72,6,4 Heptanone,1,8,0.5993097110204899
72,6,4 Heptanone,1,9,0.5747274845770799
72,6,4 Heptanone,1,10,0.5445323757354347
72,6,4 Heptanone,1,11,0.5877788482330405
72,6,4 Heptanone,1,12,0.5427167169213799
72,6,4 Heptanone,1,13,0.5874772245344624
72,6,4 Heptanone,1,14,0.5890314294637269
72,7,33 Dimethyl Butyric Acid,0,0,0.6556317613539353
72,7,33 Dimethyl Butyric Acid,0,1,0.6685150266856881
72,7,33 Dimethyl Butyric Acid,0,2,0.6702327976047051
72,7,33 Dimethyl Butyric Acid,0,3,0.6859397916823039
72,7,33 Dimethyl Butyric Acid,0,4,0.6571674064547253
72,7,33 Dimethyl Butyric Acid,0,5,0.6758065308525322
72,7,33 Dimethyl Butyric Acid,0,6,0.6636778296809196
72,7,33 Dimethyl Butyric Acid,0,7,0.6528902735290273
72,7,33 Dimethyl Butyric Acid,0,8,0.6625008395574241
72,7,33 Dimethyl Butyric Acid,0,9,0.6635502924649831
72,7,33 Dimethyl Butyric Acid,0,10,0.654454135024612
72,7,33 Dimethyl Butyric Acid,0,11,0.6662045981895668
72,7,33 Dimethyl Butyric Acid,0,12,0.6717379057571556
72,7,33 Dimethyl Butyric Acid,0,13,0.6655706258023044
72,7,33 Dimethyl Butyric Acid,0,14,0.6588853884378364
72,7,33 Dimethyl Butyric Acid,1,0,0.641555045585692
72,7,33 Dimethyl Butyric Acid,1,1,0.6427885614946035
72,7,33 Dimethyl Butyric Acid,1,2,0.6446900166293364
72,7,33 Dimethyl Butyric Acid,1,3,0.6523391104357922
72,7,33 Dimethyl Butyric Acid,1,4,0.6451581117471452
72,7,33 Dimethyl Butyric Acid,1,5,0.6308059328406496
72,7,33 Dimethyl Butyric Acid,1,6,0.6380082249125795
72,7,33 Dimethyl Butyric Acid,1,7,0.6442503539891042
72,7,33 Dimethyl Butyric Acid,1,8,0.6524616122922163
72,7,33 Dimethyl Butyric Acid,1,9,0.6539504660085416
72,7,33 Dimethyl Butyric Acid,1,10,0.6580371305983012
72,7,33 Dimethyl Butyric Acid,1,11,0.6439469074449184
72,7,33 Dimethyl Butyric Acid,1,12,0.6493693076408515
72,7,33 Dimethyl Butyric Acid,1,13,0.6303622907481248
72,7,33 Dimethyl Butyric Acid,1,14,0.6465117245544254
72,8,2 Methyl Butyraldehyde,0,0,0.33526200714470433
72,8,2 Methyl Butyraldehyde,0,1,0.35459654719119316
72,8,2 Methyl Butyraldehyde,0,2,0.413634986862177
72,8,2 Methyl Butyraldehyde,0,3,0.36158585700358037
72,8,2 Methyl Butyraldehyde,0,4,0.339298943067069
72,8,2 Methyl Butyraldehyde,0,5,0.3635758656613615
72,8,2 Methyl Butyraldehyde,0,6,0.3459187273135092
72,8,2 Methyl Butyraldehyde,0,7,0.33744837709324427
72,8,2 Methyl Butyraldehyde,0,8,0.39594282186120616
72,8,2 Methyl Butyraldehyde,0,9,0.37615767036066955
72,8,2 Methyl Butyraldehyde,0,10,0.3623873680289636
72,8,2 Methyl Butyraldehyde,0,11,0.3483099865706625
72,8,2 Methyl Butyraldehyde,0,12,0.3498570517045965
72,8,2 Methyl Butyraldehyde,0,13,0.3852389692699111
72,8,2 Methyl Butyraldehyde,0,14,0.361643576669696
72,8,2 Methyl Butyraldehyde,1,0,0.281238092541938
72,8,2 Methyl Butyraldehyde,1,1,0.3863133716956225
72,8,2 Methyl Butyraldehyde,1,2,0.3435887324916135
72,8,2 Methyl Butyraldehyde,1,3,0.34664924310289
72,8,2 Methyl Butyraldehyde,1,4,0.36084052300090264
72,8,2 Methyl Butyraldehyde,1,5,0.3489790641599292
72,8,2 Methyl Butyraldehyde,1,6,0.35435346045179617
72,8,2 Methyl Butyraldehyde,1,7,0.3320042195067081
72,8,2 Methyl Butyraldehyde,1,8,0.3166150170648643
72,8,2 Methyl Butyraldehyde,1,9,0.34544387148667677
72,8,2 Methyl Butyraldehyde,1,10,0.3674255950173025
72,8,2 Methyl Butyraldehyde,1,11,0.32772619085898635
72,8,2 Methyl Butyraldehyde,1,12,0.32619463518514813
72,8,2 Methyl Butyraldehyde,1,13,0.3634049917762336
72,8,2 Methyl Butyraldehyde,1,14,0.3313642358568449
72,9,m Anisaldehyde,0,0,0.49782875928358167
72,9,m Anisaldehyde,0,1,0.49818378371791217
72,9,m Anisaldehyde,0,2,0.501107841566742
72,9,m Anisaldehyde,0,3,0.48679270153155746
72,9,m Anisaldehyde,0,4,0.49660680728399764
72,9,m Anisaldehyde,0,5,0.5039103089096038
72,9,m Anisaldehyde,0,6,0.50384265395004
72,9,m Anisaldehyde,0,7,0.5127122309120151
72,9,m Anisaldehyde,0,8,0.5191777984929378
72,9,m Anisaldehyde,0,9,0.516075871054162
72,9,m Anisaldehyde,0,10,0.5104032531386806
72,9,m Anisaldehyde,0,11,0.5003131317280679
72,9,m Anisaldehyde,0,12,0.4958123313632914
72,9,m Anisaldehyde,0,13,0.5018940666776344
72,9,m Anisaldehyde,0,14,0.507280784272798
72,9,m Anisaldehyde,1,0,0.4967361223087956
72,9,m Anisaldehyde,1,1,0.4948492819361508
72,9,m Anisaldehyde,1,2,0.48778723764160786
72,9,m Anisaldehyde,1,3,0.49640330213024464
72,9,m Anisaldehyde,1,4,0.5009010261378904
72,9,m Anisaldehyde,1,5,0.4972885768466841
72,9,m Anisaldehyde,1,6,0.4886332698256899
72,9,m Anisaldehyde,1,7,0.4810249211026377
72,9,m Anisaldehyde,1,8,0.48079986198445307
72,9,m Anisaldehyde,1,9,0.482473185989089
72,9,m Anisaldehyde,1,10,0.4913763310523393
72,9,m Anisaldehyde,1,11,0.49386927395976693
72,9,m Anisaldehyde,1,12,0.4755150094519898
72,9,m Anisaldehyde,1,13,0.48415479084005886
72,9,m Anisaldehyde,1,14,0.49124548490957987
74,0,"2,3 Pentanedione",0,0,0.26065195010809095
74,0,"2,3 Pentanedione",0,1,0.2939915516870211
74,0,"2,3 Pentanedione",0,2,0.27545824058761686
74,0,"2,3 Pentanedione",0,3,0.2650584410687996
74,0,"2,3 Pentanedione",0,4,0.2844740836717535
74,0,"2,3 Pentanedione",0,5,0.29295095610000854
74,0,"2,3 Pentanedione",0,6,0.26193072500378284
74,0,"2,3 Pentanedione",0,7,0.2770786383651798
74,0,"2,3 Pentanedione",0,8,0.29483590729320874
74,0,"2,3 Pentanedione",0,9,0.26409169327761184
74,0,"2,3 Pentanedione",0,10,0.24170002684993347
74,0,"2,3 Pentanedione",0,11,0.24472960171828717
74,0,"2,3 Pentanedione",0,12,0.27269267625910676
74,0,"2,3 Pentanedione",0,13,0.25018349095290254
74,0,"2,3 Pentanedione",0,14,0.27445090048112486
74,0,"2,3 Pentanedione",1,0,0.2922198854160157
74,0,"2,3 Pentanedione",1,1,0.21613135444448167
74,0,"2,3 Pentanedione",1,2,0.2435311928497562
74,0,"2,3 Pentanedione",1,3,0.3039039279934833
74,0,"2,3 Pentanedione",1,4,0.26079956621109146
74,0,"2,3 Pentanedione",1,5,0.24140323194980873
74,0,"2,3 Pentanedione",1,6,0.24667424827371776
74,0,"2,3 Pentanedione",1,7,0.26133037684653065
74,0,"2,3 Pentanedione",1,8,0.2929906124023847
74,0,"2,3 Pentanedione",1,9,0.23732497394976765
74,0,"2,3 Pentanedione",1,10,0.23165605706449163
74,0,"2,3 Pentanedione",1,11,0.21612609581719303
74,0,"2,3 Pentanedione",1,12,0.2531737149494438
74,0,"2,3 Pentanedione",1,13,0.2154541298912509
74,0,"2,3 Pentanedione",1,14,0.23900174851615383
74,1,3 Methylvaleric Acid,0,0,0.6517355444475872
74,1,3 Methylvaleric Acid,0,1,0.6713639810557062
74,1,3 Methylvaleric Acid,0,2,0.6556981132968281
74,1,3 Methylvaleric Acid,0,3,0.6646602303754853
74,1,3 Methylvaleric Acid,0,4,0.6448514739440027
74,1,3 Methylvaleric Acid,0,5,0.6620327199874664
74,1,3 Methylvaleric Acid,0,6,0.6488204243102529
74,1,3 Methylvaleric Acid,0,7,0.6565172609510718
74,1,3 Methylvaleric Acid,0,8,0.6826202883383914
74,1,3 Methylvaleric Acid,0,9,0.6699587814437895
74,1,3 Methylvaleric Acid,0,10,0.6594596938250685
74,1,3 Methylvaleric Acid,0,11,0.6923982341538379
74,1,3 Methylvaleric Acid,0,12,0.6516712855067058
74,1,3 Methylvaleric Acid,0,13,0.6722657383645432
74,1,3 Methylvaleric Acid,0,14,0.6455584589334781
74,1,3 Methylvaleric Acid,1,0,0.6625801503433902
74,1,3 Methylvaleric Acid,1,1,0.6516526199188929
74,1,3 Methylvaleric Acid,1,2,0.6675416754022251
74,1,3 Methylvaleric Acid,1,3,0.6655488866372035
74,1,3 Methylvaleric Acid,1,4,0.6619491476021976
74,1,3 Methylvaleric Acid,1,5,0.6758054390978665
74,1,3 Methylvaleric Acid,1,6,0.6593809262071005
74,1,3 Methylvaleric Acid,1,7,0.668230428697651
74,1,3 Methylvaleric Acid,1,8,0.6731177536134403
74,1,3 Methylvaleric Acid,1,9,0.6503119408374816
74,1,3 Methylvaleric Acid,1,10,0.6575860277084671
74,1,3 Methylvaleric Acid,1,11,0.6655280061416655
74,1,3 Methylvaleric Acid,1,12,0.6712329084047715
74,1,3 Methylvaleric Acid,1,13,0.6790641039411239
74,1,3 Methylvaleric Acid,1,14,0.6628577565123078
74,2,Acetic Acid,0,0,0.35951383503651957
74,2,Acetic Acid,0,1,0.35021078545790496
74,2,Acetic Acid,0,2,0.3703279583076037
74,2,Acetic Acid,0,3,0.3598375865046301
74,2,Acetic Acid,0,4,0.3602237655046499
74,2,Acetic Acid,0,5,0.3632372720715933
74,2,Acetic Acid,0,6,0.374035694674454
74,2,Acetic Acid,0,7,0.35537759311846523
74,2,Acetic Acid,0,8,0.3518909457967263
74,2,Acetic Acid,0,9,0.372029901502715
74,2,Acetic Acid,0,10,0.3141925070309079
74,2,Acetic Acid,0,11,0.35470933561843143
74,2,Acetic Acid,0,12,0.3455483709285825
74,2,Acetic Acid,0,13,0.384936387557498
74,2,Acetic Acid,0,14,0.3574317966877724
74,2,Acetic Acid,1,0,0.36203002760129516
74,2,Acetic Acid,1,1,0.37059650552522805
74,2,Acetic Acid,1,2,0.3614502849047793
74,2,Acetic Acid,1,3,0.36467424261537124
74,2,Acetic Acid,1,4,0.37303437539986206
74,2,Acetic Acid,1,5,0.36434984196374437
74,2,Acetic Acid,1,6,0.36422978234837977
74,2,Acetic Acid,1,7,0.3545116150242743
74,2,Acetic Acid,1,8,0.35210898890570885
74,2,Acetic Acid,1,9,0.37242423396443225
74,2,Acetic Acid,1,10,0.37653879765058174
74,2,Acetic Acid,1,11,0.34751918485236144
74,2,Acetic Acid,1,12,0.38412243984447053
74,2,Acetic Acid,1,13,0.38419113017566725
74,2,Acetic Acid,1,14,0.38771481342538877
74,3,Gerinol,0,0,0.21665504708454547
74,3,Gerinol,0,1,0.22240775341859553
74,3,Gerinol,0,2,0.248816561940456
74,3,Gerinol,0,3,0.20639463568517935
74,3,Gerinol,0,4,0.1936986701698572
74,3,Gerinol,0,5,0.18536682533071852
74,3,Gerinol,0,6,0.24149157191010864
74,3,Gerinol,0,7,0.2417152928184617
74,3,Gerinol,0,8,0.1957645650627589
74,3,Gerinol,0,9,0.1991302567988644
74,3,Gerinol,0,10,0.2060112942024055
74,3,Gerinol,0,11,0.23242529196031916
74,3,Gerinol,0,12,0.18957665302740817
74,3,Gerinol,0,13,0.1779871096316032
74,3,Gerinol,0,14,0.24851780795369086
74,3,Gerinol,1,0,0.22114164854644333
74,3,Gerinol,1,1,0.2235649327762553
74,3,Gerinol,1,2,0.21231315488183605
74,3,Gerinol,1,3,0.22375893910119943
74,3,Gerinol,1,4,0.18997915977034796
74,3,Gerinol,1,5,0.20146579361548408
74,3,Gerinol,1,6,0.21760643487677123
74,3,Gerinol,1,7,0.17706967930470804
74,3,Gerinol,1,8,0.21065125694194622
74,3,Gerinol,1,9,0.2095995279014425
74,3,Gerinol,1,10,0.2106483119774917
74,3,Gerinol,1,11,0.20641060916057055
74,3,Gerinol,1,12,0.1988218933047146
74,3,Gerinol,1,13,0.18472747213718954
74,3,Gerinol,1,14,0.2182818487086269
74,4,n Methyl Piperdine,0,0,0.46320571595024296
74,4,n Methyl Piperdine,0,1,0.45460445547206346
74,4,n Methyl Piperdine,0,2,0.46610697514728305
74,4,n Methyl Piperdine,0,3,0.46324710628403126
74,4,n Methyl Piperdine,0,4,0.46191851623131597
74,4,n Methyl Piperdine,0,5,0.4483515487501533
74,4,n Methyl Piperdine,0,6,0.471068847943076
74,4,n Methyl Piperdine,0,7,0.45574229952373985
74,4,n Methyl Piperdine,0,8,0.46611286988334283
74,4,n Methyl Piperdine,0,9,0.45914056029715133
74,4,n Methyl Piperdine,0,10,0.462496895704229
74,4,n Methyl Piperdine,0,11,0.4748250477786122
74,4,n Methyl Piperdine,0,12,0.46985965345103986
74,4,n Methyl Piperdine,0,13,0.47464702741492865
74,4,n Methyl Piperdine,0,14,0.4682497918015855
74,4,n Methyl Piperdine,1,0,0.45656207611623034
74,4,n Methyl Piperdine,1,1,0.43914381543969466
74,4,n Methyl Piperdine,1,2,0.45085272749057165
74,4,n Methyl Piperdine,1,3,0.4515936559867152
74,4,n Methyl Piperdine,1,4,0.4631822460043199
74,4,n Methyl Piperdine,1,5,0.44934309281824864
74,4,n Methyl Piperdine,1,6,0.45551180351395304
74,4,n Methyl Piperdine,1,7,0.4551989861861821
74,4,n Methyl Piperdine,1,8,0.4626543287237499
74,4,n Methyl Piperdine,1,9,0.452322974783055
74,4,n Methyl Piperdine,1,10,0.46001522303104925
74,4,n Methyl Piperdine,1,11,0.4397540063684039
74,4,n Methyl Piperdine,1,12,0.44048077197795255
74,4,n Methyl Piperdine,1,13,0.4351261726845079
74,4,n Methyl Piperdine,1,14,0.45968080724257077
74,5,"2,4 Dimethyl Acetophenone",0,0,0.4742170933527046
74,5,"2,4 Dimethyl Acetophenone",0,1,0.47736391918013127
74,5,"2,4 Dimethyl Acetophenone",0,2,0.45516600839377674
74,5,"2,4 Dimethyl Acetophenone",0,3,0.4567709213463464
74,5,"2,4 Dimethyl Acetophenone",0,4,0.4630106888058155
74,5,"2,4 Dimethyl Acetophenone",0,5,0.4850754498122917
74,5,"2,4 Dimethyl Acetophenone",0,6,0.48860255862228524
74,5,"2,4 Dimethyl Acetophenone",0,7,0.4759112296732296
74,5,"2,4 Dimethyl Acetophenone",0,8,0.4693853671203794
74,5,"2,4 Dimethyl Acetophenone",0,9,0.48354805906420634
74,5,"2,4 Dimethyl Acetophenone",0,10,0.46110992435638304
74,5,"2,4 Dimethyl Acetophenone",0,11,0.45920486950157313
74,5,"2,4 Dimethyl Acetophenone",0,12,0.46289823934512475
74,5,"2,4 Dimethyl Acetophenone",0,13,0.45091658540960855
74,5,"2,4 Dimethyl Acetophenone",0,14,0.4622497654524552
74,5,"2,4 Dimethyl Acetophenone",1,0,0.4520069948162951
74,5,"2,4 Dimethyl Acetophenone",1,1,0.4822175628057204
74,5,"2,4 Dimethyl Acetophenone",1,2,0.47543038214484323
74,5,"2,4 Dimethyl Acetophenone",1,3,0.4879222552590229
74,5,"2,4 Dimethyl Acetophenone",1,4,0.4447889623688479
74,5,"2,4 Dimethyl Acetophenone",1,5,0.49457990429554627
74,5,"2,4 Dimethyl Acetophenone",1,6,0.4455900129590842
74,5,"2,4 Dimethyl Acetophenone",1,7,0.4508662098088261
74,5,"2,4 Dimethyl Acetophenone",1,8,0.45900944489574264
74,5,"2,4 Dimethyl Acetophenone",1,9,0.4862041447864371
74,5,"2,4 Dimethyl Acetophenone",1,10,0.47094460439060165
74,5,"2,4 Dimethyl Acetophenone",1,11,0.464325476950252
74,5,"2,4 Dimethyl Acetophenone",1,12,0.4565867810496476
74,5,"2,4 Dimethyl Acetophenone",1,13,0.44836146041027786
74,5,"2,4 Dimethyl Acetophenone",1,14,0.4837351236225442
74,6,4 Heptanone,0,0,0.5702941481803608
74,6,4 Heptanone,0,1,0.583030473404698
74,6,4 Heptanone,0,2,0.5610532274092943
74,6,4 Heptanone,0,3,0.4911653544737985
74,6,4 Heptanone,0,4,0.5233049462466168
74,6,4 Heptanone,0,5,0.5626182870360745
74,6,4 Heptanone,0,6,0.543424760389225
74,6,4 Heptanone,0,7,0.5390753410734265
74,6,4 Heptanone,0,8,0.5265557985197262
74,6,4 Heptanone,0,9,0.5737196473969404
74,6,4 Heptanone,0,10,0.562418698511274
74,6,4 Heptanone,0,11,0.5634535578755616
74,6,4 Heptanone,0,12,0.5373560341906123
74,6,4 Heptanone,0,13,0.5559815587331736
74,6,4 Heptanone,0,14,0.5211619842509501
74,6,4 Heptanone,1,0,0.5663246007688911
74,6,4 Heptanone,1,1,0.5111740250850751
74,6,4 Heptanone,1,2,0.5332474283908133
74,6,4 Heptanone,1,3,0.5618979343229618
74,6,4 Heptanone,1,4,0.6239323439510276
74,6,4 Heptanone,1,5,0.5278975677519957
74,6,4 Heptanone,1,6,0.5407109663165522
74,6,4 Heptanone,1,7,0.574295631993275
74,6,4 Heptanone,1,8,0.6100028085132093
74,6,4 Heptanone,1,9,0.5739598141798095
74,6,4 Heptanone,1,10,0.585457908253828
74,6,4 Heptanone,1,11,0.5615462572116148
74,6,4 Heptanone,1,12,0.5575672625798889
74,6,4 Heptanone,1,13,0.571200375099411
74,6,4 Heptanone,1,14,0.5541712578899132
74,7,33 Dimethyl Butyric Acid,0,0,0.674361970346084
74,7,33 Dimethyl Butyric Acid,0,1,0.6543884733224213
74,7,33 Dimethyl Butyric Acid,0,2,0.6757822249253086
74,7,33 Dimethyl Butyric Acid,0,3,0.6684916716678655
74,7,33 Dimethyl Butyric Acid,0,4,0.6663145186176903
74,7,33 Dimethyl Butyric Acid,0,5,0.654073833865211
74,7,33 Dimethyl Butyric Acid,0,6,0.6597576385045661
74,7,33 Dimethyl Butyric Acid,0,7,0.6784275796546434
74,7,33 Dimethyl Butyric Acid,0,8,0.6663669850411902
74,7,33 Dimethyl Butyric Acid,0,9,0.6705407118299141
74,7,33 Dimethyl Butyric Acid,0,10,0.660616870704124
74,7,33 Dimethyl Butyric Acid,0,11,0.6679057386655548
74,7,33 Dimethyl Butyric Acid,0,12,0.6563949566525914
74,7,33 Dimethyl Butyric Acid,0,13,0.6690107697876347
74,7,33 Dimethyl Butyric Acid,0,14,0.6713312594929189
74,7,33 Dimethyl Butyric Acid,1,0,0.6504358410836653
74,7,33 Dimethyl Butyric Acid,1,1,0.6399440523839252
74,7,33 Dimethyl Butyric Acid,1,2,0.6447565802329475
74,7,33 Dimethyl Butyric Acid,1,3,0.6522919972017428
74,7,33 Dimethyl Butyric Acid,1,4,0.6458759794912547
74,7,33 Dimethyl Butyric Acid,1,5,0.6452257678603315
74,7,33 Dimethyl Butyric Acid,1,6,0.6640014055136887
74,7,33 Dimethyl Butyric Acid,1,7,0.6395377822019241
74,7,33 Dimethyl Butyric Acid,1,8,0.6569476064677136
74,7,33 Dimethyl Butyric Acid,1,9,0.6377920793605243
74,7,33 Dimethyl Butyric Acid,1,10,0.6532997555515876
74,7,33 Dimethyl Butyric Acid,1,11,0.6537571664426521
74,7,33 Dimethyl Butyric Acid,1,12,0.6433140729997301
74,7,33 Dimethyl Butyric Acid,1,13,0.6372538955768807
74,7,33 Dimethyl Butyric Acid,1,14,0.6308008145537134
74,8,2 Methyl Butyraldehyde,0,0,0.3688441532259352
74,8,2 Methyl Butyraldehyde,0,1,0.3906340116259422
74,8,2 Methyl Butyraldehyde,0,2,0.3600140080040425
74,8,2 Methyl Butyraldehyde,0,3,0.382438558690047
74,8,2 Methyl Butyraldehyde,0,4,0.3524002461113252
74,8,2 Methyl Butyraldehyde,0,5,0.3761223549501033
74,8,2 Methyl Butyraldehyde,0,6,0.35868875024195584
74,8,2 Methyl Butyraldehyde,0,7,0.3790988823988976
74,8,2 Methyl Butyraldehyde,0,8,0.37102124563023003
74,8,2 Methyl Butyraldehyde,0,9,0.35786165946385873
74,8,2 Methyl Butyraldehyde,0,10,0.3680087053490313
74,8,2 Methyl Butyraldehyde,0,11,0.3627531047521485
74,8,2 Methyl Butyraldehyde,0,12,0.3555027286325138
74,8,2 Methyl Butyraldehyde,0,13,0.4012590065644058
74,8,2 Methyl Butyraldehyde,0,14,0.3737113401621065
74,8,2 Methyl Butyraldehyde,1,0,0.3104403688068772
74,8,2 Methyl Butyraldehyde,1,1,0.3405849502522983
74,8,2 Methyl Butyraldehyde,1,2,0.36994769015225726
74,8,2 Methyl Butyraldehyde,1,3,0.33794882346725985
74,8,2 Methyl Butyraldehyde,1,4,0.38107870773248226
74,8,2 Methyl Butyraldehyde,1,5,0.33612932854506994
74,8,2 Methyl Butyraldehyde,1,6,0.3620952447328779
74,8,2 Methyl Butyraldehyde,1,7,0.37227546934719574
74,8,2 Methyl Butyraldehyde,1,8,0.36107930267124994
74,8,2 Methyl Butyraldehyde,1,9,0.3262430880349568
74,8,2 Methyl Butyraldehyde,1,10,0.33449114464563445
74,8,2 Methyl Butyraldehyde,1,11,0.3748229076286262
74,8,2 Methyl Butyraldehyde,1,12,0.33712305781742974
74,8,2 Methyl Butyraldehyde,1,13,0.3711116058039882
74,8,2 Methyl Butyraldehyde,1,14,0.34426955455925196
74,9,m Anisaldehyde,0,0,0.5024750157193651
74,9,m Anisaldehyde,0,1,0.4879806587252985
74,9,m Anisaldehyde,0,2,0.49536131809011685
74,9,m Anisaldehyde,0,3,0.49282747666184923
74,9,m Anisaldehyde,0,4,0.5032736037794998
74,9,m Anisaldehyde,0,5,0.5020172850531821
74,9,m Anisaldehyde,0,6,0.5055228938460434
74,9,m Anisaldehyde,0,7,0.49647856147963915
74,9,m Anisaldehyde,0,8,0.4923063242289569
74,9,m Anisaldehyde,0,9,0.5028668194045115
74,9,m Anisaldehyde,0,10,0.4913635416870275
74,9,m Anisaldehyde,0,11,0.5113657532629984
74,9,m Anisaldehyde,0,12,0.5000463001445707
74,9,m Anisaldehyde,0,13,0.4980383781756298
74,9,m Anisaldehyde,0,14,0.5055183936243332
74,9,m Anisaldehyde,1,0,0.48809736778727736
74,9,m Anisaldehyde,1,1,0.4730892696679644
74,9,m Anisaldehyde,1,2,0.4787504134629102
74,9,m Anisaldehyde,1,3,0.4988582070494772
74,9,m Anisaldehyde,1,4,0.48961791521091885
74,9,m Anisaldehyde,1,5,0.47286613344032924
74,9,m Anisaldehyde,1,6,0.49216303783619847
74,9,m Anisaldehyde,1,7,0.4835153459673816
74,9,m Anisaldehyde,1,8,0.4805241288684303
74,9,m Anisaldehyde,1,9,0.47795865254466446
74,9,m Anisaldehyde,1,10,0.49830995934173417
74,9,m Anisaldehyde,1,11,0.4701720117446039
74,9,m Anisaldehyde,1,12,0.4808749046319454
74,9,m Anisaldehyde,1,13,0.48996180732842515
74,9,m Anisaldehyde,1,14,0.5037985212347178
76,0,"2,3 Pentanedione",0,0,0.28162852848415754
76,0,"2,3 Pentanedione",0,1,0.24663145818707946
76,0,"2,3 Pentanedione",0,2,0.30601590992806993
76,0,"2,3 Pentanedione",0,3,0.23390398858277522
76,0,"2,3 Pentanedione",0,4,0.2744154777092784
76,0,"2,3 Pentanedione",0,5,0.2799766897192049
76,0,"2,3 Pentanedione",0,6,0.2457541839953885
76,0,"2,3 Pentanedione",0,7,0.2852218998726059
76,0,"2,3 Pentanedione",0,8,0.25493482035187554
76,0,"2,3 Pentanedione",0,9,0.28516063426334864
76,0,"2,3 Pentanedione",0,10,0.22179218626074432
76,0,"2,3 Pentanedione",0,11,0.2761564758311214
76,0,"2,3 Pentanedione",0,12,0.2574794067580594
76,0,"2,3 Pentanedione",0,13,0.2965246681495951
76,0,"2,3 Pentanedione",0,14,0.2666825553311258
76,0,"2,3 Pentanedione",1,0,0.28048666784101184
76,0,"2,3 Pentanedione",1,1,0.2619462486238352
76,0,"2,3 Pentanedione",1,2,0.24606821802180495
76,0,"2,3 Pentanedione",1,3,0.26894766223836625
76,0,"2,3 Pentanedione",1,4,0.2691073911111869
76,0,"2,3 Pentanedione",1,5,0.2610536796102892
76,0,"2,3 Pentanedione",1,6,0.19194839513237927
76,0,"2,3 Pentanedione",1,7,0.22469191722889892
76,0,"2,3 Pentanedione",1,8,0.283858575660657
76,0,"2,3 Pentanedione",1,9,0.2178572831121272
76,0,"2,3 Pentanedione",1,10,0.27131745824965403
76,0,"2,3 Pentanedione",1,11,0.2669172459175006
76,0,"2,3 Pentanedione",1,12,0.23111212045845814
76,0,"2,3 Pentanedione",1,13,0.19937513882009075
76,0,"2,3 Pentanedione",1,14,0.2350331145493107
76,1,3 Methylvaleric Acid,0,0,0.6866202212690464
76,1,3 Methylvaleric Acid,0,1,0.6575034330104206
76,1,3 Methylvaleric Acid,0,2,0.6581866834223892
76,1,3 Methylvaleric Acid,0,3,0.6561739039329713
76,1,3 Methylvaleric Acid,0,4,0.6780748273502386
76,1,3 Methylvaleric Acid,0,5,0.6636445895916772
76,1,3 Methylvaleric Acid,0,6,0.6598532446573112
76,1,3 Methylvaleric Acid,0,7,0.6800417183027938
76,1,3 Methylvaleric Acid,0,8,0.6717858857504516
76,1,3 Methylvaleric Acid,0,9,0.656948943009381
76,1,3 Methylvaleric Acid,0,10,0.6539366432012386
76,1,3 Methylvaleric Acid,0,11,0.6775143822939754
76,1,3 Methylvaleric Acid,0,12,0.666215480848168
76,1,3 Methylvaleric Acid,0,13,0.6507146120910787
76,1,3 Methylvaleric Acid,0,14,0.6483976602030727
76,1,3 Methylvaleric Acid,1,0,0.6573542756591033
76,1,3 Methylvaleric Acid,1,1,0.6561322457034524
76,1,3 Methylvaleric Acid,1,2,0.6481475311836575
76,1,3 Methylvaleric Acid,1,3,0.6575179284976568
76,1,3 Methylvaleric Acid,1,4,0.6593040270602182
76,1,3 Methylvaleric Acid,1,5,0.6638220686159466
76,1,3 Methylvaleric Acid,1,6,0.6851609527741686
76,1,3 Methylvaleric Acid,1,7,0.6657607314219898
76,1,3 Methylvaleric Acid,1,8,0.6667434212242344
76,1,3 Methylvaleric Acid,1,9,0.6734435786432116
76,1,3 Methylvaleric Acid,1,10,0.6660530107769719
76,1,3 Methylvaleric Acid,1,11,0.6723635392883874
76,1,3 Methylvaleric Acid,1,12,0.6711801937488391
76,1,3 Methylvaleric Acid,1,13,0.6696158410352812
76,1,3 Methylvaleric Acid,1,14,0.6957884254326658
76,2,Acetic Acid,0,0,0.3607434767162223
76,2,Acetic Acid,0,1,0.32740643456186386
76,2,Acetic Acid,0,2,0.35169505476286833
76,2,Acetic Acid,0,3,0.33225740610380583
76,2,Acetic Acid,0,4,0.35296688689618255
76,2,Acetic Acid,0,5,0.3224972441311282
76,2,Acetic Acid,0,6,0.326970536375103
76,2,Acetic Acid,0,7,0.35125485471002205
76,2,Acetic Acid,0,8,0.3621912022192252
76,2,Acetic Acid,0,9,0.3539102581275572
76,2,Acetic Acid,0,10,0.35978981881156724
76,2,Acetic Acid,0,11,0.35175521611708477
76,2,Acetic Acid,0,12,0.3483874249441407
76,2,Acetic Acid,0,13,0.33707589713127667
76,2,Acetic Acid,0,14,0.35910202419040627
76,2,Acetic Acid,1,0,0.3676552017735717
76,2,Acetic Acid,1,1,0.3494548494300306
76,2,Acetic Acid,1,2,0.3485546914273097
76,2,Acetic Acid,1,3,0.3771322527403999
76,2,Acetic Acid,1,4,0.35016904782858754
76,2,Acetic Acid,1,5,0.35177676957194215
76,2,Acetic Acid,1,6,0.3586109674728659
76,2,Acetic Acid,1,7,0.3488745337638986
76,2,Acetic Acid,1,8,0.33678773601898576
76,2,Acetic Acid,1,9,0.356833408181203
76,2,Acetic Acid,1,10,0.34986236326422254
76,2,Acetic Acid,1,11,0.38132845630382617
76,2,Acetic Acid,1,12,0.36370010820520415
76,2,Acetic Acid,1,13,0.3405492383909859
76,2,Acetic Acid,1,14,0.36270663982851176
76,3,Gerinol,0,0,0.2129376146755101
76,3,Gerinol,0,1,0.23002481096369118
76,3,Gerinol,0,2,0.19873775706052305
76,3,Gerinol,0,3,0.21090417023234043
76,3,Gerinol,0,4,0.20599465235914796
76,3,Gerinol,0,5,0.20868293938894703
76,3,Gerinol,0,6,0.1925832448580876
76,3,Gerinol,0,7,0.21751063040021337
76,3,Gerinol,0,8,0.21481595725790745
76,3,Gerinol,0,9,0.2296118992691517
76,3,Gerinol,0,10,0.20751420008683918
76,3,Gerinol,0,11,0.20065902854147621
76,3,Gerinol,0,12,0.22115106187704836
76,3,Gerinol,0,13,0.19413566439269542
76,3,Gerinol,0,14,0.22619570563139368
76,3,Gerinol,1,0,0.21787030659122197
76,3,Gerinol,1,1,0.2208463002644425
76,3,Gerinol,1,2,0.20582180498992014
76,3,Gerinol,1,3,0.19109649330722756
76,3,Gerinol,1,4,0.20125920602180375
76,3,Gerinol,1,5,0.20588059419867868
76,3,Gerinol,1,6,0.1898400628681632
76,3,Gerinol,1,7,0.22214012961732058
76,3,Gerinol,1,8,0.2092929695205246
76,3,Gerinol,1,9,0.18417456516168998
76,3,Gerinol,1,10,0.231519306111685
76,3,Gerinol,1,11,0.20105791767522582
76,3,Gerinol,1,12,0.18073037502521277
76,3,Gerinol,1,13,0.18523178900449871
76,3,Gerinol,1,14,0.22477884264741224
76,4,n Methyl Piperdine,0,0,0.4696511791609658
76,4,n Methyl Piperdine,0,1,0.4631271802590786
76,4,n Methyl Piperdine,0,2,0.46560576901992834
76,4,n Methyl Piperdine,0,3,0.46478422350162013
76,4,n Methyl Piperdine,0,4,0.4595066290533438
76,4,n Methyl Piperdine,0,5,0.45768363413371865
76,4,n Methyl Piperdine,0,6,0.4593702053870441
76,4,n Methyl Piperdine,0,7,0.4609394233763776
76,4,n Methyl Piperdine,0,8,0.44911851577902007
76,4,n Methyl Piperdine,0,9,0.46090696966572814
76,4,n Methyl Piperdine,0,10,0.4667202346096074
76,4,n Methyl Piperdine,0,11,0.453400320404599
76,4,n Methyl Piperdine,0,12,0.45254531754865684
76,4,n Methyl Piperdine,0,13,0.4588636703051406
76,4,n Methyl Piperdine,0,14,0.44985403942796615
76,4,n Methyl Piperdine,1,0,0.4358661538098399
76,4,n Methyl Piperdine,1,1,0.4555824550637014
76,4,n Methyl Piperdine,1,2,0.44279309266267247
76,4,n Methyl Piperdine,1,3,0.44654829137262164
76,4,n Methyl Piperdine,1,4,0.44151970241479543
76,4,n Methyl Piperdine,1,5,0.45661474126216395
76,4,n Methyl Piperdine,1,6,0.45322611200913204
76,4,n Methyl Piperdine,1,7,0.44447478641363036
76,4,n Methyl Piperdine,1,8,0.43696152382475795
76,4,n Methyl Piperdine,1,9,0.44362526430399435
76,4,n Methyl Piperdine,1,10,0.45096192434245763
76,4,n Methyl Piperdine,1,11,0.44790978837549805
76,4,n Methyl Piperdine,1,12,0.44727348709847586
76,4,n Methyl Piperdine,1,13,0.44809429281861846
76,4,n Methyl Piperdine,1,14,0.4524710725948452
76,5,"2,4 Dimethyl Acetophenone",0,0,0.4669450855119395
76,5,"2,4 Dimethyl Acetophenone",0,1,0.4738810649034662
76,5,"2,4 Dimethyl Acetophenone",0,2,0.4536186347548483
76,5,"2,4 Dimethyl Acetophenone",0,3,0.5035476304374734
76,5,"2,4 Dimethyl Acetophenone",0,4,0.4635326010066726
76,5,"2,4 Dimethyl Acetophenone",0,5,0.47040624861589103
76,5,"2,4 Dimethyl Acetophenone",0,6,0.47552317527532934
76,5,"2,4 Dimethyl Acetophenone",0,7,0.46174272281101336
76,5,"2,4 Dimethyl Acetophenone",0,8,0.46764568796509104
76,5,"2,4 Dimethyl Acetophenone",0,9,0.4674743655369449
76,5,"2,4 Dimethyl Acetophenone",0,10,0.45464634367139944
76,5,"2,4 Dimethyl Acetophenone",0,11,0.47371997279825645
76,5,"2,4 Dimethyl Acetophenone",0,12,0.44427939348184664
76,5,"2,4 Dimethyl Acetophenone",0,13,0.49225058704409735
76,5,"2,4 Dimethyl Acetophenone",0,14,0.478717165622042
76,5,"2,4 Dimethyl Acetophenone",1,0,0.4736954809290321
76,5,"2,4 Dimethyl Acetophenone",1,1,0.44019442480797066
76,5,"2,4 Dimethyl Acetophenone",1,2,0.4535075278985862
76,5,"2,4 Dimethyl Acetophenone",1,3,0.4842744988443584
76,5,"2,4 Dimethyl Acetophenone",1,4,0.5232204647916102
76,5,"2,4 Dimethyl Acetophenone",1,5,0.4815296688637626
76,5,"2,4 Dimethyl Acetophenone",1,6,0.4793052227940265
76,5,"2,4 Dimethyl Acetophenone",1,7,0.472085858871814
76,5,"2,4 Dimethyl Acetophenone",1,8,0.45273240747836985
76,5,"2,4 Dimethyl Acetophenone",1,9,0.47871622645736067
76,5,"2,4 Dimethyl Acetophenone",1,10,0.4491547979164378
76,5,"2,4 Dimethyl Acetophenone",1,11,0.4476124426864464
76,5,"2,4 Dimethyl Acetophenone",1,12,0.4467248564491706
76,5,"2,4 Dimethyl Acetophenone",1,13,0.4784419384626185
76,5,"2,4 Dimethyl Acetophenone",1,14,0.4638735033121246
76,6,4 Heptanone,0,0,0.5727632902141261
76,6,4 Heptanone,0,1,0.5700895426655364
76,6,4 Heptanone,0,2,0.5445550201226778
76,6,4 Heptanone,0,3,0.5550185966999438
76,6,4 Heptanone,0,4,0.5561754839453341
76,6,4 Heptanone,0,5,0.5381259288710324
76,6,4 Heptanone,0,6,0.5588481753062088
76,6,4 Heptanone,0,7,0.5455763453848342
76,6,4 Heptanone,0,8,0.58372894790066
76,6,4 Heptanone,0,9,0.5856445428036889
76,6,4 Heptanone,0,10,0.540693204157282
76,6,4 Heptanone,0,11,0.5636219782459084
76,6,4 Heptanone,0,12,0.6131287145885962
76,6,4 Heptanone,0,13,0.547888605695158
76,6,4 Heptanone,0,14,0.5802554410907457
76,6,4 Heptanone,1,0,0.5858940555340698
76,6,4 Heptanone,1,1,0.6086010928907181
76,6,4 Heptanone,1,2,0.5902623320902645
76,6,4 Heptanone,1,3,0.5735485446797066
76,6,4 Heptanone,1,4,0.5850027189554681
76,6,4 Heptanone,1,5,0.5853386177843215
76,6,4 Heptanone,1,6,0.5813585356428034
76,6,4 Heptanone,1,7,0.5531309100386568
76,6,4 Heptanone,1,8,0.6120553562005769
76,6,4 Heptanone,1,9,0.6079927151327859
76,6,4 Heptanone,1,10,0.5594534654349272
76,6,4 Heptanone,1,11,0.576551337458075
76,6,4 Heptanone,1,12,0.578290874889963
76,6,4 Heptanone,1,13,0.5568701504961722
76,6,4 Heptanone,1,14,0.5405354750797581
76,7,33 Dimethyl Butyric Acid,0,0,0.6677657717864043
76,7,33 Dimethyl Butyric Acid,0,1,0.6704584850297536
76,7,33 Dimethyl Butyric Acid,0,2,0.6611611302943183
76,7,33 Dimethyl Butyric Acid,0,3,0.6750297261450281
76,7,33 Dimethyl Butyric Acid,0,4,0.6834790261405792
76,7,33 Dimethyl Butyric Acid,0,5,0.6807301785893344
76,7,33 Dimethyl Butyric Acid,0,6,0.6724272318134523
76,7,33 Dimethyl Butyric Acid,0,7,0.6577400417850996
76,7,33 Dimethyl Butyric Acid,0,8,0.6796467711270575
76,7,33 Dimethyl Butyric Acid,0,9,0.6747675976397501
76,7,33 Dimethyl Butyric Acid,0,10,0.6771497962355673
76,7,33 Dimethyl Butyric Acid,0,11,0.6901060003200175
76,7,33 Dimethyl Butyric Acid,0,12,0.6664440649482365
76,7,33 Dimethyl Butyric Acid,0,13,0.6488748607674377
76,7,33 Dimethyl Butyric Acid,0,14,0.6644845204556821
76,7,33 Dimethyl Butyric Acid,1,0,0.6581191718952766
76,7,33 Dimethyl Butyric Acid,1,1,0.6541843711898474
76,7,33 Dimethyl Butyric Acid,1,2,0.6435352101135544
76,7,33 Dimethyl Butyric Acid,1,3,0.6417861673396932
76,7,33 Dimethyl Butyric Acid,1,4,0.6509144927524861
76,7,33 Dimethyl Butyric Acid,1,5,0.643274170508737
76,7,33 Dimethyl Butyric Acid,1,6,0.6584156053135521
76,7,33 Dimethyl Butyric Acid,1,7,0.6504275450876695
76,7,33 Dimethyl Butyric Acid,1,8,0.6485790030446749
76,7,33 Dimethyl Butyric Acid,1,9,0.6474549318468025
76,7,33 Dimethyl Butyric Acid,1,10,0.6562086548633351
76,7,33 Dimethyl Butyric Acid,1,11,0.6543187823645846
76,7,33 Dimethyl Butyric Acid,1,12,0.6556844469892308
76,7,33 Dimethyl Butyric Acid,1,13,0.6554973754147259
76,7,33 Dimethyl Butyric Acid,1,14,0.653334868198111
76,8,2 Methyl Butyraldehyde,0,0,0.33582780216392244
76,8,2 Methyl Butyraldehyde,0,1,0.3416077931532783
76,8,2 Methyl Butyraldehyde,0,2,0.3480169433717838
76,8,2 Methyl Butyraldehyde,0,3,0.39497980320214277
76,8,2 Methyl Butyraldehyde,0,4,0.3298004741306707
76,8,2 Methyl Butyraldehyde,0,5,0.34755298695033315
76,8,2 Methyl Butyraldehyde,0,6,0.35742799479750603
76,8,2 Methyl Butyraldehyde,0,7,0.34976081130990155
76,8,2 Methyl Butyraldehyde,0,8,0.3760557174815127
76,8,2 Methyl Butyraldehyde,0,9,0.34966219980598257
76,8,2 Methyl Butyraldehyde,0,10,0.3510741484102609
76,8,2 Methyl Butyraldehyde,0,11,0.37110448199805757
76,8,2 Methyl Butyraldehyde,0,12,0.39012130426766034
76,8,2 Methyl Butyraldehyde,0,13,0.3824233169475675
76,8,2 Methyl Butyraldehyde,0,14,0.35294297781196393
76,8,2 Methyl Butyraldehyde,1,0,0.3391138661799416
76,8,2 Methyl Butyraldehyde,1,1,0.34095111695589153
76,8,2 Methyl Butyraldehyde,1,2,0.3428656258512329
76,8,2 Methyl Butyraldehyde,1,3,0.3238819394704778
76,8,2 Methyl Butyraldehyde,1,4,0.35794024707908667
76,8,2 Methyl Butyraldehyde,1,5,0.3440036708402546
76,8,2 Methyl Butyraldehyde,1,6,0.33920279529595376
76,8,2 Methyl Butyraldehyde,1,7,0.3157909711417165
76,8,2 Methyl Butyraldehyde,1,8,0.34124831521919874
76,8,2 Methyl Butyraldehyde,1,9,0.3039147174450115
76,8,2 Methyl Butyraldehyde,1,10,0.32895455443829835
76,8,2 Methyl Butyraldehyde,1,11,0.32930873490446055
76,8,2 Methyl Butyraldehyde,1,12,0.34553836954393896
76,8,2 Methyl Butyraldehyde,1,13,0.3759485187969807
76,8,2 Methyl Butyraldehyde,1,14,0.3509778010350122
76,9,m Anisaldehyde,0,0,0.513841580483211
76,9,m Anisaldehyde,0,1,0.506220381621652
76,9,m Anisaldehyde,0,2,0.5107734345146353
76,9,m Anisaldehyde,0,3,0.5177198372227253
76,9,m Anisaldehyde,0,4,0.49315402668065417
76,9,m Anisaldehyde,0,5,0.4925347243549556
76,9,m Anisaldehyde,0,6,0.5064443020099684
76,9,m Anisaldehyde,0,7,0.5000632766681238
76,9,m Anisaldehyde,0,8,0.5021890437010943
76,9,m Anisaldehyde,0,9,0.49773866376373793
76,9,m Anisaldehyde,0,10,0.494440481824584
76,9,m Anisaldehyde,0,11,0.5154770711962273
76,9,m Anisaldehyde,0,12,0.4896619680318058
76,9,m Anisaldehyde,0,13,0.5066111256110578
76,9,m Anisaldehyde,0,14,0.5050724061985892
76,9,m Anisaldehyde,1,0,0.47609838862631626
76,9,m Anisaldehyde,1,1,0.48319811964135834
76,9,m Anisaldehyde,1,2,0.48479306693492136
76,9,m Anisaldehyde,1,3,0.49643826361355164
76,9,m Anisaldehyde,1,4,0.48759844212517184
76,9,m Anisaldehyde,1,5,0.490268981926552
76,9,m Anisaldehyde,1,6,0.4772499892238353
76,9,m Anisaldehyde,1,7,0.5131509089464621
76,9,m Anisaldehyde,1,8,0.4917566661042103
76,9,m Anisaldehyde,1,9,0.4958159665309345
76,9,m Anisaldehyde,1,10,0.48595130135897974
76,9,m Anisaldehyde,1,11,0.4848885535771836
76,9,m Anisaldehyde,1,12,0.5092299363165782
76,9,m Anisaldehyde,1,13,0.4728939880419524
76,9,m Anisaldehyde,1,14,0.49372510314897033
78,0,"2,3 Pentanedione",0,0,0.2521686361248056
78,0,"2,3 Pentanedione",0,1,0.2723312045425778
78,0,"2,3 Pentanedione",0,2,0.26650387171065243
78,0,"2,3 Pentanedione",0,3,0.2578067913170217
78,0,"2,3 Pentanedione",0,4,0.2833422766451611
78,0,"2,3 Pentanedione",0,5,0.21825550471985128
78,0,"2,3 Pentanedione",0,6,0.2745690213545355
78,0,"2,3 Pentanedione",0,7,0.28019898401875354
78,0,"2,3 Pentanedione",0,8,0.24847431974235262
78,0,"2,3 Pentanedione",0,9,0.3202867014387375
78,0,"2,3 Pentanedione",0,10,0.26759477403257004
78,0,"2,3 Pentanedione",0,11,0.276519127340882
78,0,"2,3 Pentanedione",0,12,0.26765075430463536
78,0,"2,3 Pentanedione",0,13,0.2804170803917383
78,0,"2,3 Pentanedione",0,14,0.31515983574015416
78,0,"2,3 Pentanedione",1,0,0.3078911137840402
78,0,"2,3 Pentanedione",1,1,0.2647066987784698
78,0,"2,3 Pentanedione",1,2,0.2732655628602476
78,0,"2,3 Pentanedione",1,3,0.2889764057228804
78,0,"2,3 Pentanedione",1,4,0.25228749560511476
78,0,"2,3 Pentanedione",1,5,0.28532199052625007
78,0,"2,3 Pentanedione",1,6,0.2658757469957134
78,0,"2,3 Pentanedione",1,7,0.24966540266874263
78,0,"2,3 Pentanedione",1,8,0.25482424454724006
78,0,"2,3 Pentanedione",1,9,0.20053029460175772
78,0,"2,3 Pentanedione",1,10,0.2533687001971071
78,0,"2,3 Pentanedione",1,11,0.20747203067479592
78,0,"2,3 Pentanedione",1,12,0.20543398989567566
78,0,"2,3 Pentanedione",1,13,0.25088768591158395
78,0,"2,3 Pentanedione",1,14,0.21821375380595198
78,1,3 Methylvaleric Acid,0,0,0.6587824056995665
78,1,3 Methylvaleric Acid,0,1,0.660223234319822
78,1,3 Methylvaleric Acid,0,2,0.6606648932003057
78,1,3 Methylvaleric Acid,0,3,0.6499026416379535
78,1,3 Methylvaleric Acid,0,4,0.6677491697003758
78,1,3 Methylvaleric Acid,0,5,0.6579694590006517
78,1,3 Methylvaleric Acid,0,6,0.6632191754204725
78,1,3 Methylvaleric Acid,0,7,0.6470088907411548
78,1,3 Methylvaleric Acid,0,8,0.6570875057874658
78,1,3 Methylvaleric Acid,0,9,0.669715294051159
78,1,3 Methylvaleric Acid,0,10,0.6684569239112711
78,1,3 Methylvaleric Acid,0,11,0.6509601731529852
78,1,3 Methylvaleric Acid,0,12,0.6534521729524663
78,1,3 Methylvaleric Acid,0,13,0.6490655026108528
78,1,3 Methylvaleric Acid,0,14,0.6523547867477123
78,1,3 Methylvaleric Acid,1,0,0.6483546198856456
78,1,3 Methylvaleric Acid,1,1,0.6608365875144722
78,1,3 Methylvaleric Acid,1,2,0.668472072781948
78,1,3 Methylvaleric Acid,1,3,0.6544329464488651
78,1,3 Methylvaleric Acid,1,4,0.6613074940120491
78,1,3 Methylvaleric Acid,1,5,0.6600216505570712
78,1,3 Methylvaleric Acid,1,6,0.672649390305825
78,1,3 Methylvaleric Acid,1,7,0.6561500923213236
78,1,3 Methylvaleric Acid,1,8,0.6565101872328735
78,1,3 Methylvaleric Acid,1,9,0.6538294022087853
78,1,3 Methylvaleric Acid,1,10,0.6509438659157553
78,1,3 Methylvaleric Acid,1,11,0.667443004948123
78,1,3 Methylvaleric Acid,1,12,0.6608669296773616
78,1,3 Methylvaleric Acid,1,13,0.662747014653541
78,1,3 Methylvaleric Acid,1,14,0.6748225126021458
78,2,Acetic Acid,0,0,0.37644591784112125
78,2,Acetic Acid,0,1,0.32662364220267986
78,2,Acetic Acid,0,2,0.36499961512892704
78,2,Acetic Acid,0,3,0.35793711365312336
78,2,Acetic Acid,0,4,0.34644076187929335
78,2,Acetic Acid,0,5,0.3596440196016034
78,2,Acetic Acid,0,6,0.32528288344912887
78,2,Acetic Acid,0,7,0.3786299973587974
78,2,Acetic Acid,0,8,0.36277657598318647
78,2,Acetic Acid,0,9,0.33968908977436696
78,2,Acetic Acid,0,10,0.34436947144445057
78,2,Acetic Acid,0,11,0.3256715959366481
78,2,Acetic Acid,0,12,0.3489104298856194
78,2,Acetic Acid,0,13,0.34608710834501055
78,2,Acetic Acid,0,14,0.3319955133144978
78,2,Acetic Acid,1,0,0.37207581153722846
78,2,Acetic Acid,1,1,0.3804415715256828
78,2,Acetic Acid,1,2,0.3586251744490256
78,2,Acetic Acid,1,3,0.35396990420009994
78,2,Acetic Acid,1,4,0.36635944176506074
78,2,Acetic Acid,1,5,0.3587543428108532
78,2,Acetic Acid,1,6,0.340979804926692
78,2,Acetic Acid,1,7,0.3481646488427283
78,2,Acetic Acid,1,8,0.354123986895396
78,2,Acetic Acid,1,9,0.3632346206092724
78,2,Acetic Acid,1,10,0.35923905793263033
78,2,Acetic Acid,1,11,0.3626020012715533
78,2,Acetic Acid,1,12,0.33357502449443
78,2,Acetic Acid,1,13,0.37021086074843196
78,2,Acetic Acid,1,14,0.3591400121924602
78,3,Gerinol,0,0,0.2425678524291862
78,3,Gerinol,0,1,0.19240390637622282
78,3,Gerinol,0,2,0.2045355586987787
78,3,Gerinol,0,3,0.24728527354026436
78,3,Gerinol,0,4,0.20232848573797435
78,3,Gerinol,0,5,0.19786335535664445
78,3,Gerinol,0,6,0.18217971732257807
78,3,Gerinol,0,7,0.22509027234214599
78,3,Gerinol,0,8,0.17924223298634484
78,3,Gerinol,0,9,0.20630409909742725
78,3,Gerinol,0,10,0.19093804564657335
78,3,Gerinol,0,11,0.19578698587968207
78,3,Gerinol,0,12,0.17472406957833897
78,3,Gerinol,0,13,0.22193169228341314
78,3,Gerinol,0,14,0.19427778971939827
78,3,Gerinol,1,0,0.18090294181268987
78,3,Gerinol,1,1,0.22300468904568532
78,3,Gerinol,1,2,0.19303220532342277
78,3,Gerinol,1,3,0.2073416610406442
78,3,Gerinol,1,4,0.21598811494117204
78,3,Gerinol,1,5,0.20972036632962812
78,3,Gerinol,1,6,0.16415720566919553
78,3,Gerinol,1,7,0.21349625296837213
78,3,Gerinol,1,8,0.1999165401132044
78,3,Gerinol,1,9,0.19601965026727616
78,3,Gerinol,1,10,0.19977218741953873
78,3,Gerinol,1,11,0.17416498530168265
78,3,Gerinol,1,12,0.20491161471471162
78,3,Gerinol,1,13,0.17835576888530505
78,3,Gerinol,1,14,0.19675647917249897
78,4,n Methyl Piperdine,0,0,0.46300680823562146
78,4,n Methyl Piperdine,0,1,0.47034898948721665
78,4,n Methyl Piperdine,0,2,0.455199787504438
78,4,n Methyl Piperdine,0,3,0.4733693917580837
78,4,n Methyl Piperdine,0,4,0.4693315188114369
78,4,n Methyl Piperdine,0,5,0.45832141484339145
78,4,n Methyl Piperdine,0,6,0.4528866986520949
78,4,n Methyl Piperdine,0,7,0.45020616332547236
78,4,n Methyl Piperdine,0,8,0.46393072359558085
78,4,n Methyl Piperdine,0,9,0.45585841958698925
78,4,n Methyl Piperdine,0,10,0.4713515472255695
78,4,n Methyl Piperdine,0,11,0.4563205021446896
78,4,n Methyl Piperdine,0,12,0.45455132494289996
78,4,n Methyl Piperdine,0,13,0.46362570359327027
78,4,n Methyl Piperdine,0,14,0.45626831792604033
78,4,n Methyl Piperdine,1,0,0.4472864034247163
78,4,n Methyl Piperdine,1,1,0.4551059181182341
78,4,n Methyl Piperdine,1,2,0.4481558381311157
78,4,n Methyl Piperdine,1,3,0.4481857191633877
78,4,n Methyl Piperdine,1,4,0.44885917714903323
78,4,n Methyl Piperdine,1,5,0.4336732115554827
78,4,n Methyl Piperdine,1,6,0.4503527054772098
78,4,n Methyl Piperdine,1,7,0.44849745609157304
78,4,n Methyl Piperdine,1,8,0.45436118209363324
78,4,n Methyl Piperdine,1,9,0.4520644898868628
78,4,n Methyl Piperdine,1,10,0.44560241442492177
78,4,n Methyl Piperdine,1,11,0.4554771466098514
78,4,n Methyl Piperdine,1,12,0.4448769578968641
78,4,n Methyl Piperdine,1,13,0.44919526031038753
78,4,n Methyl Piperdine,1,14,0.44472880803393106
78,5,"2,4 Dimethyl Acetophenone",0,0,0.4669422536055353
78,5,"2,4 Dimethyl Acetophenone",0,1,0.4551219827715327
78,5,"2,4 Dimethyl Acetophenone",0,2,0.4836633323473929
78,5,"2,4 Dimethyl Acetophenone",0,3,0.4888781015380383
78,5,"2,4 Dimethyl Acetophenone",0,4,0.47275447974858126
78,5,"2,4 Dimethyl Acetophenone",0,5,0.4821650132138706
78,5,"2,4 Dimethyl Acetophenone",0,6,0.4387262053874912
78,5,"2,4 Dimethyl Acetophenone",0,7,0.44038784112985174
78,5,"2,4 Dimethyl Acetophenone",0,8,0.45589654892541337
78,5,"2,4 Dimethyl Acetophenone",0,9,0.46101233360151495
78,5,"2,4 Dimethyl Acetophenone",0,10,0.45763597251040966
78,5,"2,4 Dimethyl Acetophenone",0,11,0.4372749022410174
78,5,"2,4 Dimethyl Acetophenone",0,12,0.476669717980059
78,5,"2,4 Dimethyl Acetophenone",0,13,0.4908076419840577
78,5,"2,4 Dimethyl Acetophenone",0,14,0.4784943524515455
78,5,"2,4 Dimethyl Acetophenone",1,0,0.4768387465425463
78,5,"2,4 Dimethyl Acetophenone",1,1,0.46472015030592995
78,5,"2,4 Dimethyl Acetophenone",1,2,0.4496443512275027
78,5,"2,4 Dimethyl Acetophenone",1,3,0.46255432987838624
78,5,"2,4 Dimethyl Acetophenone",1,4,0.4912228521523433
78,5,"2,4 Dimethyl Acetophenone",1,5,0.4565681557218901
78,5,"2,4 Dimethyl Acetophenone",1,6,0.45511617055062337
78,5,"2,4 Dimethyl Acetophenone",1,7,0.47714587550568666
78,5,"2,4 Dimethyl Acetophenone",1,8,0.47808194482393734
78,5,"2,4 Dimethyl Acetophenone",1,9,0.449575192960409
78,5,"2,4 Dimethyl Acetophenone",1,10,0.4578443608534846
78,5,"2,4 Dimethyl Acetophenone",1,11,0.45445414537370327
78,5,"2,4 Dimethyl Acetophenone",1,12,0.46251430126278115
78,5,"2,4 Dimethyl Acetophenone",1,13,0.477094871744746
78,5,"2,4 Dimethyl Acetophenone",1,14,0.4501938716597193
78,6,4 Heptanone,0,0,0.5868994501999242
78,6,4 Heptanone,0,1,0.5641775117918644
78,6,4 Heptanone,0,2,0.6153366080900258
78,6,4 Heptanone,0,3,0.5691721216670664
78,6,4 Heptanone,0,4,0.5596108829981619
78,6,4 Heptanone,0,5,0.5750568353292562
78,6,4 Heptanone,0,6,0.5540862237376643
78,6,4 Heptanone,0,7,0.5205528082939747
78,6,4 Heptanone,0,8,0.5563083680742181
78,6,4 Heptanone,0,9,0.5559456399646712
78,6,4 Heptanone,0,10,0.5252203009691548
78,6,4 Heptanone,0,11,0.5601601433582736
78,6,4 Heptanone,0,12,0.5143012080112093
78,6,4 Heptanone,0,13,0.5538438153226319
78,6,4 Heptanone,0,14,0.5674418998836365
78,6,4 Heptanone,1,0,0.5782908432249386
78,6,4 Heptanone,1,1,0.5666065538226968
78,6,4 Heptanone,1,2,0.5740931703975385
78,6,4 Heptanone,1,3,0.558028565699222
78,6,4 Heptanone,1,4,0.5763089181306389
78,6,4 Heptanone,1,5,0.5773960119770137
78,6,4 Heptanone,1,6,0.5553565773870831
78,6,4 Heptanone,1,7,0.5822166026751289
78,6,4 Heptanone,1,8,0.5820729471366194
78,6,4 Heptanone,1,9,0.5722377354498992
78,6,4 Heptanone,1,10,0.6317384298163214
78,6,4 Heptanone,1,11,0.5728243472906772
78,6,4 Heptanone,1,12,0.5696384473419805
78,6,4 Heptanone,1,13,0.5663461373905825
78,6,4 Heptanone,1,14,0.5537308945679263
78,7,33 Dimethyl Butyric Acid,0,0,0.6703015496840954
78,7,33 Dimethyl Butyric Acid,0,1,0.6585418261461917
78,7,33 Dimethyl Butyric Acid,0,2,0.6595556855499193
78,7,33 Dimethyl Butyric Acid,0,3,0.6598102806742662
78,7,33 Dimethyl Butyric Acid,0,4,0.6559818995022746
78,7,33 Dimethyl Butyric Acid,0,5,0.6494158318862241
78,7,33 Dimethyl Butyric Acid,0,6,0.6604556406894895
78,7,33 Dimethyl Butyric Acid,0,7,0.6719079539533036
78,7,33 Dimethyl Butyric Acid,0,8,0.6661113670950158
78,7,33 Dimethyl Butyric Acid,0,9,0.6777978240930607
78,7,33 Dimethyl Butyric Acid,0,10,0.6708591260213992
78,7,33 Dimethyl Butyric Acid,0,11,0.6689137350234543
78,7,33 Dimethyl Butyric Acid,0,12,0.6805581009902424
78,7,33 Dimethyl Butyric Acid,0,13,0.663590616671938
78,7,33 Dimethyl Butyric Acid,0,14,0.6649637650968437
78,7,33 Dimethyl Butyric Acid,1,0,0.6434154301190257
78,7,33 Dimethyl Butyric Acid,1,1,0.656744438750307
78,7,33 Dimethyl Butyric Acid,1,2,0.6435352410252665
78,7,33 Dimethyl Butyric Acid,1,3,0.6379577358271696
78,7,33 Dimethyl Butyric Acid,1,4,0.6485502545996624
78,7,33 Dimethyl Butyric Acid,1,5,0.6365180716621149
78,7,33 Dimethyl Butyric Acid,1,6,0.6480857084584138
78,7,33 Dimethyl Butyric Acid,1,7,0.6470604354598347
78,7,33 Dimethyl Butyric Acid,1,8,0.6418904414286889
78,7,33 Dimethyl Butyric Acid,1,9,0.6483628732951427
78,7,33 Dimethyl Butyric Acid,1,10,0.6307628399496676
78,7,33 Dimethyl Butyric Acid,1,11,0.6449103223701725
78,7,33 Dimethyl Butyric Acid,1,12,0.639547633962616
78,7,33 Dimethyl Butyric Acid,1,13,0.6680442145001537
78,7,33 Dimethyl Butyric Acid,1,14,0.6448491555140449
78,8,2 Methyl Butyraldehyde,0,0,0.3391570769529793
78,8,2 Methyl Butyraldehyde,0,1,0.32422916903174853
78,8,2 Methyl Butyraldehyde,0,2,0.37546545067976256
78,8,2 Methyl Butyraldehyde,0,3,0.3438604710434114
78,8,2 Methyl Butyraldehyde,0,4,0.3354349780487682
78,8,2 Methyl Butyraldehyde,0,5,0.3569636466237754
78,8,2 Methyl Butyraldehyde,0,6,0.36294732897400306
78,8,2 Methyl Butyraldehyde,0,7,0.3626463327327491
78,8,2 Methyl Butyraldehyde,0,8,0.35092022333992
78,8,2 Methyl Butyraldehyde,0,9,0.3535823507507061
78,8,2 Methyl Butyraldehyde,0,10,0.35497311545634386
78,8,2 Methyl Butyraldehyde,0,11,0.35696549949459877
78,8,2 Methyl Butyraldehyde,0,12,0.3586548948638514
78,8,2 Methyl Butyraldehyde,0,13,0.3714380116222599
78,8,2 Methyl Butyraldehyde,0,14,0.3516202061876662
78,8,2 Methyl Butyraldehyde,1,0,0.3248216210281248
78,8,2 Methyl Butyraldehyde,1,1,0.33766094360032217
78,8,2 Methyl Butyraldehyde,1,2,0.3548065860549641
78,8,2 Methyl Butyraldehyde,1,3,0.30630802390355216
78,8,2 Methyl Butyraldehyde,1,4,0.30641829246774216
78,8,2 Methyl Butyraldehyde,1,5,0.3579470647760536
78,8,2 Methyl Butyraldehyde,1,6,0.3694372818820363
78,8,2 Methyl Butyraldehyde,1,7,0.31626100872190493
78,8,2 Methyl Butyraldehyde,1,8,0.3423336315932192
78,8,2 Methyl Butyraldehyde,1,9,0.3327877472898287
78,8,2 Methyl Butyraldehyde,1,10,0.3354360387661177
78,8,2 Methyl Butyraldehyde,1,11,0.3462487794353875
78,8,2 Methyl Butyraldehyde,1,12,0.3157327404125111
78,8,2 Methyl Butyraldehyde,1,13,0.3192771482710056
78,8,2 Methyl Butyraldehyde,1,14,0.334664335994686
78,9,m Anisaldehyde,0,0,0.5015717441185514
78,9,m Anisaldehyde,0,1,0.49226735491645673
78,9,m Anisaldehyde,0,2,0.510443865525279
78,9,m Anisaldehyde,0,3,0.49898906862307457
78,9,m Anisaldehyde,0,4,0.49894867886436894
78,9,m Anisaldehyde,0,5,0.5056332184889087
78,9,m Anisaldehyde,0,6,0.5017279969977664
78,9,m Anisaldehyde,0,7,0.5108977001329803
78,9,m Anisaldehyde,0,8,0.49409423170863465
78,9,m Anisaldehyde,0,9,0.48969183277120004
78,9,m Anisaldehyde,0,10,0.5000116942622127
78,9,m Anisaldehyde,0,11,0.5035227250692325
78,9,m Anisaldehyde,0,12,0.49117804836574985
78,9,m Anisaldehyde,0,13,0.4897832374043837
78,9,m Anisaldehyde,0,14,0.5046809266342223
78,9,m Anisaldehyde,1,0,0.48295945506145166
78,9,m Anisaldehyde,1,1,0.4763673848048326
78,9,m Anisaldehyde,1,2,0.4993095789394829
78,9,m Anisaldehyde,1,3,0.4841548928470124
78,9,m Anisaldehyde,1,4,0.5010599556924841
78,9,m Anisaldehyde,1,5,0.49041992980249915
78,9,m Anisaldehyde,1,6,0.4929466477608822
78,9,m Anisaldehyde,1,7,0.4881429300717633
78,9,m Anisaldehyde,1,8,0.4649558383739423
78,9,m Anisaldehyde,1,9,0.4793631953024522
78,9,m Anisaldehyde,1,10,0.48895696524981863
78,9,m Anisaldehyde,1,11,0.493610572173145
78,9,m Anisaldehyde,1,12,0.4731681650693392
78,9,m Anisaldehyde,1,13,0.4896411714589504
78,9,m Anisaldehyde,1,14,0.47950099350892184
80,0,"2,3 Pentanedione",0,0,0.27234349990332346
80,0,"2,3 Pentanedione",0,1,0.26599297613358647
80,0,"2,3 Pentanedione",0,2,0.2850655358368215
80,0,"2,3 Pentanedione",0,3,0.2931485690307701
80,0,"2,3 Pentanedione",0,4,0.27795274325793284
80,0,"2,3 Pentanedione",0,5,0.28798783550034646
80,0,"2,3 Pentanedione",0,6,0.2577194338779861
80,0,"2,3 Pentanedione",0,7,0.33705593105776077
80,0,"2,3 Pentanedione",0,8,0.2360075183637101
80,0,"2,3 Pentanedione",0,9,0.2532841013283491
80,0,"2,3 Pentanedione",0,10,0.28901196034475446
80,0,"2,3 Pentanedione",0,11,0.2852960283976069
80,0,"2,3 Pentanedione",0,12,0.2786627212546408
80,0,"2,3 Pentanedione",0,13,0.2833609622259098
80,0,"2,3 Pentanedione",0,14,0.2143890669109311
80,0,"2,3 Pentanedione",1,0,0.2909054000234341
80,0,"2,3 Pentanedione",1,1,0.2460756586883229
80,0,"2,3 Pentanedione",1,2,0.28232028721675956
80,0,"2,3 Pentanedione",1,3,0.20033476818578938
80,0,"2,3 Pentanedione",1,4,0.2575871452470181
80,0,"2,3 Pentanedione",1,5,0.23708537568136706
80,0,"2,3 Pentanedione",1,6,0.2654759364495209
80,0,"2,3 Pentanedione",1,7,0.25909969397170945
80,0,"2,3 Pentanedione",1,8,0.26032412759746776
80,0,"2,3 Pentanedione",1,9,0.224699390454201
80,0,"2,3 Pentanedione",1,10,0.249748704639523
80,0,"2,3 Pentanedione",1,11,0.24666875646175476
80,0,"2,3 Pentanedione",1,12,0.2635556837026741
80,0,"2,3 Pentanedione",1,13,0.27590535754582496
80,0,"2,3 Pentanedione",1,14,0.2549348307102037
80,1,3 Methylvaleric Acid,0,0,0.646271874665191
80,1,3 Methylvaleric Acid,0,1,0.6599700668614688
80,1,3 Methylvaleric Acid,0,2,0.6847529840037654
80,1,3 Methylvaleric Acid,0,3,0.6751994402268247
80,1,3 Methylvaleric Acid,0,4,0.6294605827849953
80,1,3 Methylvaleric Acid,0,5,0.6595321640356229
80,1,3 Methylvaleric Acid,0,6,0.6681324576366939
80,1,3 Methylvaleric Acid,0,7,0.6571001969287261
80,1,3 Methylvaleric Acid,0,8,0.6543505236697232
80,1,3 Methylvaleric Acid,0,9,0.6562623463436564
80,1,3 Methylvaleric Acid,0,10,0.6643714093424644
80,1,3 Methylvaleric Acid,0,11,0.647536040485079
80,1,3 Methylvaleric Acid,0,12,0.6706723170157554
80,1,3 Methylvaleric Acid,0,13,0.6583508175796233
80,1,3 Methylvaleric Acid,0,14,0.6496490073546252
80,1,3 Methylvaleric Acid,1,0,0.6707643545624123
80,1,3 Methylvaleric Acid,1,1,0.6443383125036818
80,1,3 Methylvaleric Acid,1,2,0.6541378534100071
80,1,3 Methylvaleric Acid,1,3,0.6539748614525753
80,1,3 Methylvaleric Acid,1,4,0.680857617824498
80,1,3 Methylvaleric Acid,1,5,0.6528528162874706
80,1,3 Methylvaleric Acid,1,6,0.6383013686686091
80,1,3 Methylvaleric Acid,1,7,0.6538744818728209
80,1,3 Methylvaleric Acid,1,8,0.6641436925037081
80,1,3 Methylvaleric Acid,1,9,0.6673959570258837
80,1,3 Methylvaleric Acid,1,10,0.6821702451736646
80,1,3 Methylvaleric Acid,1,11,0.6735613812291334
80,1,3 Methylvaleric Acid,1,12,0.6614943602576301
80,1,3 Methylvaleric Acid,1,13,0.650809649522518
80,1,3 Methylvaleric Acid,1,14,0.6757108187711721
80,2,Acetic Acid,0,0,0.36266498968892225
80,2,Acetic Acid,0,1,0.35782056716211696
80,2,Acetic Acid,0,2,0.36185349355420904
80,2,Acetic Acid,0,3,0.34788173992409316
80,2,Acetic Acid,0,4,0.36105143158287256
80,2,Acetic Acid,0,5,0.3649309310847553
80,2,Acetic Acid,0,6,0.3810531215640338
80,2,Acetic Acid,0,7,0.36233837239095235
80,2,Acetic Acid,0,8,0.3476279541822543
80,2,Acetic Acid,0,9,0.3420019963896297
80,2,Acetic Acid,0,10,0.3723362018322601
80,2,Acetic Acid,0,11,0.37004535739196104
80,2,Acetic Acid,0,12,0.3595577140016937
80,2,Acetic Acid,0,13,0.36101067516103785
80,2,Acetic Acid,0,14,0.37532918988766273
80,2,Acetic Acid,1,0,0.3919796919197489
80,2,Acetic Acid,1,1,0.3556676308978693
80,2,Acetic Acid,1,2,0.37020535428481494
80,2,Acetic Acid,1,3,0.38474843320780866
80,2,Acetic Acid,1,4,0.3557350510376604
80,2,Acetic Acid,1,5,0.3684566577659751
80,2,Acetic Acid,1,6,0.36808255365782433
80,2,Acetic Acid,1,7,0.3467823605907784
80,2,Acetic Acid,1,8,0.3715368627859769
80,2,Acetic Acid,1,9,0.36924584734676
80,2,Acetic Acid,1,10,0.3780037968980615
80,2,Acetic Acid,1,11,0.3488635130146703
80,2,Acetic Acid,1,12,0.36888494516634435
80,2,Acetic Acid,1,13,0.39183227858171976
80,2,Acetic Acid,1,14,0.4034712870455331
80,3,Gerinol,0,0,0.21928200956519042
80,3,Gerinol,0,1,0.17736075435410517
80,3,Gerinol,0,2,0.2051374872497552
80,3,Gerinol,0,3,0.1891995118611023
80,3,Gerinol,0,4,0.2022857766973296
80,3,Gerinol,0,5,0.18426780955456357
80,3,Gerinol,0,6,0.16820942952322834
80,3,Gerinol,0,7,0.19156460788629254
80,3,Gerinol,0,8,0.20977028631964945
80,3,Gerinol,0,9,0.20235571075910622
80,3,Gerinol,0,10,0.20431679138062117
80,3,Gerinol,0,11,0.20113333032672545
80,3,Gerinol,0,12,0.20434374051776805
80,3,Gerinol,0,13,0.20647604412566012
80,3,Gerinol,0,14,0.19275604687387485
80,3,Gerinol,1,0,0.19346301895291707
80,3,Gerinol,1,1,0.22178984660607204
80,3,Gerinol,1,2,0.1944719892659634
80,3,Gerinol,1,3,0.19277501608404232
80,3,Gerinol,1,4,0.19380412714134815
80,3,Gerinol,1,5,0.1883312140474729
80,3,Gerinol,1,6,0.18462143585272733
80,3,Gerinol,1,7,0.19560903378068203
80,3,Gerinol,1,8,0.18342106687469736
80,3,Gerinol,1,9,0.18956629021410537
80,3,Gerinol,1,10,0.1785622239025406
80,3,Gerinol,1,11,0.1938916017755776
80,3,Gerinol,1,12,0.20201555938226037
80,3,Gerinol,1,13,0.18843346929916088
80,3,Gerinol,1,14,0.1577847698254598
80,4,n Methyl Piperdine,0,0,0.46959089320829056
80,4,n Methyl Piperdine,0,1,0.46582939159792486
80,4,n Methyl Piperdine,0,2,0.4569220692557391
80,4,n Methyl Piperdine,0,3,0.47105408279443295
80,4,n Methyl Piperdine,0,4,0.45368051925012
80,4,n Methyl Piperdine,0,5,0.47323118177844253
80,4,n Methyl Piperdine,0,6,0.4644089878986691
80,4,n Methyl Piperdine,0,7,0.4467170002528281
80,4,n Methyl Piperdine,0,8,0.46629455755395266
80,4,n Methyl Piperdine,0,9,0.4616183819111193
80,4,n Methyl Piperdine,0,10,0.4604131265212617
80,4,n Methyl Piperdine,0,11,0.458966114764197
80,4,n Methyl Piperdine,0,12,0.4638501945289678
80,4,n Methyl Piperdine,0,13,0.46098641140650964
80,4,n Methyl Piperdine,0,14,0.4500143989103397
80,4,n Methyl Piperdine,1,0,0.4617069681628536
80,4,n Methyl Piperdine,1,1,0.4495755638217415
80,4,n Methyl Piperdine,1,2,0.44567494494240983
80,4,n Methyl Piperdine,1,3,0.4425030356090733
80,4,n Methyl Piperdine,1,4,0.45769628160905934
80,4,n Methyl Piperdine,1,5,0.44114296931666375
80,4,n Methyl Piperdine,1,6,0.4526023234842997
80,4,n Methyl Piperdine,1,7,0.4468612330544473
80,4,n Methyl Piperdine,1,8,0.4473270677849373
80,4,n Methyl Piperdine,1,9,0.4427019488216287
80,4,n Methyl Piperdine,1,10,0.44656786960926265
80,4,n Methyl Piperdine,1,11,0.4516009242014908
80,4,n Methyl Piperdine,1,12,0.4534129228802279
80,4,n Methyl Piperdine,1,13,0.4452456852191721
80,4,n Methyl Piperdine,1,14,0.45080294984993663
80,5,"2,4 Dimethyl Acetophenone",0,0,0.4950104431523861
80,5,"2,4 Dimethyl Acetophenone",0,1,0.4590371909955087
80,5,"2,4 Dimethyl Acetophenone",0,2,0.4823937972826146
80,5,"2,4 Dimethyl Acetophenone",0,3,0.46907503211198875
80,5,"2,4 Dimethyl Acetophenone",0,4,0.46763811980149267
80,5,"2,4 Dimethyl Acetophenone",0,5,0.486162764574641
80,5,"2,4 Dimethyl Acetophenone",0,6,0.47479351407139947
80,5,"2,4 Dimethyl Acetophenone",0,7,0.46532385070550963
80,5,"2,4 Dimethyl Acetophenone",0,8,0.5011561381354569
80,5,"2,4 Dimethyl Acetophenone",0,9,0.49545653480685314
80,5,"2,4 Dimethyl Acetophenone",0,10,0.4552344244309047
80,5,"2,4 Dimethyl Acetophenone",0,11,0.4616910370360346
80,5,"2,4 Dimethyl Acetophenone",0,12,0.4908506355512153
80,5,"2,4 Dimethyl Acetophenone",0,13,0.4784651430959698
80,5,"2,4 Dimethyl Acetophenone",0,14,0.5036420536843358
80,5,"2,4 Dimethyl Acetophenone",1,0,0.48478369099419705
80,5,"2,4 Dimethyl Acetophenone",1,1,0.48031544126250864
80,5,"2,4 Dimethyl Acetophenone",1,2,0.4616831688865332
80,5,"2,4 Dimethyl Acetophenone",1,3,0.48302250993805596
80,5,"2,4 Dimethyl Acetophenone",1,4,0.45810286428750463
80,5,"2,4 Dimethyl Acetophenone",1,5,0.49449810097847574
80,5,"2,4 Dimethyl Acetophenone",1,6,0.48204527487705884
80,5,"2,4 Dimethyl Acetophenone",1,7,0.4644615520249504
80,5,"2,4 Dimethyl Acetophenone",1,8,0.4874395196681593
80,5,"2,4 Dimethyl Acetophenone",1,9,0.5077007484366598
80,5,"2,4 Dimethyl Acetophenone",1,10,0.47302397183753514
80,5,"2,4 Dimethyl Acetophenone",1,11,0.48385409669006374
80,5,"2,4 Dimethyl Acetophenone",1,12,0.47000332913897364
80,5,"2,4 Dimethyl Acetophenone",1,13,0.477296193361977
80,5,"2,4 Dimethyl Acetophenone",1,14,0.45483885818103587
80,6,4 Heptanone,0,0,0.5598606617241403
80,6,4 Heptanone,0,1,0.5608750131610802
80,6,4 Heptanone,0,2,0.6012454663190822
80,6,4 Heptanone,0,3,0.5185920798850172
80,6,4 Heptanone,0,4,0.5534131944818427
80,6,4 Heptanone,0,5,0.58949644077248
80,6,4 Heptanone,0,6,0.55431267567757
80,6,4 Heptanone,0,7,0.555932395625306
80,6,4 Heptanone,0,8,0.5407098834650146
80,6,4 Heptanone,0,9,0.5384251559553562
80,6,4 Heptanone,0,10,0.5178825889769051
80,6,4 Heptanone,0,11,0.545402400158198
80,6,4 Heptanone,0,12,0.537120049766047
80,6,4 Heptanone,0,13,0.5625874488669612
80,6,4 Heptanone,0,14,0.5417583628567318
80,6,4 Heptanone,1,0,0.5663847496176094
80,6,4 Heptanone,1,1,0.5670145524437934
80,6,4 Heptanone,1,2,0.5763065066479697
80,6,4 Heptanone,1,3,0.5652594479261471
80,6,4 Heptanone,1,4,0.5529956608379372
80,6,4 Heptanone,1,5,0.5793866123016445
80,6,4 Heptanone,1,6,0.6019637396437871
80,6,4 Heptanone,1,7,0.5803686040145505
80,6,4 Heptanone,1,8,0.5633897850501485
80,6,4 Heptanone,1,9,0.5745821186541661
80,6,4 Heptanone,1,10,0.530254562737924
80,6,4 Heptanone,1,11,0.5742082617852529
80,6,4 Heptanone,1,12,0.5682070014310557
80,6,4 Heptanone,1,13,0.5559468443898226
80,6,4 Heptanone,1,14,0.5601177348264579
80,7,33 Dimethyl Butyric Acid,0,0,0.6607639455239555
80,7,33 Dimethyl Butyric Acid,0,1,0.6727854792195022
80,7,33 Dimethyl Butyric Acid,0,2,0.6736391019875279
80,7,33 Dimethyl Butyric Acid,0,3,0.6563254539884755
80,7,33 Dimethyl Butyric Acid,0,4,0.6598396970094096
80,7,33 Dimethyl Butyric Acid,0,5,0.6600581324605775
80,7,33 Dimethyl Butyric Acid,0,6,0.6712178573222694
80,7,33 Dimethyl Butyric Acid,0,7,0.6655268272580483
80,7,33 Dimethyl Butyric Acid,0,8,0.6650750280649649
80,7,33 Dimethyl Butyric Acid,0,9,0.6688757338944243
80,7,33 Dimethyl Butyric Acid,0,10,0.6591683316887801
80,7,33 Dimethyl Butyric Acid,0,11,0.6759687406403503
80,7,33 Dimethyl Butyric Acid,0,12,0.6642648364560106
80,7,33 Dimethyl Butyric Acid,0,13,0.6569443404651969
80,7,33 Dimethyl Butyric Acid,0,14,0.6623116970982262
80,7,33 Dimethyl Butyric Acid,1,0,0.6545372038407969
80,7,33 Dimethyl Butyric Acid,1,1,0.6403355706022357
80,7,33 Dimethyl Butyric Acid,1,2,0.6521171965254281
80,7,33 Dimethyl Butyric Acid,1,3,0.6386197600950654
80,7,33 Dimethyl Butyric Acid,1,4,0.6374171899827097
80,7,33 Dimethyl Butyric Acid,1,5,0.649632141611101
80,7,33 Dimethyl Butyric Acid,1,6,0.636488947763627
80,7,33 Dimethyl Butyric Acid,1,7,0.6510286147858859
80,7,33 Dimethyl Butyric Acid,1,8,0.6469927263658455
80,7,33 Dimethyl Butyric Acid,1,9,0.6364921927132208
80,7,33 Dimethyl Butyric Acid,1,10,0.6433668895246399
80,7,33 Dimethyl Butyric Acid,1,11,0.6392760027938909
80,7,33 Dimethyl Butyric Acid,1,12,0.6469700197824465
80,7,33 Dimethyl Butyric Acid,1,13,0.6601582225544995
80,7,33 Dimethyl Butyric Acid,1,14,0.640802117980889
80,8,2 Methyl Butyraldehyde,0,0,0.37080599178861623
80,8,2 Methyl Butyraldehyde,0,1,0.36108195901109297
80,8,2 Methyl Butyraldehyde,0,2,0.3610746480999668
80,8,2 Methyl Butyraldehyde,0,3,0.3574613177420856
80,8,2 Methyl Butyraldehyde,0,4,0.3442458760609688
80,8,2 Methyl Butyraldehyde,0,5,0.3670137062917712
80,8,2 Methyl Butyraldehyde,0,6,0.3551028056814232
80,8,2 Methyl Butyraldehyde,0,7,0.3433412656431656
80,8,2 Methyl Butyraldehyde,0,8,0.37997753951880553
80,8,2 Methyl Butyraldehyde,0,9,0.3625056002604789
80,8,2 Methyl Butyraldehyde,0,10,0.35626057369422526
80,8,2 Methyl Butyraldehyde,0,11,0.38619917452931557
80,8,2 Methyl Butyraldehyde,0,12,0.3255616115408364
80,8,2 Methyl Butyraldehyde,0,13,0.38491553523759303
80,8,2 Methyl Butyraldehyde,0,14,0.3438111507021984
80,8,2 Methyl Butyraldehyde,1,0,0.34352030865382865
80,8,2 Methyl Butyraldehyde,1,1,0.32825473507970876
80,8,2 Methyl Butyraldehyde,1,2,0.3218602459749626
80,8,2 Methyl Butyraldehyde,1,3,0.3645660113696647
80,8,2 Methyl Butyraldehyde,1,4,0.3749199602508472
80,8,2 Methyl Butyraldehyde,1,5,0.3352582618638815
80,8,2 Methyl Butyraldehyde,1,6,0.34588656300009046
80,8,2 Methyl Butyraldehyde,1,7,0.3405698680158418
80,8,2 Methyl Butyraldehyde,1,8,0.3725199602152561
80,8,2 Methyl Butyraldehyde,1,9,0.29913838810288457
80,8,2 Methyl Butyraldehyde,1,10,0.3466817041178926
80,8,2 Methyl Butyraldehyde,1,11,0.3255998081389503
80,8,2 Methyl Butyraldehyde,1,12,0.2945026881766525
80,8,2 Methyl Butyraldehyde,1,13,0.3325987169176571
80,8,2 Methyl Butyraldehyde,1,14,0.374764024319337
80,9,m Anisaldehyde,0,0,0.49472186043690924
80,9,m Anisaldehyde,0,1,0.5084501985644443
80,9,m Anisaldehyde,0,2,0.5123206879805371
80,9,m Anisaldehyde,0,3,0.5008264148993018
80,9,m Anisaldehyde,0,4,0.5020898534462321
80,9,m Anisaldehyde,0,5,0.48466151690777753
80,9,m Anisaldehyde,0,6,0.4941514525222159
80,9,m Anisaldehyde,0,7,0.509553180930252
80,9,m Anisaldehyde,0,8,0.5015226541364417
80,9,m Anisaldehyde,0,9,0.5044324699987134
80,9,m Anisaldehyde,0,10,0.5022103780853496
80,9,m Anisaldehyde,0,11,0.5217460788944093
80,9,m Anisaldehyde,0,12,0.49686183268590606
80,9,m Anisaldehyde,0,13,0.5161800866235069
80,9,m Anisaldehyde,0,14,0.5022136577710249
80,9,m Anisaldehyde,1,0,0.5044996621898192
80,9,m Anisaldehyde,1,1,0.47680057268610293
80,9,m Anisaldehyde,1,2,0.49017608054561285
80,9,m Anisaldehyde,1,3,0.4846884163374385
80,9,m Anisaldehyde,1,4,0.48974738393528194
80,9,m Anisaldehyde,1,5,0.5000226951400631
80,9,m Anisaldehyde,1,6,0.49201837480178195
80,9,m Anisaldehyde,1,7,0.5000037787996845
80,9,m Anisaldehyde,1,8,0.48206447526841883
80,9,m Anisaldehyde,1,9,0.4806163783755711
80,9,m Anisaldehyde,1,10,0.48857679346509797
80,9,m Anisaldehyde,1,11,0.48805722031900495
80,9,m Anisaldehyde,1,12,0.4866604207915261
80,9,m Anisaldehyde,1,13,0.4793278437637595
80,9,m Anisaldehyde,1,14,0.4997975796978146
82,0,"2,3 Pentanedione",0,0,0.24637487670384378
82,0,"2,3 Pentanedione",0,1,0.291097759774998
82,0,"2,3 Pentanedione",0,2,0.2557643908497824
82,0,"2,3 Pentanedione",0,3,0.2716565299900321
82,0,"2,3 Pentanedione",0,4,0.2693885477937731
82,0,"2,3 Pentanedione",0,5,0.23483893821090968
82,0,"2,3 Pentanedione",0,6,0.2646258797584932
82,0,"2,3 Pentanedione",0,7,0.30365413033135863
82,0,"2,3 Pentanedione",0,8,0.2617361130471899
82,0,"2,3 Pentanedione",0,9,0.27797772520867287
82,0,"2,3 Pentanedione",0,10,0.2727776028344856
82,0,"2,3 Pentanedione",0,11,0.2631220481788057
82,0,"2,3 Pentanedione",0,12,0.26010777466279966
82,0,"2,3 Pentanedione",0,13,0.26912869569771347
82,0,"2,3 Pentanedione",0,14,0.27452787038157134
82,0,"2,3 Pentanedione",1,0,0.22273090912758278
82,0,"2,3 Pentanedione",1,1,0.26271758278127094
82,0,"2,3 Pentanedione",1,2,0.25193306353517664
82,0,"2,3 Pentanedione",1,3,0.24674683946256687
82,0,"2,3 Pentanedione",1,4,0.2889341200295739
82,0,"2,3 Pentanedione",1,5,0.23820635435226326
82,0,"2,3 Pentanedione",1,6,0.22166578404610954
82,0,"2,3 Pentanedione",1,7,0.27642791618850593
82,0,"2,3 Pentanedione",1,8,0.22102516414001236
82,0,"2,3 Pentanedione",1,9,0.2083364336048955
82,0,"2,3 Pentanedione",1,10,0.2792417028036087
82,0,"2,3 Pentanedione",1,11,0.2605030668179218
82,0,"2,3 Pentanedione",1,12,0.268353001238079
82,0,"2,3 Pentanedione",1,13,0.24547432118436904
82,0,"2,3 Pentanedione",1,14,0.22192485726363412
82,1,3 Methylvaleric Acid,0,0,0.6586578554336363
82,1,3 Methylvaleric Acid,0,1,0.6677018556995888
82,1,3 Methylvaleric Acid,0,2,0.6578004196241298
82,1,3 Methylvaleric Acid,0,3,0.6734359545595388
82,1,3 Methylvaleric Acid,0,4,0.6658183219747464
82,1,3 Methylvaleric Acid,0,5,0.672228070860254
82,1,3 Methylvaleric Acid,0,6,0.671932200843373
82,1,3 Methylvaleric Acid,0,7,0.6742253919839561
82,1,3 Methylvaleric Acid,0,8,0.6753408765691725
82,1,3 Methylvaleric Acid,0,9,0.6669919588602975
82,1,3 Methylvaleric Acid,0,10,0.6722175104585223
82,1,3 Methylvaleric Acid,0,11,0.6727326597013871
82,1,3 Methylvaleric Acid,0,12,0.64635198254452
82,1,3 Methylvaleric Acid,0,13,0.6767965041543026
82,1,3 Methylvaleric Acid,0,14,0.6718806656667891
82,1,3 Methylvaleric Acid,1,0,0.6777318765727092
82,1,3 Methylvaleric Acid,1,1,0.6594093034606462
82,1,3 Methylvaleric Acid,1,2,0.6690222383828568
82,1,3 Methylvaleric Acid,1,3,0.6613427802376511
82,1,3 Methylvaleric Acid,1,4,0.6795192233003342
82,1,3 Methylvaleric Acid,1,5,0.6582384819474192
82,1,3 Methylvaleric Acid,1,6,0.6629551284413608
82,1,3 Methylvaleric Acid,1,7,0.6774375229548191
82,1,3 Methylvaleric Acid,1,8,0.6659177988133994
82,1,3 Methylvaleric Acid,1,9,0.6629577431000553
82,1,3 Methylvaleric Acid,1,10,0.6811240814690072
82,1,3 Methylvaleric Acid,1,11,0.6815298775513781
82,1,3 Methylvaleric Acid,1,12,0.6792961898468389
82,1,3 Methylvaleric Acid,1,13,0.6805498244493448
82,1,3 Methylvaleric Acid,1,14,0.6698557005379644
82,2,Acetic Acid,0,0,0.3516906789034639
82,2,Acetic Acid,0,1,0.3442718544108561
82,2,Acetic Acid,0,2,0.3579190114311853
82,2,Acetic Acid,0,3,0.34628231604914333
82,2,Acetic Acid,0,4,0.34786870030942213
82,2,Acetic Acid,0,5,0.36514852063584546
82,2,Acetic Acid,0,6,0.37492855924386775
82,2,Acetic Acid,0,7,0.361775414534056
82,2,Acetic Acid,0,8,0.38512911173128994
82,2,Acetic Acid,0,9,0.3433110738455448
82,2,Acetic Acid,0,10,0.32436691006350205
82,2,Acetic Acid,0,11,0.3670677208721316
82,2,Acetic Acid,0,12,0.34220168391450034
82,2,Acetic Acid,0,13,0.35053476265727296
82,2,Acetic Acid,0,14,0.3255074171963727
82,2,Acetic Acid,1,0,0.35047645958504026
82,2,Acetic Acid,1,1,0.3403889815044211
82,2,Acetic Acid,1,2,0.3582535831051506
82,2,Acetic Acid,1,3,0.3589185643433857
82,2,Acetic Acid,1,4,0.3670236457161916
82,2,Acetic Acid,1,5,0.3862572681420694
82,2,Acetic Acid,1,6,0.37684227731121134
82,2,Acetic Acid,1,7,0.3383825469065321
82,2,Acetic Acid,1,8,0.37568984788494614
82,2,Acetic Acid,1,9,0.3673882280074561
82,2,Acetic Acid,1,10,0.36388228297374514
82,2,Acetic Acid,1,11,0.3651390315654156
82,2,Acetic Acid,1,12,0.36894058028127374
82,2,Acetic Acid,1,13,0.3539446374878495
82,2,Acetic Acid,1,14,0.3624683293868572
82,3,Gerinol,0,0,0.24102489775169203
82,3,Gerinol,0,1,0.2088171803287234
82,3,Gerinol,0,2,0.2032557370816996
82,3,Gerinol,0,3,0.21977345416393174
82,3,Gerinol,0,4,0.20153810443144926
82,3,Gerinol,0,5,0.19143454830470874
82,3,Gerinol,0,6,0.21494940922393257
82,3,Gerinol,0,7,0.24554053752956767
82,3,Gerinol,0,8,0.22016760890015571
82,3,Gerinol,0,9,0.22387284463046236
82,3,Gerinol,0,10,0.1844846636114979
82,3,Gerinol,0,11,0.2283008892348176
82,3,Gerinol,0,12,0.22241909209703467
82,3,Gerinol,0,13,0.20948238841854294
82,3,Gerinol,0,14,0.2238979812867566
82,3,Gerinol,1,0,0.21270727565151423
82,3,Gerinol,1,1,0.19172943122791758
82,3,Gerinol,1,2,0.21546651824711874
82,3,Gerinol,1,3,0.23022872049430107
82,3,Gerinol,1,4,0.2059160908738332
82,3,Gerinol,1,5,0.19500324830498206
82,3,Gerinol,1,6,0.20677528535307999
82,3,Gerinol,1,7,0.22438509474697316
82,3,Gerinol,1,8,0.18888320015603374
82,3,Gerinol,1,9,0.219675439127617
82,3,Gerinol,1,10,0.1982375875212409
82,3,Gerinol,1,11,0.21393463831273773
82,3,Gerinol,1,12,0.20017708786524274
82,3,Gerinol,1,13,0.20013126862272615
82,3,Gerinol,1,14,0.23578977649970934
82,4,n Methyl Piperdine,0,0,0.4521044620729903
82,4,n Methyl Piperdine,0,1,0.4672600842176226
82,4,n Methyl Piperdine,0,2,0.47722775008462853
82,4,n Methyl Piperdine,0,3,0.46886133020904086
82,4,n Methyl Piperdine,0,4,0.4527283786449448
82,4,n Methyl Piperdine,0,5,0.453124510725935
82,4,n Methyl Piperdine,0,6,0.45736415178408707
82,4,n Methyl Piperdine,0,7,0.46464041808941725
82,4,n Methyl Piperdine,0,8,0.46518469634997067
82,4,n Methyl Piperdine,0,9,0.45320358236286074
82,4,n Methyl Piperdine,0,10,0.4563950951296825
82,4,n Methyl Piperdine,0,11,0.4568852949014181
82,4,n Methyl Piperdine,0,12,0.4619311803323391
82,4,n Methyl Piperdine,0,13,0.47925471845558687
82,4,n Methyl Piperdine,0,14,0.4559116582722707
82,4,n Methyl Piperdine,1,0,0.4414984448086375
82,4,n Methyl Piperdine,1,1,0.440248985112573
82,4,n Methyl Piperdine,1,2,0.45439846404366163
82,4,n Methyl Piperdine,1,3,0.44898337470288296
82,4,n Methyl Piperdine,1,4,0.4421442950883641
82,4,n Methyl Piperdine,1,5,0.4464117428034971
82,4,n Methyl Piperdine,1,6,0.44298202506606216
82,4,n Methyl Piperdine,1,7,0.4516812377232377
82,4,n Methyl Piperdine,1,8,0.47078912032809445
82,4,n Methyl Piperdine,1,9,0.4537210227192617
82,4,n Methyl Piperdine,1,10,0.44857019935286485
82,4,n Methyl Piperdine,1,11,0.44399430357382014
82,4,n Methyl Piperdine,1,12,0.43856690681864496
82,4,n Methyl Piperdine,1,13,0.45518362532494805
82,4,n Methyl Piperdine,1,14,0.4547489409006543
82,5,"2,4 Dimethyl Acetophenone",0,0,0.46335452768860497
82,5,"2,4 Dimethyl Acetophenone",0,1,0.48703652403663594
82,5,"2,4 Dimethyl Acetophenone",0,2,0.4702247290902445
82,5,"2,4 Dimethyl Acetophenone",0,3,0.48085212858654797
82,5,"2,4 Dimethyl Acetophenone",0,4,0.4741038205405552
82,5,"2,4 Dimethyl Acetophenone",0,5,0.4674292736145065
82,5,"2,4 Dimethyl Acetophenone",0,6,0.45646210737063814
82,5,"2,4 Dimethyl Acetophenone",0,7,0.46787486050569604
82,5,"2,4 Dimethyl Acetophenone",0,8,0.4818009953058462
82,5,"2,4 Dimethyl Acetophenone",0,9,0.4627617975293936
82,5,"2,4 Dimethyl Acetophenone",0,10,0.47612796428266724
82,5,"2,4 Dimethyl Acetophenone",0,11,0.4546592550048618
82,5,"2,4 Dimethyl Acetophenone",0,12,0.4809268309494178
82,5,"2,4 Dimethyl Acetophenone",0,13,0.47433993522928597
82,5,"2,4 Dimethyl Acetophenone",0,14,0.45297592970140926
82,5,"2,4 Dimethyl Acetophenone",1,0,0.4676311626604865
82,5,"2,4 Dimethyl Acetophenone",1,1,0.48392443490541837
82,5,"2,4 Dimethyl Acetophenone",1,2,0.4530361987594683
82,5,"2,4 Dimethyl Acetophenone",1,3,0.45568837907235865
82,5,"2,4 Dimethyl Acetophenone",1,4,0.469810040999254
82,5,"2,4 Dimethyl Acetophenone",1,5,0.5008724863033748
82,5,"2,4 Dimethyl Acetophenone",1,6,0.46130589211957934
82,5,"2,4 Dimethyl Acetophenone",1,7,0.4777739716313472
82,5,"2,4 Dimethyl Acetophenone",1,8,0.47445824262475883
82,5,"2,4 Dimethyl Acetophenone",1,9,0.462477109599662
82,5,"2,4 Dimethyl Acetophenone",1,10,0.4730621979116702
82,5,"2,4 Dimethyl Acetophenone",1,11,0.4644750370774248
82,5,"2,4 Dimethyl Acetophenone",1,12,0.4657445635105783
82,5,"2,4 Dimethyl Acetophenone",1,13,0.44736415356553216
82,5,"2,4 Dimethyl Acetophenone",1,14,0.4704454498227752
82,6,4 Heptanone,0,0,0.5800388464446914
82,6,4 Heptanone,0,1,0.560682510587513
82,6,4 Heptanone,0,2,0.5844409144484531
82,6,4 Heptanone,0,3,0.5727079928347588
82,6,4 Heptanone,0,4,0.5579925487171202
82,6,4 Heptanone,0,5,0.5449210764978959
82,6,4 Heptanone,0,6,0.5481789584433114
82,6,4 Heptanone,0,7,0.5255436474951097
82,6,4 Heptanone,0,8,0.5532196828670691
82,6,4 Heptanone,0,9,0.5627194764318025
82,6,4 Heptanone,0,10,0.5988124199422761
82,6,4 Heptanone,0,11,0.5715119539524232
82,6,4 Heptanone,0,12,0.5394722918574031
82,6,4 Heptanone,0,13,0.5262598432444655
82,6,4 Heptanone,0,14,0.5546116539274394
82,6,4 Heptanone,1,0,0.5894954570773692
82,6,4 Heptanone,1,1,0.5657531791898734
82,6,4 Heptanone,1,2,0.5832911589304071
82,6,4 Heptanone,1,3,0.5666613747303577
82,6,4 Heptanone,1,4,0.5873161124545211
82,6,4 Heptanone,1,5,0.5340937275781518
82,6,4 Heptanone,1,6,0.6077191599040538
82,6,4 Heptanone,1,7,0.545242378196072
82,6,4 Heptanone,1,8,0.5890807617034595
82,6,4 Heptanone,1,9,0.5645672469396987
82,6,4 Heptanone,1,10,0.5681630614875616
82,6,4 Heptanone,1,11,0.5652820603099101
82,6,4 Heptanone,1,12,0.5767051163436782
82,6,4 Heptanone,1,13,0.5813487903018066
82,6,4 Heptanone,1,14,0.595166597161346
82,7,33 Dimethyl Butyric Acid,0,0,0.6796780810531224
82,7,33 Dimethyl Butyric Acid,0,1,0.6704553194938174
82,7,33 Dimethyl Butyric Acid,0,2,0.6822982468759121
82,7,33 Dimethyl Butyric Acid,0,3,0.6684083057819434
82,7,33 Dimethyl Butyric Acid,0,4,0.6768455154496003
82,7,33 Dimethyl Butyric Acid,0,5,0.671285767976156
82,7,33 Dimethyl Butyric Acid,0,6,0.6629046383628835
82,7,33 Dimethyl Butyric Acid,0,7,0.6691647365231186
82,7,33 Dimethyl Butyric Acid,0,8,0.6719238476046177
82,7,33 Dimethyl Butyric Acid,0,9,0.6673355523593989
82,7,33 Dimethyl Butyric Acid,0,10,0.6711498155749575
82,7,33 Dimethyl Butyric Acid,0,11,0.6750279430729894
82,7,33 Dimethyl Butyric Acid,0,12,0.6674111853912459
82,7,33 Dimethyl Butyric Acid,0,13,0.6423814252378385
82,7,33 Dimethyl Butyric Acid,0,14,0.6819948223201168
82,7,33 Dimethyl Butyric Acid,1,0,0.648421835436003
82,7,33 Dimethyl Butyric Acid,1,1,0.6439165113829566
82,7,33 Dimethyl Butyric Acid,1,2,0.641338299718236
82,7,33 Dimethyl Butyric Acid,1,3,0.6480888399624324
82,7,33 Dimethyl Butyric Acid,1,4,0.6461493587672703
82,7,33 Dimethyl Butyric Acid,1,5,0.6446558798520808
82,7,33 Dimethyl Butyric Acid,1,6,0.6451262466900899
82,7,33 Dimethyl Butyric Acid,1,7,0.6555123593016123
82,7,33 Dimethyl Butyric Acid,1,8,0.668373166457385
82,7,33 Dimethyl Butyric Acid,1,9,0.6580048565623824
82,7,33 Dimethyl Butyric Acid,1,10,0.6605933227237278
82,7,33 Dimethyl Butyric Acid,1,11,0.6477377640416572
82,7,33 Dimethyl Butyric Acid,1,12,0.6518693071147851
82,7,33 Dimethyl Butyric Acid,1,13,0.6546273838912673
82,7,33 Dimethyl Butyric Acid,1,14,0.6453196650203948
82,8,2 Methyl Butyraldehyde,0,0,0.3587521681869273
82,8,2 Methyl Butyraldehyde,0,1,0.3831948021329775
82,8,2 Methyl Butyraldehyde,0,2,0.38769547141641475
82,8,2 Methyl Butyraldehyde,0,3,0.36816700690550885
82,8,2 Methyl Butyraldehyde,0,4,0.34406257262966583
82,8,2 Methyl Butyraldehyde,0,5,0.3612367126539454
82,8,2 Methyl Butyraldehyde,0,6,0.3393627176740682
82,8,2 Methyl Butyraldehyde,0,7,0.36831577134114757
82,8,2 Methyl Butyraldehyde,0,8,0.37175609127275216
82,8,2 Methyl Butyraldehyde,0,9,0.36171174151684343
82,8,2 Methyl Butyraldehyde,0,10,0.3714946911901338
82,8,2 Methyl Butyraldehyde,0,11,0.3748393491269125
82,8,2 Methyl Butyraldehyde,0,12,0.37178394461375
82,8,2 Methyl Butyraldehyde,0,13,0.3439408997260222
82,8,2 Methyl Butyraldehyde,0,14,0.3620448154154748
82,8,2 Methyl Butyraldehyde,1,0,0.3357735989219039
82,8,2 Methyl Butyraldehyde,1,1,0.35808917579848965
82,8,2 Methyl Butyraldehyde,1,2,0.32275754223222247
82,8,2 Methyl Butyraldehyde,1,3,0.3384654616610924
82,8,2 Methyl Butyraldehyde,1,4,0.3447143663316057
82,8,2 Methyl Butyraldehyde,1,5,0.32419510261118184
82,8,2 Methyl Butyraldehyde,1,6,0.3498739829718786
82,8,2 Methyl Butyraldehyde,1,7,0.350900463605753
82,8,2 Methyl Butyraldehyde,1,8,0.35430279509203544
82,8,2 Methyl Butyraldehyde,1,9,0.3367012443747755
82,8,2 Methyl Butyraldehyde,1,10,0.37300783941523974
82,8,2 Methyl Butyraldehyde,1,11,0.31620230039052993
82,8,2 Methyl Butyraldehyde,1,12,0.3685010824557026
82,8,2 Methyl Butyraldehyde,1,13,0.34261710767344355
82,8,2 Methyl Butyraldehyde,1,14,0.35353918066160206
82,9,m Anisaldehyde,0,0,0.504335388267284
82,9,m Anisaldehyde,0,1,0.5153850553766225
82,9,m Anisaldehyde,0,2,0.5209121968774515
82,9,m Anisaldehyde,0,3,0.4970545383829754
82,9,m Anisaldehyde,0,4,0.5058223707333617
82,9,m Anisaldehyde,0,5,0.4870544921960367
82,9,m Anisaldehyde,0,6,0.5056799772506081
82,9,m Anisaldehyde,0,7,0.4996292915563393
82,9,m Anisaldehyde,0,8,0.5053057945378395
82,9,m Anisaldehyde,0,9,0.535113587561814
82,9,m Anisaldehyde,0,10,0.5236717787149264
82,9,m Anisaldehyde,0,11,0.49371368527727094
82,9,m Anisaldehyde,0,12,0.5126453327597783
82,9,m Anisaldehyde,0,13,0.5149529073206209
82,9,m Anisaldehyde,0,14,0.504165927070091
82,9,m Anisaldehyde,1,0,0.49718502835891903
82,9,m Anisaldehyde,1,1,0.49811182983288704
82,9,m Anisaldehyde,1,2,0.4827155849921788
82,9,m Anisaldehyde,1,3,0.48570719004593194
82,9,m Anisaldehyde,1,4,0.4971279930951625
82,9,m Anisaldehyde,1,5,0.49643632463460813
82,9,m Anisaldehyde,1,6,0.48876981414093823
82,9,m Anisaldehyde,1,7,0.4879555594136271
82,9,m Anisaldehyde,1,8,0.49464124236413065
82,9,m Anisaldehyde,1,9,0.5039015158732534
82,9,m Anisaldehyde,1,10,0.4947673797134413
82,9,m Anisaldehyde,1,11,0.5108906746366819
82,9,m Anisaldehyde,1,12,0.48889072028585184
82,9,m Anisaldehyde,1,13,0.4973254814408986
82,9,m Anisaldehyde,1,14,0.49213133728846703
84,0,"2,3 Pentanedione",0,0,0.27633825917361377
84,0,"2,3 Pentanedione",0,1,0.2420995384576561
84,0,"2,3 Pentanedione",0,2,0.3098241793631299
84,0,"2,3 Pentanedione",0,3,0.21937392543638587
84,0,"2,3 Pentanedione",0,4,0.3045262415052922
84,0,"2,3 Pentanedione",0,5,0.26388894724100687
84,0,"2,3 Pentanedione",0,6,0.2754498500569589
84,0,"2,3 Pentanedione",0,7,0.29500235809058495
84,0,"2,3 Pentanedione",0,8,0.28308077289243777
84,0,"2,3 Pentanedione",0,9,0.24338856331845948
84,0,"2,3 Pentanedione",0,10,0.2766414743948511
84,0,"2,3 Pentanedione",0,11,0.30832608482915147
84,0,"2,3 Pentanedione",0,12,0.23945694270926546
84,0,"2,3 Pentanedione",0,13,0.3145999482931355
84,0,"2,3 Pentanedione",0,14,0.2712817976625001
84,0,"2,3 Pentanedione",1,0,0.25361189751847557
84,0,"2,3 Pentanedione",1,1,0.24211035720127563
84,0,"2,3 Pentanedione",1,2,0.2588604149562751
84,0,"2,3 Pentanedione",1,3,0.2155606335397196
84,0,"2,3 Pentanedione",1,4,0.2540614800900123
84,0,"2,3 Pentanedione",1,5,0.2578694107200917
84,0,"2,3 Pentanedione",1,6,0.2375822505886715
84,0,"2,3 Pentanedione",1,7,0.283138721689091
84,0,"2,3 Pentanedione",1,8,0.2589734346217473
84,0,"2,3 Pentanedione",1,9,0.24854772820112128
84,0,"2,3 Pentanedione",1,10,0.2563092434397684
84,0,"2,3 Pentanedione",1,11,0.27332027864937813
84,0,"2,3 Pentanedione",1,12,0.26627312207815684
84,0,"2,3 Pentanedione",1,13,0.24691821461429256
84,0,"2,3 Pentanedione",1,14,0.2675839286674931
84,1,3 Methylvaleric Acid,0,0,0.6596883360359409
84,1,3 Methylvaleric Acid,0,1,0.6489100747250452
84,1,3 Methylvaleric Acid,0,2,0.6573339937416285
84,1,3 Methylvaleric Acid,0,3,0.6659250472436931
84,1,3 Methylvaleric Acid,0,4,0.6658537720496759
84,1,3 Methylvaleric Acid,0,5,0.6579135033939244
84,1,3 Methylvaleric Acid,0,6,0.666889582587714
84,1,3 Methylvaleric Acid,0,7,0.65048910233428
84,1,3 Methylvaleric Acid,0,8,0.6507956610373725
84,1,3 Methylvaleric Acid,0,9,0.657702740667632
84,1,3 Methylvaleric Acid,0,10,0.6750148769120918
84,1,3 Methylvaleric Acid,0,11,0.6618060732268839
84,1,3 Methylvaleric Acid,0,12,0.6574640597313655
84,1,3 Methylvaleric Acid,0,13,0.6754759066162698
84,1,3 Methylvaleric Acid,0,14,0.6573494986306978
84,1,3 Methylvaleric Acid,1,0,0.6856845328171904
84,1,3 Methylvaleric Acid,1,1,0.6585008435385301
84,1,3 Methylvaleric Acid,1,2,0.6535467733304997
84,1,3 Methylvaleric Acid,1,3,0.6619153276862777
84,1,3 Methylvaleric Acid,1,4,0.6610964334689475
84,1,3 Methylvaleric Acid,1,5,0.6555663208568605
84,1,3 Methylvaleric Acid,1,6,0.6893199666954555
84,1,3 Methylvaleric Acid,1,7,0.666716383512088
84,1,3 Methylvaleric Acid,1,8,0.668157951959986
84,1,3 Methylvaleric Acid,1,9,0.6589899080258882
84,1,3 Methylvaleric Acid,1,10,0.657843664826681
84,1,3 Methylvaleric Acid,1,11,0.6737145261078132
84,1,3 Methylvaleric Acid,1,12,0.6469725071050585
84,1,3 Methylvaleric Acid,1,13,0.6522486188997975
84,1,3 Methylvaleric Acid,1,14,0.6611140122347116
84,2,Acetic Acid,0,0,0.37433556394341455
84,2,Acetic Acid,0,1,0.3454697327113728
84,2,Acetic Acid,0,2,0.3586963071354606
84,2,Acetic Acid,0,3,0.35219863598014645
84,2,Acetic Acid,0,4,0.3734190365502558
84,2,Acetic Acid,0,5,0.3252249908080112
84,2,Acetic Acid,0,6,0.36404622607322146
84,2,Acetic Acid,0,7,0.3484075315867588
84,2,Acetic Acid,0,8,0.36720656120928413
84,2,Acetic Acid,0,9,0.33802954898130655
84,2,Acetic Acid,0,10,0.35214283675967933
84,2,Acetic Acid,0,11,0.3500200136920778
84,2,Acetic Acid,0,12,0.33496569665451775
84,2,Acetic Acid,0,13,0.330315592974009
84,2,Acetic Acid,0,14,0.3420254607389384
84,2,Acetic Acid,1,0,0.358312586224062
84,2,Acetic Acid,1,1,0.34347716636574493
84,2,Acetic Acid,1,2,0.3506174699247016
84,2,Acetic Acid,1,3,0.32459278862788554
84,2,Acetic Acid,1,4,0.34993869469687816
84,2,Acetic Acid,1,5,0.37326196230431047
84,2,Acetic Acid,1,6,0.367935552138543
84,2,Acetic Acid,1,7,0.3546849937410912
84,2,Acetic Acid,1,8,0.360214960096094
84,2,Acetic Acid,1,9,0.3422836296793987
84,2,Acetic Acid,1,10,0.38331322130456885
84,2,Acetic Acid,1,11,0.3907292943080265
84,2,Acetic Acid,1,12,0.35889627996305595
84,2,Acetic Acid,1,13,0.39947693516104155
84,2,Acetic Acid,1,14,0.344760729666143
84,3,Gerinol,0,0,0.19557866906921062
84,3,Gerinol,0,1,0.20481621035904943
84,3,Gerinol,0,2,0.21317816893112929
84,3,Gerinol,0,3,0.25636798088000545
84,3,Gerinol,0,4,0.21212606275280868
84,3,Gerinol,0,5,0.20225657734575186
84,3,Gerinol,0,6,0.20159457510175277
84,3,Gerinol,0,7,0.2363722302029743
84,3,Gerinol,0,8,0.23393733890157345
84,3,Gerinol,0,9,0.20864026236437627
84,3,Gerinol,0,10,0.1849208454150652
84,3,Gerinol,0,11,0.1976683453170419
84,3,Gerinol,0,12,0.24628820635711213
84,3,Gerinol,0,13,0.22867425656524756
84,3,Gerinol,0,14,0.21803960743187378
84,3,Gerinol,1,0,0.2408860067382377
84,3,Gerinol,1,1,0.24241281037156087
84,3,Gerinol,1,2,0.20838949019416297
84,3,Gerinol,1,3,0.2087028561088253
84,3,Gerinol,1,4,0.1990725900384952
84,3,Gerinol,1,5,0.20414714503041542
84,3,Gerinol,1,6,0.18364508345333425
84,3,Gerinol,1,7,0.18357579363226306
84,3,Gerinol,1,8,0.1796130916233457
84,3,Gerinol,1,9,0.22750205198111187
84,3,Gerinol,1,10,0.18236422253661458
84,3,Gerinol,1,11,0.24227011617389047
84,3,Gerinol,1,12,0.19654197449574382
84,3,Gerinol,1,13,0.23864282676599055
84,3,Gerinol,1,14,0.20277460386103563
84,4,n Methyl Piperdine,0,0,0.44746978832383305
84,4,n Methyl Piperdine,0,1,0.4702695136757206
84,4,n Methyl Piperdine,0,2,0.4712142075122627
84,4,n Methyl Piperdine,0,3,0.45275087448906076
84,4,n Methyl Piperdine,0,4,0.45734606435841724
84,4,n Methyl Piperdine,0,5,0.452752914998709
84,4,n Methyl Piperdine,0,6,0.4590350689355351
84,4,n Methyl Piperdine,0,7,0.4608619156707237
84,4,n Methyl Piperdine,0,8,0.4571882180182734
84,4,n Methyl Piperdine,0,9,0.44544815132807003
84,4,n Methyl Piperdine,0,10,0.4553522479704767
84,4,n Methyl Piperdine,0,11,0.4656274325996292
84,4,n Methyl Piperdine,0,12,0.4583280861504295
84,4,n Methyl Piperdine,0,13,0.4573797574707032
84,4,n Methyl Piperdine,0,14,0.45255307013095075
84,4,n Methyl Piperdine,1,0,0.4399404014511277
84,4,n Methyl Piperdine,1,1,0.45609239725736433
84,4,n Methyl Piperdine,1,2,0.4357025943502918
84,4,n Methyl Piperdine,1,3,0.4505873971781905
84,4,n Methyl Piperdine,1,4,0.4451972541719369
84,4,n Methyl Piperdine,1,5,0.4467792977096799
84,4,n Methyl Piperdine,1,6,0.4389619621565917
84,4,n Methyl Piperdine,1,7,0.4420065934763253
84,4,n Methyl Piperdine,1,8,0.44477505096333303
84,4,n Methyl Piperdine,1,9,0.4406554766878351
84,4,n Methyl Piperdine,1,10,0.44747226923700106
84,4,n Methyl Piperdine,1,11,0.44848032453369324
84,4,n Methyl Piperdine,1,12,0.46220246539366805
84,4,n Methyl Piperdine,1,13,0.44704633263960764
84,4,n Methyl Piperdine,1,14,0.429522871160558
84,5,"2,4 Dimethyl Acetophenone",0,0,0.4831639144835566
84,5,"2,4 Dimethyl Acetophenone",0,1,0.463889171603736
84,5,"2,4 Dimethyl Acetophenone",0,2,0.49513448536975885
84,5,"2,4 Dimethyl Acetophenone",0,3,0.48750574014264814
84,5,"2,4 Dimethyl Acetophenone",0,4,0.4596391252299875
84,5,"2,4 Dimethyl Acetophenone",0,5,0.47694365906400976
84,5,"2,4 Dimethyl Acetophenone",0,6,0.4583885240876428
84,5,"2,4 Dimethyl Acetophenone",0,7,0.46680192975832246
84,5,"2,4 Dimethyl Acetophenone",0,8,0.47629616201910885
84,5,"2,4 Dimethyl Acetophenone",0,9,0.4824585898806242
84,5,"2,4 Dimethyl Acetophenone",0,10,0.479387434577156
84,5,"2,4 Dimethyl Acetophenone",0,11,0.46782142742779914
84,5,"2,4 Dimethyl Acetophenone",0,12,0.5017831658903896
84,5,"2,4 Dimethyl Acetophenone",0,13,0.46161677154662556
84,5,"2,4 Dimethyl Acetophenone",0,14,0.4441005783549454
84,5,"2,4 Dimethyl Acetophenone",1,0,0.45303149359539735
84,5,"2,4 Dimethyl Acetophenone",1,1,0.4937656393372992
84,5,"2,4 Dimethyl Acetophenone",1,2,0.4718995115651956
84,5,"2,4 Dimethyl Acetophenone",1,3,0.47522330398563234
84,5,"2,4 Dimethyl Acetophenone",1,4,0.46533018645942825
84,5,"2,4 Dimethyl Acetophenone",1,5,0.4665967732028126
84,5,"2,4 Dimethyl Acetophenone",1,6,0.46188143564043077
84,5,"2,4 Dimethyl Acetophenone",1,7,0.4796241845450121
84,5,"2,4 Dimethyl Acetophenone",1,8,0.4716072366694361
84,5,"2,4 Dimethyl Acetophenone",1,9,0.4791144916527467
84,5,"2,4 Dimethyl Acetophenone",1,10,0.47776688534795375
84,5,"2,4 Dimethyl Acetophenone",1,11,0.4669750193716809
84,5,"2,4 Dimethyl Acetophenone",1,12,0.45241060037171327
84,5,"2,4 Dimethyl Acetophenone",1,13,0.4511828261077087
84,5,"2,4 Dimethyl Acetophenone",1,14,0.5156597327112409
84,6,4 Heptanone,0,0,0.5811348545721543
84,6,4 Heptanone,0,1,0.577961395890437
84,6,4 Heptanone,0,2,0.5316260805078818
84,6,4 Heptanone,0,3,0.5473591174620426
84,6,4 Heptanone,0,4,0.5283890309880279
84,6,4 Heptanone,0,5,0.5169656803145334
84,6,4 Heptanone,0,6,0.5336000398988805
84,6,4 Heptanone,0,7,0.5776394846378745
84,6,4 Heptanone,0,8,0.5664755401110216
84,6,4 Heptanone,0,9,0.5248316427825785
84,6,4 Heptanone,0,10,0.5399004035738858
84,6,4 Heptanone,0,11,0.5643684497343183
84,6,4 Heptanone,0,12,0.5340094460113888
84,6,4 Heptanone,0,13,0.5489707088687759
84,6,4 Heptanone,0,14,0.5563819423379316
84,6,4 Heptanone,1,0,0.5778192961854878
84,6,4 Heptanone,1,1,0.5746735669348362
84,6,4 Heptanone,1,2,0.5537953680509531
84,6,4 Heptanone,1,3,0.556157740760056
84,6,4 Heptanone,1,4,0.5427576094742876
84,6,4 Heptanone,1,5,0.5329218418592774
84,6,4 Heptanone,1,6,0.5661898872496831
84,6,4 Heptanone,1,7,0.5876008428419666
84,6,4 Heptanone,1,8,0.5370856534898664
84,6,4 Heptanone,1,9,0.5751065614819305
84,6,4 Heptanone,1,10,0.5868734655965708
84,6,4 Heptanone,1,11,0.5265883684256191
84,6,4 Heptanone,1,12,0.5626061173683163
84,6,4 Heptanone,1,13,0.6066877124904086
84,6,4 Heptanone,1,14,0.5815221500990073
84,7,33 Dimethyl Butyric Acid,0,0,0.6541746244463874
84,7,33 Dimethyl Butyric Acid,0,1,0.6758472345579185
84,7,33 Dimethyl Butyric Acid,0,2,0.663796703345178
84,7,33 Dimethyl Butyric Acid,0,3,0.6761297764872204
84,7,33 Dimethyl Butyric Acid,0,4,0.6642908256992939
84,7,33 Dimethyl Butyric Acid,0,5,0.6697505457570355
84,7,33 Dimethyl Butyric Acid,0,6,0.665598134565605
84,7,33 Dimethyl Butyric Acid,0,7,0.6702321137800344
84,7,33 Dimethyl Butyric Acid,0,8,0.6653432753219185
84,7,33 Dimethyl Butyric Acid,0,9,0.6682892555740059
84,7,33 Dimethyl Butyric Acid,0,10,0.6601297334746675
84,7,33 Dimethyl Butyric Acid,0,11,0.6744101635161021
84,7,33 Dimethyl Butyric Acid,0,12,0.6717073023636398
84,7,33 Dimethyl Butyric Acid,0,13,0.6563508441371598
84,7,33 Dimethyl Butyric Acid,0,14,0.6787146700515511
84,7,33 Dimethyl Butyric Acid,1,0,0.6434687956315632
84,7,33 Dimethyl Butyric Acid,1,1,0.6463659972206648
84,7,33 Dimethyl Butyric Acid,1,2,0.6515321832320288
84,7,33 Dimethyl Butyric Acid,1,3,0.647792783692975
84,7,33 Dimethyl Butyric Acid,1,4,0.654965811183973
84,7,33 Dimethyl Butyric Acid,1,5,0.6424660027332492
84,7,33 Dimethyl Butyric Acid,1,6,0.653845037387623
84,7,33 Dimethyl Butyric Acid,1,7,0.6460331448174064
84,7,33 Dimethyl Butyric Acid,1,8,0.6493302245177814
84,7,33 Dimethyl Butyric Acid,1,9,0.6484388742261057
84,7,33 Dimethyl Butyric Acid,1,10,0.655613103588792
84,7,33 Dimethyl Butyric Acid,1,11,0.651162379698569
84,7,33 Dimethyl Butyric Acid,1,12,0.6411834538795815
84,7,33 Dimethyl Butyric Acid,1,13,0.639483773522901
84,7,33 Dimethyl Butyric Acid,1,14,0.6445532315890665
84,8,2 Methyl Butyraldehyde,0,0,0.3489949601188725
84,8,2 Methyl Butyraldehyde,0,1,0.34341847980384627
84,8,2 Methyl Butyraldehyde,0,2,0.3228785845980288
84,8,2 Methyl Butyraldehyde,0,3,0.33392860696031773
84,8,2 Methyl Butyraldehyde,0,4,0.40141110022791165
84,8,2 Methyl Butyraldehyde,0,5,0.35097287275206396
84,8,2 Methyl Butyraldehyde,0,6,0.3998466187041101
84,8,2 Methyl Butyraldehyde,0,7,0.3712033805953372
84,8,2 Methyl Butyraldehyde,0,8,0.36255655341296383
84,8,2 Methyl Butyraldehyde,0,9,0.3348575592387954
84,8,2 Methyl Butyraldehyde,0,10,0.3635956504120759
84,8,2 Methyl Butyraldehyde,0,11,0.39963133163572484
84,8,2 Methyl Butyraldehyde,0,12,0.3932442932838051
84,8,2 Methyl Butyraldehyde,0,13,0.36874216871632803
84,8,2 Methyl Butyraldehyde,0,14,0.3415765953423623
84,8,2 Methyl Butyraldehyde,1,0,0.32020051212285905
84,8,2 Methyl Butyraldehyde,1,1,0.3221969877186084
84,8,2 Methyl Butyraldehyde,1,2,0.3628763553691632
84,8,2 Methyl Butyraldehyde,1,3,0.3696264870677033
84,8,2 Methyl Butyraldehyde,1,4,0.3422142390843658
84,8,2 Methyl Butyraldehyde,1,5,0.33268804038413324
84,8,2 Methyl Butyraldehyde,1,6,0.36804169440637285
84,8,2 Methyl Butyraldehyde,1,7,0.3197917953892973
84,8,2 Methyl Butyraldehyde,1,8,0.33946372150158033
84,8,2 Methyl Butyraldehyde,1,9,0.3473130934393755
84,8,2 Methyl Butyraldehyde,1,10,0.3220020860714843
84,8,2 Methyl Butyraldehyde,1,11,0.3263337104714059
84,8,2 Methyl Butyraldehyde,1,12,0.32484793795866657
84,8,2 Methyl Butyraldehyde,1,13,0.3655219153709276
84,8,2 Methyl Butyraldehyde,1,14,0.37502266784151245
84,9,m Anisaldehyde,0,0,0.5046913740260957
84,9,m Anisaldehyde,0,1,0.5010571103324479
84,9,m Anisaldehyde,0,2,0.49791045606163564
84,9,m Anisaldehyde,0,3,0.5036187164899678
84,9,m Anisaldehyde,0,4,0.498381277136976
84,9,m Anisaldehyde,0,5,0.5026814589683125
84,9,m Anisaldehyde,0,6,0.5075231736052577
84,9,m Anisaldehyde,0,7,0.4997562680925762
84,9,m Anisaldehyde,0,8,0.5018032089370356
84,9,m Anisaldehyde,0,9,0.5018424310642984
84,9,m Anisaldehyde,0,10,0.5005888936663678
84,9,m Anisaldehyde,0,11,0.4994133958530909
84,9,m Anisaldehyde,0,12,0.5108343735641956
84,9,m Anisaldehyde,0,13,0.48680022758951363
84,9,m Anisaldehyde,0,14,0.5185399584952506
84,9,m Anisaldehyde,1,0,0.49180702281838706
84,9,m Anisaldehyde,1,1,0.4963092809606719
84,9,m Anisaldehyde,1,2,0.49740104857421813
84,9,m Anisaldehyde,1,3,0.4838024940528265
84,9,m Anisaldehyde,1,4,0.48184498845672197
84,9,m Anisaldehyde,1,5,0.4807261732050117
84,9,m Anisaldehyde,1,6,0.4881766838661336
84,9,m Anisaldehyde,1,7,0.4971555475085979
84,9,m Anisaldehyde,1,8,0.4849819077666431
84,9,m Anisaldehyde,1,9,0.4962894882172421
84,9,m Anisaldehyde,1,10,0.46805262115169133
84,9,m Anisaldehyde,1,11,0.4868625117958598
84,9,m Anisaldehyde,1,12,0.5015956033162675
84,9,m Anisaldehyde,1,13,0.48889874024988306
84,9,m Anisaldehyde,1,14,0.4826535641768224
86,0,"2,3 Pentanedione",0,0,0.27246307103247547
86,0,"2,3 Pentanedione",0,1,0.21318358750921002
86,0,"2,3 Pentanedione",0,2,0.2635891023256174
86,0,"2,3 Pentanedione",0,3,0.3153151858987299
86,0,"2,3 Pentanedione",0,4,0.2743190824135096
86,0,"2,3 Pentanedione",0,5,0.27727054253588473
86,0,"2,3 Pentanedione",0,6,0.2305888469100052
86,0,"2,3 Pentanedione",0,7,0.24811320675810133
86,0,"2,3 Pentanedione",0,8,0.3186353810509092
86,0,"2,3 Pentanedione",0,9,0.30431650360245444
86,0,"2,3 Pentanedione",0,10,0.2564481757999296
86,0,"2,3 Pentanedione",0,11,0.2731198417965849
86,0,"2,3 Pentanedione",0,12,0.2881548430109458
86,0,"2,3 Pentanedione",0,13,0.25898095828199647
86,0,"2,3 Pentanedione",0,14,0.23878055449807536
86,0,"2,3 Pentanedione",1,0,0.2503681376500997
86,0,"2,3 Pentanedione",1,1,0.2686636113904166
86,0,"2,3 Pentanedione",1,2,0.26914483032933445
86,0,"2,3 Pentanedione",1,3,0.2762293319746393
86,0,"2,3 Pentanedione",1,4,0.21550946579159
86,0,"2,3 Pentanedione",1,5,0.25579594508175907
86,0,"2,3 Pentanedione",1,6,0.24763711323035756
86,0,"2,3 Pentanedione",1,7,0.25216788019865577
86,0,"2,3 Pentanedione",1,8,0.24905385649523215
86,0,"2,3 Pentanedione",1,9,0.2378371928208977
86,0,"2,3 Pentanedione",1,10,0.17890363598069547
86,0,"2,3 Pentanedione",1,11,0.2833941228503524
86,0,"2,3 Pentanedione",1,12,0.26259815147296284
86,0,"2,3 Pentanedione",1,13,0.2172411526476729
86,0,"2,3 Pentanedione",1,14,0.2661766886609045
86,1,3 Methylvaleric Acid,0,0,0.6542529120652402
86,1,3 Methylvaleric Acid,0,1,0.6545333844001773
86,1,3 Methylvaleric Acid,0,2,0.6510741440863043
86,1,3 Methylvaleric Acid,0,3,0.6639961701171944
86,1,3 Methylvaleric Acid,0,4,0.6507632167029368
86,1,3 Methylvaleric Acid,0,5,0.6478230092206211
86,1,3 Methylvaleric Acid,0,6,0.6698844264188019
86,1,3 Methylvaleric Acid,0,7,0.6569101206417916
86,1,3 Methylvaleric Acid,0,8,0.6572209099271715
86,1,3 Methylvaleric Acid,0,9,0.6655358471597602
86,1,3 Methylvaleric Acid,0,10,0.6520722715413024
86,1,3 Methylvaleric Acid,0,11,0.6540465274632614
86,1,3 Methylvaleric Acid,0,12,0.661707297289481
86,1,3 Methylvaleric Acid,0,13,0.6434223375124135
86,1,3 Methylvaleric Acid,0,14,0.6608696543877567
86,1,3 Methylvaleric Acid,1,0,0.655940038389523
86,1,3 Methylvaleric Acid,1,1,0.6718896617253279
86,1,3 Methylvaleric Acid,1,2,0.6688326605937642
86,1,3 Methylvaleric Acid,1,3,0.6675248124901381
86,1,3 Methylvaleric Acid,1,4,0.6475132717377712
86,1,3 Methylvaleric Acid,1,5,0.6623975225647465
86,1,3 Methylvaleric Acid,1,6,0.6517669303742577
86,1,3 Methylvaleric Acid,1,7,0.6630561389651695
86,1,3 Methylvaleric Acid,1,8,0.640501376609278
86,1,3 Methylvaleric Acid,1,9,0.6481678778054946
86,1,3 Methylvaleric Acid,1,10,0.6751916883097183
86,1,3 Methylvaleric Acid,1,11,0.6670744412247918
86,1,3 Methylvaleric Acid,1,12,0.6599185308655652
86,1,3 Methylvaleric Acid,1,13,0.6544251273036048
86,1,3 Methylvaleric Acid,1,14,0.6526876921066337
86,2,Acetic Acid,0,0,0.34498340030464736
86,2,Acetic Acid,0,1,0.3358867270043762
86,2,Acetic Acid,0,2,0.3675079708492411
86,2,Acetic Acid,0,3,0.3385443352730505
86,2,Acetic Acid,0,4,0.342617422706399
86,2,Acetic Acid,0,5,0.3184077638075801
86,2,Acetic Acid,0,6,0.3356012257854238
86,2,Acetic Acid,0,7,0.3445958991106415
86,2,Acetic Acid,0,8,0.33539903890057055
86,2,Acetic Acid,0,9,0.33351136545576743
86,2,Acetic Acid,0,10,0.34710378253555163
86,2,Acetic Acid,0,11,0.3669756097030163
86,2,Acetic Acid,0,12,0.34406022352755555
86,2,Acetic Acid,0,13,0.36077546684666834
86,2,Acetic Acid,0,14,0.35203350398796496
86,2,Acetic Acid,1,0,0.3675276162938039
86,2,Acetic Acid,1,1,0.33918857698849214
86,2,Acetic Acid,1,2,0.34592662691385123
86,2,Acetic Acid,1,3,0.3459961151832623
86,2,Acetic Acid,1,4,0.35852649406087106
86,2,Acetic Acid,1,5,0.36264393457792937
86,2,Acetic Acid,1,6,0.3514801639066318
86,2,Acetic Acid,1,7,0.3640540294324936
86,2,Acetic Acid,1,8,0.3399645788335117
86,2,Acetic Acid,1,9,0.36419908048574917
86,2,Acetic Acid,1,10,0.3663809898762668
86,2,Acetic Acid,1,11,0.3607215723388528
86,2,Acetic Acid,1,12,0.35163261920633426
86,2,Acetic Acid,1,13,0.36132089845965654
86,2,Acetic Acid,1,14,0.3344329676438386
86,3,Gerinol,0,0,0.2122213659873737
86,3,Gerinol,0,1,0.21396407310692392
86,3,Gerinol,0,2,0.18615489181394818
86,3,Gerinol,0,3,0.2169338716148102
86,3,Gerinol,0,4,0.18753162787286448
86,3,Gerinol,0,5,0.20153666022144462
86,3,Gerinol,0,6,0.20951553671371292
86,3,Gerinol,0,7,0.19637040989824228
86,3,Gerinol,0,8,0.21024561120293528
86,3,Gerinol,0,9,0.20997269238145524
86,3,Gerinol,0,10,0.19484442252695486
86,3,Gerinol,0,11,0.2185271621165664
86,3,Gerinol,0,12,0.19580024349647196
86,3,Gerinol,0,13,0.24787134765591043
86,3,Gerinol,0,14,0.20696942038535807
86,3,Gerinol,1,0,0.179017928895337
86,3,Gerinol,1,1,0.1822074437546611
86,3,Gerinol,1,2,0.21857926035805006
86,3,Gerinol,1,3,0.19202051719885488
86,3,Gerinol,1,4,0.17573428600394722
86,3,Gerinol,1,5,0.21356570846851453
86,3,Gerinol,1,6,0.19191095013233567
86,3,Gerinol,1,7,0.21014859092953156
86,3,Gerinol,1,8,0.21496217236942614
86,3,Gerinol,1,9,0.2036833845886085
86,3,Gerinol,1,10,0.23987643411823317
86,3,Gerinol,1,11,0.16957578249854915
86,3,Gerinol,1,12,0.18504618148135563
86,3,Gerinol,1,13,0.19463422517499343
86,3,Gerinol,1,14,0.23757779703262935
86,4,n Methyl Piperdine,0,0,0.4767484782195358
86,4,n Methyl Piperdine,0,1,0.4726739853978695
86,4,n Methyl Piperdine,0,2,0.45601146693275085
86,4,n Methyl Piperdine,0,3,0.4569443405405547
86,4,n Methyl Piperdine,0,4,0.4557359781775945
86,4,n Methyl Piperdine,0,5,0.45609704335439205
86,4,n Methyl Piperdine,0,6,0.4743060953169259
86,4,n Methyl Piperdine,0,7,0.46041432147155137
86,4,n Methyl Piperdine,0,8,0.4614724731415666
86,4,n Methyl Piperdine,0,9,0.4685595527541056
86,4,n Methyl Piperdine,0,10,0.44905623466644634
86,4,n Methyl Piperdine,0,11,0.4627856250288713
86,4,n Methyl Piperdine,0,12,0.4535894846293348
86,4,n Methyl Piperdine,0,13,0.46000913909425156
86,4,n Methyl Piperdine,0,14,0.45767309290704444
86,4,n Methyl Piperdine,1,0,0.4440225350130673
86,4,n Methyl Piperdine,1,1,0.4509310354349683
86,4,n Methyl Piperdine,1,2,0.4508960882004575
86,4,n Methyl Piperdine,1,3,0.44736781626744554
86,4,n Methyl Piperdine,1,4,0.4520918557252466
86,4,n Methyl Piperdine,1,5,0.442177464654489
86,4,n Methyl Piperdine,1,6,0.45457906793363284
86,4,n Methyl Piperdine,1,7,0.44747678880405656
86,4,n Methyl Piperdine,1,8,0.4452570724842142
86,4,n Methyl Piperdine,1,9,0.44276831048769355
86,4,n Methyl Piperdine,1,10,0.44719520129758394
86,4,n Methyl Piperdine,1,11,0.46409149503608477
86,4,n Methyl Piperdine,1,12,0.4486198708204967
86,4,n Methyl Piperdine,1,13,0.4399711526921699
86,4,n Methyl Piperdine,1,14,0.45647693351559776
86,5,"2,4 Dimethyl Acetophenone",0,0,0.4588865770328152
86,5,"2,4 Dimethyl Acetophenone",0,1,0.46954265328153943
86,5,"2,4 Dimethyl Acetophenone",0,2,0.4570007978935194
86,5,"2,4 Dimethyl Acetophenone",0,3,0.4836017205137318
86,5,"2,4 Dimethyl Acetophenone",0,4,0.45721091650375123
86,5,"2,4 Dimethyl Acetophenone",0,5,0.48525275111736155
86,5,"2,4 Dimethyl Acetophenone",0,6,0.4507455188770683
86,5,"2,4 Dimethyl Acetophenone",0,7,0.4614109972024181
86,5,"2,4 Dimethyl Acetophenone",0,8,0.4852828966996425
86,5,"2,4 Dimethyl Acetophenone",0,9,0.46791277277953336
86,5,"2,4 Dimethyl Acetophenone",0,10,0.4975716445819328
86,5,"2,4 Dimethyl Acetophenone",0,11,0.46174612468737125
86,5,"2,4 Dimethyl Acetophenone",0,12,0.4691659243177113
86,5,"2,4 Dimethyl Acetophenone",0,13,0.4924061513412851
86,5,"2,4 Dimethyl Acetophenone",0,14,0.4441932326066299
86,5,"2,4 Dimethyl Acetophenone",1,0,0.44390193270518624
86,5,"2,4 Dimethyl Acetophenone",1,1,0.4557785273927903
86,5,"2,4 Dimethyl Acetophenone",1,2,0.47846562827568007
86,5,"2,4 Dimethyl Acetophenone",1,3,0.4442953390997563
86,5,"2,4 Dimethyl Acetophenone",1,4,0.47541521218531346
86,5,"2,4 Dimethyl Acetophenone",1,5,0.474423302655067
86,5,"2,4 Dimethyl Acetophenone",1,6,0.49540137954287755
86,5,"2,4 Dimethyl Acetophenone",1,7,0.4817386821258564
86,5,"2,4 Dimethyl Acetophenone",1,8,0.4721296564781319
86,5,"2,4 Dimethyl Acetophenone",1,9,0.4861614856930995
86,5,"2,4 Dimethyl Acetophenone",1,10,0.4745952980901718
86,5,"2,4 Dimethyl Acetophenone",1,11,0.46050859702353963
86,5,"2,4 Dimethyl Acetophenone",1,12,0.4508558431657958
86,5,"2,4 Dimethyl Acetophenone",1,13,0.4589674020233026
86,5,"2,4 Dimethyl Acetophenone",1,14,0.4664310341071203
86,6,4 Heptanone,0,0,0.5687534672420257
86,6,4 Heptanone,0,1,0.5156240950911403
86,6,4 Heptanone,0,2,0.5596791041294998
86,6,4 Heptanone,0,3,0.5653857764097574
86,6,4 Heptanone,0,4,0.5773205102324381
86,6,4 Heptanone,0,5,0.6021409765360839
86,6,4 Heptanone,0,6,0.5689980496849878
86,6,4 Heptanone,0,7,0.5438107033023405
86,6,4 Heptanone,0,8,0.5229170062021489
86,6,4 Heptanone,0,9,0.5805280659734651
86,6,4 Heptanone,0,10,0.5447415429519531
86,6,4 Heptanone,0,11,0.58466363240768
86,6,4 Heptanone,0,12,0.5968657707895387
86,6,4 Heptanone,0,13,0.5292184541541837
86,6,4 Heptanone,0,14,0.57746666258449
86,6,4 Heptanone,1,0,0.6148195658793904
86,6,4 Heptanone,1,1,0.6085278121636438
86,6,4 Heptanone,1,2,0.5368806649400201
86,6,4 Heptanone,1,3,0.5654604095003334
86,6,4 Heptanone,1,4,0.5556512795663073
86,6,4 Heptanone,1,5,0.5971309715718274
86,6,4 Heptanone,1,6,0.5945978751524816
86,6,4 Heptanone,1,7,0.5230473238359739
86,6,4 Heptanone,1,8,0.5781739511753642
86,6,4 Heptanone,1,9,0.603506988258515
86,6,4 Heptanone,1,10,0.5884954480739005
86,6,4 Heptanone,1,11,0.5884561435300203
86,6,4 Heptanone,1,12,0.5766983778107104
86,6,4 Heptanone,1,13,0.5607392580603661
86,6,4 Heptanone,1,14,0.5847001127894127
86,7,33 Dimethyl Butyric Acid,0,0,0.6649465036119478
86,7,33 Dimethyl Butyric Acid,0,1,0.6697729772892582
86,7,33 Dimethyl Butyric Acid,0,2,0.6704692768474922
86,7,33 Dimethyl Butyric Acid,0,3,0.665235906088938
86,7,33 Dimethyl Butyric Acid,0,4,0.6738837668671155
86,7,33 Dimethyl Butyric Acid,0,5,0.6612868193298297
86,7,33 Dimethyl Butyric Acid,0,6,0.6521242851680695
86,7,33 Dimethyl Butyric Acid,0,7,0.6685885510110169
86,7,33 Dimethyl Butyric Acid,0,8,0.6655831596969249
86,7,33 Dimethyl Butyric Acid,0,9,0.6687589106239376
86,7,33 Dimethyl Butyric Acid,0,10,0.6536632861302192
86,7,33 Dimethyl Butyric Acid,0,11,0.6798477511811528
86,7,33 Dimethyl Butyric Acid,0,12,0.6705892827393424
86,7,33 Dimethyl Butyric Acid,0,13,0.6620318186758414
86,7,33 Dimethyl Butyric Acid,0,14,0.6564829078166319
86,7,33 Dimethyl Butyric Acid,1,0,0.6506310300942116
86,7,33 Dimethyl Butyric Acid,1,1,0.6319569490709787
86,7,33 Dimethyl Butyric Acid,1,2,0.6607801073891572
86,7,33 Dimethyl Butyric Acid,1,3,0.6361441088015756
86,7,33 Dimethyl Butyric Acid,1,4,0.6561447644740883
86,7,33 Dimethyl Butyric Acid,1,5,0.6398184743551611
86,7,33 Dimethyl Butyric Acid,1,6,0.6549469885865725
86,7,33 Dimethyl Butyric Acid,1,7,0.635101412430176
86,7,33 Dimethyl Butyric Acid,1,8,0.6415609086370812
86,7,33 Dimethyl Butyric Acid,1,9,0.6482964384558352
86,7,33 Dimethyl Butyric Acid,1,10,0.6470736913163834
86,7,33 Dimethyl Butyric Acid,1,11,0.6508333619660576
86,7,33 Dimethyl Butyric Acid,1,12,0.6372216800400853
86,7,33 Dimethyl Butyric Acid,1,13,0.6421263101028708
86,7,33 Dimethyl Butyric Acid,1,14,0.6520985712020465
86,8,2 Methyl Butyraldehyde,0,0,0.34440402571798645
86,8,2 Methyl Butyraldehyde,0,1,0.3687992081374598
86,8,2 Methyl Butyraldehyde,0,2,0.3536843626144684
86,8,2 Methyl Butyraldehyde,0,3,0.36179894886048125
86,8,2 Methyl Butyraldehyde,0,4,0.35948268153078966
86,8,2 Methyl Butyraldehyde,0,5,0.3428188949516868
86,8,2 Methyl Butyraldehyde,0,6,0.3528914320507655
86,8,2 Methyl Butyraldehyde,0,7,0.360635471276576
86,8,2 Methyl Butyraldehyde,0,8,0.35590731689658534
86,8,2 Methyl Butyraldehyde,0,9,0.38789453009551217
86,8,2 Methyl Butyraldehyde,0,10,0.37715015125768475
86,8,2 Methyl Butyraldehyde,0,11,0.3634046745549955
86,8,2 Methyl Butyraldehyde,0,12,0.3432987999219019
86,8,2 Methyl Butyraldehyde,0,13,0.3421365622482895
86,8,2 Methyl Butyraldehyde,0,14,0.3955516956873611
86,8,2 Methyl Butyraldehyde,1,0,0.32370559388385467
86,8,2 Methyl Butyraldehyde,1,1,0.3451596863333377
86,8,2 Methyl Butyraldehyde,1,2,0.34987701282405237
86,8,2 Methyl Butyraldehyde,1,3,0.3370422569035751
86,8,2 Methyl Butyraldehyde,1,4,0.3238522492927461
86,8,2 Methyl Butyraldehyde,1,5,0.3280009902766641
86,8,2 Methyl Butyraldehyde,1,6,0.3325522683390496
86,8,2 Methyl Butyraldehyde,1,7,0.32944056898233404
86,8,2 Methyl Butyraldehyde,1,8,0.36833423218823946
86,8,2 Methyl Butyraldehyde,1,9,0.3428116940802867
86,8,2 Methyl Butyraldehyde,1,10,0.3329857221660928
86,8,2 Methyl Butyraldehyde,1,11,0.3450279242293223
86,8,2 Methyl Butyraldehyde,1,12,0.3557382716856297
86,8,2 Methyl Butyraldehyde,1,13,0.33640658190740474
86,8,2 Methyl Butyraldehyde,1,14,0.3602061911048668
86,9,m Anisaldehyde,0,0,0.49938687118346436
86,9,m Anisaldehyde,0,1,0.5225624617481263
86,9,m Anisaldehyde,0,2,0.5113634097250035
86,9,m Anisaldehyde,0,3,0.510992782406353
86,9,m Anisaldehyde,0,4,0.5048725755872575
86,9,m Anisaldehyde,0,5,0.4997976984771828
86,9,m Anisaldehyde,0,6,0.4956338659327954
86,9,m Anisaldehyde,0,7,0.5042106241599823
86,9,m Anisaldehyde,0,8,0.5170245890353422
86,9,m Anisaldehyde,0,9,0.5023271077741723
86,9,m Anisaldehyde,0,10,0.49675565134136235
86,9,m Anisaldehyde,0,11,0.5028225404307604
86,9,m Anisaldehyde,0,12,0.5077968015278106
86,9,m Anisaldehyde,0,13,0.5081700105492474
86,9,m Anisaldehyde,0,14,0.5102253340041621
86,9,m Anisaldehyde,1,0,0.49834784092438267
86,9,m Anisaldehyde,1,1,0.5004035418157574
86,9,m Anisaldehyde,1,2,0.5075789458702031
86,9,m Anisaldehyde,1,3,0.47313158744194755
86,9,m Anisaldehyde,1,4,0.48042859184437203
86,9,m Anisaldehyde,1,5,0.4951774773196446
86,9,m Anisaldehyde,1,6,0.484241637026099
86,9,m Anisaldehyde,1,7,0.49671749989834163
86,9,m Anisaldehyde,1,8,0.49051501624017035
86,9,m Anisaldehyde,1,9,0.503534324246894
86,9,m Anisaldehyde,1,10,0.498443769112111
86,9,m Anisaldehyde,1,11,0.49861741652236197
86,9,m Anisaldehyde,1,12,0.4846416753579728
86,9,m Anisaldehyde,1,13,0.487625013356049
86,9,m Anisaldehyde,1,14,0.48565333914067105
88,0,"2,3 Pentanedione",0,0,0.2272611300744227
88,0,"2,3 Pentanedione",0,1,0.3017026650530587
88,0,"2,3 Pentanedione",0,2,0.28354311638675067
88,0,"2,3 Pentanedione",0,3,0.25628275556364694
88,0,"2,3 Pentanedione",0,4,0.2975232463521697
88,0,"2,3 Pentanedione",0,5,0.2491492424969915
88,0,"2,3 Pentanedione",0,6,0.21895507195428848
88,0,"2,3 Pentanedione",0,7,0.29009267748801076
88,0,"2,3 Pentanedione",0,8,0.23294442783777045
88,0,"2,3 Pentanedione",0,9,0.2600140470250708
88,0,"2,3 Pentanedione",0,10,0.2700615096852644
88,0,"2,3 Pentanedione",0,11,0.2745450672841394
88,0,"2,3 Pentanedione",0,12,0.2861184600707653
88,0,"2,3 Pentanedione",0,13,0.27942971932235816
88,0,"2,3 Pentanedione",0,14,0.27865574682972105
88,0,"2,3 Pentanedione",1,0,0.23174417871191802
88,0,"2,3 Pentanedione",1,1,0.25886906219502176
88,0,"2,3 Pentanedione",1,2,0.21387422401207765
88,0,"2,3 Pentanedione",1,3,0.29056641572465103
88,0,"2,3 Pentanedione",1,4,0.2164488526678747
88,0,"2,3 Pentanedione",1,5,0.24285197729442168
88,0,"2,3 Pentanedione",1,6,0.2185411172876607
88,0,"2,3 Pentanedione",1,7,0.233258816116689
88,0,"2,3 Pentanedione",1,8,0.2518486836491316
88,0,"2,3 Pentanedione",1,9,0.23829402080043027
88,0,"2,3 Pentanedione",1,10,0.28011912971697084
88,0,"2,3 Pentanedione",1,11,0.2571854986624002
88,0,"2,3 Pentanedione",1,12,0.23994023003261547
88,0,"2,3 Pentanedione",1,13,0.24817342501397915
88,0,"2,3 Pentanedione",1,14,0.2820054846897287
88,1,3 Methylvaleric Acid,0,0,0.6699885284377451
88,1,3 Methylvaleric Acid,0,1,0.6497182712679213
88,1,3 Methylvaleric Acid,0,2,0.6542533387262326
88,1,3 Methylvaleric Acid,0,3,0.6656914219274465
88,1,3 Methylvaleric Acid,0,4,0.6644894147308552
88,1,3 Methylvaleric Acid,0,5,0.6505932655801472
88,1,3 Methylvaleric Acid,0,6,0.6684071688678048
88,1,3 Methylvaleric Acid,0,7,0.6521722800732626
88,1,3 Methylvaleric Acid,0,8,0.6738983224072673
88,1,3 Methylvaleric Acid,0,9,0.6662325120934426
88,1,3 Methylvaleric Acid,0,10,0.6497860463882282
88,1,3 Methylvaleric Acid,0,11,0.6557538279824721
88,1,3 Methylvaleric Acid,0,12,0.6555817390983928
88,1,3 Methylvaleric Acid,0,13,0.6625739970239083
88,1,3 Methylvaleric Acid,0,14,0.6589720943290882
88,1,3 Methylvaleric Acid,1,0,0.6512985135360099
88,1,3 Methylvaleric Acid,1,1,0.6488358578841364
88,1,3 Methylvaleric Acid,1,2,0.6680730291864979
88,1,3 Methylvaleric Acid,1,3,0.6654716223470147
88,1,3 Methylvaleric Acid,1,4,0.6636828224352408
88,1,3 Methylvaleric Acid,1,5,0.6653181333654503
88,1,3 Methylvaleric Acid,1,6,0.6565111951144474
88,1,3 Methylvaleric Acid,1,7,0.6644594714572493
88,1,3 Methylvaleric Acid,1,8,0.6877675465067877
88,1,3 Methylvaleric Acid,1,9,0.6742654860707317
88,1,3 Methylvaleric Acid,1,10,0.6597830256128409
88,1,3 Methylvaleric Acid,1,11,0.6574570492184072
88,1,3 Methylvaleric Acid,1,12,0.6343216732840695
88,1,3 Methylvaleric Acid,1,13,0.6732174158918222
88,1,3 Methylvaleric Acid,1,14,0.670424929155079
88,2,Acetic Acid,0,0,0.33526172946074917
88,2,Acetic Acid,0,1,0.32040897301177634
88,2,Acetic Acid,0,2,0.32503336017805357
88,2,Acetic Acid,0,3,0.3517931101993976
88,2,Acetic Acid,0,4,0.34286454785646
88,2,Acetic Acid,0,5,0.3559282588298742
88,2,Acetic Acid,0,6,0.3458051207729662
88,2,Acetic Acid,0,7,0.36053134370290374
88,2,Acetic Acid,0,8,0.35054145003531606
88,2,Acetic Acid,0,9,0.3582234437482475
88,2,Acetic Acid,0,10,0.30940212930503874
88,2,Acetic Acid,0,11,0.3237105141355648
88,2,Acetic Acid,0,12,0.338264070568843
88,2,Acetic Acid,0,13,0.3624184672941416
88,2,Acetic Acid,0,14,0.37581721669912227
88,2,Acetic Acid,1,0,0.346192213216757
88,2,Acetic Acid,1,1,0.3387088846079359
88,2,Acetic Acid,1,2,0.31623622123964035
88,2,Acetic Acid,1,3,0.3633855966313061
88,2,Acetic Acid,1,4,0.3397358290353481
88,2,Acetic Acid,1,5,0.398427642976096
88,2,Acetic Acid,1,6,0.33657060329051414
88,2,Acetic Acid,1,7,0.3841573697930451
88,2,Acetic Acid,1,8,0.361458552058772
88,2,Acetic Acid,1,9,0.3317384460952761
88,2,Acetic Acid,1,10,0.3528229866646477
88,2,Acetic Acid,1,11,0.36184352380924556
88,2,Acetic Acid,1,12,0.34517150977555333
88,2,Acetic Acid,1,13,0.362957667992062
88,2,Acetic Acid,1,14,0.3625892170153465
88,3,Gerinol,0,0,0.22413800905721268
88,3,Gerinol,0,1,0.21368308693321098
88,3,Gerinol,0,2,0.19391897991476614
88,3,Gerinol,0,3,0.21265412947813295
88,3,Gerinol,0,4,0.21696789623766577
88,3,Gerinol,0,5,0.18195762766558285
88,3,Gerinol,0,6,0.21685138364665535
88,3,Gerinol,0,7,0.21231264692052032
88,3,Gerinol,0,8,0.19184294724463546
88,3,Gerinol,0,9,0.20828285193326557
88,3,Gerinol,0,10,0.20864385442357397
88,3,Gerinol,0,11,0.24689265231712304
88,3,Gerinol,0,12,0.21771947733943464
88,3,Gerinol,0,13,0.23163965853794202
88,3,Gerinol,0,14,0.21195413534525112
88,3,Gerinol,1,0,0.1773799383660516
88,3,Gerinol,1,1,0.2208205671834028
88,3,Gerinol,1,2,0.19812098614907853
88,3,Gerinol,1,3,0.20362449864555876
88,3,Gerinol,1,4,0.19138573570986162
88,3,Gerinol,1,5,0.21059149095221877
88,3,Gerinol,1,6,0.22752258351004612
88,3,Gerinol,1,7,0.2252630767942039
88,3,Gerinol,1,8,0.2364113326312767
88,3,Gerinol,1,9,0.2388300093318853
88,3,Gerinol,1,10,0.17444624110192167
88,3,Gerinol,1,11,0.1889861777426412
88,3,Gerinol,1,12,0.17850124353142743
88,3,Gerinol,1,13,0.220131124854777
88,3,Gerinol,1,14,0.1975256565006762
88,4,n Methyl Piperdine,0,0,0.46621450305478906
88,4,n Methyl Piperdine,0,1,0.46839516625412086
88,4,n Methyl Piperdine,0,2,0.4731885112142665
88,4,n Methyl Piperdine,0,3,0.45824537732548887
88,4,n Methyl Piperdine,0,4,0.4600570380084678
88,4,n Methyl Piperdine,0,5,0.47013831536178935
88,4,n Methyl Piperdine,0,6,0.47971791319877627
88,4,n Methyl Piperdine,0,7,0.4699247664835318
88,4,n Methyl Piperdine,0,8,0.46379466805848424
88,4,n Methyl Piperdine,0,9,0.4529422762668394
88,4,n Methyl Piperdine,0,10,0.47774935039002275
88,4,n Methyl Piperdine,0,11,0.4642404925144167
88,4,n Methyl Piperdine,0,12,0.4609484503835267
88,4,n Methyl Piperdine,0,13,0.45640534389787024
88,4,n Methyl Piperdine,0,14,0.4586151392204048
88,4,n Methyl Piperdine,1,0,0.44646057461414046
88,4,n Methyl Piperdine,1,1,0.4522394984882181
88,4,n Methyl Piperdine,1,2,0.44448035473968606
88,4,n Methyl Piperdine,1,3,0.4556359526781524
88,4,n Methyl Piperdine,1,4,0.45217870645842645
88,4,n Methyl Piperdine,1,5,0.4719262266912475
88,4,n Methyl Piperdine,1,6,0.44051474344663
88,4,n Methyl Piperdine,1,7,0.45544212382027033
88,4,n Methyl Piperdine,1,8,0.45554232829009894
88,4,n Methyl Piperdine,1,9,0.4459058291463861
88,4,n Methyl Piperdine,1,10,0.45491230755735096
88,4,n Methyl Piperdine,1,11,0.460307043309025
88,4,n Methyl Piperdine,1,12,0.4549222202382339
88,4,n Methyl Piperdine,1,13,0.46522599145633
88,4,n Methyl Piperdine,1,14,0.4367287874330086
88,5,"2,4 Dimethyl Acetophenone",0,0,0.45466648132254395
88,5,"2,4 Dimethyl Acetophenone",0,1,0.4873429714488996
88,5,"2,4 Dimethyl Acetophenone",0,2,0.4794035943418966
88,5,"2,4 Dimethyl Acetophenone",0,3,0.4741648038986329
88,5,"2,4 Dimethyl Acetophenone",0,4,0.48393273572105683
88,5,"2,4 Dimethyl Acetophenone",0,5,0.43951725054757523
88,5,"2,4 Dimethyl Acetophenone",0,6,0.4777619973059649
88,5,"2,4 Dimethyl Acetophenone",0,7,0.48155182041165184
88,5,"2,4 Dimethyl Acetophenone",0,8,0.4572545146367668
88,5,"2,4 Dimethyl Acetophenone",0,9,0.5036182736974626
88,5,"2,4 Dimethyl Acetophenone",0,10,0.4693117068622725
88,5,"2,4 Dimethyl Acetophenone",0,11,0.4356223502674911
88,5,"2,4 Dimethyl Acetophenone",0,12,0.47191933780120426
88,5,"2,4 Dimethyl Acetophenone",0,13,0.45639208906563966
88,5,"2,4 Dimethyl Acetophenone",0,14,0.4829707521072525
88,5,"2,4 Dimethyl Acetophenone",1,0,0.48105294088126027
88,5,"2,4 Dimethyl Acetophenone",1,1,0.46489488935867435
88,5,"2,4 Dimethyl Acetophenone",1,2,0.49451261780702604
88,5,"2,4 Dimethyl Acetophenone",1,3,0.4865736510677783
88,5,"2,4 Dimethyl Acetophenone",1,4,0.46165164990090957
88,5,"2,4 Dimethyl Acetophenone",1,5,0.47118227613906555
88,5,"2,4 Dimethyl Acetophenone",1,6,0.4806154204916661
88,5,"2,4 Dimethyl Acetophenone",1,7,0.46818975170253035
88,5,"2,4 Dimethyl Acetophenone",1,8,0.46861086702201893
88,5,"2,4 Dimethyl Acetophenone",1,9,0.4738441553317895
88,5,"2,4 Dimethyl Acetophenone",1,10,0.45829728362982575
88,5,"2,4 Dimethyl Acetophenone",1,11,0.44184168829304643
88,5,"2,4 Dimethyl Acetophenone",1,12,0.47669837059425807
88,5,"2,4 Dimethyl Acetophenone",1,13,0.44528047534251164
88,5,"2,4 Dimethyl Acetophenone",1,14,0.45932328300132835
88,6,4 Heptanone,0,0,0.5208467357821281
88,6,4 Heptanone,0,1,0.5236786119198451
88,6,4 Heptanone,0,2,0.5713940188412139
88,6,4 Heptanone,0,3,0.5564763203524012
88,6,4 Heptanone,0,4,0.555646284379104
88,6,4 Heptanone,0,5,0.5313262943132152
88,6,4 Heptanone,0,6,0.5465059206198206
88,6,4 Heptanone,0,7,0.570246438375293
88,6,4 Heptanone,0,8,0.5603909921176203
88,6,4 Heptanone,0,9,0.5805084011462385
88,6,4 Heptanone,0,10,0.5837836718842955
88,6,4 Heptanone,0,11,0.5557884232670129
88,6,4 Heptanone,0,12,0.518991590251461
88,6,4 Heptanone,0,13,0.5441878591307683
88,6,4 Heptanone,0,14,0.5593422553113145
88,6,4 Heptanone,1,0,0.5427001031237796
88,6,4 Heptanone,1,1,0.5363036166402616
88,6,4 Heptanone,1,2,0.5621615748992418
88,6,4 Heptanone,1,3,0.6164485728704835
88,6,4 Heptanone,1,4,0.5493302872997635
88,6,4 Heptanone,1,5,0.5604929120643763
88,6,4 Heptanone,1,6,0.5303837667159296
88,6,4 Heptanone,1,7,0.589152677120278
88,6,4 Heptanone,1,8,0.5806744284946728
88,6,4 Heptanone,1,9,0.5790873894884144
88,6,4 Heptanone,1,10,0.5918294768941181
88,6,4 Heptanone,1,11,0.5507296153939131
88,6,4 Heptanone,1,12,0.5536025565861723
88,6,4 Heptanone,1,13,0.5998805384484694
88,6,4 Heptanone,1,14,0.5751086662683922
88,7,33 Dimethyl Butyric Acid,0,0,0.6449680620206772
88,7,33 Dimethyl Butyric Acid,0,1,0.6678854792212416
88,7,33 Dimethyl Butyric Acid,0,2,0.6590021736808538
88,7,33 Dimethyl Butyric Acid,0,3,0.6716851403129334
88,7,33 Dimethyl Butyric Acid,0,4,0.6674858406042191
88,7,33 Dimethyl Butyric Acid,0,5,0.6490704973572362
88,7,33 Dimethyl Butyric Acid,0,6,0.6662914774791194
88,7,33 Dimethyl Butyric Acid,0,7,0.665792663594982
88,7,33 Dimethyl Butyric Acid,0,8,0.6671025072308394
88,7,33 Dimethyl Butyric Acid,0,9,0.6689199850126751
88,7,33 Dimethyl Butyric Acid,0,10,0.676808430639885
88,7,33 Dimethyl Butyric Acid,0,11,0.667534678777214
88,7,33 Dimethyl Butyric Acid,0,12,0.6641837626707542
88,7,33 Dimethyl Butyric Acid,0,13,0.673825971026285
88,7,33 Dimethyl Butyric Acid,0,14,0.6832085334488026
88,7,33 Dimethyl Butyric Acid,1,0,0.6532173524176295
88,7,33 Dimethyl Butyric Acid,1,1,0.6471421518178965
88,7,33 Dimethyl Butyric Acid,1,2,0.6490818257937677
88,7,33 Dimethyl Butyric Acid,1,3,0.6475692765518936
88,7,33 Dimethyl Butyric Acid,1,4,0.6455336070356225
88,7,33 Dimethyl Butyric Acid,1,5,0.6639311170017874
88,7,33 Dimethyl Butyric Acid,1,6,0.6389552669457513
88,7,33 Dimethyl Butyric Acid,1,7,0.6552728170714118
88,7,33 Dimethyl Butyric Acid,1,8,0.644296263222014
88,7,33 Dimethyl Butyric Acid,1,9,0.6326872240079179
88,7,33 Dimethyl Butyric Acid,1,10,0.6437609538267418
88,7,33 Dimethyl Butyric Acid,1,11,0.6406888513119435
88,7,33 Dimethyl Butyric Acid,1,12,0.6503249238154111
88,7,33 Dimethyl Butyric Acid,1,13,0.6461573708161954
88,7,33 Dimethyl Butyric Acid,1,14,0.6366157952862973
88,8,2 Methyl Butyraldehyde,0,0,0.3725888119631507
88,8,2 Methyl Butyraldehyde,0,1,0.3653173191767071
88,8,2 Methyl Butyraldehyde,0,2,0.3747852552190349
88,8,2 Methyl Butyraldehyde,0,3,0.3490289503555158
88,8,2 Methyl Butyraldehyde,0,4,0.34382271399559483
88,8,2 Methyl Butyraldehyde,0,5,0.3579370116547477
88,8,2 Methyl Butyraldehyde,0,6,0.33347999267100953
88,8,2 Methyl Butyraldehyde,0,7,0.34698796063933274
88,8,2 Methyl Butyraldehyde,0,8,0.3411509430884021
88,8,2 Methyl Butyraldehyde,0,9,0.31661143093138316
88,8,2 Methyl Butyraldehyde,0,10,0.3469382451574492
88,8,2 Methyl Butyraldehyde,0,11,0.33608615143671633
88,8,2 Methyl Butyraldehyde,0,12,0.33987420629484916
88,8,2 Methyl Butyraldehyde,0,13,0.3514501525982328
88,8,2 Methyl Butyraldehyde,0,14,0.3687996106204179
88,8,2 Methyl Butyraldehyde,1,0,0.31479863082009335
88,8,2 Methyl Butyraldehyde,1,1,0.32457757568633366
88,8,2 Methyl Butyraldehyde,1,2,0.31639635717717274
88,8,2 Methyl Butyraldehyde,1,3,0.31515353419347686
88,8,2 Methyl Butyraldehyde,1,4,0.31965173774663813
88,8,2 Methyl Butyraldehyde,1,5,0.32725246045799844
88,8,2 Methyl Butyraldehyde,1,6,0.3421882389571842
88,8,2 Methyl Butyraldehyde,1,7,0.3371208336715775
88,8,2 Methyl Butyraldehyde,1,8,0.3108259185429917
88,8,2 Methyl Butyraldehyde,1,9,0.35571060373777974
88,8,2 Methyl Butyraldehyde,1,10,0.349033354060918
88,8,2 Methyl Butyraldehyde,1,11,0.3137979338496105
88,8,2 Methyl Butyraldehyde,1,12,0.3543732479163122
88,8,2 Methyl Butyraldehyde,1,13,0.337244788714463
88,8,2 Methyl Butyraldehyde,1,14,0.32801602866490603
88,9,m Anisaldehyde,0,0,0.5023151054887877
88,9,m Anisaldehyde,0,1,0.4986728739476292
88,9,m Anisaldehyde,0,2,0.5040894724155772
88,9,m Anisaldehyde,0,3,0.5006947783700684
88,9,m Anisaldehyde,0,4,0.4957156820201181
88,9,m Anisaldehyde,0,5,0.4796950154844751
88,9,m Anisaldehyde,0,6,0.503919662209329
88,9,m Anisaldehyde,0,7,0.4953719150766094
88,9,m Anisaldehyde,0,8,0.5062990781337545
88,9,m Anisaldehyde,0,9,0.5034878570503712
88,9,m Anisaldehyde,0,10,0.49561853557333735
88,9,m Anisaldehyde,0,11,0.5086241952978685
88,9,m Anisaldehyde,0,12,0.500861078006589
88,9,m Anisaldehyde,0,13,0.5004701563104477
88,9,m Anisaldehyde,0,14,0.49760691849805927
88,9,m Anisaldehyde,1,0,0.5042096040726594
88,9,m Anisaldehyde,1,1,0.4814669619255062
88,9,m Anisaldehyde,1,2,0.4851731598843813
88,9,m Anisaldehyde,1,3,0.4764942529589144
88,9,m Anisaldehyde,1,4,0.49513061687103155
88,9,m Anisaldehyde,1,5,0.48271109390456013
88,9,m Anisaldehyde,1,6,0.4837749004896078
88,9,m Anisaldehyde,1,7,0.48332987219386125
88,9,m Anisaldehyde,1,8,0.48883005723149414
88,9,m Anisaldehyde,1,9,0.47636687296609165
88,9,m Anisaldehyde,1,10,0.46694951008598706
88,9,m Anisaldehyde,1,11,0.4925779097569967
88,9,m Anisaldehyde,1,12,0.4681800717307899
88,9,m Anisaldehyde,1,13,0.496339536266387
88,9,m Anisaldehyde,1,14,0.5030232557787093
90,0,"2,3 Pentanedione",0,0,0.251379276388039
90,0,"2,3 Pentanedione",0,1,0.28797219515442707
90,0,"2,3 Pentanedione",0,2,0.25487846099783434
90,0,"2,3 Pentanedione",0,3,0.2954659004633616
90,0,"2,3 Pentanedione",0,4,0.24407942518358455
90,0,"2,3 Pentanedione",0,5,0.19636282625063678
90,0,"2,3 Pentanedione",0,6,0.2534870778837523
90,0,"2,3 Pentanedione",0,7,0.2981839513216833
90,0,"2,3 Pentanedione",0,8,0.2688590791349253
90,0,"2,3 Pentanedione",0,9,0.24260179077296873
90,0,"2,3 Pentanedione",0,10,0.2637074007185331
90,0,"2,3 Pentanedione",0,11,0.2797629924477286
90,0,"2,3 Pentanedione",0,12,0.2533444605135531
90,0,"2,3 Pentanedione",0,13,0.3211446236199743
90,0,"2,3 Pentanedione",0,14,0.24254942257342765
90,0,"2,3 Pentanedione",1,0,0.26764010453681825
90,0,"2,3 Pentanedione",1,1,0.26162576739774457
90,0,"2,3 Pentanedione",1,2,0.2250816508682481
90,0,"2,3 Pentanedione",1,3,0.23196632980200774
90,0,"2,3 Pentanedione",1,4,0.26802980267268367
90,0,"2,3 Pentanedione",1,5,0.2461970336758056
90,0,"2,3 Pentanedione",1,6,0.25102912965388136
90,0,"2,3 Pentanedione",1,7,0.20167815264309064
90,0,"2,3 Pentanedione",1,8,0.25897730286475207
90,0,"2,3 Pentanedione",1,9,0.24975975758776375
90,0,"2,3 Pentanedione",1,10,0.24097958591967072
90,0,"2,3 Pentanedione",1,11,0.2515996330621765
90,0,"2,3 Pentanedione",1,12,0.23234689380759332
90,0,"2,3 Pentanedione",1,13,0.2277797738886127
90,0,"2,3 Pentanedione",1,14,0.23653019819472182
90,1,3 Methylvaleric Acid,0,0,0.6505015509077491
90,1,3 Methylvaleric Acid,0,1,0.6766826014052647
90,1,3 Methylvaleric Acid,0,2,0.6641237441507671
90,1,3 Methylvaleric Acid,0,3,0.6455096639187045
90,1,3 Methylvaleric Acid,0,4,0.67525478753594
90,1,3 Methylvaleric Acid,0,5,0.6508118605425363
90,1,3 Methylvaleric Acid,0,6,0.6553884338518398
90,1,3 Methylvaleric Acid,0,7,0.6639806640218783
90,1,3 Methylvaleric Acid,0,8,0.6355953026854165
90,1,3 Methylvaleric Acid,0,9,0.6527504515607945
90,1,3 Methylvaleric Acid,0,10,0.6494212316721133
90,1,3 Methylvaleric Acid,0,11,0.6571269987310586
90,1,3 Methylvaleric Acid,0,12,0.6587600853039671
90,1,3 Methylvaleric Acid,0,13,0.6543320307731483
90,1,3 Methylvaleric Acid,0,14,0.653872821873036
90,1,3 Methylvaleric Acid,1,0,0.6713566285831607
90,1,3 Methylvaleric Acid,1,1,0.6637970594858622
90,1,3 Methylvaleric Acid,1,2,0.6612226337282033
90,1,3 Methylvaleric Acid,1,3,0.6622763723917018
90,1,3 Methylvaleric Acid,1,4,0.6789866034378551
90,1,3 Methylvaleric Acid,1,5,0.6625219089932827
90,1,3 Methylvaleric Acid,1,6,0.6557198650172817
90,1,3 Methylvaleric Acid,1,7,0.641914765277573
90,1,3 Methylvaleric Acid,1,8,0.6466175522751567
90,1,3 Methylvaleric Acid,1,9,0.6561893165144669
90,1,3 Methylvaleric Acid,1,10,0.659739697533561
90,1,3 Methylvaleric Acid,1,11,0.6553122808449239
90,1,3 Methylvaleric Acid,1,12,0.6642886402831275
90,1,3 Methylvaleric Acid,1,13,0.655184712442667
90,1,3 Methylvaleric Acid,1,14,0.6517597342569608
90,2,Acetic Acid,0,0,0.3593479147355362
90,2,Acetic Acid,0,1,0.37200709941561344
90,2,Acetic Acid,0,2,0.3305783190766116
90,2,Acetic Acid,0,3,0.35317636105975325
90,2,Acetic Acid,0,4,0.31723182702068015
90,2,Acetic Acid,0,5,0.3244328187691852
90,2,Acetic Acid,0,6,0.3392503217264709
90,2,Acetic Acid,0,7,0.36808456954152463
90,2,Acetic Acid,0,8,0.3360729368702513
90,2,Acetic Acid,0,9,0.33544738976458605
90,2,Acetic Acid,0,10,0.3497030789132185
90,2,Acetic Acid,0,11,0.3497197458508079
90,2,Acetic Acid,0,12,0.33596544985458404
90,2,Acetic Acid,0,13,0.3823255942603847
90,2,Acetic Acid,0,14,0.34466030893924643
90,2,Acetic Acid,1,0,0.3489225348443047
90,2,Acetic Acid,1,1,0.34030134034840964
90,2,Acetic Acid,1,2,0.35438244152167414
90,2,Acetic Acid,1,3,0.36768124002008035
90,2,Acetic Acid,1,4,0.3748527833577908
90,2,Acetic Acid,1,5,0.3342710045694795
90,2,Acetic Acid,1,6,0.36543692564418806
90,2,Acetic Acid,1,7,0.3562176956167918
90,2,Acetic Acid,1,8,0.3633248290232586
90,2,Acetic Acid,1,9,0.3454854582973524
90,2,Acetic Acid,1,10,0.3438935640689765
90,2,Acetic Acid,1,11,0.362675401895283
90,2,Acetic Acid,1,12,0.3629928700537159
90,2,Acetic Acid,1,13,0.3732143570266208
90,2,Acetic Acid,1,14,0.35034381791361924
90,3,Gerinol,0,0,0.21750898576821542
90,3,Gerinol,0,1,0.17736649707266156
90,3,Gerinol,0,2,0.19184398131057875
90,3,Gerinol,0,3,0.21260685205093627
90,3,Gerinol,0,4,0.20054831348666113
90,3,Gerinol,0,5,0.2332225452780154
90,3,Gerinol,0,6,0.1969833013421597
90,3,Gerinol,0,7,0.21078047116449378
90,3,Gerinol,0,8,0.2114505735716958
90,3,Gerinol,0,9,0.23988661897660266
90,3,Gerinol,0,10,0.20895610858654387
90,3,Gerinol,0,11,0.22705142100359443
90,3,Gerinol,0,12,0.22267186950167028
90,3,Gerinol,0,13,0.23474363055423708
90,3,Gerinol,0,14,0.23383816732690624
90,3,Gerinol,1,0,0.20824760089946892
90,3,Gerinol,1,1,0.17987835065739002
90,3,Gerinol,1,2,0.20486447590948828
90,3,Gerinol,1,3,0.20847765366699036
90,3,Gerinol,1,4,0.21369759004969494
90,3,Gerinol,1,5,0.1962349944108105
90,3,Gerinol,1,6,0.22828253616799124
90,3,Gerinol,1,7,0.20905046350527473
90,3,Gerinol,1,8,0.19311389545832913
90,3,Gerinol,1,9,0.20100047854351782
90,3,Gerinol,1,10,0.2417201527307113
90,3,Gerinol,1,11,0.22015277650206364
90,3,Gerinol,1,12,0.22670537887913855
90,3,Gerinol,1,13,0.1910480370247956
90,3,Gerinol,1,14,0.1970662785993622
90,4,n Methyl Piperdine,0,0,0.4522571751468943
90,4,n Methyl Piperdine,0,1,0.4591837034946532
90,4,n Methyl Piperdine,0,2,0.45631653894525975
90,4,n Methyl Piperdine,0,3,0.4537925983038881
90,4,n Methyl Piperdine,0,4,0.45479599685391664
90,4,n Methyl Piperdine,0,5,0.4513562721005437
90,4,n Methyl Piperdine,0,6,0.456269839298733
90,4,n Methyl Piperdine,0,7,0.4666142782646142
90,4,n Methyl Piperdine,0,8,0.44560343878154623
90,4,n Methyl Piperdine,0,9,0.4604803890630261
90,4,n Methyl Piperdine,0,10,0.46874929515298125
90,4,n Methyl Piperdine,0,11,0.4562430568054197
90,4,n Methyl Piperdine,0,12,0.45347754536077706
90,4,n Methyl Piperdine,0,13,0.46510240548154896
90,4,n Methyl Piperdine,0,14,0.4498347785789935
90,4,n Methyl Piperdine,1,0,0.44480488350478853
90,4,n Methyl Piperdine,1,1,0.43666766294121256
90,4,n Methyl Piperdine,1,2,0.43002560798410416
90,4,n Methyl Piperdine,1,3,0.44377054162594004
90,4,n Methyl Piperdine,1,4,0.4348792552381625
90,4,n Methyl Piperdine,1,5,0.44489305163766507
90,4,n Methyl Piperdine,1,6,0.45390665273934405
90,4,n Methyl Piperdine,1,7,0.4598204589977354
90,4,n Methyl Piperdine,1,8,0.44573465001584406
90,4,n Methyl Piperdine,1,9,0.4531401424001032
90,4,n Methyl Piperdine,1,10,0.4481781169451515
90,4,n Methyl Piperdine,1,11,0.44192150683329795
90,4,n Methyl Piperdine,1,12,0.42958820491285127
90,4,n Methyl Piperdine,1,13,0.4579983543609554
90,4,n Methyl Piperdine,1,14,0.4365935982300494
90,5,"2,4 Dimethyl Acetophenone",0,0,0.48184925763890757
90,5,"2,4 Dimethyl Acetophenone",0,1,0.4699201864920459
90,5,"2,4 Dimethyl Acetophenone",0,2,0.4485876502723566
90,5,"2,4 Dimethyl Acetophenone",0,3,0.46675011303569947
90,5,"2,4 Dimethyl Acetophenone",0,4,0.4924271106103591
90,5,"2,4 Dimethyl Acetophenone",0,5,0.48400506788545333
90,5,"2,4 Dimethyl Acetophenone",0,6,0.4551207180159441
90,5,"2,4 Dimethyl Acetophenone",0,7,0.4523108104878395
90,5,"2,4 Dimethyl Acetophenone",0,8,0.46376362189299364
90,5,"2,4 Dimethyl Acetophenone",0,9,0.4600166343792831
90,5,"2,4 Dimethyl Acetophenone",0,10,0.47926827097283387
90,5,"2,4 Dimethyl Acetophenone",0,11,0.4727796427795701
90,5,"2,4 Dimethyl Acetophenone",0,12,0.43848798674431394
90,5,"2,4 Dimethyl Acetophenone",0,13,0.46881842868996276
90,5,"2,4 Dimethyl Acetophenone",0,14,0.45982517953874863
90,5,"2,4 Dimethyl Acetophenone",1,0,0.46639683491479467
90,5,"2,4 Dimethyl Acetophenone",1,1,0.4693839543171694
90,5,"2,4 Dimethyl Acetophenone",1,2,0.482777047020026
90,5,"2,4 Dimethyl Acetophenone",1,3,0.4796615905737431
90,5,"2,4 Dimethyl Acetophenone",1,4,0.4553013177826664
90,5,"2,4 Dimethyl Acetophenone",1,5,0.4650470695626574
90,5,"2,4 Dimethyl Acetophenone",1,6,0.4595488908925334
90,5,"2,4 Dimethyl Acetophenone",1,7,0.4421575727050835
90,5,"2,4 Dimethyl Acetophenone",1,8,0.46433131481692974
90,5,"2,4 Dimethyl Acetophenone",1,9,0.4918867606301168
90,5,"2,4 Dimethyl Acetophenone",1,10,0.4417317537162403
90,5,"2,4 Dimethyl Acetophenone",1,11,0.46553426740307124
90,5,"2,4 Dimethyl Acetophenone",1,12,0.4650819533485205
90,5,"2,4 Dimethyl Acetophenone",1,13,0.46993097331348294
90,5,"2,4 Dimethyl Acetophenone",1,14,0.4522980195666539
90,6,4 Heptanone,0,0,0.5246647606924756
90,6,4 Heptanone,0,1,0.5257344464345423
90,6,4 Heptanone,0,2,0.5880471597566072
90,6,4 Heptanone,0,3,0.5348394640145437
90,6,4 Heptanone,0,4,0.5459501503874481
90,6,4 Heptanone,0,5,0.6058403743925154
90,6,4 Heptanone,0,6,0.5405527645039895
90,6,4 Heptanone,0,7,0.5653132488667071
90,6,4 Heptanone,0,8,0.5819039935964307
90,6,4 Heptanone,0,9,0.5807980048668558
90,6,4 Heptanone,0,10,0.5268158233674889
90,6,4 Heptanone,0,11,0.54103348809602
90,6,4 Heptanone,0,12,0.5643925257469566
90,6,4 Heptanone,0,13,0.601801648032168
90,6,4 Heptanone,0,14,0.5399259649369836
90,6,4 Heptanone,1,0,0.5575566514273024
90,6,4 Heptanone,1,1,0.5785577679640325
90,6,4 Heptanone,1,2,0.5831592148307432
90,6,4 Heptanone,1,3,0.584552772128808
90,6,4 Heptanone,1,4,0.5494444125803083
90,6,4 Heptanone,1,5,0.5566727352468146
90,6,4 Heptanone,1,6,0.5738645741212812
90,6,4 Heptanone,1,7,0.5979386919185641
90,6,4 Heptanone,1,8,0.5634240032658124
90,6,4 Heptanone,1,9,0.5683956741086966
90,6,4 Heptanone,1,10,0.5453146748123474
90,6,4 Heptanone,1,11,0.6117583052559987
90,6,4 Heptanone,1,12,0.5724562414254282
90,6,4 Heptanone,1,13,0.5936943350261507
90,6,4 Heptanone,1,14,0.5695961281959785
90,7,33 Dimethyl Butyric Acid,0,0,0.6635432064865663
90,7,33 Dimethyl Butyric Acid,0,1,0.6499543044203592
90,7,33 Dimethyl Butyric Acid,0,2,0.6443797106620743
90,7,33 Dimethyl Butyric Acid,0,3,0.6735416751564538
90,7,33 Dimethyl Butyric Acid,0,4,0.6634814242870987
90,7,33 Dimethyl Butyric Acid,0,5,0.6645815961906868
90,7,33 Dimethyl Butyric Acid,0,6,0.6521076427449238
90,7,33 Dimethyl Butyric Acid,0,7,0.6550728860210141
90,7,33 Dimethyl Butyric Acid,0,8,0.6719167139228093
90,7,33 Dimethyl Butyric Acid,0,9,0.6777260385341689
90,7,33 Dimethyl Butyric Acid,0,10,0.6574879194524823
90,7,33 Dimethyl Butyric Acid,0,11,0.6685672703385506
90,7,33 Dimethyl Butyric Acid,0,12,0.6644410155103534
90,7,33 Dimethyl Butyric Acid,0,13,0.6617794677320937
90,7,33 Dimethyl Butyric Acid,0,14,0.6786843316180835
90,7,33 Dimethyl Butyric Acid,1,0,0.6371435623162236
90,7,33 Dimethyl Butyric Acid,1,1,0.6516609591096681
90,7,33 Dimethyl Butyric Acid,1,2,0.6442965699293236
90,7,33 Dimethyl Butyric Acid,1,3,0.6408829009544477
90,7,33 Dimethyl Butyric Acid,1,4,0.652786281724397
90,7,33 Dimethyl Butyric Acid,1,5,0.6435141950382408
90,7,33 Dimethyl Butyric Acid,1,6,0.6402012326252017
90,7,33 Dimethyl Butyric Acid,1,7,0.652849916390879
90,7,33 Dimethyl Butyric Acid,1,8,0.651734232108248
90,7,33 Dimethyl Butyric Acid,1,9,0.6513288648593871
90,7,33 Dimethyl Butyric Acid,1,10,0.6077078992138832
90,7,33 Dimethyl Butyric Acid,1,11,0.6448001049097017
90,7,33 Dimethyl Butyric Acid,1,12,0.6428455613358715
90,7,33 Dimethyl Butyric Acid,1,13,0.6407288585088884
90,7,33 Dimethyl Butyric Acid,1,14,0.64625365789792
90,8,2 Methyl Butyraldehyde,0,0,0.34560879180665
90,8,2 Methyl Butyraldehyde,0,1,0.3535747728177204
90,8,2 Methyl Butyraldehyde,0,2,0.3355185239251958
90,8,2 Methyl Butyraldehyde,0,3,0.36923701104997003
90,8,2 Methyl Butyraldehyde,0,4,0.3555056357842321
90,8,2 Methyl Butyraldehyde,0,5,0.35099204521934885
90,8,2 Methyl Butyraldehyde,0,6,0.3500599673440945
90,8,2 Methyl Butyraldehyde,0,7,0.3627286971247403
90,8,2 Methyl Butyraldehyde,0,8,0.36013999970207095
90,8,2 Methyl Butyraldehyde,0,9,0.3384813448261599
90,8,2 Methyl Butyraldehyde,0,10,0.35954095477722225
90,8,2 Methyl Butyraldehyde,0,11,0.34395727985989233
90,8,2 Methyl Butyraldehyde,0,12,0.37723154577486073
90,8,2 Methyl Butyraldehyde,0,13,0.3615917255192555
90,8,2 Methyl Butyraldehyde,0,14,0.3286904602711299
90,8,2 Methyl Butyraldehyde,1,0,0.3789544201591695
90,8,2 Methyl Butyraldehyde,1,1,0.2943261148145322
90,8,2 Methyl Butyraldehyde,1,2,0.3466255436595412
90,8,2 Methyl Butyraldehyde,1,3,0.32116494474919066
90,8,2 Methyl Butyraldehyde,1,4,0.37039125670741646
90,8,2 Methyl Butyraldehyde,1,5,0.339283893699176
90,8,2 Methyl Butyraldehyde,1,6,0.3193025946436481
90,8,2 Methyl Butyraldehyde,1,7,0.3293696103410182
90,8,2 Methyl Butyraldehyde,1,8,0.3208273264061729
90,8,2 Methyl Butyraldehyde,1,9,0.32861964897679075
90,8,2 Methyl Butyraldehyde,1,10,0.32818301188941423
90,8,2 Methyl Butyraldehyde,1,11,0.3201166528140825
90,8,2 Methyl Butyraldehyde,1,12,0.33961337170927
90,8,2 Methyl Butyraldehyde,1,13,0.3419265168301126
90,8,2 Methyl Butyraldehyde,1,14,0.31543633679792066
90,9,m Anisaldehyde,0,0,0.47964173916626635
90,9,m Anisaldehyde,0,1,0.49832705502610314
90,9,m Anisaldehyde,0,2,0.5004237090558618
90,9,m Anisaldehyde,0,3,0.5023052751178837
90,9,m Anisaldehyde,0,4,0.5006064021785954
90,9,m Anisaldehyde,0,5,0.5102994744343745
90,9,m Anisaldehyde,0,6,0.5048373357065592
90,9,m Anisaldehyde,0,7,0.5208044824079691
90,9,m Anisaldehyde,0,8,0.5247974923907538
90,9,m Anisaldehyde,0,9,0.47869444957654994
90,9,m Anisaldehyde,0,10,0.4745285841970804
90,9,m Anisaldehyde,0,11,0.49530636027973596
90,9,m Anisaldehyde,0,12,0.5001609857843292
90,9,m Anisaldehyde,0,13,0.494656446487477
90,9,m Anisaldehyde,0,14,0.5020525320734829
90,9,m Anisaldehyde,1,0,0.4841678686198908
90,9,m Anisaldehyde,1,1,0.48014743936322346
90,9,m Anisaldehyde,1,2,0.48158079599000986
90,9,m Anisaldehyde,1,3,0.4848327744550493
90,9,m Anisaldehyde,1,4,0.49473590977501386
90,9,m Anisaldehyde,1,5,0.48211358600640924
90,9,m Anisaldehyde,1,6,0.4839901779487224
90,9,m Anisaldehyde,1,7,0.49214270067863064
90,9,m Anisaldehyde,1,8,0.48484579263142935
90,9,m Anisaldehyde,1,9,0.4973281956867522
90,9,m Anisaldehyde,1,10,0.4780072193689256
90,9,m Anisaldehyde,1,11,0.4759495312459196
90,9,m Anisaldehyde,1,12,0.4896226272606338
90,9,m Anisaldehyde,1,13,0.4905682620619903
90,9,m Anisaldehyde,1,14,0.47852479502437806
92,0,"2,3 Pentanedione",0,0,0.29281048273163984
92,0,"2,3 Pentanedione",0,1,0.3073440179427098
92,0,"2,3 Pentanedione",0,2,0.2435242423774363
92,0,"2,3 Pentanedione",0,3,0.29640311451673396
92,0,"2,3 Pentanedione",0,4,0.1996672933984361
92,0,"2,3 Pentanedione",0,5,0.2861234043664048
92,0,"2,3 Pentanedione",0,6,0.23777652842024374
92,0,"2,3 Pentanedione",0,7,0.2836224147477577
92,0,"2,3 Pentanedione",0,8,0.23518869804953754
92,0,"2,3 Pentanedione",0,9,0.2575084093327843
92,0,"2,3 Pentanedione",0,10,0.2389677077849082
92,0,"2,3 Pentanedione",0,11,0.25387358025390216
92,0,"2,3 Pentanedione",0,12,0.3049686984217153
92,0,"2,3 Pentanedione",0,13,0.256522152783619
92,0,"2,3 Pentanedione",0,14,0.3119781382966001
92,0,"2,3 Pentanedione",1,0,0.24130899941001685
92,0,"2,3 Pentanedione",1,1,0.2882484310325078
92,0,"2,3 Pentanedione",1,2,0.2103119982745177
92,0,"2,3 Pentanedione",1,3,0.24379158705288298
92,0,"2,3 Pentanedione",1,4,0.23755156380420384
92,0,"2,3 Pentanedione",1,5,0.2893969534572663
92,0,"2,3 Pentanedione",1,6,0.2555855330882396
92,0,"2,3 Pentanedione",1,7,0.19875223419615037
92,0,"2,3 Pentanedione",1,8,0.2182010720692487
92,0,"2,3 Pentanedione",1,9,0.22563775720285273
92,0,"2,3 Pentanedione",1,10,0.274305570790142
92,0,"2,3 Pentanedione",1,11,0.27107950052874463
92,0,"2,3 Pentanedione",1,12,0.24344432761330978
92,0,"2,3 Pentanedione",1,13,0.23724156859689843
92,0,"2,3 Pentanedione",1,14,0.26886401945858907
92,1,3 Methylvaleric Acid,0,0,0.6498433513624499
92,1,3 Methylvaleric Acid,0,1,0.6655554704455932
92,1,3 Methylvaleric Acid,0,2,0.6647125338031141
92,1,3 Methylvaleric Acid,0,3,0.6583066099691783
92,1,3 Methylvaleric Acid,0,4,0.6649616003297671
92,1,3 Methylvaleric Acid,0,5,0.6620355241497142
92,1,3 Methylvaleric Acid,0,6,0.665948973453408
92,1,3 Methylvaleric Acid,0,7,0.6478181566399799
92,1,3 Methylvaleric Acid,0,8,0.667108010216085
92,1,3 Methylvaleric Acid,0,9,0.6711875127325
92,1,3 Methylvaleric Acid,0,10,0.6642020598644235
92,1,3 Methylvaleric Acid,0,11,0.6669764865943772
92,1,3 Methylvaleric Acid,0,12,0.6599367333983822
92,1,3 Methylvaleric Acid,0,13,0.6698484442253518
92,1,3 Methylvaleric Acid,0,14,0.6616707617498908
92,1,3 Methylvaleric Acid,1,0,0.6538364462231608
92,1,3 Methylvaleric Acid,1,1,0.6733198626331092
92,1,3 Methylvaleric Acid,1,2,0.6490233486451905
92,1,3 Methylvaleric Acid,1,3,0.6679996086824643
92,1,3 Methylvaleric Acid,1,4,0.661396737872734
92,1,3 Methylvaleric Acid,1,5,0.6607641427458326
92,1,3 Methylvaleric Acid,1,6,0.6669028533941525
92,1,3 Methylvaleric Acid,1,7,0.6581788126831465
92,1,3 Methylvaleric Acid,1,8,0.6702707722925814
92,1,3 Methylvaleric Acid,1,9,0.6657625299901381
92,1,3 Methylvaleric Acid,1,10,0.6590894929161689
92,1,3 Methylvaleric Acid,1,11,0.678447347208932
92,1,3 Methylvaleric Acid,1,12,0.6672274902474963
92,1,3 Methylvaleric Acid,1,13,0.6714447811157201
92,1,3 Methylvaleric Acid,1,14,0.6792235444149582
92,2,Acetic Acid,0,0,0.37924617647240594
92,2,Acetic Acid,0,1,0.36552235955013884
92,2,Acetic Acid,0,2,0.350760539356597
92,2,Acetic Acid,0,3,0.33190693413602457
92,2,Acetic Acid,0,4,0.35928110252015516
92,2,Acetic Acid,0,5,0.37413409152215377
92,2,Acetic Acid,0,6,0.3617506094259107
92,2,Acetic Acid,0,7,0.2982013258758772
92,2,Acetic Acid,0,8,0.37037820778755237
92,2,Acetic Acid,0,9,0.3714059469995472
92,2,Acetic Acid,0,10,0.35078456137907815
92,2,Acetic Acid,0,11,0.3723571627496022
92,2,Acetic Acid,0,12,0.36632833045883095
92,2,Acetic Acid,0,13,0.3443561167800988
92,2,Acetic Acid,0,14,0.37709027078448115
92,2,Acetic Acid,1,0,0.34688455289210907
92,2,Acetic Acid,1,1,0.3671297331922087
92,2,Acetic Acid,1,2,0.36546095313800775
92,2,Acetic Acid,1,3,0.3542791290997501
92,2,Acetic Acid,1,4,0.3731693097268252
92,2,Acetic Acid,1,5,0.390007642180843
92,2,Acetic Acid,1,6,0.3889599957761827
92,2,Acetic Acid,1,7,0.3801930449355365
92,2,Acetic Acid,1,8,0.3397173681823363
92,2,Acetic Acid,1,9,0.34573907328129594
92,2,Acetic Acid,1,10,0.37086707572997574
92,2,Acetic Acid,1,11,0.36751464617588586
92,2,Acetic Acid,1,12,0.35975529146013746
92,2,Acetic Acid,1,13,0.39996024178340844
92,2,Acetic Acid,1,14,0.3698582066470425
92,3,Gerinol,0,0,0.2176552766111539
92,3,Gerinol,0,1,0.22525544048232904
92,3,Gerinol,0,2,0.20933902668581977
92,3,Gerinol,0,3,0.2526064113912796
92,3,Gerinol,0,4,0.19235811291210136
92,3,Gerinol,0,5,0.19806147489718784
92,3,Gerinol,0,6,0.19231625622993076
92,3,Gerinol,0,7,0.23506125105229964
92,3,Gerinol,0,8,0.2220854492667835
92,3,Gerinol,0,9,0.19911786012067972
92,3,Gerinol,0,10,0.19366317732997743
92,3,Gerinol,0,11,0.23202843061905132
92,3,Gerinol,0,12,0.2145720039661109
92,3,Gerinol,0,13,0.23246394387159017
92,3,Gerinol,0,14,0.20737522155867785
92,3,Gerinol,1,0,0.2092605532952862
92,3,Gerinol,1,1,0.20565552324002856
92,3,Gerinol,1,2,0.18988576967103127
92,3,Gerinol,1,3,0.1980742851019297
92,3,Gerinol,1,4,0.180328572531184
92,3,Gerinol,1,5,0.20896321310649854
92,3,Gerinol,1,6,0.2135208075983204
92,3,Gerinol,1,7,0.21742618541445793
92,3,Gerinol,1,8,0.2119051055199792
92,3,Gerinol,1,9,0.19834612866576345
92,3,Gerinol,1,10,0.22701097692433356
92,3,Gerinol,1,11,0.2157567619912812
92,3,Gerinol,1,12,0.22422286384909526
92,3,Gerinol,1,13,0.2252932511229171
92,3,Gerinol,1,14,0.19839066497292124
92,4,n Methyl Piperdine,0,0,0.4673132921559764
92,4,n Methyl Piperdine,0,1,0.4704067779688103
92,4,n Methyl Piperdine,0,2,0.45501712220055507
92,4,n Methyl Piperdine,0,3,0.45519447112180006
92,4,n Methyl Piperdine,0,4,0.4538157633328699
92,4,n Methyl Piperdine,0,5,0.46334545579267133
92,4,n Methyl Piperdine,0,6,0.46154372002713767
92,4,n Methyl Piperdine,0,7,0.4527248914744686
92,4,n Methyl Piperdine,0,8,0.4654051223224199
92,4,n Methyl Piperdine,0,9,0.46344530516709775
92,4,n Methyl Piperdine,0,10,0.47366817786144644
92,4,n Methyl Piperdine,0,11,0.4803140891338901
92,4,n Methyl Piperdine,0,12,0.46786185922414436
92,4,n Methyl Piperdine,0,13,0.45863721232990057
92,4,n Methyl Piperdine,0,14,0.46938405151960705
92,4,n Methyl Piperdine,1,0,0.45282630162869325
92,4,n Methyl Piperdine,1,1,0.4508308762118775
92,4,n Methyl Piperdine,1,2,0.445859069272691
92,4,n Methyl Piperdine,1,3,0.4490381179283534
92,4,n Methyl Piperdine,1,4,0.4513295501519389
92,4,n Methyl Piperdine,1,5,0.4591846493794531
92,4,n Methyl Piperdine,1,6,0.4568400828853924
92,4,n Methyl Piperdine,1,7,0.46735648738555746
92,4,n Methyl Piperdine,1,8,0.4581465828329013
92,4,n Methyl Piperdine,1,9,0.4561462376386284
92,4,n Methyl Piperdine,1,10,0.4503020353183489
92,4,n Methyl Piperdine,1,11,0.4444521743873558
92,4,n Methyl Piperdine,1,12,0.44819273070730437
92,4,n Methyl Piperdine,1,13,0.4471531689400341
92,4,n Methyl Piperdine,1,14,0.432264623698675
92,5,"2,4 Dimethyl Acetophenone",0,0,0.466514842822792
92,5,"2,4 Dimethyl Acetophenone",0,1,0.5033307604728899
92,5,"2,4 Dimethyl Acetophenone",0,2,0.48593542384208627
92,5,"2,4 Dimethyl Acetophenone",0,3,0.47542830348410786
92,5,"2,4 Dimethyl Acetophenone",0,4,0.48635676125859056
92,5,"2,4 Dimethyl Acetophenone",0,5,0.4531924427748875
92,5,"2,4 Dimethyl Acetophenone",0,6,0.4847156375264681
92,5,"2,4 Dimethyl Acetophenone",0,7,0.49875186417728545
92,5,"2,4 Dimethyl Acetophenone",0,8,0.479029853543456
92,5,"2,4 Dimethyl Acetophenone",0,9,0.45575060632827513
92,5,"2,4 Dimethyl Acetophenone",0,10,0.4749006845667932
92,5,"2,4 Dimethyl Acetophenone",0,11,0.49877681946485347
92,5,"2,4 Dimethyl Acetophenone",0,12,0.4843847104541803
92,5,"2,4 Dimethyl Acetophenone",0,13,0.46073789973687096
92,5,"2,4 Dimethyl Acetophenone",0,14,0.5141240689827746
92,5,"2,4 Dimethyl Acetophenone",1,0,0.4641413281172478
92,5,"2,4 Dimethyl Acetophenone",1,1,0.478395973244064
92,5,"2,4 Dimethyl Acetophenone",1,2,0.46719313856901185
92,5,"2,4 Dimethyl Acetophenone",1,3,0.46721265438570303
92,5,"2,4 Dimethyl Acetophenone",1,4,0.4754456345426107
92,5,"2,4 Dimethyl Acetophenone",1,5,0.4907919546719543
92,5,"2,4 Dimethyl Acetophenone",1,6,0.5000194957190142
92,5,"2,4 Dimethyl Acetophenone",1,7,0.47637607117799663
92,5,"2,4 Dimethyl Acetophenone",1,8,0.4675772889086043
92,5,"2,4 Dimethyl Acetophenone",1,9,0.48857086766450925
92,5,"2,4 Dimethyl Acetophenone",1,10,0.4889843740403999
92,5,"2,4 Dimethyl Acetophenone",1,11,0.48521108111911804
92,5,"2,4 Dimethyl Acetophenone",1,12,0.4857097474870872
92,5,"2,4 Dimethyl Acetophenone",1,13,0.48023417533037704
92,5,"2,4 Dimethyl Acetophenone",1,14,0.4832055355859909
92,6,4 Heptanone,0,0,0.5285035802137956
92,6,4 Heptanone,0,1,0.557294154412221
92,6,4 Heptanone,0,2,0.583930334774188
92,6,4 Heptanone,0,3,0.5368127106843268
92,6,4 Heptanone,0,4,0.5325299738691434
92,6,4 Heptanone,0,5,0.5385653165276071
92,6,4 Heptanone,0,6,0.5175504989153906
92,6,4 Heptanone,0,7,0.5502737845780951
92,6,4 Heptanone,0,8,0.5428271173351669
92,6,4 Heptanone,0,9,0.5230113151126765
92,6,4 Heptanone,0,10,0.5534264895470864
92,6,4 Heptanone,0,11,0.5331178388356786
92,6,4 Heptanone,0,12,0.5103721475082689
92,6,4 Heptanone,0,13,0.5407671773536753
92,6,4 Heptanone,0,14,0.5381313780244132
92,6,4 Heptanone,1,0,0.5696448148319292
92,6,4 Heptanone,1,1,0.5666810869160175
92,6,4 Heptanone,1,2,0.5450455615206368
92,6,4 Heptanone,1,3,0.5367006393034922
92,6,4 Heptanone,1,4,0.547597606788149
92,6,4 Heptanone,1,5,0.5559127361654727
92,6,4 Heptanone,1,6,0.5586826932702013
92,6,4 Heptanone,1,7,0.5544892614173057
92,6,4 Heptanone,1,8,0.5454701980674427
92,6,4 Heptanone,1,9,0.570481901489312
92,6,4 Heptanone,1,10,0.5320501810666959
92,6,4 Heptanone,1,11,0.6045778277461034
92,6,4 Heptanone,1,12,0.5651062903120916
92,6,4 Heptanone,1,13,0.5216280490604974
92,6,4 Heptanone,1,14,0.5518173343529204
92,7,33 Dimethyl Butyric Acid,0,0,0.6799312303247331
92,7,33 Dimethyl Butyric Acid,0,1,0.6703148741003842
92,7,33 Dimethyl Butyric Acid,0,2,0.6604952098845697
92,7,33 Dimethyl Butyric Acid,0,3,0.6644039648519063
92,7,33 Dimethyl Butyric Acid,0,4,0.677954994048463
92,7,33 Dimethyl Butyric Acid,0,5,0.6582714467412537
92,7,33 Dimethyl Butyric Acid,0,6,0.6608877262998163
92,7,33 Dimethyl Butyric Acid,0,7,0.6779099295850441
92,7,33 Dimethyl Butyric Acid,0,8,0.6714017618275838
92,7,33 Dimethyl Butyric Acid,0,9,0.6673460166350798
92,7,33 Dimethyl Butyric Acid,0,10,0.66906906551486
92,7,33 Dimethyl Butyric Acid,0,11,0.6607037279159861
92,7,33 Dimethyl Butyric Acid,0,12,0.6774610046521228
92,7,33 Dimethyl Butyric Acid,0,13,0.6663967402528608
92,7,33 Dimethyl Butyric Acid,0,14,0.6687175104430555
92,7,33 Dimethyl Butyric Acid,1,0,0.6519053074470033
92,7,33 Dimethyl Butyric Acid,1,1,0.6467338644301257
92,7,33 Dimethyl Butyric Acid,1,2,0.6428941377080691
92,7,33 Dimethyl Butyric Acid,1,3,0.63188311106002
92,7,33 Dimethyl Butyric Acid,1,4,0.652082205044317
92,7,33 Dimethyl Butyric Acid,1,5,0.6496102413895494
92,7,33 Dimethyl Butyric Acid,1,6,0.6444990670163899
92,7,33 Dimethyl Butyric Acid,1,7,0.6400423979253564
92,7,33 Dimethyl Butyric Acid,1,8,0.6490426245404511
92,7,33 Dimethyl Butyric Acid,1,9,0.6530510453306282
92,7,33 Dimethyl Butyric Acid,1,10,0.6497710713786067
92,7,33 Dimethyl Butyric Acid,1,11,0.6629720006630818
92,7,33 Dimethyl Butyric Acid,1,12,0.654973392843265
92,7,33 Dimethyl Butyric Acid,1,13,0.6480137949437268
92,7,33 Dimethyl Butyric Acid,1,14,0.6552605352016916
92,8,2 Methyl Butyraldehyde,0,0,0.35952323445127043
92,8,2 Methyl Butyraldehyde,0,1,0.35945699568514716
92,8,2 Methyl Butyraldehyde,0,2,0.383343854293539
92,8,2 Methyl Butyraldehyde,0,3,0.3414488307547248
92,8,2 Methyl Butyraldehyde,0,4,0.35903921214298545
92,8,2 Methyl Butyraldehyde,0,5,0.3813076625771386
92,8,2 Methyl Butyraldehyde,0,6,0.36449331815549635
92,8,2 Methyl Butyraldehyde,0,7,0.3515483812115711
92,8,2 Methyl Butyraldehyde,0,8,0.3260208717775845
92,8,2 Methyl Butyraldehyde,0,9,0.3152496351836477
92,8,2 Methyl Butyraldehyde,0,10,0.3982318169755224
92,8,2 Methyl Butyraldehyde,0,11,0.36448417830105195
92,8,2 Methyl Butyraldehyde,0,12,0.3474433021822821
92,8,2 Methyl Butyraldehyde,0,13,0.3652658852089722
92,8,2 Methyl Butyraldehyde,0,14,0.3405015769016102
92,8,2 Methyl Butyraldehyde,1,0,0.3339071095498268
92,8,2 Methyl Butyraldehyde,1,1,0.32226621350590523
92,8,2 Methyl Butyraldehyde,1,2,0.3132486165688986
92,8,2 Methyl Butyraldehyde,1,3,0.30004273909931334
92,8,2 Methyl Butyraldehyde,1,4,0.30972843444133014
92,8,2 Methyl Butyraldehyde,1,5,0.35972829098297376
92,8,2 Methyl Butyraldehyde,1,6,0.3213891154060298
92,8,2 Methyl Butyraldehyde,1,7,0.3504422191567091
92,8,2 Methyl Butyraldehyde,1,8,0.3584942027380173
92,8,2 Methyl Butyraldehyde,1,9,0.3405468050001719
92,8,2 Methyl Butyraldehyde,1,10,0.33453014610646814
92,8,2 Methyl Butyraldehyde,1,11,0.34276989281380826
92,8,2 Methyl Butyraldehyde,1,12,0.3322763223635222
92,8,2 Methyl Butyraldehyde,1,13,0.3632148277994778
92,8,2 Methyl Butyraldehyde,1,14,0.3760563086650039
92,9,m Anisaldehyde,0,0,0.5252456093398021
92,9,m Anisaldehyde,0,1,0.491073372409883
92,9,m Anisaldehyde,0,2,0.507342032468913
92,9,m Anisaldehyde,0,3,0.5115282970905156
92,9,m Anisaldehyde,0,4,0.5158826336914887
92,9,m Anisaldehyde,0,5,0.4950989256308874
92,9,m Anisaldehyde,0,6,0.4949458818097703
92,9,m Anisaldehyde,0,7,0.5238885209107881
92,9,m Anisaldehyde,0,8,0.5061835372264913
92,9,m Anisaldehyde,0,9,0.4973753338577078
92,9,m Anisaldehyde,0,10,0.5010167559268986
92,9,m Anisaldehyde,0,11,0.5151939150036021
92,9,m Anisaldehyde,0,12,0.5036839540290945
92,9,m Anisaldehyde,0,13,0.5137815368865427
92,9,m Anisaldehyde,0,14,0.5022020176006357
92,9,m Anisaldehyde,1,0,0.47555999406092764
92,9,m Anisaldehyde,1,1,0.5056255869146097
92,9,m Anisaldehyde,1,2,0.4958884126992386
92,9,m Anisaldehyde,1,3,0.4889432728443149
92,9,m Anisaldehyde,1,4,0.4871630964789732
92,9,m Anisaldehyde,1,5,0.5060100695219033
92,9,m Anisaldehyde,1,6,0.4977229522170042
92,9,m Anisaldehyde,1,7,0.5029918457427167
92,9,m Anisaldehyde,1,8,0.4865716589998447
92,9,m Anisaldehyde,1,9,0.49259088029524895
92,9,m Anisaldehyde,1,10,0.4959264527967685
92,9,m Anisaldehyde,1,11,0.48689070173139415
92,9,m Anisaldehyde,1,12,0.4912036504765401
92,9,m Anisaldehyde,1,13,0.4865724402736992
92,9,m Anisaldehyde,1,14,0.4958966610637942
94,0,"2,3 Pentanedione",0,0,0.23280130515600272
94,0,"2,3 Pentanedione",0,1,0.2801354097334437
94,0,"2,3 Pentanedione",0,2,0.27360398929584
94,0,"2,3 Pentanedione",0,3,0.26075344603958417
94,0,"2,3 Pentanedione",0,4,0.2770740878935693
94,0,"2,3 Pentanedione",0,5,0.2567126476589428
94,0,"2,3 Pentanedione",0,6,0.24908289071908507
94,0,"2,3 Pentanedione",0,7,0.2794293131219842
94,0,"2,3 Pentanedione",0,8,0.2805115093811265
94,0,"2,3 Pentanedione",0,9,0.25315440328204136
94,0,"2,3 Pentanedione",0,10,0.2510098519461908
94,0,"2,3 Pentanedione",0,11,0.26126182215825583
94,0,"2,3 Pentanedione",0,12,0.25203601793191677
94,0,"2,3 Pentanedione",0,13,0.30396413699932395
94,0,"2,3 Pentanedione",0,14,0.2737480521071224
94,0,"2,3 Pentanedione",1,0,0.2602375106155947
94,0,"2,3 Pentanedione",1,1,0.23655438043468857
94,0,"2,3 Pentanedione",1,2,0.2783472409528303
94,0,"2,3 Pentanedione",1,3,0.24458238227830392
94,0,"2,3 Pentanedione",1,4,0.2435538219998883
94,0,"2,3 Pentanedione",1,5,0.27918787135382894
94,0,"2,3 Pentanedione",1,6,0.2695555728017117
94,0,"2,3 Pentanedione",1,7,0.19728631454852535
94,0,"2,3 Pentanedione",1,8,0.2559282356828066
94,0,"2,3 Pentanedione",1,9,0.26301049529060483
94,0,"2,3 Pentanedione",1,10,0.2513826008823853
94,0,"2,3 Pentanedione",1,11,0.2638815964191594
94,0,"2,3 Pentanedione",1,12,0.21463030470418903
94,0,"2,3 Pentanedione",1,13,0.18909698979339618
94,0,"2,3 Pentanedione",1,14,0.23548579881765752
94,1,3 Methylvaleric Acid,0,0,0.6608702730491184
94,1,3 Methylvaleric Acid,0,1,0.6261513516804832
94,1,3 Methylvaleric Acid,0,2,0.6497256882324846
94,1,3 Methylvaleric Acid,0,3,0.6390421966927291
94,1,3 Methylvaleric Acid,0,4,0.6556744051808048
94,1,3 Methylvaleric Acid,0,5,0.6774580864568419
94,1,3 Methylvaleric Acid,0,6,0.6559263247868565
94,1,3 Methylvaleric Acid,0,7,0.657012014171716
94,1,3 Methylvaleric Acid,0,8,0.6663840330124826
94,1,3 Methylvaleric Acid,0,9,0.6582871394189707
94,1,3 Methylvaleric Acid,0,10,0.6559479471195863
94,1,3 Methylvaleric Acid,0,11,0.6672493817335241
94,1,3 Methylvaleric Acid,0,12,0.6627475800053263
94,1,3 Methylvaleric Acid,0,13,0.6609334172331055
94,1,3 Methylvaleric Acid,0,14,0.6567023901601853
94,1,3 Methylvaleric Acid,1,0,0.6547217013457391
94,1,3 Methylvaleric Acid,1,1,0.6672268722005276
94,1,3 Methylvaleric Acid,1,2,0.654816755437422
94,1,3 Methylvaleric Acid,1,3,0.6703360697486002
94,1,3 Methylvaleric Acid,1,4,0.6477814710112842
94,1,3 Methylvaleric Acid,1,5,0.6723409892729421
94,1,3 Methylvaleric Acid,1,6,0.6628203808241152
94,1,3 Methylvaleric Acid,1,7,0.6485596706888723
94,1,3 Methylvaleric Acid,1,8,0.6631860472927107
94,1,3 Methylvaleric Acid,1,9,0.651709950709801
94,1,3 Methylvaleric Acid,1,10,0.658478420858793
94,1,3 Methylvaleric Acid,1,11,0.6533302291238303
94,1,3 Methylvaleric Acid,1,12,0.656831766134483
94,1,3 Methylvaleric Acid,1,13,0.6674670287509791
94,1,3 Methylvaleric Acid,1,14,0.6632804176656855
94,2,Acetic Acid,0,0,0.32147313708236147
94,2,Acetic Acid,0,1,0.3224311517267464
94,2,Acetic Acid,0,2,0.3448282627305742
94,2,Acetic Acid,0,3,0.34603958742257684
94,2,Acetic Acid,0,4,0.32901628843539754
94,2,Acetic Acid,0,5,0.36691870675150934
94,2,Acetic Acid,0,6,0.3539070578203452
94,2,Acetic Acid,0,7,0.32983377937550656
94,2,Acetic Acid,0,8,0.32821650072559383
94,2,Acetic Acid,0,9,0.33648769783501836
94,2,Acetic Acid,0,10,0.33474726099274105
94,2,Acetic Acid,0,11,0.3613120689265791
94,2,Acetic Acid,0,12,0.3567680734755768
94,2,Acetic Acid,0,13,0.3408852902815522
94,2,Acetic Acid,0,14,0.35163887221637524
94,2,Acetic Acid,1,0,0.36770004159450503
94,2,Acetic Acid,1,1,0.3549076351243871
94,2,Acetic Acid,1,2,0.3606681730673613
94,2,Acetic Acid,1,3,0.363872802924179
94,2,Acetic Acid,1,4,0.3620898655000973
94,2,Acetic Acid,1,5,0.34090493205220795
94,2,Acetic Acid,1,6,0.3425960683558361
94,2,Acetic Acid,1,7,0.3491053191675474
94,2,Acetic Acid,1,8,0.342111707183561
94,2,Acetic Acid,1,9,0.32929049792745263
94,2,Acetic Acid,1,10,0.36524058597253056
94,2,Acetic Acid,1,11,0.35972786366130416
94,2,Acetic Acid,1,12,0.3315276460976443
94,2,Acetic Acid,1,13,0.3499028922710575
94,2,Acetic Acid,1,14,0.35085023330187376
94,3,Gerinol,0,0,0.22563979007749188
94,3,Gerinol,0,1,0.2040774959184748
94,3,Gerinol,0,2,0.1994357951055428
94,3,Gerinol,0,3,0.23140251185510857
94,3,Gerinol,0,4,0.19636544157282274
94,3,Gerinol,0,5,0.2185663410244237
94,3,Gerinol,0,6,0.21697264982406234
94,3,Gerinol,0,7,0.22043241251117188
94,3,Gerinol,0,8,0.22684722135562643
94,3,Gerinol,0,9,0.24980824575834817
94,3,Gerinol,0,10,0.19524745895737633
94,3,Gerinol,0,11,0.23749069852666319
94,3,Gerinol,0,12,0.17967685831313085
94,3,Gerinol,0,13,0.24631322566442435
94,3,Gerinol,0,14,0.1876831905303047
94,3,Gerinol,1,0,0.24937491353774457
94,3,Gerinol,1,1,0.2011589601275917
94,3,Gerinol,1,2,0.22982329842292276
94,3,Gerinol,1,3,0.22630494682789853
94,3,Gerinol,1,4,0.20036186859112756
94,3,Gerinol,1,5,0.20167109486153317
94,3,Gerinol,1,6,0.19352621066452863
94,3,Gerinol,1,7,0.2212416098057738
94,3,Gerinol,1,8,0.20058401410254348
94,3,Gerinol,1,9,0.19383629401648556
94,3,Gerinol,1,10,0.21697486002066058
94,3,Gerinol,1,11,0.19250227804582953
94,3,Gerinol,1,12,0.20219599628126592
94,3,Gerinol,1,13,0.20963591047028374
94,3,Gerinol,1,14,0.19684840722883795
94,4,n Methyl Piperdine,0,0,0.4576436713681038
94,4,n Methyl Piperdine,0,1,0.4738559264245789
94,4,n Methyl Piperdine,0,2,0.4599421792131821
94,4,n Methyl Piperdine,0,3,0.45869904513719434
94,4,n Methyl Piperdine,0,4,0.4601750597109135
94,4,n Methyl Piperdine,0,5,0.4652117007234558
94,4,n Methyl Piperdine,0,6,0.45330515135407234
94,4,n Methyl Piperdine,0,7,0.46499378401913033
94,4,n Methyl Piperdine,0,8,0.4636226223359372
94,4,n Methyl Piperdine,0,9,0.4472668177428703
94,4,n Methyl Piperdine,0,10,0.47593010564273336
94,4,n Methyl Piperdine,0,11,0.4732625693015689
94,4,n Methyl Piperdine,0,12,0.45517155735350456
94,4,n Methyl Piperdine,0,13,0.452596648513885
94,4,n Methyl Piperdine,0,14,0.4634004727916652
94,4,n Methyl Piperdine,1,0,0.4376361502407779
94,4,n Methyl Piperdine,1,1,0.45995732017304625
94,4,n Methyl Piperdine,1,2,0.44529542665740907
94,4,n Methyl Piperdine,1,3,0.46201751196989876
94,4,n Methyl Piperdine,1,4,0.44244782958033807
94,4,n Methyl Piperdine,1,5,0.44814543985889443
94,4,n Methyl Piperdine,1,6,0.45918075739604713
94,4,n Methyl Piperdine,1,7,0.4464571407063176
94,4,n Methyl Piperdine,1,8,0.45121979048883415
94,4,n Methyl Piperdine,1,9,0.4577843265885323
94,4,n Methyl Piperdine,1,10,0.44459467693675486
94,4,n Methyl Piperdine,1,11,0.4389491438190467
94,4,n Methyl Piperdine,1,12,0.4373733717729676
94,4,n Methyl Piperdine,1,13,0.4537105185389312
94,4,n Methyl Piperdine,1,14,0.45215328363940915
94,5,"2,4 Dimethyl Acetophenone",0,0,0.4893580781773742
94,5,"2,4 Dimethyl Acetophenone",0,1,0.47052303555560343
94,5,"2,4 Dimethyl Acetophenone",0,2,0.45421231867311707
94,5,"2,4 Dimethyl Acetophenone",0,3,0.441210828719359
94,5,"2,4 Dimethyl Acetophenone",0,4,0.5148290106015626
94,5,"2,4 Dimethyl Acetophenone",0,5,0.48181761692664393
94,5,"2,4 Dimethyl Acetophenone",0,6,0.4763163100914525
94,5,"2,4 Dimethyl Acetophenone",0,7,0.47831653276093605
94,5,"2,4 Dimethyl Acetophenone",0,8,0.45420383413187554
94,5,"2,4 Dimethyl Acetophenone",0,9,0.4631787622121434
94,5,"2,4 Dimethyl Acetophenone",0,10,0.4989703790598289
94,5,"2,4 Dimethyl Acetophenone",0,11,0.4836708527210235
94,5,"2,4 Dimethyl Acetophenone",0,12,0.4636197668695496
94,5,"2,4 Dimethyl Acetophenone",0,13,0.4570878562489548
94,5,"2,4 Dimethyl Acetophenone",0,14,0.4671154966868867
94,5,"2,4 Dimethyl Acetophenone",1,0,0.46866052135979014
94,5,"2,4 Dimethyl Acetophenone",1,1,0.5020038166062163
94,5,"2,4 Dimethyl Acetophenone",1,2,0.4704536721289657
94,5,"2,4 Dimethyl Acetophenone",1,3,0.45633439154644007
94,5,"2,4 Dimethyl Acetophenone",1,4,0.4722821003719867
94,5,"2,4 Dimethyl Acetophenone",1,5,0.47683594359695114
94,5,"2,4 Dimethyl Acetophenone",1,6,0.4550512585925544
94,5,"2,4 Dimethyl Acetophenone",1,7,0.47877946633824314
94,5,"2,4 Dimethyl Acetophenone",1,8,0.4901555902610229
94,5,"2,4 Dimethyl Acetophenone",1,9,0.47506388939101807
94,5,"2,4 Dimethyl Acetophenone",1,10,0.46186891184946105
94,5,"2,4 Dimethyl Acetophenone",1,11,0.4656507708205749
94,5,"2,4 Dimethyl Acetophenone",1,12,0.449716935873293
94,5,"2,4 Dimethyl Acetophenone",1,13,0.4712212289563854
94,5,"2,4 Dimethyl Acetophenone",1,14,0.47749082287078604
94,6,4 Heptanone,0,0,0.5351563941462061
94,6,4 Heptanone,0,1,0.6003852332255528
94,6,4 Heptanone,0,2,0.5739973146461237
94,6,4 Heptanone,0,3,0.5145472176500387
94,6,4 Heptanone,0,4,0.5150190083166247
94,6,4 Heptanone,0,5,0.5331466060796695
94,6,4 Heptanone,0,6,0.5919562746017825
94,6,4 Heptanone,0,7,0.5762658486209437
94,6,4 Heptanone,0,8,0.593118269361445
94,6,4 Heptanone,0,9,0.5560115786431619
94,6,4 Heptanone,0,10,0.5509590383006775
94,6,4 Heptanone,0,11,0.5270870683456451
94,6,4 Heptanone,0,12,0.5638186797905321
94,6,4 Heptanone,0,13,0.5512653930027106
94,6,4 Heptanone,0,14,0.5503798929606192
94,6,4 Heptanone,1,0,0.6012636697896273
94,6,4 Heptanone,1,1,0.5611467422194055
94,6,4 Heptanone,1,2,0.5946617632978778
94,6,4 Heptanone,1,3,0.5275304854546642
94,6,4 Heptanone,1,4,0.6258725111459724
94,6,4 Heptanone,1,5,0.5554680636633061
94,6,4 Heptanone,1,6,0.5803159211959129
94,6,4 Heptanone,1,7,0.5839745834491842
94,6,4 Heptanone,1,8,0.5526143775829153
94,6,4 Heptanone,1,9,0.5828881120392702
94,6,4 Heptanone,1,10,0.5840833681720613
94,6,4 Heptanone,1,11,0.5476517772538979
94,6,4 Heptanone,1,12,0.5479241671677426
94,6,4 Heptanone,1,13,0.5650943356573075
94,6,4 Heptanone,1,14,0.5613963042191218
94,7,33 Dimethyl Butyric Acid,0,0,0.6707450869628446
94,7,33 Dimethyl Butyric Acid,0,1,0.6648276036334229
94,7,33 Dimethyl Butyric Acid,0,2,0.6582019556482486
94,7,33 Dimethyl Butyric Acid,0,3,0.6639997939533839
94,7,33 Dimethyl Butyric Acid,0,4,0.6412650254773189
94,7,33 Dimethyl Butyric Acid,0,5,0.6535320932276608
94,7,33 Dimethyl Butyric Acid,0,6,0.6612722282924031
94,7,33 Dimethyl Butyric Acid,0,7,0.6683645539771922
94,7,33 Dimethyl Butyric Acid,0,8,0.6605175967873189
94,7,33 Dimethyl Butyric Acid,0,9,0.6713030914648893
94,7,33 Dimethyl Butyric Acid,0,10,0.6662440356694732
94,7,33 Dimethyl Butyric Acid,0,11,0.654620366441289
94,7,33 Dimethyl Butyric Acid,0,12,0.6576054003448519
94,7,33 Dimethyl Butyric Acid,0,13,0.6623058153590261
94,7,33 Dimethyl Butyric Acid,0,14,0.6549605558383944
94,7,33 Dimethyl Butyric Acid,1,0,0.6508524711764798
94,7,33 Dimethyl Butyric Acid,1,1,0.6282266720264101
94,7,33 Dimethyl Butyric Acid,1,2,0.64043795107616
94,7,33 Dimethyl Butyric Acid,1,3,0.6440318344885335
94,7,33 Dimethyl Butyric Acid,1,4,0.6350424731697502
94,7,33 Dimethyl Butyric Acid,1,5,0.6331111302339535
94,7,33 Dimethyl Butyric Acid,1,6,0.6370767744240075
94,7,33 Dimethyl Butyric Acid,1,7,0.6446879074689299
94,7,33 Dimethyl Butyric Acid,1,8,0.6334449558550332
94,7,33 Dimethyl Butyric Acid,1,9,0.628567813382432
94,7,33 Dimethyl Butyric Acid,1,10,0.6475897019667561
94,7,33 Dimethyl Butyric Acid,1,11,0.6411509166483512
94,7,33 Dimethyl Butyric Acid,1,12,0.6463664821478949
94,7,33 Dimethyl Butyric Acid,1,13,0.6442365360077044
94,7,33 Dimethyl Butyric Acid,1,14,0.6564111768498846
94,8,2 Methyl Butyraldehyde,0,0,0.3737846776965349
94,8,2 Methyl Butyraldehyde,0,1,0.3386742379722636
94,8,2 Methyl Butyraldehyde,0,2,0.36147624471745365
94,8,2 Methyl Butyraldehyde,0,3,0.34185472387251387
94,8,2 Methyl Butyraldehyde,0,4,0.34382808059588577
94,8,2 Methyl Butyraldehyde,0,5,0.3255311818466865
94,8,2 Methyl Butyraldehyde,0,6,0.3470357174476615
94,8,2 Methyl Butyraldehyde,0,7,0.3629036535085467
94,8,2 Methyl Butyraldehyde,0,8,0.35123761615362264
94,8,2 Methyl Butyraldehyde,0,9,0.33150937306999845
94,8,2 Methyl Butyraldehyde,0,10,0.323421198472359
94,8,2 Methyl Butyraldehyde,0,11,0.392816596660723
94,8,2 Methyl Butyraldehyde,0,12,0.3587059156498216
94,8,2 Methyl Butyraldehyde,0,13,0.3367652762553154
94,8,2 Methyl Butyraldehyde,0,14,0.3613142618831576
94,8,2 Methyl Butyraldehyde,1,0,0.377482196459319
94,8,2 Methyl Butyraldehyde,1,1,0.3475327488060124
94,8,2 Methyl Butyraldehyde,1,2,0.2824775405310755
94,8,2 Methyl Butyraldehyde,1,3,0.3863236240921789
94,8,2 Methyl Butyraldehyde,1,4,0.30038205250154887
94,8,2 Methyl Butyraldehyde,1,5,0.33175403095497424
94,8,2 Methyl Butyraldehyde,1,6,0.31404862594431904
94,8,2 Methyl Butyraldehyde,1,7,0.32155930367647284
94,8,2 Methyl Butyraldehyde,1,8,0.34111696515203366
94,8,2 Methyl Butyraldehyde,1,9,0.29614797391325354
94,8,2 Methyl Butyraldehyde,1,10,0.33396419613276807
94,8,2 Methyl Butyraldehyde,1,11,0.35759173286201634
94,8,2 Methyl Butyraldehyde,1,12,0.31958832085227024
94,8,2 Methyl Butyraldehyde,1,13,0.30914436091473924
94,8,2 Methyl Butyraldehyde,1,14,0.3330275714044745
94,9,m Anisaldehyde,0,0,0.49450267848647356
94,9,m Anisaldehyde,0,1,0.4920651719069406
94,9,m Anisaldehyde,0,2,0.486437270807141
94,9,m Anisaldehyde,0,3,0.5026394550092861
94,9,m Anisaldehyde,0,4,0.5033613423948103
94,9,m Anisaldehyde,0,5,0.4876015235990731
94,9,m Anisaldehyde,0,6,0.4889146890901329
94,9,m Anisaldehyde,0,7,0.4990082137406327
94,9,m Anisaldehyde,0,8,0.4885567955439226
94,9,m Anisaldehyde,0,9,0.49940835058248234
94,9,m Anisaldehyde,0,10,0.5116428869470422
94,9,m Anisaldehyde,0,11,0.49714544980364506
94,9,m Anisaldehyde,0,12,0.48619748951063335
94,9,m Anisaldehyde,0,13,0.501433625339071
94,9,m Anisaldehyde,0,14,0.4960273811217355
94,9,m Anisaldehyde,1,0,0.4779722832011691
94,9,m Anisaldehyde,1,1,0.48390725173553195
94,9,m Anisaldehyde,1,2,0.485954094369696
94,9,m Anisaldehyde,1,3,0.47973394094499316
94,9,m Anisaldehyde,1,4,0.4788212977156162
94,9,m Anisaldehyde,1,5,0.49897732411489226
94,9,m Anisaldehyde,1,6,0.4907887260111372
94,9,m Anisaldehyde,1,7,0.4873063116465058
94,9,m Anisaldehyde,1,8,0.48064204193419746
94,9,m Anisaldehyde,1,9,0.46985391347934025
94,9,m Anisaldehyde,1,10,0.49009446313629274
94,9,m Anisaldehyde,1,11,0.48076623147067343
94,9,m Anisaldehyde,1,12,0.47392051015249376
94,9,m Anisaldehyde,1,13,0.4770899948341086
94,9,m Anisaldehyde,1,14,0.4702292913703306
96,0,"2,3 Pentanedione",0,0,0.3006137681174684
96,0,"2,3 Pentanedione",0,1,0.29125646912086656
96,0,"2,3 Pentanedione",0,2,0.2787213535810307
96,0,"2,3 Pentanedione",0,3,0.27311090270219013
96,0,"2,3 Pentanedione",0,4,0.2571638201115758
96,0,"2,3 Pentanedione",0,5,0.22092872594885887
96,0,"2,3 Pentanedione",0,6,0.2388573696263202
96,0,"2,3 Pentanedione",0,7,0.25561440855483963
96,0,"2,3 Pentanedione",0,8,0.25185638249247555
96,0,"2,3 Pentanedione",0,9,0.28141455765822354
96,0,"2,3 Pentanedione",0,10,0.2944678855921549
96,0,"2,3 Pentanedione",0,11,0.270969561570296
96,0,"2,3 Pentanedione",0,12,0.3094034654208577
96,0,"2,3 Pentanedione",0,13,0.2546080990531561
96,0,"2,3 Pentanedione",0,14,0.27079211387411495
96,0,"2,3 Pentanedione",1,0,0.24654419078397
96,0,"2,3 Pentanedione",1,1,0.27512352848677035
96,0,"2,3 Pentanedione",1,2,0.25046604731796435
96,0,"2,3 Pentanedione",1,3,0.2511580931298631
96,0,"2,3 Pentanedione",1,4,0.20644779239071187
96,0,"2,3 Pentanedione",1,5,0.22532120253564103
96,0,"2,3 Pentanedione",1,6,0.2752176771083495
96,0,"2,3 Pentanedione",1,7,0.1959353136759803
96,0,"2,3 Pentanedione",1,8,0.2813936865766756
96,0,"2,3 Pentanedione",1,9,0.2603104824897657
96,0,"2,3 Pentanedione",1,10,0.22913083705681603
96,0,"2,3 Pentanedione",1,11,0.2270176458557277
96,0,"2,3 Pentanedione",1,12,0.2952177527621176
96,0,"2,3 Pentanedione",1,13,0.28310401542789543
96,0,"2,3 Pentanedione",1,14,0.24483285097732246
96,1,3 Methylvaleric Acid,0,0,0.6642819689395653
96,1,3 Methylvaleric Acid,0,1,0.6565528478069623
96,1,3 Methylvaleric Acid,0,2,0.664283872067358
96,1,3 Methylvaleric Acid,0,3,0.6562784156688685
96,1,3 Methylvaleric Acid,0,4,0.6621720802296687
96,1,3 Methylvaleric Acid,0,5,0.6808706288787952
96,1,3 Methylvaleric Acid,0,6,0.6620030887500289
96,1,3 Methylvaleric Acid,0,7,0.6525749006975993
96,1,3 Methylvaleric Acid,0,8,0.649423451151671
96,1,3 Methylvaleric Acid,0,9,0.6642079817129022
96,1,3 Methylvaleric Acid,0,10,0.6554172594815912
96,1,3 Methylvaleric Acid,0,11,0.6653908055354544
96,1,3 Methylvaleric Acid,0,12,0.6469176264319328
96,1,3 Methylvaleric Acid,0,13,0.6697826082092329
96,1,3 Methylvaleric Acid,0,14,0.652454693372584
96,1,3 Methylvaleric Acid,1,0,0.6575632190709212
96,1,3 Methylvaleric Acid,1,1,0.653755936636502
96,1,3 Methylvaleric Acid,1,2,0.674115786618192
96,1,3 Methylvaleric Acid,1,3,0.6588025336441927
96,1,3 Methylvaleric Acid,1,4,0.6763637533147162
96,1,3 Methylvaleric Acid,1,5,0.6626558751297513
96,1,3 Methylvaleric Acid,1,6,0.6712154543274792
96,1,3 Methylvaleric Acid,1,7,0.6550379479273432
96,1,3 Methylvaleric Acid,1,8,0.660525152345361
96,1,3 Methylvaleric Acid,1,9,0.6691686482330952
96,1,3 Methylvaleric Acid,1,10,0.6660633941148838
96,1,3 Methylvaleric Acid,1,11,0.6623613791110993
96,1,3 Methylvaleric Acid,1,12,0.6538585765736563
96,1,3 Methylvaleric Acid,1,13,0.6555331287690539
96,1,3 Methylvaleric Acid,1,14,0.6683669852495375
96,2,Acetic Acid,0,0,0.36816258338789665
96,2,Acetic Acid,0,1,0.33573010715951423
96,2,Acetic Acid,0,2,0.33320586300477506
96,2,Acetic Acid,0,3,0.3305230580987223
96,2,Acetic Acid,0,4,0.3595272348255832
96,2,Acetic Acid,0,5,0.3300991412461712
96,2,Acetic Acid,0,6,0.35932486855145973
96,2,Acetic Acid,0,7,0.35477621355158284
96,2,Acetic Acid,0,8,0.3365292349108406
96,2,Acetic Acid,0,9,0.3718084933914169
96,2,Acetic Acid,0,10,0.3211865496213674
96,2,Acetic Acid,0,11,0.37340894894016613
96,2,Acetic Acid,0,12,0.350982150420426
96,2,Acetic Acid,0,13,0.3109620617384227
96,2,Acetic Acid,0,14,0.37227722695010995
96,2,Acetic Acid,1,0,0.3770932630798799
96,2,Acetic Acid,1,1,0.35366648683356533
96,2,Acetic Acid,1,2,0.34469158220127905
96,2,Acetic Acid,1,3,0.3345818719960902
96,2,Acetic Acid,1,4,0.4012361708260437
96,2,Acetic Acid,1,5,0.3453831100074883
96,2,Acetic Acid,1,6,0.3396920158205358
96,2,Acetic Acid,1,7,0.3653116018034789
96,2,Acetic Acid,1,8,0.333430514963045
96,2,Acetic Acid,1,9,0.3444100804344272
96,2,Acetic Acid,1,10,0.3774739447962129
96,2,Acetic Acid,1,11,0.3685952328620905
96,2,Acetic Acid,1,12,0.35436642954158126
96,2,Acetic Acid,1,13,0.36113599908301663
96,2,Acetic Acid,1,14,0.3534279599528112
96,3,Gerinol,0,0,0.20624809161879404
96,3,Gerinol,0,1,0.19430887049168857
96,3,Gerinol,0,2,0.1974065940770755
96,3,Gerinol,0,3,0.19688729037522273
96,3,Gerinol,0,4,0.19492220717470504
96,3,Gerinol,0,5,0.2251155304403759
96,3,Gerinol,0,6,0.22044445444044042
96,3,Gerinol,0,7,0.19139915745297037
96,3,Gerinol,0,8,0.18692876635204575
96,3,Gerinol,0,9,0.20462258004172387
96,3,Gerinol,0,10,0.24407625300075333
96,3,Gerinol,0,11,0.18977256932735012
96,3,Gerinol,0,12,0.20455522921987715
96,3,Gerinol,0,13,0.20881943099009603
96,3,Gerinol,0,14,0.20545231199185368
96,3,Gerinol,1,0,0.1768543921345157
96,3,Gerinol,1,1,0.20437804265572773
96,3,Gerinol,1,2,0.19242504040544237
96,3,Gerinol,1,3,0.1991016396844922
96,3,Gerinol,1,4,0.19472687566016972
96,3,Gerinol,1,5,0.1999229868569262
96,3,Gerinol,1,6,0.21170258819721233
96,3,Gerinol,1,7,0.2073800893754531
96,3,Gerinol,1,8,0.2243342050941672
96,3,Gerinol,1,9,0.20544025631774046
96,3,Gerinol,1,10,0.17325056936874425
96,3,Gerinol,1,11,0.19912734515919675
96,3,Gerinol,1,12,0.19679214733650166
96,3,Gerinol,1,13,0.21743304851049888
96,3,Gerinol,1,14,0.16817143624823883
96,4,n Methyl Piperdine,0,0,0.46126187595305035
96,4,n Methyl Piperdine,0,1,0.4513497045437712
96,4,n Methyl Piperdine,0,2,0.46089862813470794
96,4,n Methyl Piperdine,0,3,0.45508029398510913
96,4,n Methyl Piperdine,0,4,0.460634017735434
96,4,n Methyl Piperdine,0,5,0.44551556181325547
96,4,n Methyl Piperdine,0,6,0.46314407915435407
96,4,n Methyl Piperdine,0,7,0.4584467434233957
96,4,n Methyl Piperdine,0,8,0.45801581035608213
96,4,n Methyl Piperdine,0,9,0.47240009370068553
96,4,n Methyl Piperdine,0,10,0.4537384001157643
96,4,n Methyl Piperdine,0,11,0.45953639070008273
96,4,n Methyl Piperdine,0,12,0.4576004328942209
96,4,n Methyl Piperdine,0,13,0.45838258058383274
96,4,n Methyl Piperdine,0,14,0.4745726985390491
96,4,n Methyl Piperdine,1,0,0.4486082772270527
96,4,n Methyl Piperdine,1,1,0.4435595820918366
96,4,n Methyl Piperdine,1,2,0.4630650428513205
96,4,n Methyl Piperdine,1,3,0.445636310364231
96,4,n Methyl Piperdine,1,4,0.43525639531007027
96,4,n Methyl Piperdine,1,5,0.4421710708363119
96,4,n Methyl Piperdine,1,6,0.43812512053539987
96,4,n Methyl Piperdine,1,7,0.4336980967572271
96,4,n Methyl Piperdine,1,8,0.44519370045279766
96,4,n Methyl Piperdine,1,9,0.4475360927655553
96,4,n Methyl Piperdine,1,10,0.45754204380877395
96,4,n Methyl Piperdine,1,11,0.4531330333842392
96,4,n Methyl Piperdine,1,12,0.45276849495277205
96,4,n Methyl Piperdine,1,13,0.44095214044616093
96,4,n Methyl Piperdine,1,14,0.45517728658345563
96,5,"2,4 Dimethyl Acetophenone",0,0,0.4947047784156431
96,5,"2,4 Dimethyl Acetophenone",0,1,0.48065067996916916
96,5,"2,4 Dimethyl Acetophenone",0,2,0.48104476032772847
96,5,"2,4 Dimethyl Acetophenone",0,3,0.45725312941672663
96,5,"2,4 Dimethyl Acetophenone",0,4,0.48995554661885504
96,5,"2,4 Dimethyl Acetophenone",0,5,0.5001985615708494
96,5,"2,4 Dimethyl Acetophenone",0,6,0.47964077550821127
96,5,"2,4 Dimethyl Acetophenone",0,7,0.46670563678954463
96,5,"2,4 Dimethyl Acetophenone",0,8,0.4728024523447711
96,5,"2,4 Dimethyl Acetophenone",0,9,0.4691583456518186
96,5,"2,4 Dimethyl Acetophenone",0,10,0.47000400772566886
96,5,"2,4 Dimethyl Acetophenone",0,11,0.48422408781652926
96,5,"2,4 Dimethyl Acetophenone",0,12,0.4790275398216132
96,5,"2,4 Dimethyl Acetophenone",0,13,0.48924344884598686
96,5,"2,4 Dimethyl Acetophenone",0,14,0.48031692861319547
96,5,"2,4 Dimethyl Acetophenone",1,0,0.4657710258459406
96,5,"2,4 Dimethyl Acetophenone",1,1,0.4708953335257281
96,5,"2,4 Dimethyl Acetophenone",1,2,0.47001895928805704
96,5,"2,4 Dimethyl Acetophenone",1,3,0.4753262302838857
96,5,"2,4 Dimethyl Acetophenone",1,4,0.5032632372703532
96,5,"2,4 Dimethyl Acetophenone",1,5,0.5055220457091013
96,5,"2,4 Dimethyl Acetophenone",1,6,0.48975273118511026
96,5,"2,4 Dimethyl Acetophenone",1,7,0.47963038469536823
96,5,"2,4 Dimethyl Acetophenone",1,8,0.4587547883682417
96,5,"2,4 Dimethyl Acetophenone",1,9,0.4810580506181464
96,5,"2,4 Dimethyl Acetophenone",1,10,0.46681564999409997
96,5,"2,4 Dimethyl Acetophenone",1,11,0.5009479410349302
96,5,"2,4 Dimethyl Acetophenone",1,12,0.45530770868919246
96,5,"2,4 Dimethyl Acetophenone",1,13,0.48337735486761063
96,5,"2,4 Dimethyl Acetophenone",1,14,0.46562787918792314
96,6,4 Heptanone,0,0,0.5317497720703326
96,6,4 Heptanone,0,1,0.5472865667301126
96,6,4 Heptanone,0,2,0.5554714231996117
96,6,4 Heptanone,0,3,0.5305728696550042
96,6,4 Heptanone,0,4,0.5494747504280667
96,6,4 Heptanone,0,5,0.5167333776905226
96,6,4 Heptanone,0,6,0.5376153914598885
96,6,4 Heptanone,0,7,0.5550169613630681
96,6,4 Heptanone,0,8,0.5396060886578233
96,6,4 Heptanone,0,9,0.5197949651266358
96,6,4 Heptanone,0,10,0.5255512943794324
96,6,4 Heptanone,0,11,0.5553262479613241
96,6,4 Heptanone,0,12,0.5068587952744399
96,6,4 Heptanone,0,13,0.5102516189650863
96,6,4 Heptanone,0,14,0.5458036947303845
96,6,4 Heptanone,1,0,0.5467849858315009
96,6,4 Heptanone,1,1,0.5234673857613167
96,6,4 Heptanone,1,2,0.5879498177432909
96,6,4 Heptanone,1,3,0.5315960685287276
96,6,4 Heptanone,1,4,0.5522978223251891
96,6,4 Heptanone,1,5,0.542636747028834
96,6,4 Heptanone,1,6,0.5500382285027298
96,6,4 Heptanone,1,7,0.5365401111661329
96,6,4 Heptanone,1,8,0.5733109400547904
96,6,4 Heptanone,1,9,0.5594329083549556
96,6,4 Heptanone,1,10,0.5795059031478896
96,6,4 Heptanone,1,11,0.5428748280980771
96,6,4 Heptanone,1,12,0.6059386099894305
96,6,4 Heptanone,1,13,0.5130818870865941
96,6,4 Heptanone,1,14,0.5204299386888082
96,7,33 Dimethyl Butyric Acid,0,0,0.6788282395277283
96,7,33 Dimethyl Butyric Acid,0,1,0.6678664231301459
96,7,33 Dimethyl Butyric Acid,0,2,0.6667295215910645
96,7,33 Dimethyl Butyric Acid,0,3,0.6674999015029236
96,7,33 Dimethyl Butyric Acid,0,4,0.6686991639737955
96,7,33 Dimethyl Butyric Acid,0,5,0.6663728386761566
96,7,33 Dimethyl Butyric Acid,0,6,0.6555256158285401
96,7,33 Dimethyl Butyric Acid,0,7,0.6708158941209783
96,7,33 Dimethyl Butyric Acid,0,8,0.6694659590652674
96,7,33 Dimethyl Butyric Acid,0,9,0.6760458516319969
96,7,33 Dimethyl Butyric Acid,0,10,0.6789238520433172
96,7,33 Dimethyl Butyric Acid,0,11,0.6666360193104902
96,7,33 Dimethyl Butyric Acid,0,12,0.6532832370724793
96,7,33 Dimethyl Butyric Acid,0,13,0.6789948302305114
96,7,33 Dimethyl Butyric Acid,0,14,0.6550778553723238
96,7,33 Dimethyl Butyric Acid,1,0,0.6510740830970396
96,7,33 Dimethyl Butyric Acid,1,1,0.6459773266270407
96,7,33 Dimethyl Butyric Acid,1,2,0.6444870205218065
96,7,33 Dimethyl Butyric Acid,1,3,0.6547279207758412
96,7,33 Dimethyl Butyric Acid,1,4,0.6502727182862166
96,7,33 Dimethyl Butyric Acid,1,5,0.6525762665921296
96,7,33 Dimethyl Butyric Acid,1,6,0.6411869229246054
96,7,33 Dimethyl Butyric Acid,1,7,0.6466857408296104
96,7,33 Dimethyl Butyric Acid,1,8,0.6415824546768314
96,7,33 Dimethyl Butyric Acid,1,9,0.6464715116372279
96,7,33 Dimethyl Butyric Acid,1,10,0.6471597890206648
96,7,33 Dimethyl Butyric Acid,1,11,0.6639839070519167
96,7,33 Dimethyl Butyric Acid,1,12,0.6459545759433726
96,7,33 Dimethyl Butyric Acid,1,13,0.6299605503992571
96,7,33 Dimethyl Butyric Acid,1,14,0.6601340085387212
96,8,2 Methyl Butyraldehyde,0,0,0.36664958551849836
96,8,2 Methyl Butyraldehyde,0,1,0.35557130573241513
96,8,2 Methyl Butyraldehyde,0,2,0.3497253632728409
96,8,2 Methyl Butyraldehyde,0,3,0.3399941776931872
96,8,2 Methyl Butyraldehyde,0,4,0.3950729461217448
96,8,2 Methyl Butyraldehyde,0,5,0.35906230664437416
96,8,2 Methyl Butyraldehyde,0,6,0.32489605285173895
96,8,2 Methyl Butyraldehyde,0,7,0.3643295867244158
96,8,2 Methyl Butyraldehyde,0,8,0.3811002538442307
96,8,2 Methyl Butyraldehyde,0,9,0.3610590930100918
96,8,2 Methyl Butyraldehyde,0,10,0.34085964166995714
96,8,2 Methyl Butyraldehyde,0,11,0.3391513096553815
96,8,2 Methyl Butyraldehyde,0,12,0.34055941754407315
96,8,2 Methyl Butyraldehyde,0,13,0.38712339237934656
96,8,2 Methyl Butyraldehyde,0,14,0.35670432314024736
96,8,2 Methyl Butyraldehyde,1,0,0.30472475651289044
96,8,2 Methyl Butyraldehyde,1,1,0.3441080253259234
96,8,2 Methyl Butyraldehyde,1,2,0.3394669116658641
96,8,2 Methyl Butyraldehyde,1,3,0.32820416035445027
96,8,2 Methyl Butyraldehyde,1,4,0.3172930947275421
96,8,2 Methyl Butyraldehyde,1,5,0.31646283643047696
96,8,2 Methyl Butyraldehyde,1,6,0.3575198730765007
96,8,2 Methyl Butyraldehyde,1,7,0.34149971033832216
96,8,2 Methyl Butyraldehyde,1,8,0.3459123675709406
96,8,2 Methyl Butyraldehyde,1,9,0.3414471311860502
96,8,2 Methyl Butyraldehyde,1,10,0.34303039567703647
96,8,2 Methyl Butyraldehyde,1,11,0.3278318894698816
96,8,2 Methyl Butyraldehyde,1,12,0.3328446816428201
96,8,2 Methyl Butyraldehyde,1,13,0.35901432524518706
96,8,2 Methyl Butyraldehyde,1,14,0.3637810849735696
96,9,m Anisaldehyde,0,0,0.4884073433140015
96,9,m Anisaldehyde,0,1,0.4980272651886991
96,9,m Anisaldehyde,0,2,0.5079670597614743
96,9,m Anisaldehyde,0,3,0.5178617849001627
96,9,m Anisaldehyde,0,4,0.5169117784566201
96,9,m Anisaldehyde,0,5,0.4924526849130195
96,9,m Anisaldehyde,0,6,0.512101847068878
96,9,m Anisaldehyde,0,7,0.5005597433757876
96,9,m Anisaldehyde,0,8,0.5099134814951369
96,9,m Anisaldehyde,0,9,0.5074830745447209
96,9,m Anisaldehyde,0,10,0.48801003346660793
96,9,m Anisaldehyde,0,11,0.5052218811534811
96,9,m Anisaldehyde,0,12,0.5095460799831509
96,9,m Anisaldehyde,0,13,0.499812116786003
96,9,m Anisaldehyde,0,14,0.4976661494752784
96,9,m Anisaldehyde,1,0,0.47758794996111587
96,9,m Anisaldehyde,1,1,0.4989875570329337
96,9,m Anisaldehyde,1,2,0.49448168336862003
96,9,m Anisaldehyde,1,3,0.4837506472474063
96,9,m Anisaldehyde,1,4,0.48940915414638464
96,9,m Anisaldehyde,1,5,0.49396696967884773
96,9,m Anisaldehyde,1,6,0.48720023315852956
96,9,m Anisaldehyde,1,7,0.4925263426666016
96,9,m Anisaldehyde,1,8,0.47589641787847264
96,9,m Anisaldehyde,1,9,0.5053051490045057
96,9,m Anisaldehyde,1,10,0.4926518981590218
96,9,m Anisaldehyde,1,11,0.48206954456924134
96,9,m Anisaldehyde,1,12,0.4691615901875633
96,9,m Anisaldehyde,1,13,0.502266055683936
96,9,m Anisaldehyde,1,14,0.4977964833737977
98,0,"2,3 Pentanedione",0,0,0.25488556445086186
98,0,"2,3 Pentanedione",0,1,0.2712096216457507
98,0,"2,3 Pentanedione",0,2,0.27114088152155336
98,0,"2,3 Pentanedione",0,3,0.2544793733654739
98,0,"2,3 Pentanedione",0,4,0.24326306618269014
98,0,"2,3 Pentanedione",0,5,0.2391898816487541
98,0,"2,3 Pentanedione",0,6,0.26014197221176555
98,0,"2,3 Pentanedione",0,7,0.2845442059861193
98,0,"2,3 Pentanedione",0,8,0.24704584233123628
98,0,"2,3 Pentanedione",0,9,0.28653035676205363
98,0,"2,3 Pentanedione",0,10,0.25894723345044585
98,0,"2,3 Pentanedione",0,11,0.2591356958270521
98,0,"2,3 Pentanedione",0,12,0.3097461582972349
98,0,"2,3 Pentanedione",0,13,0.2909353770195964
98,0,"2,3 Pentanedione",0,14,0.2915836527238409
98,0,"2,3 Pentanedione",1,0,0.22679468932775498
98,0,"2,3 Pentanedione",1,1,0.3015395933408337
98,0,"2,3 Pentanedione",1,2,0.24467961093392754
98,0,"2,3 Pentanedione",1,3,0.24104775129308878
98,0,"2,3 Pentanedione",1,4,0.19275382045159548
98,0,"2,3 Pentanedione",1,5,0.254892301400772
98,0,"2,3 Pentanedione",1,6,0.21965118183436044
98,0,"2,3 Pentanedione",1,7,0.2569413765006012
98,0,"2,3 Pentanedione",1,8,0.21769590245598416
98,0,"2,3 Pentanedione",1,9,0.29167752673179653
98,0,"2,3 Pentanedione",1,10,0.2605243798588447
98,0,"2,3 Pentanedione",1,11,0.30373182018066586
98,0,"2,3 Pentanedione",1,12,0.22115942999961363
98,0,"2,3 Pentanedione",1,13,0.28546451190462585
98,0,"2,3 Pentanedione",1,14,0.2016672203611058
98,1,3 Methylvaleric Acid,0,0,0.663333169156186
98,1,3 Methylvaleric Acid,0,1,0.6550207256989412
98,1,3 Methylvaleric Acid,0,2,0.6568388996327195
98,1,3 Methylvaleric Acid,0,3,0.656160401536383
98,1,3 Methylvaleric Acid,0,4,0.6522182974117001
98,1,3 Methylvaleric Acid,0,5,0.6488033086706623
98,1,3 Methylvaleric Acid,0,6,0.6568936401719806
98,1,3 Methylvaleric Acid,0,7,0.6624219658453606
98,1,3 Methylvaleric Acid,0,8,0.672793144368529
98,1,3 Methylvaleric Acid,0,9,0.664197131346967
98,1,3 Methylvaleric Acid,0,10,0.6728213162899718
98,1,3 Methylvaleric Acid,0,11,0.6466404208762616
98,1,3 Methylvaleric Acid,0,12,0.6569872619944439
98,1,3 Methylvaleric Acid,0,13,0.6683118276569325
98,1,3 Methylvaleric Acid,0,14,0.6646707182771758
98,1,3 Methylvaleric Acid,1,0,0.6549141997046961
98,1,3 Methylvaleric Acid,1,1,0.6726858910739332
98,1,3 Methylvaleric Acid,1,2,0.6581800038560476
98,1,3 Methylvaleric Acid,1,3,0.6557438769252564
98,1,3 Methylvaleric Acid,1,4,0.6682596967925553
98,1,3 Methylvaleric Acid,1,5,0.6635003185557566
98,1,3 Methylvaleric Acid,1,6,0.6582627705387668
98,1,3 Methylvaleric Acid,1,7,0.6579266274126269
98,1,3 Methylvaleric Acid,1,8,0.6528489872949754
98,1,3 Methylvaleric Acid,1,9,0.6595216082977727
98,1,3 Methylvaleric Acid,1,10,0.6743285892867344
98,1,3 Methylvaleric Acid,1,11,0.6658601288543343
98,1,3 Methylvaleric Acid,1,12,0.6729286737158013
98,1,3 Methylvaleric Acid,1,13,0.6685479726271886
98,1,3 Methylvaleric Acid,1,14,0.6573784261293395
98,2,Acetic Acid,0,0,0.31281981193594643
98,2,Acetic Acid,0,1,0.32490247515864895
98,2,Acetic Acid,0,2,0.3291785500169832
98,2,Acetic Acid,0,3,0.3278846618757664
98,2,Acetic Acid,0,4,0.356818050831544
98,2,Acetic Acid,0,5,0.35664354978983454
98,2,Acetic Acid,0,6,0.3774082943816484
98,2,Acetic Acid,0,7,0.32763142318488797
98,2,Acetic Acid,0,8,0.3671298762334706
98,2,Acetic Acid,0,9,0.36702647666545957
98,2,Acetic Acid,0,10,0.3365218251162028
98,2,Acetic Acid,0,11,0.34832901008207057
98,2,Acetic Acid,0,12,0.3611626243850463
98,2,Acetic Acid,0,13,0.33942150163925744
98,2,Acetic Acid,0,14,0.33812560450168755
98,2,Acetic Acid,1,0,0.34943193812439977
98,2,Acetic Acid,1,1,0.3204467197367117
98,2,Acetic Acid,1,2,0.36110512709886355
98,2,Acetic Acid,1,3,0.34805131608145823
98,2,Acetic Acid,1,4,0.34193745303232603
98,2,Acetic Acid,1,5,0.36698882048445697
98,2,Acetic Acid,1,6,0.33564820466402556
98,2,Acetic Acid,1,7,0.3734106346805483
98,2,Acetic Acid,1,8,0.3680160689733005
98,2,Acetic Acid,1,9,0.35323168438465746
98,2,Acetic Acid,1,10,0.35886717809287444
98,2,Acetic Acid,1,11,0.3400158269365287
98,2,Acetic Acid,1,12,0.3724781752934544
98,2,Acetic Acid,1,13,0.36306054702424007
98,2,Acetic Acid,1,14,0.3643065695937
98,3,Gerinol,0,0,0.22977966438942699
98,3,Gerinol,0,1,0.21025715092329067
98,3,Gerinol,0,2,0.19530112067711064
98,3,Gerinol,0,3,0.23754952732284812
98,3,Gerinol,0,4,0.23296705785448035
98,3,Gerinol,0,5,0.21208359813192734
98,3,Gerinol,0,6,0.22819678127004656
98,3,Gerinol,0,7,0.24267887523387813
98,3,Gerinol,0,8,0.24064401562869117
98,3,Gerinol,0,9,0.21158542881057613
98,3,Gerinol,0,10,0.1958180087973724
98,3,Gerinol,0,11,0.198744680387787
98,3,Gerinol,0,12,0.21589890186014607
98,3,Gerinol,0,13,0.24616509592015076
98,3,Gerinol,0,14,0.20878942978724002
98,3,Gerinol,1,0,0.20410499331158044
98,3,Gerinol,1,1,0.2037538313389012
98,3,Gerinol,1,2,0.20520705616645224
98,3,Gerinol,1,3,0.21408715226767466
98,3,Gerinol,1,4,0.1924402981711088
98,3,Gerinol,1,5,0.23277849175461668
98,3,Gerinol,1,6,0.21180795797762803
98,3,Gerinol,1,7,0.2565741470969527
98,3,Gerinol,1,8,0.19425689401379975
98,3,Gerinol,1,9,0.24140271786163514
98,3,Gerinol,1,10,0.23801583954435016
98,3,Gerinol,1,11,0.20725512324572626
98,3,Gerinol,1,12,0.20753872790899172
98,3,Gerinol,1,13,0.19856081926580688
98,3,Gerinol,1,14,0.1987566130798025
98,4,n Methyl Piperdine,0,0,0.4667468406039121
98,4,n Methyl Piperdine,0,1,0.46691725607608187
98,4,n Methyl Piperdine,0,2,0.45393284606658163
98,4,n Methyl Piperdine,0,3,0.4850997307887179
98,4,n Methyl Piperdine,0,4,0.4646755533448065
98,4,n Methyl Piperdine,0,5,0.4672765864198485
98,4,n Methyl Piperdine,0,6,0.4617417887348034
98,4,n Methyl Piperdine,0,7,0.4646156118893763
98,4,n Methyl Piperdine,0,8,0.4638886633121573
98,4,n Methyl Piperdine,0,9,0.4667282447955089
98,4,n Methyl Piperdine,0,10,0.46663496891868605
98,4,n Methyl Piperdine,0,11,0.4731906189904395
98,4,n Methyl Piperdine,0,12,0.4685694476989012
98,4,n Methyl Piperdine,0,13,0.472385952365307
98,4,n Methyl Piperdine,0,14,0.4666732016276675
98,4,n Methyl Piperdine,1,0,0.4545966848528281
98,4,n Methyl Piperdine,1,1,0.4508162189505148
98,4,n Methyl Piperdine,1,2,0.4607715582866822
98,4,n Methyl Piperdine,1,3,0.4553276438481084
98,4,n Methyl Piperdine,1,4,0.4514820655758778
98,4,n Methyl Piperdine,1,5,0.45124338333557046
98,4,n Methyl Piperdine,1,6,0.451872749682005
98,4,n Methyl Piperdine,1,7,0.45299021580139726
98,4,n Methyl Piperdine,1,8,0.4522957756022296
98,4,n Methyl Piperdine,1,9,0.44827593117029013
98,4,n Methyl Piperdine,1,10,0.4588658688541271
98,4,n Methyl Piperdine,1,11,0.45937127235236636
98,4,n Methyl Piperdine,1,12,0.46701751911518696
98,4,n Methyl Piperdine,1,13,0.4479176267268229
98,4,n Methyl Piperdine,1,14,0.45807817421319785
98,5,"2,4 Dimethyl Acetophenone",0,0,0.45264700972421584
98,5,"2,4 Dimethyl Acetophenone",0,1,0.491258553830829
98,5,"2,4 Dimethyl Acetophenone",0,2,0.45902856706573797
98,5,"2,4 Dimethyl Acetophenone",0,3,0.4656878583534521
98,5,"2,4 Dimethyl Acetophenone",0,4,0.48425284300997845
98,5,"2,4 Dimethyl Acetophenone",0,5,0.47080421463820193
98,5,"2,4 Dimethyl Acetophenone",0,6,0.46887440657386303
98,5,"2,4 Dimethyl Acetophenone",0,7,0.47273160489275634
98,5,"2,4 Dimethyl Acetophenone",0,8,0.48985665688887076
98,5,"2,4 Dimethyl Acetophenone",0,9,0.4664132324547108
98,5,"2,4 Dimethyl Acetophenone",0,10,0.47880443063546696
98,5,"2,4 Dimethyl Acetophenone",0,11,0.47422858129085543
98,5,"2,4 Dimethyl Acetophenone",0,12,0.49112949579140547
98,5,"2,4 Dimethyl Acetophenone",0,13,0.4915247654143788
98,5,"2,4 Dimethyl Acetophenone",0,14,0.45368845887158815
98,5,"2,4 Dimethyl Acetophenone",1,0,0.4869628691021613
98,5,"2,4 Dimethyl Acetophenone",1,1,0.4636132324324972
98,5,"2,4 Dimethyl Acetophenone",1,2,0.47555760085032606
98,5,"2,4 Dimethyl Acetophenone",1,3,0.458985893887785
98,5,"2,4 Dimethyl Acetophenone",1,4,0.4774590363691119
98,5,"2,4 Dimethyl Acetophenone",1,5,0.5082026072261846
98,5,"2,4 Dimethyl Acetophenone",1,6,0.47401878770326916
98,5,"2,4 Dimethyl Acetophenone",1,7,0.4657412142952571
98,5,"2,4 Dimethyl Acetophenone",1,8,0.4689518598537936
98,5,"2,4 Dimethyl Acetophenone",1,9,0.45151056505766407
98,5,"2,4 Dimethyl Acetophenone",1,10,0.4926576807077859
98,5,"2,4 Dimethyl Acetophenone",1,11,0.4766376221963295
98,5,"2,4 Dimethyl Acetophenone",1,12,0.45743491807919495
98,5,"2,4 Dimethyl Acetophenone",1,13,0.45789432875033936
98,5,"2,4 Dimethyl Acetophenone",1,14,0.47244110405198897
98,6,4 Heptanone,0,0,0.5504381707605089
98,6,4 Heptanone,0,1,0.5025345128594759
98,6,4 Heptanone,0,2,0.5546102557580049
98,6,4 Heptanone,0,3,0.5268971641273046
98,6,4 Heptanone,0,4,0.5076111525962335
98,6,4 Heptanone,0,5,0.5182487594290137
98,6,4 Heptanone,0,6,0.5692170542335446
98,6,4 Heptanone,0,7,0.4970789439121005
98,6,4 Heptanone,0,8,0.5121727359587236
98,6,4 Heptanone,0,9,0.5509116497004144
98,6,4 Heptanone,0,10,0.5339825076822334
98,6,4 Heptanone,0,11,0.5108078776995153
98,6,4 Heptanone,0,12,0.5511924423584218
98,6,4 Heptanone,0,13,0.5522848856675961
98,6,4 Heptanone,0,14,0.5366257049486409
98,6,4 Heptanone,1,0,0.5277966878505145
98,6,4 Heptanone,1,1,0.5313404329268708
98,6,4 Heptanone,1,2,0.5484272037899258
98,6,4 Heptanone,1,3,0.5117091214744871
98,6,4 Heptanone,1,4,0.5724162006481897
98,6,4 Heptanone,1,5,0.5809810627307084
98,6,4 Heptanone,1,6,0.5364539434761567
98,6,4 Heptanone,1,7,0.5500698860183364
98,6,4 Heptanone,1,8,0.5691509364592453
98,6,4 Heptanone,1,9,0.5868535395355429
98,6,4 Heptanone,1,10,0.5776871684897465
98,6,4 Heptanone,1,11,0.5019671447282561
98,6,4 Heptanone,1,12,0.5346233614147213
98,6,4 Heptanone,1,13,0.5533949651366533
98,6,4 Heptanone,1,14,0.5305145276289116
98,7,33 Dimethyl Butyric Acid,0,0,0.682954311472788
98,7,33 Dimethyl Butyric Acid,0,1,0.6816396957680613
98,7,33 Dimethyl Butyric Acid,0,2,0.6606826332526942
98,7,33 Dimethyl Butyric Acid,0,3,0.666283599123955
98,7,33 Dimethyl Butyric Acid,0,4,0.6612514972222584
98,7,33 Dimethyl Butyric Acid,0,5,0.666003105875094
98,7,33 Dimethyl Butyric Acid,0,6,0.6657433915430413
98,7,33 Dimethyl Butyric Acid,0,7,0.6758537211084066
98,7,33 Dimethyl Butyric Acid,0,8,0.6600609887842952
98,7,33 Dimethyl Butyric Acid,0,9,0.645249024262205
98,7,33 Dimethyl Butyric Acid,0,10,0.6539239636463153
98,7,33 Dimethyl Butyric Acid,0,11,0.6588625406131275
98,7,33 Dimethyl Butyric Acid,0,12,0.6620559298049935
98,7,33 Dimethyl Butyric Acid,0,13,0.6692795656981505
98,7,33 Dimethyl Butyric Acid,0,14,0.6584212349023325
98,7,33 Dimethyl Butyric Acid,1,0,0.6375166996076103
98,7,33 Dimethyl Butyric Acid,1,1,0.6399305589780747
98,7,33 Dimethyl Butyric Acid,1,2,0.6383347079451165
98,7,33 Dimethyl Butyric Acid,1,3,0.6431440340102975
98,7,33 Dimethyl Butyric Acid,1,4,0.6427772784862847
98,7,33 Dimethyl Butyric Acid,1,5,0.6538016671098058
98,7,33 Dimethyl Butyric Acid,1,6,0.6394156369599633
98,7,33 Dimethyl Butyric Acid,1,7,0.6448315063863089
98,7,33 Dimethyl Butyric Acid,1,8,0.6432252041149605
98,7,33 Dimethyl Butyric Acid,1,9,0.6548286334383702
98,7,33 Dimethyl Butyric Acid,1,10,0.6465740022776649
98,7,33 Dimethyl Butyric Acid,1,11,0.6569010388256512
98,7,33 Dimethyl Butyric Acid,1,12,0.6380200383751745
98,7,33 Dimethyl Butyric Acid,1,13,0.6474731379890811
98,7,33 Dimethyl Butyric Acid,1,14,0.6429606524179163
98,8,2 Methyl Butyraldehyde,0,0,0.3404294379859791
98,8,2 Methyl Butyraldehyde,0,1,0.36254772729307067
98,8,2 Methyl Butyraldehyde,0,2,0.39692098687090777
98,8,2 Methyl Butyraldehyde,0,3,0.3475532264220917
98,8,2 Methyl Butyraldehyde,0,4,0.3614033014786853
98,8,2 Methyl Butyraldehyde,0,5,0.3387840183745115
98,8,2 Methyl Butyraldehyde,0,6,0.3359776264535347
98,8,2 Methyl Butyraldehyde,0,7,0.3488067136333311
98,8,2 Methyl Butyraldehyde,0,8,0.3552457249512578
98,8,2 Methyl Butyraldehyde,0,9,0.35609339148605623
98,8,2 Methyl Butyraldehyde,0,10,0.3595214417116818
98,8,2 Methyl Butyraldehyde,0,11,0.33236731170943545
98,8,2 Methyl Butyraldehyde,0,12,0.3518863057095898
98,8,2 Methyl Butyraldehyde,0,13,0.37341599384914986
98,8,2 Methyl Butyraldehyde,0,14,0.337905547873261
98,8,2 Methyl Butyraldehyde,1,0,0.3241830163208367
98,8,2 Methyl Butyraldehyde,1,1,0.33655417258708026
98,8,2 Methyl Butyraldehyde,1,2,0.3160285881784458
98,8,2 Methyl Butyraldehyde,1,3,0.33748356388103845
98,8,2 Methyl Butyraldehyde,1,4,0.3019225799691722
98,8,2 Methyl Butyraldehyde,1,5,0.3479252412537755
98,8,2 Methyl Butyraldehyde,1,6,0.33794703802487114
98,8,2 Methyl Butyraldehyde,1,7,0.3320260579878527
98,8,2 Methyl Butyraldehyde,1,8,0.35243789350684984
98,8,2 Methyl Butyraldehyde,1,9,0.3246755154007212
98,8,2 Methyl Butyraldehyde,1,10,0.31916745379104877
98,8,2 Methyl Butyraldehyde,1,11,0.3571673844326163
98,8,2 Methyl Butyraldehyde,1,12,0.36610648294006953
98,8,2 Methyl Butyraldehyde,1,13,0.3177244801453107
98,8,2 Methyl Butyraldehyde,1,14,0.3287917757777669
98,9,m Anisaldehyde,0,0,0.5065909256419224
98,9,m Anisaldehyde,0,1,0.4959333767300036
98,9,m Anisaldehyde,0,2,0.5023167187861152
98,9,m Anisaldehyde,0,3,0.5040798556777395
98,9,m Anisaldehyde,0,4,0.49133934934694756
98,9,m Anisaldehyde,0,5,0.5006532246618963
98,9,m Anisaldehyde,0,6,0.4966161079780026
98,9,m Anisaldehyde,0,7,0.485128411497175
98,9,m Anisaldehyde,0,8,0.487284387210203
98,9,m Anisaldehyde,0,9,0.49048430357160777
98,9,m Anisaldehyde,0,10,0.5054852809971994
98,9,m Anisaldehyde,0,11,0.5057968726923227
98,9,m Anisaldehyde,0,12,0.503790539876471
98,9,m Anisaldehyde,0,13,0.5008509308374768
98,9,m Anisaldehyde,0,14,0.5005920383779392
98,9,m Anisaldehyde,1,0,0.48505172963495646
98,9,m Anisaldehyde,1,1,0.48628560325957565
98,9,m Anisaldehyde,1,2,0.48692860756901246
98,9,m Anisaldehyde,1,3,0.4690919622123089
98,9,m Anisaldehyde,1,4,0.4749196624414782
98,9,m Anisaldehyde,1,5,0.4726549605756115
98,9,m Anisaldehyde,1,6,0.49292337853571594
98,9,m Anisaldehyde,1,7,0.4981132515120212
98,9,m Anisaldehyde,1,8,0.46183668555293145
98,9,m Anisaldehyde,1,9,0.49726605150591385
98,9,m Anisaldehyde,1,10,0.48324092181755596
98,9,m Anisaldehyde,1,11,0.49202740967519837
98,9,m Anisaldehyde,1,12,0.4872237483826957
98,9,m Anisaldehyde,1,13,0.4960854761570347
98,9,m Anisaldehyde,1,14,0.48440822728496746
