epoch,odor_id,odor_name,mouse_id,trial,R_local
0,0,"2,3 Pentanedione",0,0,0.24785786292889614
0,0,"2,3 Pentanedione",0,1,0.2280151756945489
0,0,"2,3 Pentanedione",0,2,0.30415401101766776
0,0,"2,3 Pentanedione",0,3,0.2490711781879545
0,0,"2,3 Pentanedione",0,4,0.23811924458418227
0,0,"2,3 Pentanedione",0,5,0.24116701545117739
0,0,"2,3 Pentanedione",0,6,0.27654472489284054
0,0,"2,3 Pentanedione",0,7,0.2698701200452697
0,0,"2,3 Pentanedione",0,8,0.2717616619345461
0,0,"2,3 Pentanedione",0,9,0.27248519759102185
0,0,"2,3 Pentanedione",0,10,0.340918261505525
0,0,"2,3 Pentanedione",0,11,0.23899575681532195
0,0,"2,3 Pentanedione",0,12,0.23476264830784507
0,0,"2,3 Pentanedione",0,13,0.22270144834079147
0,0,"2,3 Pentanedione",0,14,0.2798915343737264
0,0,"2,3 Pentanedione",1,0,0.27799361309519405
0,0,"2,3 Pentanedione",1,1,0.22827682308016337
0,0,"2,3 Pentanedione",1,2,0.19922846230785723
0,0,"2,3 Pentanedione",1,3,0.1998554727587088
0,0,"2,3 Pentanedione",1,4,0.2588584328993464
0,0,"2,3 Pentanedione",1,5,0.2625648882344961
0,0,"2,3 Pentanedione",1,6,0.2545608921185662
0,0,"2,3 Pentanedione",1,7,0.2062143330948106
0,0,"2,3 Pentanedione",1,8,0.24212117430902716
0,0,"2,3 Pentanedione",1,9,0.2375021537519875
0,0,"2,3 Pentanedione",1,10,0.2415822652555189
0,0,"2,3 Pentanedione",1,11,0.26769187250428594
0,0,"2,3 Pentanedione",1,12,0.24177854333734566
0,0,"2,3 Pentanedione",1,13,0.25999126390923416
0,0,"2,3 Pentanedione",1,14,0.23553788416591404
0,1,3 Methylvaleric Acid,0,0,0.2568381203025166
0,1,3 Methylvaleric Acid,0,1,0.2705248733884589
0,1,3 Methylvaleric Acid,0,2,0.18698711156069062
0,1,3 Methylvaleric Acid,0,3,0.2324864957006252
0,1,3 Methylvaleric Acid,0,4,0.22645843818320543
0,1,3 Methylvaleric Acid,0,5,0.2197182304251836
0,1,3 Methylvaleric Acid,0,6,0.23426765430584992
0,1,3 Methylvaleric Acid,0,7,0.3050709968042931
0,1,3 Methylvaleric Acid,0,8,0.21064009972718753
0,1,3 Methylvaleric Acid,0,9,0.2840044785385765
0,1,3 Methylvaleric Acid,0,10,0.17795855349028505
0,1,3 Methylvaleric Acid,0,11,0.23187794315548627
0,1,3 Methylvaleric Acid,0,12,0.25178346695911746
0,1,3 Methylvaleric Acid,0,13,0.2687222376092884
0,1,3 Methylvaleric Acid,0,14,0.27372240754663146
0,1,3 Methylvaleric Acid,1,0,0.2801280158325979
0,1,3 Methylvaleric Acid,1,1,0.2344451235346634
0,1,3 Methylvaleric Acid,1,2,0.22990005471801822
0,1,3 Methylvaleric Acid,1,3,0.282713161674887
0,1,3 Methylvaleric Acid,1,4,0.2407419534293363
0,1,3 Methylvaleric Acid,1,5,0.19736667349108403
0,1,3 Methylvaleric Acid,1,6,0.20306263786446166
0,1,3 Methylvaleric Acid,1,7,0.21161603498453643
0,1,3 Methylvaleric Acid,1,8,0.26828055618675145
0,1,3 Methylvaleric Acid,1,9,0.2540911558674235
0,1,3 Methylvaleric Acid,1,10,0.27601354058731165
0,1,3 Methylvaleric Acid,1,11,0.23130402057113952
0,1,3 Methylvaleric Acid,1,12,0.2547357140676695
0,1,3 Methylvaleric Acid,1,13,0.27341774218329434
0,1,3 Methylvaleric Acid,1,14,0.23602026483579136
0,2,Acetic Acid,0,0,0.2837753573704255
0,2,Acetic Acid,0,1,0.23902731022546295
0,2,Acetic Acid,0,2,0.2509821940055261
0,2,Acetic Acid,0,3,0.2502348321081958
0,2,Acetic Acid,0,4,0.21767076204456742
0,2,Acetic Acid,0,5,0.28498324709955225
0,2,Acetic Acid,0,6,0.24672825426002004
0,2,Acetic Acid,0,7,0.2660041126172365
0,2,Acetic Acid,0,8,0.28473421422436535
0,2,Acetic Acid,0,9,0.2833655949093268
0,2,Acetic Acid,0,10,0.29211975222704045
0,2,Acetic Acid,0,11,0.26156492848775204
0,2,Acetic Acid,0,12,0.24857241538636285
0,2,Acetic Acid,0,13,0.26231561943187304
0,2,Acetic Acid,0,14,0.1980109705098078
0,2,Acetic Acid,1,0,0.22661582480188186
0,2,Acetic Acid,1,1,0.23159233920462927
0,2,Acetic Acid,1,2,0.2446104505947461
0,2,Acetic Acid,1,3,0.30049129276774283
0,2,Acetic Acid,1,4,0.24828116148440293
0,2,Acetic Acid,1,5,0.2693738215372298
0,2,Acetic Acid,1,6,0.336469455610248
0,2,Acetic Acid,1,7,0.27024976485634833
0,2,Acetic Acid,1,8,0.3140009464374888
0,2,Acetic Acid,1,9,0.24715561649841028
0,2,Acetic Acid,1,10,0.27628282138410015
0,2,Acetic Acid,1,11,0.24649944150238212
0,2,Acetic Acid,1,12,0.27093900066278287
0,2,Acetic Acid,1,13,0.3181126491971012
0,2,Acetic Acid,1,14,0.21540750677111142
0,3,Gerinol,0,0,0.2653293533582122
0,3,Gerinol,0,1,0.257461831709669
0,3,Gerinol,0,2,0.22418640938850612
0,3,Gerinol,0,3,0.19011009344083973
0,3,Gerinol,0,4,0.2508375879249327
0,3,Gerinol,0,5,0.22677269925382582
0,3,Gerinol,0,6,0.25725945607056605
0,3,Gerinol,0,7,0.2488264934373156
0,3,Gerinol,0,8,0.31202356326921454
0,3,Gerinol,0,9,0.23837818251745693
0,3,Gerinol,0,10,0.2070125079115033
0,3,Gerinol,0,11,0.25512343301463053
0,3,Gerinol,0,12,0.2567522749752485
0,3,Gerinol,0,13,0.3023199106259954
0,3,Gerinol,0,14,0.281356857452961
0,3,Gerinol,1,0,0.25576400340810124
0,3,Gerinol,1,1,0.30002127669090334
0,3,Gerinol,1,2,0.19393863886920681
0,3,Gerinol,1,3,0.21589909973213095
0,3,Gerinol,1,4,0.20442612338589988
0,3,Gerinol,1,5,0.22589676891589014
0,3,Gerinol,1,6,0.1864217151398685
0,3,Gerinol,1,7,0.26689519891469704
0,3,Gerinol,1,8,0.23260025315816993
0,3,Gerinol,1,9,0.18265690926201456
0,3,Gerinol,1,10,0.2008659977938192
0,3,Gerinol,1,11,0.25402971494012866
0,3,Gerinol,1,12,0.2750142237578961
0,3,Gerinol,1,13,0.3213583967097923
0,3,Gerinol,1,14,0.35804365968241403
0,4,n Methyl Piperdine,0,0,0.2907794534011535
0,4,n Methyl Piperdine,0,1,0.2346215512688391
0,4,n Methyl Piperdine,0,2,0.1889212248408613
0,4,n Methyl Piperdine,0,3,0.2849115345638671
0,4,n Methyl Piperdine,0,4,0.24168543225770064
0,4,n Methyl Piperdine,0,5,0.25758878566292626
0,4,n Methyl Piperdine,0,6,0.24971920410772136
0,4,n Methyl Piperdine,0,7,0.2685714406134583
0,4,n Methyl Piperdine,0,8,0.3168422853016194
0,4,n Methyl Piperdine,0,9,0.2804850187679275
0,4,n Methyl Piperdine,0,10,0.2678576825885661
0,4,n Methyl Piperdine,0,11,0.23277692595708122
0,4,n Methyl Piperdine,0,12,0.2072157582819394
0,4,n Methyl Piperdine,0,13,0.2547507597071804
0,4,n Methyl Piperdine,0,14,0.27205177403738084
0,4,n Methyl Piperdine,1,0,0.3097771293803089
0,4,n Methyl Piperdine,1,1,0.24427091369602902
0,4,n Methyl Piperdine,1,2,0.2783695132780359
0,4,n Methyl Piperdine,1,3,0.2190881088955475
0,4,n Methyl Piperdine,1,4,0.1916621821804326
0,4,n Methyl Piperdine,1,5,0.20045526234781869
0,4,n Methyl Piperdine,1,6,0.21005089025568346
0,4,n Methyl Piperdine,1,7,0.32419872213452017
0,4,n Methyl Piperdine,1,8,0.20620446566813813
0,4,n Methyl Piperdine,1,9,0.2725995009865674
0,4,n Methyl Piperdine,1,10,0.20294284571363252
0,4,n Methyl Piperdine,1,11,0.27632285335208334
0,4,n Methyl Piperdine,1,12,0.2544579714813481
0,4,n Methyl Piperdine,1,13,0.23279441693078995
0,4,n Methyl Piperdine,1,14,0.2374294317916962
0,5,"2,4 Dimethyl Acetophenone",0,0,0.2240110526579742
0,5,"2,4 Dimethyl Acetophenone",0,1,0.268045448534433
0,5,"2,4 Dimethyl Acetophenone",0,2,0.23200322126151862
0,5,"2,4 Dimethyl Acetophenone",0,3,0.2011783299244599
0,5,"2,4 Dimethyl Acetophenone",0,4,0.19908505750236505
0,5,"2,4 Dimethyl Acetophenone",0,5,0.2571060771840346
0,5,"2,4 Dimethyl Acetophenone",0,6,0.31336621073156723
0,5,"2,4 Dimethyl Acetophenone",0,7,0.2566022250180873
0,5,"2,4 Dimethyl Acetophenone",0,8,0.2454570274307545
0,5,"2,4 Dimethyl Acetophenone",0,9,0.2616356060592515
0,5,"2,4 Dimethyl Acetophenone",0,10,0.3024426301434228
0,5,"2,4 Dimethyl Acetophenone",0,11,0.25897786052970406
0,5,"2,4 Dimethyl Acetophenone",0,12,0.23376547124180033
0,5,"2,4 Dimethyl Acetophenone",0,13,0.29445410887754536
0,5,"2,4 Dimethyl Acetophenone",0,14,0.2673528180136143
0,5,"2,4 Dimethyl Acetophenone",1,0,0.3103301512565658
0,5,"2,4 Dimethyl Acetophenone",1,1,0.25622928906560244
0,5,"2,4 Dimethyl Acetophenone",1,2,0.19992115030790616
0,5,"2,4 Dimethyl Acetophenone",1,3,0.19417354360689956
0,5,"2,4 Dimethyl Acetophenone",1,4,0.31493702886597613
0,5,"2,4 Dimethyl Acetophenone",1,5,0.31784654040805804
0,5,"2,4 Dimethyl Acetophenone",1,6,0.24171914304542214
0,5,"2,4 Dimethyl Acetophenone",1,7,0.23357241873128665
0,5,"2,4 Dimethyl Acetophenone",1,8,0.30735768326641427
0,5,"2,4 Dimethyl Acetophenone",1,9,0.20461808429498665
0,5,"2,4 Dimethyl Acetophenone",1,10,0.2131108308184931
0,5,"2,4 Dimethyl Acetophenone",1,11,0.27463298336428793
0,5,"2,4 Dimethyl Acetophenone",1,12,0.23311570666234258
0,5,"2,4 Dimethyl Acetophenone",1,13,0.24869503690792333
0,5,"2,4 Dimethyl Acetophenone",1,14,0.24236219563574565
0,6,4 Heptanone,0,0,0.25650922234775075
0,6,4 Heptanone,0,1,0.29930551484834206
0,6,4 Heptanone,0,2,0.24662963667186322
0,6,4 Heptanone,0,3,0.26876379212686774
0,6,4 Heptanone,0,4,0.16099935635455248
0,6,4 Heptanone,0,5,0.2410575043185887
0,6,4 Heptanone,0,6,0.20927702958407857
0,6,4 Heptanone,0,7,0.19425371797884827
0,6,4 Heptanone,0,8,0.20788014571864336
0,6,4 Heptanone,0,9,0.2296413027677609
0,6,4 Heptanone,0,10,0.2796423420900339
0,6,4 Heptanone,0,11,0.18995053168621084
0,6,4 Heptanone,0,12,0.2442315000995701
0,6,4 Heptanone,0,13,0.22363946306245025
0,6,4 Heptanone,0,14,0.22989931662131496
0,6,4 Heptanone,1,0,0.27557767870396854
0,6,4 Heptanone,1,1,0.25699198317194144
0,6,4 Heptanone,1,2,0.2889632899894941
0,6,4 Heptanone,1,3,0.22928713852178836
0,6,4 Heptanone,1,4,0.20762966122495627
0,6,4 Heptanone,1,5,0.2265130130165644
0,6,4 Heptanone,1,6,0.24516723734263324
0,6,4 Heptanone,1,7,0.2425303000299328
0,6,4 Heptanone,1,8,0.19209184280244973
0,6,4 Heptanone,1,9,0.23908695695689935
0,6,4 Heptanone,1,10,0.2445964988973406
0,6,4 Heptanone,1,11,0.3361663271931412
0,6,4 Heptanone,1,12,0.31054115014305117
0,6,4 Heptanone,1,13,0.20133763166943158
0,6,4 Heptanone,1,14,0.22397203122981735
0,7,33 Dimethyl Butyric Acid,0,0,0.2313639118317156
0,7,33 Dimethyl Butyric Acid,0,1,0.26627331134665627
0,7,33 Dimethyl Butyric Acid,0,2,0.30252579204880936
0,7,33 Dimethyl Butyric Acid,0,3,0.33813573674072506
0,7,33 Dimethyl Butyric Acid,0,4,0.26073823839545135
0,7,33 Dimethyl Butyric Acid,0,5,0.26373573430248387
0,7,33 Dimethyl Butyric Acid,0,6,0.2040100307156495
0,7,33 Dimethyl Butyric Acid,0,7,0.2833949550833994
0,7,33 Dimethyl Butyric Acid,0,8,0.2474050154308132
0,7,33 Dimethyl Butyric Acid,0,9,0.26872401481055275
0,7,33 Dimethyl Butyric Acid,0,10,0.25482716077849216
0,7,33 Dimethyl Butyric Acid,0,11,0.28613108973509344
0,7,33 Dimethyl Butyric Acid,0,12,0.21959245625093046
0,7,33 Dimethyl Butyric Acid,0,13,0.23121978208955607
0,7,33 Dimethyl Butyric Acid,0,14,0.37507147638632765
0,7,33 Dimethyl Butyric Acid,1,0,0.19485550598949944
0,7,33 Dimethyl Butyric Acid,1,1,0.2024809861022751
0,7,33 Dimethyl Butyric Acid,1,2,0.31982895037331327
0,7,33 Dimethyl Butyric Acid,1,3,0.36255509601007696
0,7,33 Dimethyl Butyric Acid,1,4,0.19948974408744702
0,7,33 Dimethyl Butyric Acid,1,5,0.23162245096893946
0,7,33 Dimethyl Butyric Acid,1,6,0.26001463127808105
0,7,33 Dimethyl Butyric Acid,1,7,0.3155003150166844
0,7,33 Dimethyl Butyric Acid,1,8,0.20687812610333117
0,7,33 Dimethyl Butyric Acid,1,9,0.2365412954027763
0,7,33 Dimethyl Butyric Acid,1,10,0.2774459122829305
0,7,33 Dimethyl Butyric Acid,1,11,0.2637430522191254
0,7,33 Dimethyl Butyric Acid,1,12,0.23130616639125673
0,7,33 Dimethyl Butyric Acid,1,13,0.24099949065981904
0,7,33 Dimethyl Butyric Acid,1,14,0.1913565769056614
0,8,2 Methyl Butyraldehyde,0,0,0.240664953468585
0,8,2 Methyl Butyraldehyde,0,1,0.2395364036272134
0,8,2 Methyl Butyraldehyde,0,2,0.25947869881262187
0,8,2 Methyl Butyraldehyde,0,3,0.22797881447481094
0,8,2 Methyl Butyraldehyde,0,4,0.26905344412937715
0,8,2 Methyl Butyraldehyde,0,5,0.2907005359403647
0,8,2 Methyl Butyraldehyde,0,6,0.25640907633431026
0,8,2 Methyl Butyraldehyde,0,7,0.2642621595635397
0,8,2 Methyl Butyraldehyde,0,8,0.2523181171306863
0,8,2 Methyl Butyraldehyde,0,9,0.2501952789512282
0,8,2 Methyl Butyraldehyde,0,10,0.22132958188585772
0,8,2 Methyl Butyraldehyde,0,11,0.2628516736945039
0,8,2 Methyl Butyraldehyde,0,12,0.24630043929103201
0,8,2 Methyl Butyraldehyde,0,13,0.3339186355847954
0,8,2 Methyl Butyraldehyde,0,14,0.3131260993265813
0,8,2 Methyl Butyraldehyde,1,0,0.2616069412301998
0,8,2 Methyl Butyraldehyde,1,1,0.21565079074014906
0,8,2 Methyl Butyraldehyde,1,2,0.20167662024860306
0,8,2 Methyl Butyraldehyde,1,3,0.2938187972514944
0,8,2 Methyl Butyraldehyde,1,4,0.2566830481338253
0,8,2 Methyl Butyraldehyde,1,5,0.2653788152636042
0,8,2 Methyl Butyraldehyde,1,6,0.17638963964897209
0,8,2 Methyl Butyraldehyde,1,7,0.283270618390267
0,8,2 Methyl Butyraldehyde,1,8,0.26434989265651426
0,8,2 Methyl Butyraldehyde,1,9,0.20175585175136065
0,8,2 Methyl Butyraldehyde,1,10,0.2273120868299418
0,8,2 Methyl Butyraldehyde,1,11,0.25672176730220053
0,8,2 Methyl Butyraldehyde,1,12,0.24827175106218952
0,8,2 Methyl Butyraldehyde,1,13,0.23448623169579758
0,8,2 Methyl Butyraldehyde,1,14,0.24203354840530134
0,9,m Anisaldehyde,0,0,0.24200717751736806
0,9,m Anisaldehyde,0,1,0.2581887731297422
0,9,m Anisaldehyde,0,2,0.31094595156536975
0,9,m Anisaldehyde,0,3,0.14941993500839157
0,9,m Anisaldehyde,0,4,0.2426122620652561
0,9,m Anisaldehyde,0,5,0.2591467695005414
0,9,m Anisaldehyde,0,6,0.26392603223312744
0,9,m Anisaldehyde,0,7,0.23720968939279188
0,9,m Anisaldehyde,0,8,0.18181740134650018
0,9,m Anisaldehyde,0,9,0.26520609199420786
0,9,m Anisaldehyde,0,10,0.32118028121221087
0,9,m Anisaldehyde,0,11,0.19073181644899798
0,9,m Anisaldehyde,0,12,0.286639393193571
0,9,m Anisaldehyde,0,13,0.23894526372072772
0,9,m Anisaldehyde,0,14,0.24963329881248958
0,9,m Anisaldehyde,1,0,0.17516201875912163
0,9,m Anisaldehyde,1,1,0.20389971229304454
0,9,m Anisaldehyde,1,2,0.26927974297523793
0,9,m Anisaldehyde,1,3,0.24058416886678788
0,9,m Anisaldehyde,1,4,0.2865704234036774
0,9,m Anisaldehyde,1,5,0.26437443474638733
0,9,m Anisaldehyde,1,6,0.23484142634446264
0,9,m Anisaldehyde,1,7,0.2870353402339913
0,9,m Anisaldehyde,1,8,0.23483768553681156
0,9,m Anisaldehyde,1,9,0.25039748625916197
0,9,m Anisaldehyde,1,10,0.20541512104589127
0,9,m Anisaldehyde,1,11,0.2199397918216478
0,9,m Anisaldehyde,1,12,0.18938100625526855
0,9,m Anisaldehyde,1,13,0.25686131657107375
0,9,m Anisaldehyde,1,14,0.170145814262685
2,0,"2,3 Pentanedione",0,0,0.3095787388876196
2,0,"2,3 Pentanedione",0,1,0.2706586828907068
2,0,"2,3 Pentanedione",0,2,0.32513460892960594
2,0,"2,3 Pentanedione",0,3,0.3083194847401636
2,0,"2,3 Pentanedione",0,4,0.35111057149678526
2,0,"2,3 Pentanedione",0,5,0.30751571283645895
2,0,"2,3 Pentanedione",0,6,0.21540311496478354
2,0,"2,3 Pentanedione",0,7,0.2756065982749851
2,0,"2,3 Pentanedione",0,8,0.23140443748712053
2,0,"2,3 Pentanedione",0,9,0.2575535314962622
2,0,"2,3 Pentanedione",0,10,0.33873386252198207
2,0,"2,3 Pentanedione",0,11,0.303786077626821
2,0,"2,3 Pentanedione",0,12,0.2503275080477633
2,0,"2,3 Pentanedione",0,13,0.23773603053329723
2,0,"2,3 Pentanedione",0,14,0.2795960089059636
2,0,"2,3 Pentanedione",1,0,0.22030604065567783
2,0,"2,3 Pentanedione",1,1,0.2421228355350597
2,0,"2,3 Pentanedione",1,2,0.2814488254929727
2,0,"2,3 Pentanedione",1,3,0.3151809280751908
2,0,"2,3 Pentanedione",1,4,0.29331890551990053
2,0,"2,3 Pentanedione",1,5,0.17731686628699894
2,0,"2,3 Pentanedione",1,6,0.28114311579213336
2,0,"2,3 Pentanedione",1,7,0.27184978956022604
2,0,"2,3 Pentanedione",1,8,0.2855240580458307
2,0,"2,3 Pentanedione",1,9,0.3336168338969712
2,0,"2,3 Pentanedione",1,10,0.1864389155587332
2,0,"2,3 Pentanedione",1,11,0.24532430962327872
2,0,"2,3 Pentanedione",1,12,0.2926046995426571
2,0,"2,3 Pentanedione",1,13,0.20570467065276526
2,0,"2,3 Pentanedione",1,14,0.3280064085530633
2,1,3 Methylvaleric Acid,0,0,0.29124680146707516
2,1,3 Methylvaleric Acid,0,1,0.310375896392785
2,1,3 Methylvaleric Acid,0,2,0.25367479049817704
2,1,3 Methylvaleric Acid,0,3,0.30906308455769727
2,1,3 Methylvaleric Acid,0,4,0.31925139919861034
2,1,3 Methylvaleric Acid,0,5,0.28582765776453556
2,1,3 Methylvaleric Acid,0,6,0.2858885726669967
2,1,3 Methylvaleric Acid,0,7,0.28732626653031784
2,1,3 Methylvaleric Acid,0,8,0.24197872636947357
2,1,3 Methylvaleric Acid,0,9,0.2706113897494347
2,1,3 Methylvaleric Acid,0,10,0.2704116356609545
2,1,3 Methylvaleric Acid,0,11,0.29184829153318864
2,1,3 Methylvaleric Acid,0,12,0.31650550683546064
2,1,3 Methylvaleric Acid,0,13,0.23417109367991246
2,1,3 Methylvaleric Acid,0,14,0.27151217574626574
2,1,3 Methylvaleric Acid,1,0,0.32923361081018987
2,1,3 Methylvaleric Acid,1,1,0.24023185975132838
2,1,3 Methylvaleric Acid,1,2,0.23708538821221814
2,1,3 Methylvaleric Acid,1,3,0.27806763657707867
2,1,3 Methylvaleric Acid,1,4,0.30375079652324377
2,1,3 Methylvaleric Acid,1,5,0.2704324311262573
2,1,3 Methylvaleric Acid,1,6,0.3231338125213105
2,1,3 Methylvaleric Acid,1,7,0.304247148206492
2,1,3 Methylvaleric Acid,1,8,0.3036481915794334
2,1,3 Methylvaleric Acid,1,9,0.2921400489567947
2,1,3 Methylvaleric Acid,1,10,0.3630815129176743
2,1,3 Methylvaleric Acid,1,11,0.26176892134918917
2,1,3 Methylvaleric Acid,1,12,0.18983449722117038
2,1,3 Methylvaleric Acid,1,13,0.33414556336451656
2,1,3 Methylvaleric Acid,1,14,0.2516674116655579
2,2,Acetic Acid,0,0,0.2929237339235405
2,2,Acetic Acid,0,1,0.34099054354424024
2,2,Acetic Acid,0,2,0.22451813450746216
2,2,Acetic Acid,0,3,0.2385426275855736
2,2,Acetic Acid,0,4,0.22455739866506502
2,2,Acetic Acid,0,5,0.25684306454880224
2,2,Acetic Acid,0,6,0.30619398039049894
2,2,Acetic Acid,0,7,0.30957602986233
2,2,Acetic Acid,0,8,0.29965948332296133
2,2,Acetic Acid,0,9,0.23209788079412452
2,2,Acetic Acid,0,10,0.1962043786845134
2,2,Acetic Acid,0,11,0.2907826595654345
2,2,Acetic Acid,0,12,0.2697374748042858
2,2,Acetic Acid,0,13,0.30698394701848364
2,2,Acetic Acid,0,14,0.31668666119867
2,2,Acetic Acid,1,0,0.2914831538444636
2,2,Acetic Acid,1,1,0.3163588199771505
2,2,Acetic Acid,1,2,0.2951219515267191
2,2,Acetic Acid,1,3,0.307156084786175
2,2,Acetic Acid,1,4,0.25776656604732107
2,2,Acetic Acid,1,5,0.278769040008858
2,2,Acetic Acid,1,6,0.2938245404283946
2,2,Acetic Acid,1,7,0.3187746355788131
2,2,Acetic Acid,1,8,0.27020384967313343
2,2,Acetic Acid,1,9,0.30680018679140086
2,2,Acetic Acid,1,10,0.2753199448855012
2,2,Acetic Acid,1,11,0.2812518098689911
2,2,Acetic Acid,1,12,0.3191342582430793
2,2,Acetic Acid,1,13,0.2062310817199501
2,2,Acetic Acid,1,14,0.23409460343912591
2,3,Gerinol,0,0,0.21372267814217036
2,3,Gerinol,0,1,0.17966544924595101
2,3,Gerinol,0,2,0.24587951643367612
2,3,Gerinol,0,3,0.3029874500289928
2,3,Gerinol,0,4,0.2616147313845802
2,3,Gerinol,0,5,0.2809216973175573
2,3,Gerinol,0,6,0.3165787939083149
2,3,Gerinol,0,7,0.32611753933059084
2,3,Gerinol,0,8,0.2702445766508376
2,3,Gerinol,0,9,0.3271535296226591
2,3,Gerinol,0,10,0.27669516037724756
2,3,Gerinol,0,11,0.23951416508678472
2,3,Gerinol,0,12,0.24923407995193378
2,3,Gerinol,0,13,0.21378863353728256
2,3,Gerinol,0,14,0.2374847398905371
2,3,Gerinol,1,0,0.24941188205502798
2,3,Gerinol,1,1,0.29587595035314923
2,3,Gerinol,1,2,0.3325633428246445
2,3,Gerinol,1,3,0.20844528896292355
2,3,Gerinol,1,4,0.2794456483084019
2,3,Gerinol,1,5,0.22211079201170378
2,3,Gerinol,1,6,0.2827204331165332
2,3,Gerinol,1,7,0.2584890835504961
2,3,Gerinol,1,8,0.19049631654410393
2,3,Gerinol,1,9,0.3008644292407445
2,3,Gerinol,1,10,0.2395325210656559
2,3,Gerinol,1,11,0.24237654004306297
2,3,Gerinol,1,12,0.22094245312641755
2,3,Gerinol,1,13,0.23756121851050294
2,3,Gerinol,1,14,0.28084816720580186
2,4,n Methyl Piperdine,0,0,0.2610606280907588
2,4,n Methyl Piperdine,0,1,0.2817768818195143
2,4,n Methyl Piperdine,0,2,0.2831072758853688
2,4,n Methyl Piperdine,0,3,0.32145686794934175
2,4,n Methyl Piperdine,0,4,0.25491895569363987
2,4,n Methyl Piperdine,0,5,0.20955608905438577
2,4,n Methyl Piperdine,0,6,0.3113192983910944
2,4,n Methyl Piperdine,0,7,0.25537087484432486
2,4,n Methyl Piperdine,0,8,0.31321409951131013
2,4,n Methyl Piperdine,0,9,0.2839654862555139
2,4,n Methyl Piperdine,0,10,0.26338490052008123
2,4,n Methyl Piperdine,0,11,0.28258143749006687
2,4,n Methyl Piperdine,0,12,0.34667090413326707
2,4,n Methyl Piperdine,0,13,0.35170962289036517
2,4,n Methyl Piperdine,0,14,0.2714056471335262
2,4,n Methyl Piperdine,1,0,0.2886896517583319
2,4,n Methyl Piperdine,1,1,0.3253316343243043
2,4,n Methyl Piperdine,1,2,0.248455586714955
2,4,n Methyl Piperdine,1,3,0.2956048429303791
2,4,n Methyl Piperdine,1,4,0.2812475141074946
2,4,n Methyl Piperdine,1,5,0.294838356483951
2,4,n Methyl Piperdine,1,6,0.24894727578767264
2,4,n Methyl Piperdine,1,7,0.2186993282932901
2,4,n Methyl Piperdine,1,8,0.1993626905859972
2,4,n Methyl Piperdine,1,9,0.23758666350606455
2,4,n Methyl Piperdine,1,10,0.26393501662807556
2,4,n Methyl Piperdine,1,11,0.2705543645596984
2,4,n Methyl Piperdine,1,12,0.35977127452282953
2,4,n Methyl Piperdine,1,13,0.3265217628219408
2,4,n Methyl Piperdine,1,14,0.24379838337198378
2,5,"2,4 Dimethyl Acetophenone",0,0,0.2926456481063156
2,5,"2,4 Dimethyl Acetophenone",0,1,0.2624541805542643
2,5,"2,4 Dimethyl Acetophenone",0,2,0.2673627564866735
2,5,"2,4 Dimethyl Acetophenone",0,3,0.2861503359848926
2,5,"2,4 Dimethyl Acetophenone",0,4,0.303504154687293
2,5,"2,4 Dimethyl Acetophenone",0,5,0.26516697065291667
2,5,"2,4 Dimethyl Acetophenone",0,6,0.3212913713176516
2,5,"2,4 Dimethyl Acetophenone",0,7,0.23305978096258112
2,5,"2,4 Dimethyl Acetophenone",0,8,0.27899087250276805
2,5,"2,4 Dimethyl Acetophenone",0,9,0.3826442590721106
2,5,"2,4 Dimethyl Acetophenone",0,10,0.28766049971328833
2,5,"2,4 Dimethyl Acetophenone",0,11,0.3360658902725242
2,5,"2,4 Dimethyl Acetophenone",0,12,0.28239811713520563
2,5,"2,4 Dimethyl Acetophenone",0,13,0.30196839382146917
2,5,"2,4 Dimethyl Acetophenone",0,14,0.27646598223256963
2,5,"2,4 Dimethyl Acetophenone",1,0,0.2944802671211173
2,5,"2,4 Dimethyl Acetophenone",1,1,0.2701172744986687
2,5,"2,4 Dimethyl Acetophenone",1,2,0.31850862472598757
2,5,"2,4 Dimethyl Acetophenone",1,3,0.26723508280025476
2,5,"2,4 Dimethyl Acetophenone",1,4,0.3279199798202226
2,5,"2,4 Dimethyl Acetophenone",1,5,0.34470805054552184
2,5,"2,4 Dimethyl Acetophenone",1,6,0.31595782665717465
2,5,"2,4 Dimethyl Acetophenone",1,7,0.2898466210254578
2,5,"2,4 Dimethyl Acetophenone",1,8,0.31945519354003327
2,5,"2,4 Dimethyl Acetophenone",1,9,0.28894964814582896
2,5,"2,4 Dimethyl Acetophenone",1,10,0.3387184553862914
2,5,"2,4 Dimethyl Acetophenone",1,11,0.2280403269990805
2,5,"2,4 Dimethyl Acetophenone",1,12,0.2878722756429396
2,5,"2,4 Dimethyl Acetophenone",1,13,0.22166409056272554
2,5,"2,4 Dimethyl Acetophenone",1,14,0.24149413715859724
2,6,4 Heptanone,0,0,0.3235516056395753
2,6,4 Heptanone,0,1,0.30480451572588635
2,6,4 Heptanone,0,2,0.24021790711562732
2,6,4 Heptanone,0,3,0.20889697820538305
2,6,4 Heptanone,0,4,0.15041596293335288
2,6,4 Heptanone,0,5,0.24725729612971353
2,6,4 Heptanone,0,6,0.365813716936915
2,6,4 Heptanone,0,7,0.2863924873055648
2,6,4 Heptanone,0,8,0.24661422500503935
2,6,4 Heptanone,0,9,0.2876003248270312
2,6,4 Heptanone,0,10,0.20655878232724123
2,6,4 Heptanone,0,11,0.2571041819391135
2,6,4 Heptanone,0,12,0.2729762153676485
2,6,4 Heptanone,0,13,0.26555309037417696
2,6,4 Heptanone,0,14,0.30062936131462215
2,6,4 Heptanone,1,0,0.27663984900527
2,6,4 Heptanone,1,1,0.28958708068014777
2,6,4 Heptanone,1,2,0.23531914866659753
2,6,4 Heptanone,1,3,0.29876665629224985
2,6,4 Heptanone,1,4,0.3280115178607875
2,6,4 Heptanone,1,5,0.22404805916977139
2,6,4 Heptanone,1,6,0.2273462137272455
2,6,4 Heptanone,1,7,0.31628541340863725
2,6,4 Heptanone,1,8,0.2552002804880255
2,6,4 Heptanone,1,9,0.31900689563849016
2,6,4 Heptanone,1,10,0.24515261148014056
2,6,4 Heptanone,1,11,0.32105586300665634
2,6,4 Heptanone,1,12,0.26811347262804597
2,6,4 Heptanone,1,13,0.2731831928887357
2,6,4 Heptanone,1,14,0.3254427608226241
2,7,33 Dimethyl Butyric Acid,0,0,0.27217337713753853
2,7,33 Dimethyl Butyric Acid,0,1,0.24899931239830705
2,7,33 Dimethyl Butyric Acid,0,2,0.2687016279141712
2,7,33 Dimethyl Butyric Acid,0,3,0.30473755426103094
2,7,33 Dimethyl Butyric Acid,0,4,0.2240138333480848
2,7,33 Dimethyl Butyric Acid,0,5,0.3121430323413502
2,7,33 Dimethyl Butyric Acid,0,6,0.26509334353059566
2,7,33 Dimethyl Butyric Acid,0,7,0.33255670266464793
2,7,33 Dimethyl Butyric Acid,0,8,0.1908737840392865
2,7,33 Dimethyl Butyric Acid,0,9,0.25518156523113866
2,7,33 Dimethyl Butyric Acid,0,10,0.2191854701859413
2,7,33 Dimethyl Butyric Acid,0,11,0.25359501758074726
2,7,33 Dimethyl Butyric Acid,0,12,0.2965508322796631
2,7,33 Dimethyl Butyric Acid,0,13,0.2794751312173152
2,7,33 Dimethyl Butyric Acid,0,14,0.2765090934773848
2,7,33 Dimethyl Butyric Acid,1,0,0.2420765328912509
2,7,33 Dimethyl Butyric Acid,1,1,0.2565794573712511
2,7,33 Dimethyl Butyric Acid,1,2,0.20810248606872903
2,7,33 Dimethyl Butyric Acid,1,3,0.27671791338241536
2,7,33 Dimethyl Butyric Acid,1,4,0.27495056656187267
2,7,33 Dimethyl Butyric Acid,1,5,0.2638454452526974
2,7,33 Dimethyl Butyric Acid,1,6,0.27070526545650386
2,7,33 Dimethyl Butyric Acid,1,7,0.2603006477787997
2,7,33 Dimethyl Butyric Acid,1,8,0.329846859855696
2,7,33 Dimethyl Butyric Acid,1,9,0.24496016090435294
2,7,33 Dimethyl Butyric Acid,1,10,0.23616059901307027
2,7,33 Dimethyl Butyric Acid,1,11,0.2183028245321582
2,7,33 Dimethyl Butyric Acid,1,12,0.20715342092333985
2,7,33 Dimethyl Butyric Acid,1,13,0.19866505624241032
2,7,33 Dimethyl Butyric Acid,1,14,0.21289203521721659
2,8,2 Methyl Butyraldehyde,0,0,0.31249485175979735
2,8,2 Methyl Butyraldehyde,0,1,0.32869387216578877
2,8,2 Methyl Butyraldehyde,0,2,0.31736774936796663
2,8,2 Methyl Butyraldehyde,0,3,0.28470065592869165
2,8,2 Methyl Butyraldehyde,0,4,0.3513294495866787
2,8,2 Methyl Butyraldehyde,0,5,0.34489857391791806
2,8,2 Methyl Butyraldehyde,0,6,0.3089361347289995
2,8,2 Methyl Butyraldehyde,0,7,0.2892054212392917
2,8,2 Methyl Butyraldehyde,0,8,0.33725918385907216
2,8,2 Methyl Butyraldehyde,0,9,0.3228410105253244
2,8,2 Methyl Butyraldehyde,0,10,0.2573969766492783
2,8,2 Methyl Butyraldehyde,0,11,0.312602856786504
2,8,2 Methyl Butyraldehyde,0,12,0.3258034995088554
2,8,2 Methyl Butyraldehyde,0,13,0.27933427556637
2,8,2 Methyl Butyraldehyde,0,14,0.3229158027393779
2,8,2 Methyl Butyraldehyde,1,0,0.23800529159166506
2,8,2 Methyl Butyraldehyde,1,1,0.3496456350024635
2,8,2 Methyl Butyraldehyde,1,2,0.34611619040435393
2,8,2 Methyl Butyraldehyde,1,3,0.28609749762985803
2,8,2 Methyl Butyraldehyde,1,4,0.31073636451553954
2,8,2 Methyl Butyraldehyde,1,5,0.1998013123699816
2,8,2 Methyl Butyraldehyde,1,6,0.2499442845913633
2,8,2 Methyl Butyraldehyde,1,7,0.28444703419589146
2,8,2 Methyl Butyraldehyde,1,8,0.2533128701449023
2,8,2 Methyl Butyraldehyde,1,9,0.32477405030720297
2,8,2 Methyl Butyraldehyde,1,10,0.3760900522318964
2,8,2 Methyl Butyraldehyde,1,11,0.24913360222480455
2,8,2 Methyl Butyraldehyde,1,12,0.26269965483856894
2,8,2 Methyl Butyraldehyde,1,13,0.30561612573437386
2,8,2 Methyl Butyraldehyde,1,14,0.3606428369419615
2,9,m Anisaldehyde,0,0,0.2690226519601414
2,9,m Anisaldehyde,0,1,0.32787906935401523
2,9,m Anisaldehyde,0,2,0.3907695784942619
2,9,m Anisaldehyde,0,3,0.25184725853456685
2,9,m Anisaldehyde,0,4,0.26667485618790426
2,9,m Anisaldehyde,0,5,0.300973360203304
2,9,m Anisaldehyde,0,6,0.2970940879475211
2,9,m Anisaldehyde,0,7,0.35042167597188334
2,9,m Anisaldehyde,0,8,0.3275840132545711
2,9,m Anisaldehyde,0,9,0.24691914207605242
2,9,m Anisaldehyde,0,10,0.33853404057777
2,9,m Anisaldehyde,0,11,0.2948160689675115
2,9,m Anisaldehyde,0,12,0.3688955131393871
2,9,m Anisaldehyde,0,13,0.29281412300426074
2,9,m Anisaldehyde,0,14,0.2924530131376481
2,9,m Anisaldehyde,1,0,0.31941529542743585
2,9,m Anisaldehyde,1,1,0.32828709028873204
2,9,m Anisaldehyde,1,2,0.3156940055527027
2,9,m Anisaldehyde,1,3,0.23034613829986228
2,9,m Anisaldehyde,1,4,0.31929140859238464
2,9,m Anisaldehyde,1,5,0.2563977089282786
2,9,m Anisaldehyde,1,6,0.30718107545878515
2,9,m Anisaldehyde,1,7,0.2408206535792922
2,9,m Anisaldehyde,1,8,0.31562291689697713
2,9,m Anisaldehyde,1,9,0.2655060748229597
2,9,m Anisaldehyde,1,10,0.24646464498483373
2,9,m Anisaldehyde,1,11,0.32632283645455057
2,9,m Anisaldehyde,1,12,0.30743581186232466
2,9,m Anisaldehyde,1,13,0.27321095893953873
2,9,m Anisaldehyde,1,14,0.35581718495609715
4,0,"2,3 Pentanedione",0,0,0.3540170264270435
4,0,"2,3 Pentanedione",0,1,0.3729274302486706
4,0,"2,3 Pentanedione",0,2,0.38239966119697727
4,0,"2,3 Pentanedione",0,3,0.34685648592468865
4,0,"2,3 Pentanedione",0,4,0.3904885750258304
4,0,"2,3 Pentanedione",0,5,0.35030502940324426
4,0,"2,3 Pentanedione",0,6,0.35517759040118485
4,0,"2,3 Pentanedione",0,7,0.42614882888196687
4,0,"2,3 Pentanedione",0,8,0.3300196811893359
4,0,"2,3 Pentanedione",0,9,0.2751319100526536
4,0,"2,3 Pentanedione",0,10,0.436080603090309
4,0,"2,3 Pentanedione",0,11,0.47361624139411335
4,0,"2,3 Pentanedione",0,12,0.35543235267185996
4,0,"2,3 Pentanedione",0,13,0.2941696016650258
4,0,"2,3 Pentanedione",0,14,0.3592237642419955
4,0,"2,3 Pentanedione",1,0,0.33751847327147966
4,0,"2,3 Pentanedione",1,1,0.34137043762421615
4,0,"2,3 Pentanedione",1,2,0.30443186958823254
4,0,"2,3 Pentanedione",1,3,0.37214983696416554
4,0,"2,3 Pentanedione",1,4,0.3699476862765499
4,0,"2,3 Pentanedione",1,5,0.28919116647233417
4,0,"2,3 Pentanedione",1,6,0.37693526053290194
4,0,"2,3 Pentanedione",1,7,0.43107479054294207
4,0,"2,3 Pentanedione",1,8,0.35584580456258885
4,0,"2,3 Pentanedione",1,9,0.3354743847823662
4,0,"2,3 Pentanedione",1,10,0.3432872626888056
4,0,"2,3 Pentanedione",1,11,0.3735776619438489
4,0,"2,3 Pentanedione",1,12,0.2797405270448177
4,0,"2,3 Pentanedione",1,13,0.3555430193841985
4,0,"2,3 Pentanedione",1,14,0.33334883328659404
4,1,3 Methylvaleric Acid,0,0,0.41654809156392186
4,1,3 Methylvaleric Acid,0,1,0.3356681816934817
4,1,3 Methylvaleric Acid,0,2,0.4093505954904608
4,1,3 Methylvaleric Acid,0,3,0.2984854631343998
4,1,3 Methylvaleric Acid,0,4,0.36612545771779176
4,1,3 Methylvaleric Acid,0,5,0.3554111015973292
4,1,3 Methylvaleric Acid,0,6,0.30787320113108874
4,1,3 Methylvaleric Acid,0,7,0.34973093563115765
4,1,3 Methylvaleric Acid,0,8,0.39113584451894406
4,1,3 Methylvaleric Acid,0,9,0.32968342287421604
4,1,3 Methylvaleric Acid,0,10,0.27495658507888954
4,1,3 Methylvaleric Acid,0,11,0.3419325779865822
4,1,3 Methylvaleric Acid,0,12,0.30653816725397953
4,1,3 Methylvaleric Acid,0,13,0.32894145349912474
4,1,3 Methylvaleric Acid,0,14,0.3393715802582752
4,1,3 Methylvaleric Acid,1,0,0.28525305383566296
4,1,3 Methylvaleric Acid,1,1,0.2888528089034565
4,1,3 Methylvaleric Acid,1,2,0.3727618158973046
4,1,3 Methylvaleric Acid,1,3,0.33257039462949645
4,1,3 Methylvaleric Acid,1,4,0.25088936880346097
4,1,3 Methylvaleric Acid,1,5,0.384872903940609
4,1,3 Methylvaleric Acid,1,6,0.3643739326872532
4,1,3 Methylvaleric Acid,1,7,0.3249241495148243
4,1,3 Methylvaleric Acid,1,8,0.30080593403395395
4,1,3 Methylvaleric Acid,1,9,0.3869114583288571
4,1,3 Methylvaleric Acid,1,10,0.3674531673787008
4,1,3 Methylvaleric Acid,1,11,0.4487832337836466
4,1,3 Methylvaleric Acid,1,12,0.3702866864252811
4,1,3 Methylvaleric Acid,1,13,0.36898726812676425
4,1,3 Methylvaleric Acid,1,14,0.34680202527194104
4,2,Acetic Acid,0,0,0.3964727675313006
4,2,Acetic Acid,0,1,0.3888051408931951
4,2,Acetic Acid,0,2,0.41387073318587675
4,2,Acetic Acid,0,3,0.3429488160977776
4,2,Acetic Acid,0,4,0.34638543392551047
4,2,Acetic Acid,0,5,0.3446376060067898
4,2,Acetic Acid,0,6,0.3954338016904285
4,2,Acetic Acid,0,7,0.4237367104551383
4,2,Acetic Acid,0,8,0.34544811311729695
4,2,Acetic Acid,0,9,0.34681078373154534
4,2,Acetic Acid,0,10,0.37636482179806097
4,2,Acetic Acid,0,11,0.3539712728427529
4,2,Acetic Acid,0,12,0.40188387896886457
4,2,Acetic Acid,0,13,0.2737306412185071
4,2,Acetic Acid,0,14,0.3307335309665932
4,2,Acetic Acid,1,0,0.35786617770089313
4,2,Acetic Acid,1,1,0.29634859056390517
4,2,Acetic Acid,1,2,0.3506172932845988
4,2,Acetic Acid,1,3,0.3525565864255139
4,2,Acetic Acid,1,4,0.38111864487859776
4,2,Acetic Acid,1,5,0.4336814667257615
4,2,Acetic Acid,1,6,0.37936040501172286
4,2,Acetic Acid,1,7,0.3479302822485048
4,2,Acetic Acid,1,8,0.3868846494108098
4,2,Acetic Acid,1,9,0.43112977591700496
4,2,Acetic Acid,1,10,0.35012447841475475
4,2,Acetic Acid,1,11,0.352739835702493
4,2,Acetic Acid,1,12,0.4115047894303199
4,2,Acetic Acid,1,13,0.38030138643011896
4,2,Acetic Acid,1,14,0.41506221868772997
4,3,Gerinol,0,0,0.35198701401984345
4,3,Gerinol,0,1,0.380599431615238
4,3,Gerinol,0,2,0.3111297611300297
4,3,Gerinol,0,3,0.35204949966012467
4,3,Gerinol,0,4,0.34410528511712907
4,3,Gerinol,0,5,0.30389724872749013
4,3,Gerinol,0,6,0.28999376777690783
4,3,Gerinol,0,7,0.37996284710264183
4,3,Gerinol,0,8,0.33849479040293623
4,3,Gerinol,0,9,0.3116416744257622
4,3,Gerinol,0,10,0.34868572821472205
4,3,Gerinol,0,11,0.3976536399856274
4,3,Gerinol,0,12,0.26130337187677843
4,3,Gerinol,0,13,0.29266733809552226
4,3,Gerinol,0,14,0.31561742801584464
4,3,Gerinol,1,0,0.3857119912033781
4,3,Gerinol,1,1,0.33856831585133684
4,3,Gerinol,1,2,0.357957526153014
4,3,Gerinol,1,3,0.28165839976951573
4,3,Gerinol,1,4,0.2824834015237439
4,3,Gerinol,1,5,0.3451773852034734
4,3,Gerinol,1,6,0.32959580977198283
4,3,Gerinol,1,7,0.34921438928913
4,3,Gerinol,1,8,0.3197579968974269
4,3,Gerinol,1,9,0.33839058559275004
4,3,Gerinol,1,10,0.3335895999307693
4,3,Gerinol,1,11,0.35837553209796197
4,3,Gerinol,1,12,0.3595451678123438
4,3,Gerinol,1,13,0.2624699567588942
4,3,Gerinol,1,14,0.23737409432093073
4,4,n Methyl Piperdine,0,0,0.3699372168652234
4,4,n Methyl Piperdine,0,1,0.37737640468964057
4,4,n Methyl Piperdine,0,2,0.2890424801786296
4,4,n Methyl Piperdine,0,3,0.25547398469733795
4,4,n Methyl Piperdine,0,4,0.3338287937994512
4,4,n Methyl Piperdine,0,5,0.3671009300131843
4,4,n Methyl Piperdine,0,6,0.4017711818565357
4,4,n Methyl Piperdine,0,7,0.35051930384322116
4,4,n Methyl Piperdine,0,8,0.31499873309573534
4,4,n Methyl Piperdine,0,9,0.2941421760957686
4,4,n Methyl Piperdine,0,10,0.3303254526259893
4,4,n Methyl Piperdine,0,11,0.31789681280375287
4,4,n Methyl Piperdine,0,12,0.2892646847300105
4,4,n Methyl Piperdine,0,13,0.4118176269936946
4,4,n Methyl Piperdine,0,14,0.40127413704204834
4,4,n Methyl Piperdine,1,0,0.36281381606162655
4,4,n Methyl Piperdine,1,1,0.2805378528070443
4,4,n Methyl Piperdine,1,2,0.35157264169130054
4,4,n Methyl Piperdine,1,3,0.34295692509932546
4,4,n Methyl Piperdine,1,4,0.3350736936875715
4,4,n Methyl Piperdine,1,5,0.3673584794011605
4,4,n Methyl Piperdine,1,6,0.3427867144338605
4,4,n Methyl Piperdine,1,7,0.34697243817158285
4,4,n Methyl Piperdine,1,8,0.3428481200542978
4,4,n Methyl Piperdine,1,9,0.33100352503949365
4,4,n Methyl Piperdine,1,10,0.24602742353084206
4,4,n Methyl Piperdine,1,11,0.3207167118158317
4,4,n Methyl Piperdine,1,12,0.2951241903654444
4,4,n Methyl Piperdine,1,13,0.2661782304138086
4,4,n Methyl Piperdine,1,14,0.38464453349144234
4,5,"2,4 Dimethyl Acetophenone",0,0,0.4209585291649974
4,5,"2,4 Dimethyl Acetophenone",0,1,0.40616753954139373
4,5,"2,4 Dimethyl Acetophenone",0,2,0.36200725220380425
4,5,"2,4 Dimethyl Acetophenone",0,3,0.40582372036767556
4,5,"2,4 Dimethyl Acetophenone",0,4,0.3522808427536423
4,5,"2,4 Dimethyl Acetophenone",0,5,0.3599106066054804
4,5,"2,4 Dimethyl Acetophenone",0,6,0.30805986071108993
4,5,"2,4 Dimethyl Acetophenone",0,7,0.36767836770952284
4,5,"2,4 Dimethyl Acetophenone",0,8,0.35421415266654593
4,5,"2,4 Dimethyl Acetophenone",0,9,0.2996926308561907
4,5,"2,4 Dimethyl Acetophenone",0,10,0.34975083105690535
4,5,"2,4 Dimethyl Acetophenone",0,11,0.3486095329752969
4,5,"2,4 Dimethyl Acetophenone",0,12,0.42370116219535486
4,5,"2,4 Dimethyl Acetophenone",0,13,0.3875672486701056
4,5,"2,4 Dimethyl Acetophenone",0,14,0.3522565330932279
4,5,"2,4 Dimethyl Acetophenone",1,0,0.37774475628464577
4,5,"2,4 Dimethyl Acetophenone",1,1,0.36956175901677035
4,5,"2,4 Dimethyl Acetophenone",1,2,0.35967670450078054
4,5,"2,4 Dimethyl Acetophenone",1,3,0.324496175997071
4,5,"2,4 Dimethyl Acetophenone",1,4,0.3617511887883253
4,5,"2,4 Dimethyl Acetophenone",1,5,0.3379493336265019
4,5,"2,4 Dimethyl Acetophenone",1,6,0.3177806423356766
4,5,"2,4 Dimethyl Acetophenone",1,7,0.38824213647450384
4,5,"2,4 Dimethyl Acetophenone",1,8,0.38344385028993183
4,5,"2,4 Dimethyl Acetophenone",1,9,0.29632496343787934
4,5,"2,4 Dimethyl Acetophenone",1,10,0.36288587839279735
4,5,"2,4 Dimethyl Acetophenone",1,11,0.4076213193285994
4,5,"2,4 Dimethyl Acetophenone",1,12,0.41016221344845527
4,5,"2,4 Dimethyl Acetophenone",1,13,0.408826737608012
4,5,"2,4 Dimethyl Acetophenone",1,14,0.3693497921686608
4,6,4 Heptanone,0,0,0.29823309613759397
4,6,4 Heptanone,0,1,0.2886869561620376
4,6,4 Heptanone,0,2,0.34581910544637434
4,6,4 Heptanone,0,3,0.34720611063096657
4,6,4 Heptanone,0,4,0.38352815372056265
4,6,4 Heptanone,0,5,0.3760340952700434
4,6,4 Heptanone,0,6,0.32674576299511315
4,6,4 Heptanone,0,7,0.28226667410192524
4,6,4 Heptanone,0,8,0.3192706453759241
4,6,4 Heptanone,0,9,0.340724157048781
4,6,4 Heptanone,0,10,0.32395157944078384
4,6,4 Heptanone,0,11,0.3089191449332538
4,6,4 Heptanone,0,12,0.342150301855156
4,6,4 Heptanone,0,13,0.31187659959993563
4,6,4 Heptanone,0,14,0.30691226590734505
4,6,4 Heptanone,1,0,0.37229906590555517
4,6,4 Heptanone,1,1,0.34376124932824936
4,6,4 Heptanone,1,2,0.36960512809255164
4,6,4 Heptanone,1,3,0.37076911344750246
4,6,4 Heptanone,1,4,0.3142637924897546
4,6,4 Heptanone,1,5,0.3405913075788011
4,6,4 Heptanone,1,6,0.41735203013007605
4,6,4 Heptanone,1,7,0.3133577720240461
4,6,4 Heptanone,1,8,0.2751747745745963
4,6,4 Heptanone,1,9,0.28536714640371713
4,6,4 Heptanone,1,10,0.36100535039648435
4,6,4 Heptanone,1,11,0.36107764365472556
4,6,4 Heptanone,1,12,0.35513651831641274
4,6,4 Heptanone,1,13,0.4084085456905576
4,6,4 Heptanone,1,14,0.2529275752093001
4,7,33 Dimethyl Butyric Acid,0,0,0.35609455997352846
4,7,33 Dimethyl Butyric Acid,0,1,0.4027147330684384
4,7,33 Dimethyl Butyric Acid,0,2,0.29514597440062695
4,7,33 Dimethyl Butyric Acid,0,3,0.3250649445246997
4,7,33 Dimethyl Butyric Acid,0,4,0.31014152830715064
4,7,33 Dimethyl Butyric Acid,0,5,0.30448336315319435
4,7,33 Dimethyl Butyric Acid,0,6,0.3272067247953739
4,7,33 Dimethyl Butyric Acid,0,7,0.3973566163436757
4,7,33 Dimethyl Butyric Acid,0,8,0.4137526720157963
4,7,33 Dimethyl Butyric Acid,0,9,0.32681963599468955
4,7,33 Dimethyl Butyric Acid,0,10,0.4164596135588743
4,7,33 Dimethyl Butyric Acid,0,11,0.3416802640756805
4,7,33 Dimethyl Butyric Acid,0,12,0.41040484606433875
4,7,33 Dimethyl Butyric Acid,0,13,0.33652525901015584
4,7,33 Dimethyl Butyric Acid,0,14,0.3454995180381413
4,7,33 Dimethyl Butyric Acid,1,0,0.3365958562071616
4,7,33 Dimethyl Butyric Acid,1,1,0.4491310244761496
4,7,33 Dimethyl Butyric Acid,1,2,0.35602830029523974
4,7,33 Dimethyl Butyric Acid,1,3,0.29368629610338964
4,7,33 Dimethyl Butyric Acid,1,4,0.3607367921124825
4,7,33 Dimethyl Butyric Acid,1,5,0.3075035758180745
4,7,33 Dimethyl Butyric Acid,1,6,0.3023868699853998
4,7,33 Dimethyl Butyric Acid,1,7,0.35832093169713264
4,7,33 Dimethyl Butyric Acid,1,8,0.3232203008122943
4,7,33 Dimethyl Butyric Acid,1,9,0.3331199138819204
4,7,33 Dimethyl Butyric Acid,1,10,0.3225362861760599
4,7,33 Dimethyl Butyric Acid,1,11,0.3354402023656656
4,7,33 Dimethyl Butyric Acid,1,12,0.3389755131988942
4,7,33 Dimethyl Butyric Acid,1,13,0.24449819999323158
4,7,33 Dimethyl Butyric Acid,1,14,0.3486397840458295
4,8,2 Methyl Butyraldehyde,0,0,0.3581842340722624
4,8,2 Methyl Butyraldehyde,0,1,0.33977304544309794
4,8,2 Methyl Butyraldehyde,0,2,0.3951285611111271
4,8,2 Methyl Butyraldehyde,0,3,0.4008242509980526
4,8,2 Methyl Butyraldehyde,0,4,0.36972476428258316
4,8,2 Methyl Butyraldehyde,0,5,0.4307062851721934
4,8,2 Methyl Butyraldehyde,0,6,0.34377800421063814
4,8,2 Methyl Butyraldehyde,0,7,0.38118726091457206
4,8,2 Methyl Butyraldehyde,0,8,0.37407004546815437
4,8,2 Methyl Butyraldehyde,0,9,0.39560152005190086
4,8,2 Methyl Butyraldehyde,0,10,0.40861958225136397
4,8,2 Methyl Butyraldehyde,0,11,0.3571492928805326
4,8,2 Methyl Butyraldehyde,0,12,0.42643631796372355
4,8,2 Methyl Butyraldehyde,0,13,0.3999851055988624
4,8,2 Methyl Butyraldehyde,0,14,0.32178716073299796
4,8,2 Methyl Butyraldehyde,1,0,0.30228457601460823
4,8,2 Methyl Butyraldehyde,1,1,0.38013546191331704
4,8,2 Methyl Butyraldehyde,1,2,0.3717895409190353
4,8,2 Methyl Butyraldehyde,1,3,0.37649142908750416
4,8,2 Methyl Butyraldehyde,1,4,0.37950893536928076
4,8,2 Methyl Butyraldehyde,1,5,0.3896506272108967
4,8,2 Methyl Butyraldehyde,1,6,0.4185342180244215
4,8,2 Methyl Butyraldehyde,1,7,0.3361840375937872
4,8,2 Methyl Butyraldehyde,1,8,0.3337493699144577
4,8,2 Methyl Butyraldehyde,1,9,0.3368952793149942
4,8,2 Methyl Butyraldehyde,1,10,0.39218490031723774
4,8,2 Methyl Butyraldehyde,1,11,0.43042612877634734
4,8,2 Methyl Butyraldehyde,1,12,0.3633746561009091
4,8,2 Methyl Butyraldehyde,1,13,0.2805602398641033
4,8,2 Methyl Butyraldehyde,1,14,0.3124685191260745
4,9,m Anisaldehyde,0,0,0.3303772855314057
4,9,m Anisaldehyde,0,1,0.3413895989434376
4,9,m Anisaldehyde,0,2,0.34736320935305715
4,9,m Anisaldehyde,0,3,0.36524199936248286
4,9,m Anisaldehyde,0,4,0.35122890121034833
4,9,m Anisaldehyde,0,5,0.4056723388649825
4,9,m Anisaldehyde,0,6,0.3366580622159914
4,9,m Anisaldehyde,0,7,0.3292060360642245
4,9,m Anisaldehyde,0,8,0.38285377598406467
4,9,m Anisaldehyde,0,9,0.30227307164620143
4,9,m Anisaldehyde,0,10,0.3792864226560463
4,9,m Anisaldehyde,0,11,0.36780088179229686
4,9,m Anisaldehyde,0,12,0.35780105484651953
4,9,m Anisaldehyde,0,13,0.4272297987292167
4,9,m Anisaldehyde,0,14,0.3388104566314575
4,9,m Anisaldehyde,1,0,0.41876987696276147
4,9,m Anisaldehyde,1,1,0.32734069217267436
4,9,m Anisaldehyde,1,2,0.2852772923429892
4,9,m Anisaldehyde,1,3,0.33915473338159136
4,9,m Anisaldehyde,1,4,0.2933081421290476
4,9,m Anisaldehyde,1,5,0.3062877162292583
4,9,m Anisaldehyde,1,6,0.35223928214241795
4,9,m Anisaldehyde,1,7,0.3585812336878033
4,9,m Anisaldehyde,1,8,0.311471242131628
4,9,m Anisaldehyde,1,9,0.37585415594365434
4,9,m Anisaldehyde,1,10,0.3826582604626437
4,9,m Anisaldehyde,1,11,0.39381002040433
4,9,m Anisaldehyde,1,12,0.3575344864268272
4,9,m Anisaldehyde,1,13,0.3908950986252263
4,9,m Anisaldehyde,1,14,0.261126013022836
6,0,"2,3 Pentanedione",0,0,0.37258737179946516
6,0,"2,3 Pentanedione",0,1,0.35062342349166664
6,0,"2,3 Pentanedione",0,2,0.3900726681896994
6,0,"2,3 Pentanedione",0,3,0.3624456649767342
6,0,"2,3 Pentanedione",0,4,0.3786573200666144
6,0,"2,3 Pentanedione",0,5,0.4605906289527657
6,0,"2,3 Pentanedione",0,6,0.37851484188778856
6,0,"2,3 Pentanedione",0,7,0.4018553264322122
6,0,"2,3 Pentanedione",0,8,0.3760128605476343
6,0,"2,3 Pentanedione",0,9,0.388332165262877
6,0,"2,3 Pentanedione",0,10,0.38554430096204656
6,0,"2,3 Pentanedione",0,11,0.40323659638353004
6,0,"2,3 Pentanedione",0,12,0.43191593516649074
6,0,"2,3 Pentanedione",0,13,0.45119939364873685
6,0,"2,3 Pentanedione",0,14,0.39768843702097034
6,0,"2,3 Pentanedione",1,0,0.403977763888148
6,0,"2,3 Pentanedione",1,1,0.33436130807930126
6,0,"2,3 Pentanedione",1,2,0.3768808187500991
6,0,"2,3 Pentanedione",1,3,0.4180074670420675
6,0,"2,3 Pentanedione",1,4,0.41503463398341006
6,0,"2,3 Pentanedione",1,5,0.38886027775852594
6,0,"2,3 Pentanedione",1,6,0.41585164682944203
6,0,"2,3 Pentanedione",1,7,0.4000265568064767
6,0,"2,3 Pentanedione",1,8,0.42840813877709677
6,0,"2,3 Pentanedione",1,9,0.39197025472500835
6,0,"2,3 Pentanedione",1,10,0.3661679558238825
6,0,"2,3 Pentanedione",1,11,0.39382953872404486
6,0,"2,3 Pentanedione",1,12,0.2631721134126129
6,0,"2,3 Pentanedione",1,13,0.3957113179021259
6,0,"2,3 Pentanedione",1,14,0.23445937543813258
6,1,3 Methylvaleric Acid,0,0,0.3003257987950196
6,1,3 Methylvaleric Acid,0,1,0.38733507912887566
6,1,3 Methylvaleric Acid,0,2,0.3883655085819081
6,1,3 Methylvaleric Acid,0,3,0.3227671838856391
6,1,3 Methylvaleric Acid,0,4,0.34078025341607876
6,1,3 Methylvaleric Acid,0,5,0.4240859746358016
6,1,3 Methylvaleric Acid,0,6,0.3499031298283293
6,1,3 Methylvaleric Acid,0,7,0.4589811475873557
6,1,3 Methylvaleric Acid,0,8,0.3691875409641825
6,1,3 Methylvaleric Acid,0,9,0.385585782166487
6,1,3 Methylvaleric Acid,0,10,0.4339393110311806
6,1,3 Methylvaleric Acid,0,11,0.3745054197389731
6,1,3 Methylvaleric Acid,0,12,0.32917057586360426
6,1,3 Methylvaleric Acid,0,13,0.3648752370234647
6,1,3 Methylvaleric Acid,0,14,0.36783990564363267
6,1,3 Methylvaleric Acid,1,0,0.33017142540447214
6,1,3 Methylvaleric Acid,1,1,0.3745278086389018
6,1,3 Methylvaleric Acid,1,2,0.3550734077326373
6,1,3 Methylvaleric Acid,1,3,0.4217354017800321
6,1,3 Methylvaleric Acid,1,4,0.38614556645994497
6,1,3 Methylvaleric Acid,1,5,0.37344926152663194
6,1,3 Methylvaleric Acid,1,6,0.3805138142676317
6,1,3 Methylvaleric Acid,1,7,0.3936859722287814
6,1,3 Methylvaleric Acid,1,8,0.40943365948012594
6,1,3 Methylvaleric Acid,1,9,0.34477260234575946
6,1,3 Methylvaleric Acid,1,10,0.3430975861876839
6,1,3 Methylvaleric Acid,1,11,0.42894826010863596
6,1,3 Methylvaleric Acid,1,12,0.36826761660434554
6,1,3 Methylvaleric Acid,1,13,0.32808740778865975
6,1,3 Methylvaleric Acid,1,14,0.40251359986785895
6,2,Acetic Acid,0,0,0.4111217813909257
6,2,Acetic Acid,0,1,0.33135837885935
6,2,Acetic Acid,0,2,0.4017662577681625
6,2,Acetic Acid,0,3,0.4220103128467532
6,2,Acetic Acid,0,4,0.4075624472178688
6,2,Acetic Acid,0,5,0.4178662485000741
6,2,Acetic Acid,0,6,0.3364162252259883
6,2,Acetic Acid,0,7,0.4058285953494661
6,2,Acetic Acid,0,8,0.38048219877080036
6,2,Acetic Acid,0,9,0.37327538280063244
6,2,Acetic Acid,0,10,0.4274092135264073
6,2,Acetic Acid,0,11,0.4517579695765874
6,2,Acetic Acid,0,12,0.4643617913336326
6,2,Acetic Acid,0,13,0.44517930400985445
6,2,Acetic Acid,0,14,0.3881976218844109
6,2,Acetic Acid,1,0,0.41908218942436837
6,2,Acetic Acid,1,1,0.4356462977746844
6,2,Acetic Acid,1,2,0.40982050087529315
6,2,Acetic Acid,1,3,0.4102039504197764
6,2,Acetic Acid,1,4,0.4379235081783619
6,2,Acetic Acid,1,5,0.40260207706227735
6,2,Acetic Acid,1,6,0.37580190544836817
6,2,Acetic Acid,1,7,0.3883944602698803
6,2,Acetic Acid,1,8,0.43032979801266436
6,2,Acetic Acid,1,9,0.40509311455131286
6,2,Acetic Acid,1,10,0.4185817819780482
6,2,Acetic Acid,1,11,0.43177655259140224
6,2,Acetic Acid,1,12,0.38997972438741024
6,2,Acetic Acid,1,13,0.4352233094485069
6,2,Acetic Acid,1,14,0.4201270870416504
6,3,Gerinol,0,0,0.3140350952812049
6,3,Gerinol,0,1,0.4211198104051138
6,3,Gerinol,0,2,0.3433978290073874
6,3,Gerinol,0,3,0.2972238050302567
6,3,Gerinol,0,4,0.3216258703742119
6,3,Gerinol,0,5,0.3225858123305312
6,3,Gerinol,0,6,0.3655145515039654
6,3,Gerinol,0,7,0.35247359853581456
6,3,Gerinol,0,8,0.3499543400520403
6,3,Gerinol,0,9,0.3882156973769632
6,3,Gerinol,0,10,0.3770226332053722
6,3,Gerinol,0,11,0.3760695335834355
6,3,Gerinol,0,12,0.37982075705081175
6,3,Gerinol,0,13,0.3880730054777536
6,3,Gerinol,0,14,0.2791094850865663
6,3,Gerinol,1,0,0.32707159971986716
6,3,Gerinol,1,1,0.25444072723086664
6,3,Gerinol,1,2,0.34309152688235744
6,3,Gerinol,1,3,0.34146381092147177
6,3,Gerinol,1,4,0.3834704208020328
6,3,Gerinol,1,5,0.38915450551929043
6,3,Gerinol,1,6,0.34976013174054027
6,3,Gerinol,1,7,0.32163468671456963
6,3,Gerinol,1,8,0.36105557431227514
6,3,Gerinol,1,9,0.3205324243174731
6,3,Gerinol,1,10,0.3415934237527116
6,3,Gerinol,1,11,0.3810945824888763
6,3,Gerinol,1,12,0.31933827597086867
6,3,Gerinol,1,13,0.3738762753801456
6,3,Gerinol,1,14,0.3687451845581377
6,4,n Methyl Piperdine,0,0,0.3091448676444434
6,4,n Methyl Piperdine,0,1,0.38629230545837223
6,4,n Methyl Piperdine,0,2,0.3752791941445364
6,4,n Methyl Piperdine,0,3,0.35141357582458255
6,4,n Methyl Piperdine,0,4,0.31684360200857015
6,4,n Methyl Piperdine,0,5,0.3129682995866534
6,4,n Methyl Piperdine,0,6,0.3258300372535553
6,4,n Methyl Piperdine,0,7,0.36904031886135463
6,4,n Methyl Piperdine,0,8,0.3091115336336203
6,4,n Methyl Piperdine,0,9,0.364837030274471
6,4,n Methyl Piperdine,0,10,0.2976663191745405
6,4,n Methyl Piperdine,0,11,0.33917379695212224
6,4,n Methyl Piperdine,0,12,0.35172245051263656
6,4,n Methyl Piperdine,0,13,0.4451417461320329
6,4,n Methyl Piperdine,0,14,0.2922439141088615
6,4,n Methyl Piperdine,1,0,0.37713502291012163
6,4,n Methyl Piperdine,1,1,0.3242481368100075
6,4,n Methyl Piperdine,1,2,0.33470131697115485
6,4,n Methyl Piperdine,1,3,0.3229883567860445
6,4,n Methyl Piperdine,1,4,0.33604351297832563
6,4,n Methyl Piperdine,1,5,0.31210703607603557
6,4,n Methyl Piperdine,1,6,0.37641644750881464
6,4,n Methyl Piperdine,1,7,0.2999955944815274
6,4,n Methyl Piperdine,1,8,0.3635438231376862
6,4,n Methyl Piperdine,1,9,0.2924797554419954
6,4,n Methyl Piperdine,1,10,0.31584436639446484
6,4,n Methyl Piperdine,1,11,0.27537593815890754
6,4,n Methyl Piperdine,1,12,0.3364553890644171
6,4,n Methyl Piperdine,1,13,0.37605947852757765
6,4,n Methyl Piperdine,1,14,0.3151601930576821
6,5,"2,4 Dimethyl Acetophenone",0,0,0.3959508761295153
6,5,"2,4 Dimethyl Acetophenone",0,1,0.3592416255549546
6,5,"2,4 Dimethyl Acetophenone",0,2,0.39465459793557933
6,5,"2,4 Dimethyl Acetophenone",0,3,0.34011453368881056
6,5,"2,4 Dimethyl Acetophenone",0,4,0.3673111846089186
6,5,"2,4 Dimethyl Acetophenone",0,5,0.4128977459220371
6,5,"2,4 Dimethyl Acetophenone",0,6,0.4565868319873275
6,5,"2,4 Dimethyl Acetophenone",0,7,0.5161947385268518
6,5,"2,4 Dimethyl Acetophenone",0,8,0.38036290067483564
6,5,"2,4 Dimethyl Acetophenone",0,9,0.4612383103434893
6,5,"2,4 Dimethyl Acetophenone",0,10,0.41357640329373757
6,5,"2,4 Dimethyl Acetophenone",0,11,0.39777639820781663
6,5,"2,4 Dimethyl Acetophenone",0,12,0.42113008214671777
6,5,"2,4 Dimethyl Acetophenone",0,13,0.40630296342487005
6,5,"2,4 Dimethyl Acetophenone",0,14,0.4082421331021604
6,5,"2,4 Dimethyl Acetophenone",1,0,0.3848512222611938
6,5,"2,4 Dimethyl Acetophenone",1,1,0.3452601623823065
6,5,"2,4 Dimethyl Acetophenone",1,2,0.3394395406733773
6,5,"2,4 Dimethyl Acetophenone",1,3,0.4273143441055096
6,5,"2,4 Dimethyl Acetophenone",1,4,0.390116545170832
6,5,"2,4 Dimethyl Acetophenone",1,5,0.37734099278801386
6,5,"2,4 Dimethyl Acetophenone",1,6,0.4015247738431867
6,5,"2,4 Dimethyl Acetophenone",1,7,0.43298183889088565
6,5,"2,4 Dimethyl Acetophenone",1,8,0.40839910649531647
6,5,"2,4 Dimethyl Acetophenone",1,9,0.37494235130862186
6,5,"2,4 Dimethyl Acetophenone",1,10,0.4502362670002185
6,5,"2,4 Dimethyl Acetophenone",1,11,0.4643519688935258
6,5,"2,4 Dimethyl Acetophenone",1,12,0.42096681498717464
6,5,"2,4 Dimethyl Acetophenone",1,13,0.44013108922802413
6,5,"2,4 Dimethyl Acetophenone",1,14,0.450862948646813
6,6,4 Heptanone,0,0,0.3974200637743626
6,6,4 Heptanone,0,1,0.376780058202687
6,6,4 Heptanone,0,2,0.3761499730011774
6,6,4 Heptanone,0,3,0.3730025140520422
6,6,4 Heptanone,0,4,0.3083225841363003
6,6,4 Heptanone,0,5,0.3802450173925655
6,6,4 Heptanone,0,6,0.2979835322731199
6,6,4 Heptanone,0,7,0.32043211291317986
6,6,4 Heptanone,0,8,0.4043586938305056
6,6,4 Heptanone,0,9,0.38582489762594996
6,6,4 Heptanone,0,10,0.4117120227056166
6,6,4 Heptanone,0,11,0.3413491157706904
6,6,4 Heptanone,0,12,0.30612613746711137
6,6,4 Heptanone,0,13,0.3425986032353684
6,6,4 Heptanone,0,14,0.3562973430078051
6,6,4 Heptanone,1,0,0.3814917335431304
6,6,4 Heptanone,1,1,0.42367940403979804
6,6,4 Heptanone,1,2,0.3638813678893921
6,6,4 Heptanone,1,3,0.39241356376164693
6,6,4 Heptanone,1,4,0.3387870989121457
6,6,4 Heptanone,1,5,0.3963448760112825
6,6,4 Heptanone,1,6,0.3784565268969554
6,6,4 Heptanone,1,7,0.34833965135814926
6,6,4 Heptanone,1,8,0.36889901040253587
6,6,4 Heptanone,1,9,0.3709651550289211
6,6,4 Heptanone,1,10,0.3675259797160461
6,6,4 Heptanone,1,11,0.4491858345802373
6,6,4 Heptanone,1,12,0.3743943447972148
6,6,4 Heptanone,1,13,0.3685763404824365
6,6,4 Heptanone,1,14,0.2944341465851243
6,7,33 Dimethyl Butyric Acid,0,0,0.34197061074070756
6,7,33 Dimethyl Butyric Acid,0,1,0.3672159678416325
6,7,33 Dimethyl Butyric Acid,0,2,0.3503047977728209
6,7,33 Dimethyl Butyric Acid,0,3,0.4330072085549985
6,7,33 Dimethyl Butyric Acid,0,4,0.3711413938040379
6,7,33 Dimethyl Butyric Acid,0,5,0.4292766747926167
6,7,33 Dimethyl Butyric Acid,0,6,0.38020709018190135
6,7,33 Dimethyl Butyric Acid,0,7,0.37922801827674973
6,7,33 Dimethyl Butyric Acid,0,8,0.3741870469113866
6,7,33 Dimethyl Butyric Acid,0,9,0.377890754884745
6,7,33 Dimethyl Butyric Acid,0,10,0.44649070494188103
6,7,33 Dimethyl Butyric Acid,0,11,0.2849544757498379
6,7,33 Dimethyl Butyric Acid,0,12,0.2976770750423395
6,7,33 Dimethyl Butyric Acid,0,13,0.3560120715776421
6,7,33 Dimethyl Butyric Acid,0,14,0.3783200200973894
6,7,33 Dimethyl Butyric Acid,1,0,0.3732937985821473
6,7,33 Dimethyl Butyric Acid,1,1,0.36461310951268583
6,7,33 Dimethyl Butyric Acid,1,2,0.330319785076364
6,7,33 Dimethyl Butyric Acid,1,3,0.3864513693212573
6,7,33 Dimethyl Butyric Acid,1,4,0.386897437717696
6,7,33 Dimethyl Butyric Acid,1,5,0.3530519348424494
6,7,33 Dimethyl Butyric Acid,1,6,0.38419592449106044
6,7,33 Dimethyl Butyric Acid,1,7,0.35659543212887196
6,7,33 Dimethyl Butyric Acid,1,8,0.32323030052027146
6,7,33 Dimethyl Butyric Acid,1,9,0.373602295151587
6,7,33 Dimethyl Butyric Acid,1,10,0.3501141464947339
6,7,33 Dimethyl Butyric Acid,1,11,0.3457432154617663
6,7,33 Dimethyl Butyric Acid,1,12,0.4046077644791698
6,7,33 Dimethyl Butyric Acid,1,13,0.24765473644998331
6,7,33 Dimethyl Butyric Acid,1,14,0.288982254785204
6,8,2 Methyl Butyraldehyde,0,0,0.3763727999939426
6,8,2 Methyl Butyraldehyde,0,1,0.40932519114616517
6,8,2 Methyl Butyraldehyde,0,2,0.4136712902582762
6,8,2 Methyl Butyraldehyde,0,3,0.3635625911379955
6,8,2 Methyl Butyraldehyde,0,4,0.38444929575648434
6,8,2 Methyl Butyraldehyde,0,5,0.3894219499079746
6,8,2 Methyl Butyraldehyde,0,6,0.522152580731953
6,8,2 Methyl Butyraldehyde,0,7,0.4959252949588032
6,8,2 Methyl Butyraldehyde,0,8,0.4073856403415314
6,8,2 Methyl Butyraldehyde,0,9,0.40931228543664544
6,8,2 Methyl Butyraldehyde,0,10,0.3778874571613856
6,8,2 Methyl Butyraldehyde,0,11,0.3475304005199067
6,8,2 Methyl Butyraldehyde,0,12,0.4191804095925764
6,8,2 Methyl Butyraldehyde,0,13,0.38394153771915634
6,8,2 Methyl Butyraldehyde,0,14,0.42046159578243697
6,8,2 Methyl Butyraldehyde,1,0,0.3319263835522022
6,8,2 Methyl Butyraldehyde,1,1,0.365455639181531
6,8,2 Methyl Butyraldehyde,1,2,0.40187970132605455
6,8,2 Methyl Butyraldehyde,1,3,0.4105830014252988
6,8,2 Methyl Butyraldehyde,1,4,0.4126334958636219
6,8,2 Methyl Butyraldehyde,1,5,0.34311505814765986
6,8,2 Methyl Butyraldehyde,1,6,0.4301220467193638
6,8,2 Methyl Butyraldehyde,1,7,0.3639261496498673
6,8,2 Methyl Butyraldehyde,1,8,0.4212489340982336
6,8,2 Methyl Butyraldehyde,1,9,0.39550907044921363
6,8,2 Methyl Butyraldehyde,1,10,0.3408791175508234
6,8,2 Methyl Butyraldehyde,1,11,0.3832867093306938
6,8,2 Methyl Butyraldehyde,1,12,0.41054916719649204
6,8,2 Methyl Butyraldehyde,1,13,0.4204532327329253
6,8,2 Methyl Butyraldehyde,1,14,0.3902951016161646
6,9,m Anisaldehyde,0,0,0.47197901361634265
6,9,m Anisaldehyde,0,1,0.45100828883176286
6,9,m Anisaldehyde,0,2,0.4004416933363104
6,9,m Anisaldehyde,0,3,0.4407127304777783
6,9,m Anisaldehyde,0,4,0.48805959739982796
6,9,m Anisaldehyde,0,5,0.48912724202362157
6,9,m Anisaldehyde,0,6,0.36158786275940064
6,9,m Anisaldehyde,0,7,0.3736465335460145
6,9,m Anisaldehyde,0,8,0.47010460946165455
6,9,m Anisaldehyde,0,9,0.368376615958795
6,9,m Anisaldehyde,0,10,0.35780621266063334
6,9,m Anisaldehyde,0,11,0.39126009276433865
6,9,m Anisaldehyde,0,12,0.42751692637128397
6,9,m Anisaldehyde,0,13,0.40661198972785667
6,9,m Anisaldehyde,0,14,0.38468531317607685
6,9,m Anisaldehyde,1,0,0.39969888686931837
6,9,m Anisaldehyde,1,1,0.3981739027617904
6,9,m Anisaldehyde,1,2,0.39148700019194105
6,9,m Anisaldehyde,1,3,0.5179327004293413
6,9,m Anisaldehyde,1,4,0.43856782818572093
6,9,m Anisaldehyde,1,5,0.4621377475144883
6,9,m Anisaldehyde,1,6,0.4071042866135418
6,9,m Anisaldehyde,1,7,0.4192291182508568
6,9,m Anisaldehyde,1,8,0.39812522608348455
6,9,m Anisaldehyde,1,9,0.32059905194153065
6,9,m Anisaldehyde,1,10,0.3715470142643841
6,9,m Anisaldehyde,1,11,0.35424263813908297
6,9,m Anisaldehyde,1,12,0.3366760342202344
6,9,m Anisaldehyde,1,13,0.37885302636637463
6,9,m Anisaldehyde,1,14,0.479665612513564
8,0,"2,3 Pentanedione",0,0,0.4286804775066788
8,0,"2,3 Pentanedione",0,1,0.4820804747077
8,0,"2,3 Pentanedione",0,2,0.446897227290888
8,0,"2,3 Pentanedione",0,3,0.46176027724345936
8,0,"2,3 Pentanedione",0,4,0.39442204440267
8,0,"2,3 Pentanedione",0,5,0.4514159623825598
8,0,"2,3 Pentanedione",0,6,0.45960649357782685
8,0,"2,3 Pentanedione",0,7,0.40739203252550527
8,0,"2,3 Pentanedione",0,8,0.45283953903949964
8,0,"2,3 Pentanedione",0,9,0.4531054345578463
8,0,"2,3 Pentanedione",0,10,0.40847581936964966
8,0,"2,3 Pentanedione",0,11,0.3855471869240132
8,0,"2,3 Pentanedione",0,12,0.3830927909389221
8,0,"2,3 Pentanedione",0,13,0.43391814589171146
8,0,"2,3 Pentanedione",0,14,0.4435383189664256
8,0,"2,3 Pentanedione",1,0,0.37947317883753007
8,0,"2,3 Pentanedione",1,1,0.4122376257088906
8,0,"2,3 Pentanedione",1,2,0.43399569350138606
8,0,"2,3 Pentanedione",1,3,0.4359018406424587
8,0,"2,3 Pentanedione",1,4,0.4732494168607462
8,0,"2,3 Pentanedione",1,5,0.4622534453437684
8,0,"2,3 Pentanedione",1,6,0.37112255474558487
8,0,"2,3 Pentanedione",1,7,0.47851766043736754
8,0,"2,3 Pentanedione",1,8,0.38993515187361805
8,0,"2,3 Pentanedione",1,9,0.45296912455402377
8,0,"2,3 Pentanedione",1,10,0.4138936770978902
8,0,"2,3 Pentanedione",1,11,0.39468823691756794
8,0,"2,3 Pentanedione",1,12,0.33886633766484936
8,0,"2,3 Pentanedione",1,13,0.40431163164719275
8,0,"2,3 Pentanedione",1,14,0.3487988826436223
8,1,3 Methylvaleric Acid,0,0,0.41270786600355563
8,1,3 Methylvaleric Acid,0,1,0.43468760285541463
8,1,3 Methylvaleric Acid,0,2,0.3421394569979771
8,1,3 Methylvaleric Acid,0,3,0.3860947262706156
8,1,3 Methylvaleric Acid,0,4,0.3450002356895257
8,1,3 Methylvaleric Acid,0,5,0.34887650736437315
8,1,3 Methylvaleric Acid,0,6,0.40499568472445957
8,1,3 Methylvaleric Acid,0,7,0.37247436609610823
8,1,3 Methylvaleric Acid,0,8,0.4436018182470852
8,1,3 Methylvaleric Acid,0,9,0.3547265974217279
8,1,3 Methylvaleric Acid,0,10,0.4139893498688243
8,1,3 Methylvaleric Acid,0,11,0.37791243308815603
8,1,3 Methylvaleric Acid,0,12,0.40584701695961406
8,1,3 Methylvaleric Acid,0,13,0.35612959027664687
8,1,3 Methylvaleric Acid,0,14,0.3720335430677814
8,1,3 Methylvaleric Acid,1,0,0.3709675557422129
8,1,3 Methylvaleric Acid,1,1,0.34214522632033884
8,1,3 Methylvaleric Acid,1,2,0.4020707722974404
8,1,3 Methylvaleric Acid,1,3,0.4015974711373049
8,1,3 Methylvaleric Acid,1,4,0.399329698710393
8,1,3 Methylvaleric Acid,1,5,0.4370661370708761
8,1,3 Methylvaleric Acid,1,6,0.43356130296362244
8,1,3 Methylvaleric Acid,1,7,0.3605897233202049
8,1,3 Methylvaleric Acid,1,8,0.3905096036515374
8,1,3 Methylvaleric Acid,1,9,0.3506434833438418
8,1,3 Methylvaleric Acid,1,10,0.3765217235587525
8,1,3 Methylvaleric Acid,1,11,0.3515975329494157
8,1,3 Methylvaleric Acid,1,12,0.44039032327961236
8,1,3 Methylvaleric Acid,1,13,0.3901354369278888
8,1,3 Methylvaleric Acid,1,14,0.36686634578999344
8,2,Acetic Acid,0,0,0.5107992336154024
8,2,Acetic Acid,0,1,0.37622987434933086
8,2,Acetic Acid,0,2,0.3824903869465357
8,2,Acetic Acid,0,3,0.49488803694993827
8,2,Acetic Acid,0,4,0.46547322866584206
8,2,Acetic Acid,0,5,0.4730723427515777
8,2,Acetic Acid,0,6,0.40999864660840535
8,2,Acetic Acid,0,7,0.4621251423071327
8,2,Acetic Acid,0,8,0.543194867157201
8,2,Acetic Acid,0,9,0.49602247553298184
8,2,Acetic Acid,0,10,0.4698427525468598
8,2,Acetic Acid,0,11,0.4454923343369498
8,2,Acetic Acid,0,12,0.4472715766663716
8,2,Acetic Acid,0,13,0.3778865751731466
8,2,Acetic Acid,0,14,0.47336010757799374
8,2,Acetic Acid,1,0,0.5248900234872097
8,2,Acetic Acid,1,1,0.42804592606111097
8,2,Acetic Acid,1,2,0.46461402345566294
8,2,Acetic Acid,1,3,0.4447721138585987
8,2,Acetic Acid,1,4,0.45245665135558505
8,2,Acetic Acid,1,5,0.4932099642208116
8,2,Acetic Acid,1,6,0.4076946129483966
8,2,Acetic Acid,1,7,0.5156415166822181
8,2,Acetic Acid,1,8,0.5212249019452829
8,2,Acetic Acid,1,9,0.4810265956264591
8,2,Acetic Acid,1,10,0.39184235874855394
8,2,Acetic Acid,1,11,0.45121395410784
8,2,Acetic Acid,1,12,0.5403867765120435
8,2,Acetic Acid,1,13,0.3799509279187927
8,2,Acetic Acid,1,14,0.47716976266019484
8,3,Gerinol,0,0,0.3391916102144612
8,3,Gerinol,0,1,0.418574453416545
8,3,Gerinol,0,2,0.3593870832674131
8,3,Gerinol,0,3,0.402549802182576
8,3,Gerinol,0,4,0.40901005811991525
8,3,Gerinol,0,5,0.45984067494235237
8,3,Gerinol,0,6,0.37827396360613674
8,3,Gerinol,0,7,0.401433416138056
8,3,Gerinol,0,8,0.3269894221880541
8,3,Gerinol,0,9,0.4340081838849013
8,3,Gerinol,0,10,0.35597128743029693
8,3,Gerinol,0,11,0.36396147478964175
8,3,Gerinol,0,12,0.3855017295591831
8,3,Gerinol,0,13,0.32387626753955756
8,3,Gerinol,0,14,0.39554244251030907
8,3,Gerinol,1,0,0.40396898517774843
8,3,Gerinol,1,1,0.3769876872006397
8,3,Gerinol,1,2,0.301714431693599
8,3,Gerinol,1,3,0.36031796248756165
8,3,Gerinol,1,4,0.3949514903799276
8,3,Gerinol,1,5,0.29015078362211166
8,3,Gerinol,1,6,0.32227969370803944
8,3,Gerinol,1,7,0.4003320784240088
8,3,Gerinol,1,8,0.37607415162863944
8,3,Gerinol,1,9,0.38174919754581815
8,3,Gerinol,1,10,0.4396501265656805
8,3,Gerinol,1,11,0.3840124454009961
8,3,Gerinol,1,12,0.39158585467807516
8,3,Gerinol,1,13,0.47370015534948107
8,3,Gerinol,1,14,0.35671815193712836
8,4,n Methyl Piperdine,0,0,0.3190820721547374
8,4,n Methyl Piperdine,0,1,0.3681092386293625
8,4,n Methyl Piperdine,0,2,0.368557023875033
8,4,n Methyl Piperdine,0,3,0.3299287670216289
8,4,n Methyl Piperdine,0,4,0.3097015019172833
8,4,n Methyl Piperdine,0,5,0.44339115958308034
8,4,n Methyl Piperdine,0,6,0.3640711215149981
8,4,n Methyl Piperdine,0,7,0.3217059674433942
8,4,n Methyl Piperdine,0,8,0.38763459479066115
8,4,n Methyl Piperdine,0,9,0.3466315766370238
8,4,n Methyl Piperdine,0,10,0.34088212484676395
8,4,n Methyl Piperdine,0,11,0.37348829757605695
8,4,n Methyl Piperdine,0,12,0.2993220919702096
8,4,n Methyl Piperdine,0,13,0.3651024708561641
8,4,n Methyl Piperdine,0,14,0.4275155750087473
8,4,n Methyl Piperdine,1,0,0.3611384148312347
8,4,n Methyl Piperdine,1,1,0.3274428241920037
8,4,n Methyl Piperdine,1,2,0.3222070971262126
8,4,n Methyl Piperdine,1,3,0.3260777094095379
8,4,n Methyl Piperdine,1,4,0.33233280122143105
8,4,n Methyl Piperdine,1,5,0.3273790470330114
8,4,n Methyl Piperdine,1,6,0.379143765986325
8,4,n Methyl Piperdine,1,7,0.273162944214983
8,4,n Methyl Piperdine,1,8,0.37697131035982767
8,4,n Methyl Piperdine,1,9,0.32730384733763984
8,4,n Methyl Piperdine,1,10,0.3575692197711572
8,4,n Methyl Piperdine,1,11,0.29741179193530776
8,4,n Methyl Piperdine,1,12,0.39563655101731976
8,4,n Methyl Piperdine,1,13,0.39231670675021724
8,4,n Methyl Piperdine,1,14,0.3808749293733452
8,5,"2,4 Dimethyl Acetophenone",0,0,0.4256525939909155
8,5,"2,4 Dimethyl Acetophenone",0,1,0.5194076278652991
8,5,"2,4 Dimethyl Acetophenone",0,2,0.5024369885280854
8,5,"2,4 Dimethyl Acetophenone",0,3,0.4220319351373543
8,5,"2,4 Dimethyl Acetophenone",0,4,0.4852708896718244
8,5,"2,4 Dimethyl Acetophenone",0,5,0.5008241645839876
8,5,"2,4 Dimethyl Acetophenone",0,6,0.5084857959755831
8,5,"2,4 Dimethyl Acetophenone",0,7,0.49333323970061127
8,5,"2,4 Dimethyl Acetophenone",0,8,0.4978920416965522
8,5,"2,4 Dimethyl Acetophenone",0,9,0.5451872407127809
8,5,"2,4 Dimethyl Acetophenone",0,10,0.5352841414190842
8,5,"2,4 Dimethyl Acetophenone",0,11,0.3715605868713473
8,5,"2,4 Dimethyl Acetophenone",0,12,0.4735452428291498
8,5,"2,4 Dimethyl Acetophenone",0,13,0.479656743920899
8,5,"2,4 Dimethyl Acetophenone",0,14,0.4161588421135782
8,5,"2,4 Dimethyl Acetophenone",1,0,0.48074759449391574
8,5,"2,4 Dimethyl Acetophenone",1,1,0.5269305830610435
8,5,"2,4 Dimethyl Acetophenone",1,2,0.43351755778099965
8,5,"2,4 Dimethyl Acetophenone",1,3,0.49043630971221813
8,5,"2,4 Dimethyl Acetophenone",1,4,0.44034733307276575
8,5,"2,4 Dimethyl Acetophenone",1,5,0.45010379121743616
8,5,"2,4 Dimethyl Acetophenone",1,6,0.5360760175314246
8,5,"2,4 Dimethyl Acetophenone",1,7,0.45527795936015025
8,5,"2,4 Dimethyl Acetophenone",1,8,0.4954687717250482
8,5,"2,4 Dimethyl Acetophenone",1,9,0.4021315475221838
8,5,"2,4 Dimethyl Acetophenone",1,10,0.5514729746204184
8,5,"2,4 Dimethyl Acetophenone",1,11,0.5010863700168832
8,5,"2,4 Dimethyl Acetophenone",1,12,0.46968027845861277
8,5,"2,4 Dimethyl Acetophenone",1,13,0.500002132564619
8,5,"2,4 Dimethyl Acetophenone",1,14,0.42058749500671083
8,6,4 Heptanone,0,0,0.420199109653763
8,6,4 Heptanone,0,1,0.35993848896379954
8,6,4 Heptanone,0,2,0.36473509938171933
8,6,4 Heptanone,0,3,0.35323165538503737
8,6,4 Heptanone,0,4,0.34967182387383333
8,6,4 Heptanone,0,5,0.40068470444879306
8,6,4 Heptanone,0,6,0.38313415398782563
8,6,4 Heptanone,0,7,0.39896780563977835
8,6,4 Heptanone,0,8,0.37254609240423386
8,6,4 Heptanone,0,9,0.393425872426744
8,6,4 Heptanone,0,10,0.3561439302266552
8,6,4 Heptanone,0,11,0.46208715364003866
8,6,4 Heptanone,0,12,0.3101806633264368
8,6,4 Heptanone,0,13,0.4233353729261761
8,6,4 Heptanone,0,14,0.42761417801249557
8,6,4 Heptanone,1,0,0.3478183323397504
8,6,4 Heptanone,1,1,0.4710756290006131
8,6,4 Heptanone,1,2,0.4217242958961869
8,6,4 Heptanone,1,3,0.42075024485129064
8,6,4 Heptanone,1,4,0.38302557205940924
8,6,4 Heptanone,1,5,0.3732156382496271
8,6,4 Heptanone,1,6,0.3735283314967898
8,6,4 Heptanone,1,7,0.3975259084311549
8,6,4 Heptanone,1,8,0.43795213557973
8,6,4 Heptanone,1,9,0.38915725329283096
8,6,4 Heptanone,1,10,0.34544693965288253
8,6,4 Heptanone,1,11,0.41488176707377333
8,6,4 Heptanone,1,12,0.41875071443416584
8,6,4 Heptanone,1,13,0.4080910657162856
8,6,4 Heptanone,1,14,0.4117246408393735
8,7,33 Dimethyl Butyric Acid,0,0,0.3801164442642893
8,7,33 Dimethyl Butyric Acid,0,1,0.3537940027853784
8,7,33 Dimethyl Butyric Acid,0,2,0.35622583224497045
8,7,33 Dimethyl Butyric Acid,0,3,0.3255350395322873
8,7,33 Dimethyl Butyric Acid,0,4,0.4004315139324396
8,7,33 Dimethyl Butyric Acid,0,5,0.3876156181415379
8,7,33 Dimethyl Butyric Acid,0,6,0.3733540612894133
8,7,33 Dimethyl Butyric Acid,0,7,0.2727288164967988
8,7,33 Dimethyl Butyric Acid,0,8,0.34106087068283486
8,7,33 Dimethyl Butyric Acid,0,9,0.4357871955267283
8,7,33 Dimethyl Butyric Acid,0,10,0.3643685294680764
8,7,33 Dimethyl Butyric Acid,0,11,0.4053772365768753
8,7,33 Dimethyl Butyric Acid,0,12,0.33532615227159135
8,7,33 Dimethyl Butyric Acid,0,13,0.4485017887649709
8,7,33 Dimethyl Butyric Acid,0,14,0.3851924630684146
8,7,33 Dimethyl Butyric Acid,1,0,0.3392544923903368
8,7,33 Dimethyl Butyric Acid,1,1,0.4206840682062628
8,7,33 Dimethyl Butyric Acid,1,2,0.38831048055457157
8,7,33 Dimethyl Butyric Acid,1,3,0.31539025167951307
8,7,33 Dimethyl Butyric Acid,1,4,0.30392406913618103
8,7,33 Dimethyl Butyric Acid,1,5,0.3146310760702141
8,7,33 Dimethyl Butyric Acid,1,6,0.3480488064700568
8,7,33 Dimethyl Butyric Acid,1,7,0.32344391116096055
8,7,33 Dimethyl Butyric Acid,1,8,0.3118431107308565
8,7,33 Dimethyl Butyric Acid,1,9,0.3863401265593571
8,7,33 Dimethyl Butyric Acid,1,10,0.32308448085988195
8,7,33 Dimethyl Butyric Acid,1,11,0.41963644025248814
8,7,33 Dimethyl Butyric Acid,1,12,0.33128257908108233
8,7,33 Dimethyl Butyric Acid,1,13,0.3990656122999845
8,7,33 Dimethyl Butyric Acid,1,14,0.34194565343942046
8,8,2 Methyl Butyraldehyde,0,0,0.4960189206250838
8,8,2 Methyl Butyraldehyde,0,1,0.4285160556343969
8,8,2 Methyl Butyraldehyde,0,2,0.4233501287916094
8,8,2 Methyl Butyraldehyde,0,3,0.47588873589570535
8,8,2 Methyl Butyraldehyde,0,4,0.4970426273937185
8,8,2 Methyl Butyraldehyde,0,5,0.4591107577751244
8,8,2 Methyl Butyraldehyde,0,6,0.406044764291758
8,8,2 Methyl Butyraldehyde,0,7,0.4030901630435328
8,8,2 Methyl Butyraldehyde,0,8,0.40041504160765623
8,8,2 Methyl Butyraldehyde,0,9,0.38679561317753064
8,8,2 Methyl Butyraldehyde,0,10,0.4618799120729894
8,8,2 Methyl Butyraldehyde,0,11,0.5025022545634269
8,8,2 Methyl Butyraldehyde,0,12,0.4569638662181135
8,8,2 Methyl Butyraldehyde,0,13,0.3670839074015918
8,8,2 Methyl Butyraldehyde,0,14,0.44987007928172396
8,8,2 Methyl Butyraldehyde,1,0,0.40593347716278316
8,8,2 Methyl Butyraldehyde,1,1,0.496285387037105
8,8,2 Methyl Butyraldehyde,1,2,0.3541599205113052
8,8,2 Methyl Butyraldehyde,1,3,0.3968183329241196
8,8,2 Methyl Butyraldehyde,1,4,0.48067954424987
8,8,2 Methyl Butyraldehyde,1,5,0.43044457068194936
8,8,2 Methyl Butyraldehyde,1,6,0.43497795996874444
8,8,2 Methyl Butyraldehyde,1,7,0.41702881450904256
8,8,2 Methyl Butyraldehyde,1,8,0.425643178574378
8,8,2 Methyl Butyraldehyde,1,9,0.4435498182392289
8,8,2 Methyl Butyraldehyde,1,10,0.3800659842723768
8,8,2 Methyl Butyraldehyde,1,11,0.44756778018441545
8,8,2 Methyl Butyraldehyde,1,12,0.3575253163526659
8,8,2 Methyl Butyraldehyde,1,13,0.42558015594134896
8,8,2 Methyl Butyraldehyde,1,14,0.4195950755595405
8,9,m Anisaldehyde,0,0,0.4317116097629056
8,9,m Anisaldehyde,0,1,0.4554559222775641
8,9,m Anisaldehyde,0,2,0.4314617271839678
8,9,m Anisaldehyde,0,3,0.41349528021612014
8,9,m Anisaldehyde,0,4,0.4422187436260442
8,9,m Anisaldehyde,0,5,0.4122037878757235
8,9,m Anisaldehyde,0,6,0.46927523185431985
8,9,m Anisaldehyde,0,7,0.4103599135244954
8,9,m Anisaldehyde,0,8,0.484842414210232
8,9,m Anisaldehyde,0,9,0.4091041705734371
8,9,m Anisaldehyde,0,10,0.4337115366673497
8,9,m Anisaldehyde,0,11,0.4313791969619828
8,9,m Anisaldehyde,0,12,0.5093692024455835
8,9,m Anisaldehyde,0,13,0.4695749311152536
8,9,m Anisaldehyde,0,14,0.4478939811888142
8,9,m Anisaldehyde,1,0,0.4578460639664742
8,9,m Anisaldehyde,1,1,0.3536095924304977
8,9,m Anisaldehyde,1,2,0.436171942738049
8,9,m Anisaldehyde,1,3,0.5177978534358758
8,9,m Anisaldehyde,1,4,0.4431911465797922
8,9,m Anisaldehyde,1,5,0.4406138130904587
8,9,m Anisaldehyde,1,6,0.45982242150937314
8,9,m Anisaldehyde,1,7,0.47372149605625913
8,9,m Anisaldehyde,1,8,0.3579986186080909
8,9,m Anisaldehyde,1,9,0.3706042270520442
8,9,m Anisaldehyde,1,10,0.4463089379671311
8,9,m Anisaldehyde,1,11,0.40930222384778486
8,9,m Anisaldehyde,1,12,0.49037829681248185
8,9,m Anisaldehyde,1,13,0.42529031072827633
8,9,m Anisaldehyde,1,14,0.36051605689516053
10,0,"2,3 Pentanedione",0,0,0.4253616666056783
10,0,"2,3 Pentanedione",0,1,0.3660951824942152
10,0,"2,3 Pentanedione",0,2,0.4667172017881217
10,0,"2,3 Pentanedione",0,3,0.4685468581888629
10,0,"2,3 Pentanedione",0,4,0.45910371488816226
10,0,"2,3 Pentanedione",0,5,0.5192373848406278
10,0,"2,3 Pentanedione",0,6,0.524023016740106
10,0,"2,3 Pentanedione",0,7,0.46926668634519375
10,0,"2,3 Pentanedione",0,8,0.39069447658036394
10,0,"2,3 Pentanedione",0,9,0.5007734864991286
10,0,"2,3 Pentanedione",0,10,0.4982966324197812
10,0,"2,3 Pentanedione",0,11,0.488457886085716
10,0,"2,3 Pentanedione",0,12,0.5153414132517629
10,0,"2,3 Pentanedione",0,13,0.4294890994209966
10,0,"2,3 Pentanedione",0,14,0.5564324387268438
10,0,"2,3 Pentanedione",1,0,0.416269553503354
10,0,"2,3 Pentanedione",1,1,0.4846155807170629
10,0,"2,3 Pentanedione",1,2,0.38715275585249465
10,0,"2,3 Pentanedione",1,3,0.4174360761382267
10,0,"2,3 Pentanedione",1,4,0.5153014094980422
10,0,"2,3 Pentanedione",1,5,0.4442106707089947
10,0,"2,3 Pentanedione",1,6,0.48824356783434064
10,0,"2,3 Pentanedione",1,7,0.46412487917779854
10,0,"2,3 Pentanedione",1,8,0.4504483373890218
10,0,"2,3 Pentanedione",1,9,0.5092006766263363
10,0,"2,3 Pentanedione",1,10,0.4451803106429527
10,0,"2,3 Pentanedione",1,11,0.3834171393264899
10,0,"2,3 Pentanedione",1,12,0.4225170599509605
10,0,"2,3 Pentanedione",1,13,0.4766943327770965
10,0,"2,3 Pentanedione",1,14,0.47046702788352907
10,1,3 Methylvaleric Acid,0,0,0.371992811579837
10,1,3 Methylvaleric Acid,0,1,0.4057014408129265
10,1,3 Methylvaleric Acid,0,2,0.41140628762116466
10,1,3 Methylvaleric Acid,0,3,0.4200563578246855
10,1,3 Methylvaleric Acid,0,4,0.37963859804519245
10,1,3 Methylvaleric Acid,0,5,0.4095402972644754
10,1,3 Methylvaleric Acid,0,6,0.4055307221788734
10,1,3 Methylvaleric Acid,0,7,0.46553647197973125
10,1,3 Methylvaleric Acid,0,8,0.46703999402886426
10,1,3 Methylvaleric Acid,0,9,0.4288427232657019
10,1,3 Methylvaleric Acid,0,10,0.41899354975442527
10,1,3 Methylvaleric Acid,0,11,0.44027211407081907
10,1,3 Methylvaleric Acid,0,12,0.4020121372910315
10,1,3 Methylvaleric Acid,0,13,0.38880185830255687
10,1,3 Methylvaleric Acid,0,14,0.3970662932322258
10,1,3 Methylvaleric Acid,1,0,0.4073175322614997
10,1,3 Methylvaleric Acid,1,1,0.3861711068286671
10,1,3 Methylvaleric Acid,1,2,0.43919244118287293
10,1,3 Methylvaleric Acid,1,3,0.4618986857717063
10,1,3 Methylvaleric Acid,1,4,0.36922612678842825
10,1,3 Methylvaleric Acid,1,5,0.43371520726899926
10,1,3 Methylvaleric Acid,1,6,0.4239126270097045
10,1,3 Methylvaleric Acid,1,7,0.44637040624183005
10,1,3 Methylvaleric Acid,1,8,0.4321925080962144
10,1,3 Methylvaleric Acid,1,9,0.37456608762309274
10,1,3 Methylvaleric Acid,1,10,0.38221448686607135
10,1,3 Methylvaleric Acid,1,11,0.43388700184375684
10,1,3 Methylvaleric Acid,1,12,0.4738612956101783
10,1,3 Methylvaleric Acid,1,13,0.34414256397863785
10,1,3 Methylvaleric Acid,1,14,0.44653912201242113
10,2,Acetic Acid,0,0,0.5752727332976111
10,2,Acetic Acid,0,1,0.5215668180378569
10,2,Acetic Acid,0,2,0.549695952927163
10,2,Acetic Acid,0,3,0.4995650898501933
10,2,Acetic Acid,0,4,0.5229132051150304
10,2,Acetic Acid,0,5,0.46285131235377935
10,2,Acetic Acid,0,6,0.43391412074935043
10,2,Acetic Acid,0,7,0.5653984851351164
10,2,Acetic Acid,0,8,0.4882880559771277
10,2,Acetic Acid,0,9,0.5094667392859682
10,2,Acetic Acid,0,10,0.4722301629552977
10,2,Acetic Acid,0,11,0.47128906496275036
10,2,Acetic Acid,0,12,0.5207343450823207
10,2,Acetic Acid,0,13,0.49850476532067955
10,2,Acetic Acid,0,14,0.5428066930058933
10,2,Acetic Acid,1,0,0.5272266973813254
10,2,Acetic Acid,1,1,0.5219591464751261
10,2,Acetic Acid,1,2,0.5186691922592795
10,2,Acetic Acid,1,3,0.5722358888194172
10,2,Acetic Acid,1,4,0.46642140986034636
10,2,Acetic Acid,1,5,0.5069277659740251
10,2,Acetic Acid,1,6,0.5544327534429254
10,2,Acetic Acid,1,7,0.5597067529956633
10,2,Acetic Acid,1,8,0.4522546146483589
10,2,Acetic Acid,1,9,0.49663094295590704
10,2,Acetic Acid,1,10,0.5634500044568322
10,2,Acetic Acid,1,11,0.5294483248301044
10,2,Acetic Acid,1,12,0.5169356818813328
10,2,Acetic Acid,1,13,0.5004177728847555
10,2,Acetic Acid,1,14,0.49377312359383196
10,3,Gerinol,0,0,0.435825678383444
10,3,Gerinol,0,1,0.4142019508604517
10,3,Gerinol,0,2,0.42259377101805323
10,3,Gerinol,0,3,0.4274408641044325
10,3,Gerinol,0,4,0.39717405472009104
10,3,Gerinol,0,5,0.44558209081508854
10,3,Gerinol,0,6,0.5408667017964478
10,3,Gerinol,0,7,0.35321745028678797
10,3,Gerinol,0,8,0.4372574168274302
10,3,Gerinol,0,9,0.3938893123150748
10,3,Gerinol,0,10,0.447393018960601
10,3,Gerinol,0,11,0.42615921479294544
10,3,Gerinol,0,12,0.45477110682152955
10,3,Gerinol,0,13,0.4713171789201822
10,3,Gerinol,0,14,0.43199376057055827
10,3,Gerinol,1,0,0.47115961926283917
10,3,Gerinol,1,1,0.33210561197472493
10,3,Gerinol,1,2,0.489495619642913
10,3,Gerinol,1,3,0.4408800138019656
10,3,Gerinol,1,4,0.4689912619560793
10,3,Gerinol,1,5,0.37708249793261117
10,3,Gerinol,1,6,0.3926467324620586
10,3,Gerinol,1,7,0.431715059492063
10,3,Gerinol,1,8,0.42519601215277353
10,3,Gerinol,1,9,0.4372002712466716
10,3,Gerinol,1,10,0.4692581341634707
10,3,Gerinol,1,11,0.3552687151141581
10,3,Gerinol,1,12,0.4648302905949644
10,3,Gerinol,1,13,0.4262088041245891
10,3,Gerinol,1,14,0.41772625328129015
10,4,n Methyl Piperdine,0,0,0.3320159594286237
10,4,n Methyl Piperdine,0,1,0.410982515539094
10,4,n Methyl Piperdine,0,2,0.2942962547627779
10,4,n Methyl Piperdine,0,3,0.41679632925356785
10,4,n Methyl Piperdine,0,4,0.3311763353850997
10,4,n Methyl Piperdine,0,5,0.39299888530871835
10,4,n Methyl Piperdine,0,6,0.38609381531090253
10,4,n Methyl Piperdine,0,7,0.4376420946957747
10,4,n Methyl Piperdine,0,8,0.38371436204346376
10,4,n Methyl Piperdine,0,9,0.36309502635819274
10,4,n Methyl Piperdine,0,10,0.37059646096517124
10,4,n Methyl Piperdine,0,11,0.44177587955420594
10,4,n Methyl Piperdine,0,12,0.4123124475712551
10,4,n Methyl Piperdine,0,13,0.3754353695430929
10,4,n Methyl Piperdine,0,14,0.38140271200543885
10,4,n Methyl Piperdine,1,0,0.3035148750164646
10,4,n Methyl Piperdine,1,1,0.38174092667394416
10,4,n Methyl Piperdine,1,2,0.2958093303320639
10,4,n Methyl Piperdine,1,3,0.39627381727330074
10,4,n Methyl Piperdine,1,4,0.37134682233953314
10,4,n Methyl Piperdine,1,5,0.4616800306228394
10,4,n Methyl Piperdine,1,6,0.3221965364909103
10,4,n Methyl Piperdine,1,7,0.36209547499825717
10,4,n Methyl Piperdine,1,8,0.43813346667680503
10,4,n Methyl Piperdine,1,9,0.4138575442515391
10,4,n Methyl Piperdine,1,10,0.3383534765766865
10,4,n Methyl Piperdine,1,11,0.37516065577482044
10,4,n Methyl Piperdine,1,12,0.36628193289648603
10,4,n Methyl Piperdine,1,13,0.3774801933356488
10,4,n Methyl Piperdine,1,14,0.3382547412004893
10,5,"2,4 Dimethyl Acetophenone",0,0,0.5240089076684178
10,5,"2,4 Dimethyl Acetophenone",0,1,0.46365962876537864
10,5,"2,4 Dimethyl Acetophenone",0,2,0.5329866618511705
10,5,"2,4 Dimethyl Acetophenone",0,3,0.5455825507133205
10,5,"2,4 Dimethyl Acetophenone",0,4,0.5184849472706918
10,5,"2,4 Dimethyl Acetophenone",0,5,0.4629796881530557
10,5,"2,4 Dimethyl Acetophenone",0,6,0.5671229982905057
10,5,"2,4 Dimethyl Acetophenone",0,7,0.5421627252961593
10,5,"2,4 Dimethyl Acetophenone",0,8,0.4985411198684081
10,5,"2,4 Dimethyl Acetophenone",0,9,0.5163577059029246
10,5,"2,4 Dimethyl Acetophenone",0,10,0.46755494766517364
10,5,"2,4 Dimethyl Acetophenone",0,11,0.48656531866533104
10,5,"2,4 Dimethyl Acetophenone",0,12,0.5060692699221616
10,5,"2,4 Dimethyl Acetophenone",0,13,0.5767185562676532
10,5,"2,4 Dimethyl Acetophenone",0,14,0.5020015881409482
10,5,"2,4 Dimethyl Acetophenone",1,0,0.5472142327031072
10,5,"2,4 Dimethyl Acetophenone",1,1,0.5000730382154936
10,5,"2,4 Dimethyl Acetophenone",1,2,0.5315235887640318
10,5,"2,4 Dimethyl Acetophenone",1,3,0.5159498662442048
10,5,"2,4 Dimethyl Acetophenone",1,4,0.5565279503336666
10,5,"2,4 Dimethyl Acetophenone",1,5,0.5002132328012145
10,5,"2,4 Dimethyl Acetophenone",1,6,0.45870455632985924
10,5,"2,4 Dimethyl Acetophenone",1,7,0.46632772507541154
10,5,"2,4 Dimethyl Acetophenone",1,8,0.5003305865722466
10,5,"2,4 Dimethyl Acetophenone",1,9,0.47164328750283474
10,5,"2,4 Dimethyl Acetophenone",1,10,0.5380141669571389
10,5,"2,4 Dimethyl Acetophenone",1,11,0.5029749597356338
10,5,"2,4 Dimethyl Acetophenone",1,12,0.6165899483310141
10,5,"2,4 Dimethyl Acetophenone",1,13,0.45209710252447155
10,5,"2,4 Dimethyl Acetophenone",1,14,0.529751013478349
10,6,4 Heptanone,0,0,0.3863372521318502
10,6,4 Heptanone,0,1,0.4117193194567698
10,6,4 Heptanone,0,2,0.43711215200569875
10,6,4 Heptanone,0,3,0.3384405180771055
10,6,4 Heptanone,0,4,0.4409284177435981
10,6,4 Heptanone,0,5,0.5075716715630436
10,6,4 Heptanone,0,6,0.4133178411373333
10,6,4 Heptanone,0,7,0.44184768734429736
10,6,4 Heptanone,0,8,0.4724522407970929
10,6,4 Heptanone,0,9,0.4248972330709971
10,6,4 Heptanone,0,10,0.40821696553081765
10,6,4 Heptanone,0,11,0.3404259169232069
10,6,4 Heptanone,0,12,0.4570950018478759
10,6,4 Heptanone,0,13,0.4269286366829211
10,6,4 Heptanone,0,14,0.3909480190165505
10,6,4 Heptanone,1,0,0.4433760105283684
10,6,4 Heptanone,1,1,0.41496492784501343
10,6,4 Heptanone,1,2,0.41717509687263965
10,6,4 Heptanone,1,3,0.462563788361609
10,6,4 Heptanone,1,4,0.38477684566430687
10,6,4 Heptanone,1,5,0.48020475356021103
10,6,4 Heptanone,1,6,0.38240469559252455
10,6,4 Heptanone,1,7,0.4118040857830501
10,6,4 Heptanone,1,8,0.5152299898799237
10,6,4 Heptanone,1,9,0.48340633258295757
10,6,4 Heptanone,1,10,0.44221630181707827
10,6,4 Heptanone,1,11,0.400690933497212
10,6,4 Heptanone,1,12,0.41714124984926493
10,6,4 Heptanone,1,13,0.44124315470068853
10,6,4 Heptanone,1,14,0.4398130714108446
10,7,33 Dimethyl Butyric Acid,0,0,0.4339154354550873
10,7,33 Dimethyl Butyric Acid,0,1,0.43631697207675846
10,7,33 Dimethyl Butyric Acid,0,2,0.4289752682519212
10,7,33 Dimethyl Butyric Acid,0,3,0.3798711232145253
10,7,33 Dimethyl Butyric Acid,0,4,0.4168898429536925
10,7,33 Dimethyl Butyric Acid,0,5,0.4741352347995997
10,7,33 Dimethyl Butyric Acid,0,6,0.3828169007380811
10,7,33 Dimethyl Butyric Acid,0,7,0.42996805217855466
10,7,33 Dimethyl Butyric Acid,0,8,0.404760115489292
10,7,33 Dimethyl Butyric Acid,0,9,0.4420042898160503
10,7,33 Dimethyl Butyric Acid,0,10,0.4220049453974531
10,7,33 Dimethyl Butyric Acid,0,11,0.49664601923911256
10,7,33 Dimethyl Butyric Acid,0,12,0.457813598807736
10,7,33 Dimethyl Butyric Acid,0,13,0.38507814600903734
10,7,33 Dimethyl Butyric Acid,0,14,0.46439939310467376
10,7,33 Dimethyl Butyric Acid,1,0,0.3755033450798817
10,7,33 Dimethyl Butyric Acid,1,1,0.38340956447526287
10,7,33 Dimethyl Butyric Acid,1,2,0.4190421801346491
10,7,33 Dimethyl Butyric Acid,1,3,0.3868195225411588
10,7,33 Dimethyl Butyric Acid,1,4,0.44220365198328243
10,7,33 Dimethyl Butyric Acid,1,5,0.3755090168698284
10,7,33 Dimethyl Butyric Acid,1,6,0.3817315572267097
10,7,33 Dimethyl Butyric Acid,1,7,0.38023458358843987
10,7,33 Dimethyl Butyric Acid,1,8,0.3838638693961626
10,7,33 Dimethyl Butyric Acid,1,9,0.4504570815522767
10,7,33 Dimethyl Butyric Acid,1,10,0.43164127107477634
10,7,33 Dimethyl Butyric Acid,1,11,0.4748871774908471
10,7,33 Dimethyl Butyric Acid,1,12,0.4971951874863344
10,7,33 Dimethyl Butyric Acid,1,13,0.36526073805307063
10,7,33 Dimethyl Butyric Acid,1,14,0.4093061844234558
10,8,2 Methyl Butyraldehyde,0,0,0.4193499330698031
10,8,2 Methyl Butyraldehyde,0,1,0.43529370862560973
10,8,2 Methyl Butyraldehyde,0,2,0.44119464532531366
10,8,2 Methyl Butyraldehyde,0,3,0.42411175077000945
10,8,2 Methyl Butyraldehyde,0,4,0.42432245481960384
10,8,2 Methyl Butyraldehyde,0,5,0.4606265705947302
10,8,2 Methyl Butyraldehyde,0,6,0.41772920900008415
10,8,2 Methyl Butyraldehyde,0,7,0.5000830241010458
10,8,2 Methyl Butyraldehyde,0,8,0.42968780423883984
10,8,2 Methyl Butyraldehyde,0,9,0.5787807045393961
10,8,2 Methyl Butyraldehyde,0,10,0.4483425676969646
10,8,2 Methyl Butyraldehyde,0,11,0.4692786514122225
10,8,2 Methyl Butyraldehyde,0,12,0.41458429835689903
10,8,2 Methyl Butyraldehyde,0,13,0.534641616060646
10,8,2 Methyl Butyraldehyde,0,14,0.5111779729676571
10,8,2 Methyl Butyraldehyde,1,0,0.4533186862905167
10,8,2 Methyl Butyraldehyde,1,1,0.38756994950988954
10,8,2 Methyl Butyraldehyde,1,2,0.449868726570057
10,8,2 Methyl Butyraldehyde,1,3,0.396584809620382
10,8,2 Methyl Butyraldehyde,1,4,0.4999362620000066
10,8,2 Methyl Butyraldehyde,1,5,0.4738098407351991
10,8,2 Methyl Butyraldehyde,1,6,0.44525961300058164
10,8,2 Methyl Butyraldehyde,1,7,0.3439870249311793
10,8,2 Methyl Butyraldehyde,1,8,0.402105412314711
10,8,2 Methyl Butyraldehyde,1,9,0.46895249672506706
10,8,2 Methyl Butyraldehyde,1,10,0.4899573991299984
10,8,2 Methyl Butyraldehyde,1,11,0.48580884392075746
10,8,2 Methyl Butyraldehyde,1,12,0.377761531371414
10,8,2 Methyl Butyraldehyde,1,13,0.4535041437335883
10,8,2 Methyl Butyraldehyde,1,14,0.48206266012038934
10,9,m Anisaldehyde,0,0,0.44635300762764785
10,9,m Anisaldehyde,0,1,0.5123702496360082
10,9,m Anisaldehyde,0,2,0.5236401261832759
10,9,m Anisaldehyde,0,3,0.5006558468570682
10,9,m Anisaldehyde,0,4,0.43859995603488955
10,9,m Anisaldehyde,0,5,0.4996585058479885
10,9,m Anisaldehyde,0,6,0.49959421304073665
10,9,m Anisaldehyde,0,7,0.5067635340690274
10,9,m Anisaldehyde,0,8,0.4901475732339348
10,9,m Anisaldehyde,0,9,0.4949659441212789
10,9,m Anisaldehyde,0,10,0.5110981789570586
10,9,m Anisaldehyde,0,11,0.5303846144497261
10,9,m Anisaldehyde,0,12,0.500509359736671
10,9,m Anisaldehyde,0,13,0.49630047311621756
10,9,m Anisaldehyde,0,14,0.516380591781116
10,9,m Anisaldehyde,1,0,0.41393461742733784
10,9,m Anisaldehyde,1,1,0.5098526595522034
10,9,m Anisaldehyde,1,2,0.49074873057822677
10,9,m Anisaldehyde,1,3,0.4923589955270476
10,9,m Anisaldehyde,1,4,0.5292006267669237
10,9,m Anisaldehyde,1,5,0.41265863326121516
10,9,m Anisaldehyde,1,6,0.41181789966878657
10,9,m Anisaldehyde,1,7,0.5017234082760859
10,9,m Anisaldehyde,1,8,0.49048658025800446
10,9,m Anisaldehyde,1,9,0.49757833219082237
10,9,m Anisaldehyde,1,10,0.4722861714562473
10,9,m Anisaldehyde,1,11,0.5173454014327423
10,9,m Anisaldehyde,1,12,0.5280768081827899
10,9,m Anisaldehyde,1,13,0.5101305462212061
10,9,m Anisaldehyde,1,14,0.48033811612696176
12,0,"2,3 Pentanedione",0,0,0.43719434700861015
12,0,"2,3 Pentanedione",0,1,0.5522713708346714
12,0,"2,3 Pentanedione",0,2,0.57037106916189
12,0,"2,3 Pentanedione",0,3,0.5472842589925455
12,0,"2,3 Pentanedione",0,4,0.486316225418486
12,0,"2,3 Pentanedione",0,5,0.5484536982598965
12,0,"2,3 Pentanedione",0,6,0.555923110831644
12,0,"2,3 Pentanedione",0,7,0.5838545724251497
12,0,"2,3 Pentanedione",0,8,0.48645752554406796
12,0,"2,3 Pentanedione",0,9,0.5124437391314207
12,0,"2,3 Pentanedione",0,10,0.5513928045589245
12,0,"2,3 Pentanedione",0,11,0.5237983253707126
12,0,"2,3 Pentanedione",0,12,0.47680881843113526
12,0,"2,3 Pentanedione",0,13,0.5380865739142544
12,0,"2,3 Pentanedione",0,14,0.544648387865793
12,0,"2,3 Pentanedione",1,0,0.5236353425462789
12,0,"2,3 Pentanedione",1,1,0.5289002237802365
12,0,"2,3 Pentanedione",1,2,0.5097685906256095
12,0,"2,3 Pentanedione",1,3,0.5792479841216811
12,0,"2,3 Pentanedione",1,4,0.4840891393445317
12,0,"2,3 Pentanedione",1,5,0.4966239961824876
12,0,"2,3 Pentanedione",1,6,0.5205562472341397
12,0,"2,3 Pentanedione",1,7,0.5552749878010744
12,0,"2,3 Pentanedione",1,8,0.46022189988925727
12,0,"2,3 Pentanedione",1,9,0.4677049567024212
12,0,"2,3 Pentanedione",1,10,0.43860768638365005
12,0,"2,3 Pentanedione",1,11,0.5214246357031695
12,0,"2,3 Pentanedione",1,12,0.475384594004777
12,0,"2,3 Pentanedione",1,13,0.5047348222923221
12,0,"2,3 Pentanedione",1,14,0.5465719542887071
12,1,3 Methylvaleric Acid,0,0,0.442756938336485
12,1,3 Methylvaleric Acid,0,1,0.47766992807753345
12,1,3 Methylvaleric Acid,0,2,0.45644513085773
12,1,3 Methylvaleric Acid,0,3,0.49530321977165637
12,1,3 Methylvaleric Acid,0,4,0.4874237698617192
12,1,3 Methylvaleric Acid,0,5,0.44074129932081446
12,1,3 Methylvaleric Acid,0,6,0.4616725770317808
12,1,3 Methylvaleric Acid,0,7,0.5101683830766186
12,1,3 Methylvaleric Acid,0,8,0.48415372197796275
12,1,3 Methylvaleric Acid,0,9,0.41254016485775363
12,1,3 Methylvaleric Acid,0,10,0.49464336961465416
12,1,3 Methylvaleric Acid,0,11,0.42503422227034937
12,1,3 Methylvaleric Acid,0,12,0.5249191699662391
12,1,3 Methylvaleric Acid,0,13,0.5093826007614398
12,1,3 Methylvaleric Acid,0,14,0.4800140662045349
12,1,3 Methylvaleric Acid,1,0,0.4868357058236645
12,1,3 Methylvaleric Acid,1,1,0.47218510184511997
12,1,3 Methylvaleric Acid,1,2,0.5076873501422179
12,1,3 Methylvaleric Acid,1,3,0.4657152653077343
12,1,3 Methylvaleric Acid,1,4,0.4899691869118125
12,1,3 Methylvaleric Acid,1,5,0.5154237667469949
12,1,3 Methylvaleric Acid,1,6,0.4580741303451932
12,1,3 Methylvaleric Acid,1,7,0.455898682486589
12,1,3 Methylvaleric Acid,1,8,0.4327717728572384
12,1,3 Methylvaleric Acid,1,9,0.4379674822411699
12,1,3 Methylvaleric Acid,1,10,0.40741057962855665
12,1,3 Methylvaleric Acid,1,11,0.5097395436468379
12,1,3 Methylvaleric Acid,1,12,0.5529029737695276
12,1,3 Methylvaleric Acid,1,13,0.537559549825029
12,1,3 Methylvaleric Acid,1,14,0.4155030125411561
12,2,Acetic Acid,0,0,0.5904605050615569
12,2,Acetic Acid,0,1,0.6183505721962512
12,2,Acetic Acid,0,2,0.5431939189697623
12,2,Acetic Acid,0,3,0.565524215425311
12,2,Acetic Acid,0,4,0.4811505961671221
12,2,Acetic Acid,0,5,0.5721357649183746
12,2,Acetic Acid,0,6,0.5189239290219202
12,2,Acetic Acid,0,7,0.5694517189157695
12,2,Acetic Acid,0,8,0.49901820131175373
12,2,Acetic Acid,0,9,0.5831806471784128
12,2,Acetic Acid,0,10,0.6024468252163765
12,2,Acetic Acid,0,11,0.5301391237307023
12,2,Acetic Acid,0,12,0.5159894149428915
12,2,Acetic Acid,0,13,0.47522539649730966
12,2,Acetic Acid,0,14,0.5508097768363018
12,2,Acetic Acid,1,0,0.5411681865336795
12,2,Acetic Acid,1,1,0.5023911674110215
12,2,Acetic Acid,1,2,0.5825526941574306
12,2,Acetic Acid,1,3,0.5464331286303578
12,2,Acetic Acid,1,4,0.5214025055591344
12,2,Acetic Acid,1,5,0.5422490476793258
12,2,Acetic Acid,1,6,0.6072841254621283
12,2,Acetic Acid,1,7,0.5885494216551526
12,2,Acetic Acid,1,8,0.5592309014450041
12,2,Acetic Acid,1,9,0.5891961446435378
12,2,Acetic Acid,1,10,0.5179954656494741
12,2,Acetic Acid,1,11,0.5657267479340249
12,2,Acetic Acid,1,12,0.5703248371244025
12,2,Acetic Acid,1,13,0.5456384835649946
12,2,Acetic Acid,1,14,0.5818502773432404
12,3,Gerinol,0,0,0.4163335610872067
12,3,Gerinol,0,1,0.46794372758402947
12,3,Gerinol,0,2,0.46962525013423645
12,3,Gerinol,0,3,0.33086450404510215
12,3,Gerinol,0,4,0.49516312741338947
12,3,Gerinol,0,5,0.3256455966588746
12,3,Gerinol,0,6,0.4229089382507398
12,3,Gerinol,0,7,0.488564820643295
12,3,Gerinol,0,8,0.43485943026288715
12,3,Gerinol,0,9,0.3889034599742031
12,3,Gerinol,0,10,0.40380141680431797
12,3,Gerinol,0,11,0.4886271291258096
12,3,Gerinol,0,12,0.37069071805103926
12,3,Gerinol,0,13,0.49271054331146547
12,3,Gerinol,0,14,0.4453468153112932
12,3,Gerinol,1,0,0.38925955206315727
12,3,Gerinol,1,1,0.41363076238874696
12,3,Gerinol,1,2,0.39626639163678895
12,3,Gerinol,1,3,0.4716043733151957
12,3,Gerinol,1,4,0.4662524776713681
12,3,Gerinol,1,5,0.3681889199258127
12,3,Gerinol,1,6,0.4208116805400812
12,3,Gerinol,1,7,0.4024279387870835
12,3,Gerinol,1,8,0.48869576401922943
12,3,Gerinol,1,9,0.38295140055579774
12,3,Gerinol,1,10,0.5011245294682551
12,3,Gerinol,1,11,0.43562357570017707
12,3,Gerinol,1,12,0.3904779890256511
12,3,Gerinol,1,13,0.40986439792048346
12,3,Gerinol,1,14,0.4048906116501166
12,4,n Methyl Piperdine,0,0,0.37904296888251815
12,4,n Methyl Piperdine,0,1,0.4338207793523534
12,4,n Methyl Piperdine,0,2,0.38091108293546466
12,4,n Methyl Piperdine,0,3,0.34281305661361083
12,4,n Methyl Piperdine,0,4,0.41484064612921145
12,4,n Methyl Piperdine,0,5,0.3579134571064231
12,4,n Methyl Piperdine,0,6,0.3999412702404376
12,4,n Methyl Piperdine,0,7,0.39366358941900415
12,4,n Methyl Piperdine,0,8,0.39517906208210585
12,4,n Methyl Piperdine,0,9,0.5100662290267446
12,4,n Methyl Piperdine,0,10,0.4322841676499212
12,4,n Methyl Piperdine,0,11,0.4398425453229517
12,4,n Methyl Piperdine,0,12,0.3589717731094466
12,4,n Methyl Piperdine,0,13,0.4038691796176615
12,4,n Methyl Piperdine,0,14,0.4386398101607989
12,4,n Methyl Piperdine,1,0,0.3596837293082469
12,4,n Methyl Piperdine,1,1,0.4369873995654866
12,4,n Methyl Piperdine,1,2,0.35255702238872594
12,4,n Methyl Piperdine,1,3,0.3892102403901601
12,4,n Methyl Piperdine,1,4,0.3772228202257448
12,4,n Methyl Piperdine,1,5,0.4072377122000438
12,4,n Methyl Piperdine,1,6,0.3750452829505501
12,4,n Methyl Piperdine,1,7,0.38982914074192965
12,4,n Methyl Piperdine,1,8,0.3912196821536477
12,4,n Methyl Piperdine,1,9,0.3712893755291151
12,4,n Methyl Piperdine,1,10,0.42006864056465165
12,4,n Methyl Piperdine,1,11,0.4102004208182642
12,4,n Methyl Piperdine,1,12,0.3971203280146405
12,4,n Methyl Piperdine,1,13,0.38344655248628884
12,4,n Methyl Piperdine,1,14,0.43252664704556704
12,5,"2,4 Dimethyl Acetophenone",0,0,0.5418413082702158
12,5,"2,4 Dimethyl Acetophenone",0,1,0.5390067865097457
12,5,"2,4 Dimethyl Acetophenone",0,2,0.5554622792183082
12,5,"2,4 Dimethyl Acetophenone",0,3,0.6191381453416172
12,5,"2,4 Dimethyl Acetophenone",0,4,0.49766042970193497
12,5,"2,4 Dimethyl Acetophenone",0,5,0.5820689537449973
12,5,"2,4 Dimethyl Acetophenone",0,6,0.4755478315732589
12,5,"2,4 Dimethyl Acetophenone",0,7,0.5599656043519281
12,5,"2,4 Dimethyl Acetophenone",0,8,0.6142779911271323
12,5,"2,4 Dimethyl Acetophenone",0,9,0.5708214190014754
12,5,"2,4 Dimethyl Acetophenone",0,10,0.5580996811643748
12,5,"2,4 Dimethyl Acetophenone",0,11,0.5288566992706601
12,5,"2,4 Dimethyl Acetophenone",0,12,0.5525165660423252
12,5,"2,4 Dimethyl Acetophenone",0,13,0.5411921654066488
12,5,"2,4 Dimethyl Acetophenone",0,14,0.5198356137055289
12,5,"2,4 Dimethyl Acetophenone",1,0,0.5333452518536583
12,5,"2,4 Dimethyl Acetophenone",1,1,0.5528755228977107
12,5,"2,4 Dimethyl Acetophenone",1,2,0.5142515937314275
12,5,"2,4 Dimethyl Acetophenone",1,3,0.5126890036452658
12,5,"2,4 Dimethyl Acetophenone",1,4,0.49053053896896615
12,5,"2,4 Dimethyl Acetophenone",1,5,0.560569277516209
12,5,"2,4 Dimethyl Acetophenone",1,6,0.5667532069513356
12,5,"2,4 Dimethyl Acetophenone",1,7,0.5542066942421139
12,5,"2,4 Dimethyl Acetophenone",1,8,0.5835470961817998
12,5,"2,4 Dimethyl Acetophenone",1,9,0.5484549819558823
12,5,"2,4 Dimethyl Acetophenone",1,10,0.5606207139672834
12,5,"2,4 Dimethyl Acetophenone",1,11,0.5570937734981557
12,5,"2,4 Dimethyl Acetophenone",1,12,0.5412786756959248
12,5,"2,4 Dimethyl Acetophenone",1,13,0.5237074033474672
12,5,"2,4 Dimethyl Acetophenone",1,14,0.6335063811043296
12,6,4 Heptanone,0,0,0.4471694543817834
12,6,4 Heptanone,0,1,0.4386123851311063
12,6,4 Heptanone,0,2,0.482607886513928
12,6,4 Heptanone,0,3,0.4753216701877239
12,6,4 Heptanone,0,4,0.4090558316715106
12,6,4 Heptanone,0,5,0.5101546237584733
12,6,4 Heptanone,0,6,0.4614797105618904
12,6,4 Heptanone,0,7,0.4208102497672949
12,6,4 Heptanone,0,8,0.5127988581500786
12,6,4 Heptanone,0,9,0.4902745164397699
12,6,4 Heptanone,0,10,0.41466581389800716
12,6,4 Heptanone,0,11,0.5363348071862327
12,6,4 Heptanone,0,12,0.49159938831057143
12,6,4 Heptanone,0,13,0.4648396489509219
12,6,4 Heptanone,0,14,0.5288562458007949
12,6,4 Heptanone,1,0,0.5087301451305128
12,6,4 Heptanone,1,1,0.5012349107731658
12,6,4 Heptanone,1,2,0.47594622913644763
12,6,4 Heptanone,1,3,0.5256322513496103
12,6,4 Heptanone,1,4,0.5214223524702863
12,6,4 Heptanone,1,5,0.5029454393729156
12,6,4 Heptanone,1,6,0.4707587796226231
12,6,4 Heptanone,1,7,0.5075554279439701
12,6,4 Heptanone,1,8,0.49956628234684164
12,6,4 Heptanone,1,9,0.44901926102795914
12,6,4 Heptanone,1,10,0.44348573972435973
12,6,4 Heptanone,1,11,0.524964368929718
12,6,4 Heptanone,1,12,0.3982827011752596
12,6,4 Heptanone,1,13,0.5105746548557776
12,6,4 Heptanone,1,14,0.4832349114671742
12,7,33 Dimethyl Butyric Acid,0,0,0.47996710086571426
12,7,33 Dimethyl Butyric Acid,0,1,0.4078985082243628
12,7,33 Dimethyl Butyric Acid,0,2,0.4540166051605937
12,7,33 Dimethyl Butyric Acid,0,3,0.4117606829410062
12,7,33 Dimethyl Butyric Acid,0,4,0.4321871627299636
12,7,33 Dimethyl Butyric Acid,0,5,0.4571106978273199
12,7,33 Dimethyl Butyric Acid,0,6,0.40913500793753466
12,7,33 Dimethyl Butyric Acid,0,7,0.467499431970454
12,7,33 Dimethyl Butyric Acid,0,8,0.38788932150625854
12,7,33 Dimethyl Butyric Acid,0,9,0.439420950292853
12,7,33 Dimethyl Butyric Acid,0,10,0.46454282550203196
12,7,33 Dimethyl Butyric Acid,0,11,0.45403873626213126
12,7,33 Dimethyl Butyric Acid,0,12,0.5042950316599343
12,7,33 Dimethyl Butyric Acid,0,13,0.3970996638980914
12,7,33 Dimethyl Butyric Acid,0,14,0.37247126653657436
12,7,33 Dimethyl Butyric Acid,1,0,0.37720609583835096
12,7,33 Dimethyl Butyric Acid,1,1,0.44339720284009326
12,7,33 Dimethyl Butyric Acid,1,2,0.43689641754893094
12,7,33 Dimethyl Butyric Acid,1,3,0.4210697665640524
12,7,33 Dimethyl Butyric Acid,1,4,0.37206121821387056
12,7,33 Dimethyl Butyric Acid,1,5,0.44765419191131817
12,7,33 Dimethyl Butyric Acid,1,6,0.3679913090721342
12,7,33 Dimethyl Butyric Acid,1,7,0.4633374834732318
12,7,33 Dimethyl Butyric Acid,1,8,0.5312770371037504
12,7,33 Dimethyl Butyric Acid,1,9,0.4316375460410178
12,7,33 Dimethyl Butyric Acid,1,10,0.44030382560446546
12,7,33 Dimethyl Butyric Acid,1,11,0.3972651094223334
12,7,33 Dimethyl Butyric Acid,1,12,0.3445709673346831
12,7,33 Dimethyl Butyric Acid,1,13,0.39287072565694686
12,7,33 Dimethyl Butyric Acid,1,14,0.37326369053420577
12,8,2 Methyl Butyraldehyde,0,0,0.4717520569942664
12,8,2 Methyl Butyraldehyde,0,1,0.598526637730693
12,8,2 Methyl Butyraldehyde,0,2,0.540546740771898
12,8,2 Methyl Butyraldehyde,0,3,0.5448197432754264
12,8,2 Methyl Butyraldehyde,0,4,0.5172713454430171
12,8,2 Methyl Butyraldehyde,0,5,0.5227173967531296
12,8,2 Methyl Butyraldehyde,0,6,0.5682142673404403
12,8,2 Methyl Butyraldehyde,0,7,0.5283387553030584
12,8,2 Methyl Butyraldehyde,0,8,0.5508599975718563
12,8,2 Methyl Butyraldehyde,0,9,0.5217920681370665
12,8,2 Methyl Butyraldehyde,0,10,0.5159461244215852
12,8,2 Methyl Butyraldehyde,0,11,0.4733556734267926
12,8,2 Methyl Butyraldehyde,0,12,0.4505222775561819
12,8,2 Methyl Butyraldehyde,0,13,0.519169764008211
12,8,2 Methyl Butyraldehyde,0,14,0.5318921077305964
12,8,2 Methyl Butyraldehyde,1,0,0.4615931504941833
12,8,2 Methyl Butyraldehyde,1,1,0.5116593573611496
12,8,2 Methyl Butyraldehyde,1,2,0.515188454482155
12,8,2 Methyl Butyraldehyde,1,3,0.42679803172015973
12,8,2 Methyl Butyraldehyde,1,4,0.47643336558335486
12,8,2 Methyl Butyraldehyde,1,5,0.5293289077119536
12,8,2 Methyl Butyraldehyde,1,6,0.5285207011383647
12,8,2 Methyl Butyraldehyde,1,7,0.4668913553065445
12,8,2 Methyl Butyraldehyde,1,8,0.5193762739825243
12,8,2 Methyl Butyraldehyde,1,9,0.5539346409769538
12,8,2 Methyl Butyraldehyde,1,10,0.5441212703221708
12,8,2 Methyl Butyraldehyde,1,11,0.5092269204819776
12,8,2 Methyl Butyraldehyde,1,12,0.4943192994295632
12,8,2 Methyl Butyraldehyde,1,13,0.4878645725891548
12,8,2 Methyl Butyraldehyde,1,14,0.5317511432789213
12,9,m Anisaldehyde,0,0,0.5725431055731247
12,9,m Anisaldehyde,0,1,0.5899151068914972
12,9,m Anisaldehyde,0,2,0.5700138991722553
12,9,m Anisaldehyde,0,3,0.5974895046613069
12,9,m Anisaldehyde,0,4,0.5685226479657173
12,9,m Anisaldehyde,0,5,0.5961264952926767
12,9,m Anisaldehyde,0,6,0.5995718574620748
12,9,m Anisaldehyde,0,7,0.5325578814384166
12,9,m Anisaldehyde,0,8,0.4924131847725794
12,9,m Anisaldehyde,0,9,0.6264786608879913
12,9,m Anisaldehyde,0,10,0.5750052958758997
12,9,m Anisaldehyde,0,11,0.4961595108275644
12,9,m Anisaldehyde,0,12,0.5361861667586608
12,9,m Anisaldehyde,0,13,0.5956139183422023
12,9,m Anisaldehyde,0,14,0.5535518734020934
12,9,m Anisaldehyde,1,0,0.5253633709314655
12,9,m Anisaldehyde,1,1,0.6018811021167492
12,9,m Anisaldehyde,1,2,0.5039543418488781
12,9,m Anisaldehyde,1,3,0.5139196933940372
12,9,m Anisaldehyde,1,4,0.5543012867061613
12,9,m Anisaldehyde,1,5,0.5614640249863858
12,9,m Anisaldehyde,1,6,0.5656995490778598
12,9,m Anisaldehyde,1,7,0.5822953494869885
12,9,m Anisaldehyde,1,8,0.5537889725314912
12,9,m Anisaldehyde,1,9,0.5654211852617669
12,9,m Anisaldehyde,1,10,0.5354774573316272
12,9,m Anisaldehyde,1,11,0.5483537598336992
12,9,m Anisaldehyde,1,12,0.5501471949063759
12,9,m Anisaldehyde,1,13,0.554449753136992
12,9,m Anisaldehyde,1,14,0.576747420007541
14,0,"2,3 Pentanedione",0,0,0.6097721327090269
14,0,"2,3 Pentanedione",0,1,0.589334985547241
14,0,"2,3 Pentanedione",0,2,0.555201266033592
14,0,"2,3 Pentanedione",0,3,0.590273155753742
14,0,"2,3 Pentanedione",0,4,0.5864455940354039
14,0,"2,3 Pentanedione",0,5,0.5952935686237615
14,0,"2,3 Pentanedione",0,6,0.6758273177168497
14,0,"2,3 Pentanedione",0,7,0.5666153942895842
14,0,"2,3 Pentanedione",0,8,0.604457866196248
14,0,"2,3 Pentanedione",0,9,0.6303047881210055
14,0,"2,3 Pentanedione",0,10,0.5914863819952089
14,0,"2,3 Pentanedione",0,11,0.6810801101981202
14,0,"2,3 Pentanedione",0,12,0.5724447337619745
14,0,"2,3 Pentanedione",0,13,0.6005298743240355
14,0,"2,3 Pentanedione",0,14,0.5556140756355143
14,0,"2,3 Pentanedione",1,0,0.5571841993922417
14,0,"2,3 Pentanedione",1,1,0.5812025452138397
14,0,"2,3 Pentanedione",1,2,0.6050973512902826
14,0,"2,3 Pentanedione",1,3,0.5840089821589164
14,0,"2,3 Pentanedione",1,4,0.6216097827713628
14,0,"2,3 Pentanedione",1,5,0.5674465763742665
14,0,"2,3 Pentanedione",1,6,0.5579584476044132
14,0,"2,3 Pentanedione",1,7,0.6794045930891489
14,0,"2,3 Pentanedione",1,8,0.5870146947756546
14,0,"2,3 Pentanedione",1,9,0.5424659269588316
14,0,"2,3 Pentanedione",1,10,0.5434746383080507
14,0,"2,3 Pentanedione",1,11,0.5335379922167198
14,0,"2,3 Pentanedione",1,12,0.608707963032245
14,0,"2,3 Pentanedione",1,13,0.5566700970822438
14,0,"2,3 Pentanedione",1,14,0.5763396878242328
14,1,3 Methylvaleric Acid,0,0,0.5292671391279734
14,1,3 Methylvaleric Acid,0,1,0.5610671824231416
14,1,3 Methylvaleric Acid,0,2,0.4979377223901434
14,1,3 Methylvaleric Acid,0,3,0.4887845946597835
14,1,3 Methylvaleric Acid,0,4,0.5407793783927679
14,1,3 Methylvaleric Acid,0,5,0.5558458574935
14,1,3 Methylvaleric Acid,0,6,0.5451087786294098
14,1,3 Methylvaleric Acid,0,7,0.49942933694161107
14,1,3 Methylvaleric Acid,0,8,0.5589068797891599
14,1,3 Methylvaleric Acid,0,9,0.5020530490216788
14,1,3 Methylvaleric Acid,0,10,0.5109459403140488
14,1,3 Methylvaleric Acid,0,11,0.4940493451166241
14,1,3 Methylvaleric Acid,0,12,0.5838538200515854
14,1,3 Methylvaleric Acid,0,13,0.5571443477465982
14,1,3 Methylvaleric Acid,0,14,0.5560072211326591
14,1,3 Methylvaleric Acid,1,0,0.5870681486083579
14,1,3 Methylvaleric Acid,1,1,0.6496856616922088
14,1,3 Methylvaleric Acid,1,2,0.4688106476062536
14,1,3 Methylvaleric Acid,1,3,0.5076446285275755
14,1,3 Methylvaleric Acid,1,4,0.5125326883956789
14,1,3 Methylvaleric Acid,1,5,0.5031469068673521
14,1,3 Methylvaleric Acid,1,6,0.49407636185851134
14,1,3 Methylvaleric Acid,1,7,0.5251935692004452
14,1,3 Methylvaleric Acid,1,8,0.48851554315108364
14,1,3 Methylvaleric Acid,1,9,0.5505813864641563
14,1,3 Methylvaleric Acid,1,10,0.5392476246198045
14,1,3 Methylvaleric Acid,1,11,0.5564208383532061
14,1,3 Methylvaleric Acid,1,12,0.5574888298281899
14,1,3 Methylvaleric Acid,1,13,0.5612999658997269
14,1,3 Methylvaleric Acid,1,14,0.5222433342897046
14,2,Acetic Acid,0,0,0.7178220115131665
14,2,Acetic Acid,0,1,0.6423535200671037
14,2,Acetic Acid,0,2,0.5584768853028279
14,2,Acetic Acid,0,3,0.592881245577171
14,2,Acetic Acid,0,4,0.5633561558467072
14,2,Acetic Acid,0,5,0.6336696605738721
14,2,Acetic Acid,0,6,0.6281040664456864
14,2,Acetic Acid,0,7,0.6142392474918414
14,2,Acetic Acid,0,8,0.7134133199038404
14,2,Acetic Acid,0,9,0.6549355903708962
14,2,Acetic Acid,0,10,0.6620202098656731
14,2,Acetic Acid,0,11,0.5957333358901357
14,2,Acetic Acid,0,12,0.5930104797545793
14,2,Acetic Acid,0,13,0.6344484953716979
14,2,Acetic Acid,0,14,0.6398965609939088
14,2,Acetic Acid,1,0,0.5707770553070273
14,2,Acetic Acid,1,1,0.6378172370776242
14,2,Acetic Acid,1,2,0.6455924013065457
14,2,Acetic Acid,1,3,0.6364235513607603
14,2,Acetic Acid,1,4,0.6124939014977385
14,2,Acetic Acid,1,5,0.6234481107147599
14,2,Acetic Acid,1,6,0.6379551502486938
14,2,Acetic Acid,1,7,0.6486615189360074
14,2,Acetic Acid,1,8,0.6692211812936283
14,2,Acetic Acid,1,9,0.6882637661896404
14,2,Acetic Acid,1,10,0.6332556090505156
14,2,Acetic Acid,1,11,0.6267832701469912
14,2,Acetic Acid,1,12,0.6625357449329778
14,2,Acetic Acid,1,13,0.6694633146480398
14,2,Acetic Acid,1,14,0.6276615006612501
14,3,Gerinol,0,0,0.5551710169948292
14,3,Gerinol,0,1,0.5627386915624212
14,3,Gerinol,0,2,0.5752227365425292
14,3,Gerinol,0,3,0.5946881141849751
14,3,Gerinol,0,4,0.4888986323698047
14,3,Gerinol,0,5,0.5241112062894827
14,3,Gerinol,0,6,0.5240063857809286
14,3,Gerinol,0,7,0.5196323351748819
14,3,Gerinol,0,8,0.4975847611317768
14,3,Gerinol,0,9,0.4641327977869394
14,3,Gerinol,0,10,0.5272624557573424
14,3,Gerinol,0,11,0.49282105153426575
14,3,Gerinol,0,12,0.5269950171460872
14,3,Gerinol,0,13,0.49179353624822814
14,3,Gerinol,0,14,0.4795689440824086
14,3,Gerinol,1,0,0.5248141278164348
14,3,Gerinol,1,1,0.5214790544736188
14,3,Gerinol,1,2,0.5386134722541962
14,3,Gerinol,1,3,0.6028767440580639
14,3,Gerinol,1,4,0.5265337746497928
14,3,Gerinol,1,5,0.5348454640839241
14,3,Gerinol,1,6,0.4723397402466659
14,3,Gerinol,1,7,0.46396589577990394
14,3,Gerinol,1,8,0.5787553712722923
14,3,Gerinol,1,9,0.47850300220402675
14,3,Gerinol,1,10,0.4736844305426132
14,3,Gerinol,1,11,0.5138782365526968
14,3,Gerinol,1,12,0.5118344968662634
14,3,Gerinol,1,13,0.4793419331436273
14,3,Gerinol,1,14,0.5032432646528349
14,4,n Methyl Piperdine,0,0,0.5450247257148328
14,4,n Methyl Piperdine,0,1,0.4636099526555567
14,4,n Methyl Piperdine,0,2,0.44010279763418175
14,4,n Methyl Piperdine,0,3,0.5335534418448203
14,4,n Methyl Piperdine,0,4,0.5155415734863501
14,4,n Methyl Piperdine,0,5,0.47102895218288215
14,4,n Methyl Piperdine,0,6,0.4325630163637519
14,4,n Methyl Piperdine,0,7,0.4660647627512861
14,4,n Methyl Piperdine,0,8,0.49366151953485776
14,4,n Methyl Piperdine,0,9,0.5424765806041814
14,4,n Methyl Piperdine,0,10,0.45438641801404234
14,4,n Methyl Piperdine,0,11,0.49246890174836966
14,4,n Methyl Piperdine,0,12,0.5228554834046245
14,4,n Methyl Piperdine,0,13,0.40059900340395177
14,4,n Methyl Piperdine,0,14,0.5372011437263846
14,4,n Methyl Piperdine,1,0,0.435108273320328
14,4,n Methyl Piperdine,1,1,0.49568611594686285
14,4,n Methyl Piperdine,1,2,0.4922736221930152
14,4,n Methyl Piperdine,1,3,0.5257897518671393
14,4,n Methyl Piperdine,1,4,0.5044432714443271
14,4,n Methyl Piperdine,1,5,0.3873146765393862
14,4,n Methyl Piperdine,1,6,0.4510151263223458
14,4,n Methyl Piperdine,1,7,0.48793450138271666
14,4,n Methyl Piperdine,1,8,0.474607100763794
14,4,n Methyl Piperdine,1,9,0.5015107253988562
14,4,n Methyl Piperdine,1,10,0.5139809584353736
14,4,n Methyl Piperdine,1,11,0.5067443656657726
14,4,n Methyl Piperdine,1,12,0.4738352985064068
14,4,n Methyl Piperdine,1,13,0.40855281576376623
14,4,n Methyl Piperdine,1,14,0.4641870462543928
14,5,"2,4 Dimethyl Acetophenone",0,0,0.6357966752909041
14,5,"2,4 Dimethyl Acetophenone",0,1,0.5755240592633267
14,5,"2,4 Dimethyl Acetophenone",0,2,0.644392938570209
14,5,"2,4 Dimethyl Acetophenone",0,3,0.655477681256038
14,5,"2,4 Dimethyl Acetophenone",0,4,0.6242166284171796
14,5,"2,4 Dimethyl Acetophenone",0,5,0.49659075471285
14,5,"2,4 Dimethyl Acetophenone",0,6,0.5680184148568738
14,5,"2,4 Dimethyl Acetophenone",0,7,0.6945895157075892
14,5,"2,4 Dimethyl Acetophenone",0,8,0.5972804376442108
14,5,"2,4 Dimethyl Acetophenone",0,9,0.539776220440186
14,5,"2,4 Dimethyl Acetophenone",0,10,0.6685518448977568
14,5,"2,4 Dimethyl Acetophenone",0,11,0.6196761730270928
14,5,"2,4 Dimethyl Acetophenone",0,12,0.6633395689236549
14,5,"2,4 Dimethyl Acetophenone",0,13,0.6302202963741205
14,5,"2,4 Dimethyl Acetophenone",0,14,0.6374843148138326
14,5,"2,4 Dimethyl Acetophenone",1,0,0.6078732714534218
14,5,"2,4 Dimethyl Acetophenone",1,1,0.6212524340216812
14,5,"2,4 Dimethyl Acetophenone",1,2,0.6844501194870851
14,5,"2,4 Dimethyl Acetophenone",1,3,0.6321931549832087
14,5,"2,4 Dimethyl Acetophenone",1,4,0.5301393288310198
14,5,"2,4 Dimethyl Acetophenone",1,5,0.6112193621559974
14,5,"2,4 Dimethyl Acetophenone",1,6,0.6390121322689699
14,5,"2,4 Dimethyl Acetophenone",1,7,0.641460933806287
14,5,"2,4 Dimethyl Acetophenone",1,8,0.5762887022224772
14,5,"2,4 Dimethyl Acetophenone",1,9,0.6399506793523663
14,5,"2,4 Dimethyl Acetophenone",1,10,0.6304625975268894
14,5,"2,4 Dimethyl Acetophenone",1,11,0.6962535990236304
14,5,"2,4 Dimethyl Acetophenone",1,12,0.5633528320949007
14,5,"2,4 Dimethyl Acetophenone",1,13,0.5730568784888241
14,5,"2,4 Dimethyl Acetophenone",1,14,0.581108139606443
14,6,4 Heptanone,0,0,0.5260201123011555
14,6,4 Heptanone,0,1,0.5100281683121625
14,6,4 Heptanone,0,2,0.43512197807575687
14,6,4 Heptanone,0,3,0.5282410193537812
14,6,4 Heptanone,0,4,0.5604033206907028
14,6,4 Heptanone,0,5,0.5259001244824701
14,6,4 Heptanone,0,6,0.623044245643871
14,6,4 Heptanone,0,7,0.5461640308113411
14,6,4 Heptanone,0,8,0.597270160510072
14,6,4 Heptanone,0,9,0.5560858148119053
14,6,4 Heptanone,0,10,0.5786852906984369
14,6,4 Heptanone,0,11,0.5567986604600491
14,6,4 Heptanone,0,12,0.600380383578849
14,6,4 Heptanone,0,13,0.5478665723080026
14,6,4 Heptanone,0,14,0.565473826626258
14,6,4 Heptanone,1,0,0.5708593019113969
14,6,4 Heptanone,1,1,0.5446745662403024
14,6,4 Heptanone,1,2,0.5724052773223822
14,6,4 Heptanone,1,3,0.6455814344133024
14,6,4 Heptanone,1,4,0.5453901068815775
14,6,4 Heptanone,1,5,0.5729845802795251
14,6,4 Heptanone,1,6,0.6065171426001729
14,6,4 Heptanone,1,7,0.6018161158031664
14,6,4 Heptanone,1,8,0.5566746412741698
14,6,4 Heptanone,1,9,0.4608704364471007
14,6,4 Heptanone,1,10,0.5768740973113338
14,6,4 Heptanone,1,11,0.46742701422047306
14,6,4 Heptanone,1,12,0.6150034738030444
14,6,4 Heptanone,1,13,0.5629849394131256
14,6,4 Heptanone,1,14,0.5961929453602748
14,7,33 Dimethyl Butyric Acid,0,0,0.45966901443755587
14,7,33 Dimethyl Butyric Acid,0,1,0.4336531610327958
14,7,33 Dimethyl Butyric Acid,0,2,0.5061836353304446
14,7,33 Dimethyl Butyric Acid,0,3,0.4944093223665523
14,7,33 Dimethyl Butyric Acid,0,4,0.4760918269185113
14,7,33 Dimethyl Butyric Acid,0,5,0.4991399111941085
14,7,33 Dimethyl Butyric Acid,0,6,0.6064508956460883
14,7,33 Dimethyl Butyric Acid,0,7,0.5291344818595602
14,7,33 Dimethyl Butyric Acid,0,8,0.5377334041993307
14,7,33 Dimethyl Butyric Acid,0,9,0.5295109356269322
14,7,33 Dimethyl Butyric Acid,0,10,0.5549319457188857
14,7,33 Dimethyl Butyric Acid,0,11,0.4881505930487681
14,7,33 Dimethyl Butyric Acid,0,12,0.4135630076577862
14,7,33 Dimethyl Butyric Acid,0,13,0.48821001464455754
14,7,33 Dimethyl Butyric Acid,0,14,0.528222888364658
14,7,33 Dimethyl Butyric Acid,1,0,0.43969617471020267
14,7,33 Dimethyl Butyric Acid,1,1,0.4714335524952324
14,7,33 Dimethyl Butyric Acid,1,2,0.45081740079471305
14,7,33 Dimethyl Butyric Acid,1,3,0.5385693605885308
14,7,33 Dimethyl Butyric Acid,1,4,0.5084664711310681
14,7,33 Dimethyl Butyric Acid,1,5,0.504549815340564
14,7,33 Dimethyl Butyric Acid,1,6,0.5033522430396444
14,7,33 Dimethyl Butyric Acid,1,7,0.4769982204127205
14,7,33 Dimethyl Butyric Acid,1,8,0.48639044181590574
14,7,33 Dimethyl Butyric Acid,1,9,0.4310808072935129
14,7,33 Dimethyl Butyric Acid,1,10,0.3910305113647829
14,7,33 Dimethyl Butyric Acid,1,11,0.48449143572860653
14,7,33 Dimethyl Butyric Acid,1,12,0.4914478007656914
14,7,33 Dimethyl Butyric Acid,1,13,0.5268587732518207
14,7,33 Dimethyl Butyric Acid,1,14,0.5413416231581003
14,8,2 Methyl Butyraldehyde,0,0,0.6263544859944007
14,8,2 Methyl Butyraldehyde,0,1,0.5236336028626877
14,8,2 Methyl Butyraldehyde,0,2,0.549463945196452
14,8,2 Methyl Butyraldehyde,0,3,0.582767918429698
14,8,2 Methyl Butyraldehyde,0,4,0.6648307337041299
14,8,2 Methyl Butyraldehyde,0,5,0.6227585147429995
14,8,2 Methyl Butyraldehyde,0,6,0.608330433074378
14,8,2 Methyl Butyraldehyde,0,7,0.5480430283724712
14,8,2 Methyl Butyraldehyde,0,8,0.5282265613482378
14,8,2 Methyl Butyraldehyde,0,9,0.5951108619297724
14,8,2 Methyl Butyraldehyde,0,10,0.5195280960250683
14,8,2 Methyl Butyraldehyde,0,11,0.5540170925552307
14,8,2 Methyl Butyraldehyde,0,12,0.5589634286343659
14,8,2 Methyl Butyraldehyde,0,13,0.6272710301593551
14,8,2 Methyl Butyraldehyde,0,14,0.5493666544760557
14,8,2 Methyl Butyraldehyde,1,0,0.47043551776564374
14,8,2 Methyl Butyraldehyde,1,1,0.5881832892150471
14,8,2 Methyl Butyraldehyde,1,2,0.5400446291843913
14,8,2 Methyl Butyraldehyde,1,3,0.5697107442860583
14,8,2 Methyl Butyraldehyde,1,4,0.5645373152748634
14,8,2 Methyl Butyraldehyde,1,5,0.5570573434758377
14,8,2 Methyl Butyraldehyde,1,6,0.5996191265799365
14,8,2 Methyl Butyraldehyde,1,7,0.5066909081744401
14,8,2 Methyl Butyraldehyde,1,8,0.547324934310374
14,8,2 Methyl Butyraldehyde,1,9,0.5953670198332437
14,8,2 Methyl Butyraldehyde,1,10,0.5434421122947737
14,8,2 Methyl Butyraldehyde,1,11,0.5036532349377495
14,8,2 Methyl Butyraldehyde,1,12,0.5947477170388178
14,8,2 Methyl Butyraldehyde,1,13,0.61292928852621
14,8,2 Methyl Butyraldehyde,1,14,0.5662056950028281
14,9,m Anisaldehyde,0,0,0.5623128654765336
14,9,m Anisaldehyde,0,1,0.6689854792832676
14,9,m Anisaldehyde,0,2,0.5743511741585274
14,9,m Anisaldehyde,0,3,0.6530986604892415
14,9,m Anisaldehyde,0,4,0.6052481364256285
14,9,m Anisaldehyde,0,5,0.5943531179846363
14,9,m Anisaldehyde,0,6,0.6230702887321273
14,9,m Anisaldehyde,0,7,0.6334147871582245
14,9,m Anisaldehyde,0,8,0.614978359399857
14,9,m Anisaldehyde,0,9,0.664294820543921
14,9,m Anisaldehyde,0,10,0.6229039142769616
14,9,m Anisaldehyde,0,11,0.6799543242821878
14,9,m Anisaldehyde,0,12,0.6519936160410541
14,9,m Anisaldehyde,0,13,0.6128444011514625
14,9,m Anisaldehyde,0,14,0.6061090940620235
14,9,m Anisaldehyde,1,0,0.5652619002296324
14,9,m Anisaldehyde,1,1,0.6427910793062028
14,9,m Anisaldehyde,1,2,0.6169782503014756
14,9,m Anisaldehyde,1,3,0.5362739310689894
14,9,m Anisaldehyde,1,4,0.609733157280754
14,9,m Anisaldehyde,1,5,0.5951203910213319
14,9,m Anisaldehyde,1,6,0.6941888558783563
14,9,m Anisaldehyde,1,7,0.5630506077157975
14,9,m Anisaldehyde,1,8,0.5735077202021678
14,9,m Anisaldehyde,1,9,0.6755605379157579
14,9,m Anisaldehyde,1,10,0.6854322784900885
14,9,m Anisaldehyde,1,11,0.6013624346425043
14,9,m Anisaldehyde,1,12,0.6058783192791735
14,9,m Anisaldehyde,1,13,0.6558111680536625
14,9,m Anisaldehyde,1,14,0.5380777603137175
16,0,"2,3 Pentanedione",0,0,0.5683779496117675
16,0,"2,3 Pentanedione",0,1,0.6315963609579612
16,0,"2,3 Pentanedione",0,2,0.7048213196371548
16,0,"2,3 Pentanedione",0,3,0.6253964934653201
16,0,"2,3 Pentanedione",0,4,0.6468631686613959
16,0,"2,3 Pentanedione",0,5,0.6881772678945502
16,0,"2,3 Pentanedione",0,6,0.7271010863231155
16,0,"2,3 Pentanedione",0,7,0.6197517580660572
16,0,"2,3 Pentanedione",0,8,0.6421522280426527
16,0,"2,3 Pentanedione",0,9,0.7157079058457034
16,0,"2,3 Pentanedione",0,10,0.5819377259843326
16,0,"2,3 Pentanedione",0,11,0.6839289398141426
16,0,"2,3 Pentanedione",0,12,0.6020930756975393
16,0,"2,3 Pentanedione",0,13,0.646924591676116
16,0,"2,3 Pentanedione",0,14,0.6331209350959788
16,0,"2,3 Pentanedione",1,0,0.5792728896593169
16,0,"2,3 Pentanedione",1,1,0.5782692765810351
16,0,"2,3 Pentanedione",1,2,0.6286499282575162
16,0,"2,3 Pentanedione",1,3,0.6574149268138734
16,0,"2,3 Pentanedione",1,4,0.6124039055598259
16,0,"2,3 Pentanedione",1,5,0.6203978800366947
16,0,"2,3 Pentanedione",1,6,0.640440316339008
16,0,"2,3 Pentanedione",1,7,0.5787286027668477
16,0,"2,3 Pentanedione",1,8,0.6471810540238829
16,0,"2,3 Pentanedione",1,9,0.650367077569756
16,0,"2,3 Pentanedione",1,10,0.7217384056373825
16,0,"2,3 Pentanedione",1,11,0.6025491860649828
16,0,"2,3 Pentanedione",1,12,0.599270081620641
16,0,"2,3 Pentanedione",1,13,0.6483519885503158
16,0,"2,3 Pentanedione",1,14,0.6503575204438515
16,1,3 Methylvaleric Acid,0,0,0.5914130717624692
16,1,3 Methylvaleric Acid,0,1,0.5966900508203357
16,1,3 Methylvaleric Acid,0,2,0.6344617914262592
16,1,3 Methylvaleric Acid,0,3,0.5797131882681511
16,1,3 Methylvaleric Acid,0,4,0.596395198376937
16,1,3 Methylvaleric Acid,0,5,0.6164002685922749
16,1,3 Methylvaleric Acid,0,6,0.6526541052904279
16,1,3 Methylvaleric Acid,0,7,0.588632613250356
16,1,3 Methylvaleric Acid,0,8,0.5391211794163107
16,1,3 Methylvaleric Acid,0,9,0.5361526591968091
16,1,3 Methylvaleric Acid,0,10,0.5624400352292922
16,1,3 Methylvaleric Acid,0,11,0.56028984916954
16,1,3 Methylvaleric Acid,0,12,0.6066321275527412
16,1,3 Methylvaleric Acid,0,13,0.5652613517536333
16,1,3 Methylvaleric Acid,0,14,0.5847063595046894
16,1,3 Methylvaleric Acid,1,0,0.5630333713125738
16,1,3 Methylvaleric Acid,1,1,0.5763764922779361
16,1,3 Methylvaleric Acid,1,2,0.6468969799727807
16,1,3 Methylvaleric Acid,1,3,0.6204747102890765
16,1,3 Methylvaleric Acid,1,4,0.594641983322896
16,1,3 Methylvaleric Acid,1,5,0.5755557554886224
16,1,3 Methylvaleric Acid,1,6,0.576667500446935
16,1,3 Methylvaleric Acid,1,7,0.6071066655099339
16,1,3 Methylvaleric Acid,1,8,0.6173635696459474
16,1,3 Methylvaleric Acid,1,9,0.5576921064678318
16,1,3 Methylvaleric Acid,1,10,0.5954560369364251
16,1,3 Methylvaleric Acid,1,11,0.5127320239653348
16,1,3 Methylvaleric Acid,1,12,0.6024653580786797
16,1,3 Methylvaleric Acid,1,13,0.6244827763902033
16,1,3 Methylvaleric Acid,1,14,0.5827940616366208
16,2,Acetic Acid,0,0,0.7412389853501633
16,2,Acetic Acid,0,1,0.633328367607117
16,2,Acetic Acid,0,2,0.6772755221166895
16,2,Acetic Acid,0,3,0.6671449156379208
16,2,Acetic Acid,0,4,0.6645659988068227
16,2,Acetic Acid,0,5,0.6640050187843691
16,2,Acetic Acid,0,6,0.6728621067049378
16,2,Acetic Acid,0,7,0.702496255243107
16,2,Acetic Acid,0,8,0.7236873549555488
16,2,Acetic Acid,0,9,0.6684878957243927
16,2,Acetic Acid,0,10,0.7011905483914244
16,2,Acetic Acid,0,11,0.6405072276538877
16,2,Acetic Acid,0,12,0.6992161236136083
16,2,Acetic Acid,0,13,0.6380982445514795
16,2,Acetic Acid,0,14,0.7122043029480843
16,2,Acetic Acid,1,0,0.7586038465693408
16,2,Acetic Acid,1,1,0.6652948559547555
16,2,Acetic Acid,1,2,0.5824764718413148
16,2,Acetic Acid,1,3,0.6482552941438182
16,2,Acetic Acid,1,4,0.7194532168451833
16,2,Acetic Acid,1,5,0.692301282954621
16,2,Acetic Acid,1,6,0.6801347554206123
16,2,Acetic Acid,1,7,0.7105249457118047
16,2,Acetic Acid,1,8,0.689556349043548
16,2,Acetic Acid,1,9,0.7188872189716566
16,2,Acetic Acid,1,10,0.7069551585394905
16,2,Acetic Acid,1,11,0.7310462295830895
16,2,Acetic Acid,1,12,0.6845300548298613
16,2,Acetic Acid,1,13,0.7063885875333693
16,2,Acetic Acid,1,14,0.6578931285501798
16,3,Gerinol,0,0,0.5310226218174328
16,3,Gerinol,0,1,0.6233517598965519
16,3,Gerinol,0,2,0.5637292413327005
16,3,Gerinol,0,3,0.5872762769142881
16,3,Gerinol,0,4,0.5600306548562486
16,3,Gerinol,0,5,0.5316204282429944
16,3,Gerinol,0,6,0.5555203699830891
16,3,Gerinol,0,7,0.6125208149905015
16,3,Gerinol,0,8,0.57729065725097
16,3,Gerinol,0,9,0.4866221278905746
16,3,Gerinol,0,10,0.5464712760167467
16,3,Gerinol,0,11,0.6263728059879814
16,3,Gerinol,0,12,0.5465291798057947
16,3,Gerinol,0,13,0.48306190661042575
16,3,Gerinol,0,14,0.6308030096966947
16,3,Gerinol,1,0,0.5781398336498634
16,3,Gerinol,1,1,0.5480436189048397
16,3,Gerinol,1,2,0.5359874238140689
16,3,Gerinol,1,3,0.5941382104490212
16,3,Gerinol,1,4,0.529164797248304
16,3,Gerinol,1,5,0.5967743902379913
16,3,Gerinol,1,6,0.572531944686322
16,3,Gerinol,1,7,0.5606314102768457
16,3,Gerinol,1,8,0.5566647254707755
16,3,Gerinol,1,9,0.5438454117887845
16,3,Gerinol,1,10,0.5926697380657223
16,3,Gerinol,1,11,0.5162304199732783
16,3,Gerinol,1,12,0.48596712818414334
16,3,Gerinol,1,13,0.5754217381730506
16,3,Gerinol,1,14,0.5760936663800377
16,4,n Methyl Piperdine,0,0,0.556737489500226
16,4,n Methyl Piperdine,0,1,0.5538369781844769
16,4,n Methyl Piperdine,0,2,0.5247062282662533
16,4,n Methyl Piperdine,0,3,0.5690271515751764
16,4,n Methyl Piperdine,0,4,0.5357055183295737
16,4,n Methyl Piperdine,0,5,0.5180433009671482
16,4,n Methyl Piperdine,0,6,0.5250521909095394
16,4,n Methyl Piperdine,0,7,0.6183534313507886
16,4,n Methyl Piperdine,0,8,0.468128800117938
16,4,n Methyl Piperdine,0,9,0.5575193675715873
16,4,n Methyl Piperdine,0,10,0.47036342629480665
16,4,n Methyl Piperdine,0,11,0.5331985098668364
16,4,n Methyl Piperdine,0,12,0.5201827439935878
16,4,n Methyl Piperdine,0,13,0.45412671153256023
16,4,n Methyl Piperdine,0,14,0.5530893470171059
16,4,n Methyl Piperdine,1,0,0.4916098629114424
16,4,n Methyl Piperdine,1,1,0.4228431316966804
16,4,n Methyl Piperdine,1,2,0.5403941090301003
16,4,n Methyl Piperdine,1,3,0.5642116325186877
16,4,n Methyl Piperdine,1,4,0.5664163590909931
16,4,n Methyl Piperdine,1,5,0.5211696430251891
16,4,n Methyl Piperdine,1,6,0.5086537109422148
16,4,n Methyl Piperdine,1,7,0.5599376502349621
16,4,n Methyl Piperdine,1,8,0.5741067288127342
16,4,n Methyl Piperdine,1,9,0.5521541335141552
16,4,n Methyl Piperdine,1,10,0.4691498813099382
16,4,n Methyl Piperdine,1,11,0.514865179527727
16,4,n Methyl Piperdine,1,12,0.5243920311707874
16,4,n Methyl Piperdine,1,13,0.43442670664244104
16,4,n Methyl Piperdine,1,14,0.5255858117839611
16,5,"2,4 Dimethyl Acetophenone",0,0,0.7303312790233625
16,5,"2,4 Dimethyl Acetophenone",0,1,0.6650090526162186
16,5,"2,4 Dimethyl Acetophenone",0,2,0.6983481292418572
16,5,"2,4 Dimethyl Acetophenone",0,3,0.6467281951893351
16,5,"2,4 Dimethyl Acetophenone",0,4,0.6364828730248341
16,5,"2,4 Dimethyl Acetophenone",0,5,0.654662461587426
16,5,"2,4 Dimethyl Acetophenone",0,6,0.6067785400648097
16,5,"2,4 Dimethyl Acetophenone",0,7,0.6008605984948114
16,5,"2,4 Dimethyl Acetophenone",0,8,0.6900637882709616
16,5,"2,4 Dimethyl Acetophenone",0,9,0.6943052996988477
16,5,"2,4 Dimethyl Acetophenone",0,10,0.599767353360693
16,5,"2,4 Dimethyl Acetophenone",0,11,0.6781315581663415
16,5,"2,4 Dimethyl Acetophenone",0,12,0.6359332069599462
16,5,"2,4 Dimethyl Acetophenone",0,13,0.6530039489638042
16,5,"2,4 Dimethyl Acetophenone",0,14,0.6578203515615895
16,5,"2,4 Dimethyl Acetophenone",1,0,0.6837385206516214
16,5,"2,4 Dimethyl Acetophenone",1,1,0.6472732300011762
16,5,"2,4 Dimethyl Acetophenone",1,2,0.7003709817387261
16,5,"2,4 Dimethyl Acetophenone",1,3,0.6563410155170457
16,5,"2,4 Dimethyl Acetophenone",1,4,0.66893187282543
16,5,"2,4 Dimethyl Acetophenone",1,5,0.6106339982651589
16,5,"2,4 Dimethyl Acetophenone",1,6,0.7303108623548421
16,5,"2,4 Dimethyl Acetophenone",1,7,0.6627574988548474
16,5,"2,4 Dimethyl Acetophenone",1,8,0.6724843989404526
16,5,"2,4 Dimethyl Acetophenone",1,9,0.579637069478187
16,5,"2,4 Dimethyl Acetophenone",1,10,0.6110564210034847
16,5,"2,4 Dimethyl Acetophenone",1,11,0.6934798494433979
16,5,"2,4 Dimethyl Acetophenone",1,12,0.6554401466583529
16,5,"2,4 Dimethyl Acetophenone",1,13,0.5674133125334917
16,5,"2,4 Dimethyl Acetophenone",1,14,0.6854960990860015
16,6,4 Heptanone,0,0,0.5842647579660402
16,6,4 Heptanone,0,1,0.6624687495752175
16,6,4 Heptanone,0,2,0.6025026429960011
16,6,4 Heptanone,0,3,0.6142043375809703
16,6,4 Heptanone,0,4,0.653174253283815
16,6,4 Heptanone,0,5,0.5701163513059626
16,6,4 Heptanone,0,6,0.5663021978267915
16,6,4 Heptanone,0,7,0.5981561333242248
16,6,4 Heptanone,0,8,0.6391029821249979
16,6,4 Heptanone,0,9,0.5527809800356095
16,6,4 Heptanone,0,10,0.5392946861445852
16,6,4 Heptanone,0,11,0.6389649072219008
16,6,4 Heptanone,0,12,0.581896937637469
16,6,4 Heptanone,0,13,0.5903270296233377
16,6,4 Heptanone,0,14,0.5317436540625424
16,6,4 Heptanone,1,0,0.5764082554429591
16,6,4 Heptanone,1,1,0.6032647361517924
16,6,4 Heptanone,1,2,0.6407825423219542
16,6,4 Heptanone,1,3,0.5727182213676529
16,6,4 Heptanone,1,4,0.6698624728263383
16,6,4 Heptanone,1,5,0.5761851870498464
16,6,4 Heptanone,1,6,0.5762437559536314
16,6,4 Heptanone,1,7,0.6650617300929506
16,6,4 Heptanone,1,8,0.6120258341115952
16,6,4 Heptanone,1,9,0.5814864388565754
16,6,4 Heptanone,1,10,0.5973621027698147
16,6,4 Heptanone,1,11,0.6576903711187209
16,6,4 Heptanone,1,12,0.6622155408020657
16,6,4 Heptanone,1,13,0.5708957008462282
16,6,4 Heptanone,1,14,0.6018700756138741
16,7,33 Dimethyl Butyric Acid,0,0,0.5603283492006826
16,7,33 Dimethyl Butyric Acid,0,1,0.5172724716733158
16,7,33 Dimethyl Butyric Acid,0,2,0.55449467398798
16,7,33 Dimethyl Butyric Acid,0,3,0.5569349905120478
16,7,33 Dimethyl Butyric Acid,0,4,0.6023304552514492
16,7,33 Dimethyl Butyric Acid,0,5,0.6050190772264278
16,7,33 Dimethyl Butyric Acid,0,6,0.5435537001596195
16,7,33 Dimethyl Butyric Acid,0,7,0.5481639503395472
16,7,33 Dimethyl Butyric Acid,0,8,0.5832937681762052
16,7,33 Dimethyl Butyric Acid,0,9,0.5333145381368993
16,7,33 Dimethyl Butyric Acid,0,10,0.5802676821634759
16,7,33 Dimethyl Butyric Acid,0,11,0.5532058165992112
16,7,33 Dimethyl Butyric Acid,0,12,0.5179461329844349
16,7,33 Dimethyl Butyric Acid,0,13,0.5184486075787939
16,7,33 Dimethyl Butyric Acid,0,14,0.6146044239352239
16,7,33 Dimethyl Butyric Acid,1,0,0.5327473288258441
16,7,33 Dimethyl Butyric Acid,1,1,0.6046183517475084
16,7,33 Dimethyl Butyric Acid,1,2,0.5184587375629796
16,7,33 Dimethyl Butyric Acid,1,3,0.5506523960368357
16,7,33 Dimethyl Butyric Acid,1,4,0.6347112569123057
16,7,33 Dimethyl Butyric Acid,1,5,0.4967087182050448
16,7,33 Dimethyl Butyric Acid,1,6,0.4630916079955849
16,7,33 Dimethyl Butyric Acid,1,7,0.5904677932430653
16,7,33 Dimethyl Butyric Acid,1,8,0.505931823775853
16,7,33 Dimethyl Butyric Acid,1,9,0.5381759334273266
16,7,33 Dimethyl Butyric Acid,1,10,0.5155674595735126
16,7,33 Dimethyl Butyric Acid,1,11,0.5497306992297887
16,7,33 Dimethyl Butyric Acid,1,12,0.5009827397041463
16,7,33 Dimethyl Butyric Acid,1,13,0.5318065844762437
16,7,33 Dimethyl Butyric Acid,1,14,0.5569968010538373
16,8,2 Methyl Butyraldehyde,0,0,0.5932730294113033
16,8,2 Methyl Butyraldehyde,0,1,0.6056020236764382
16,8,2 Methyl Butyraldehyde,0,2,0.6197100715183326
16,8,2 Methyl Butyraldehyde,0,3,0.5764527674932227
16,8,2 Methyl Butyraldehyde,0,4,0.6167029455503239
16,8,2 Methyl Butyraldehyde,0,5,0.6383572464583899
16,8,2 Methyl Butyraldehyde,0,6,0.6176234271987366
16,8,2 Methyl Butyraldehyde,0,7,0.6227503251450048
16,8,2 Methyl Butyraldehyde,0,8,0.6328093180260104
16,8,2 Methyl Butyraldehyde,0,9,0.6073756463649812
16,8,2 Methyl Butyraldehyde,0,10,0.6612478874969488
16,8,2 Methyl Butyraldehyde,0,11,0.6910445098543448
16,8,2 Methyl Butyraldehyde,0,12,0.6150301691744559
16,8,2 Methyl Butyraldehyde,0,13,0.6530133141213821
16,8,2 Methyl Butyraldehyde,0,14,0.624020698644888
16,8,2 Methyl Butyraldehyde,1,0,0.6237758694828689
16,8,2 Methyl Butyraldehyde,1,1,0.6717875569294589
16,8,2 Methyl Butyraldehyde,1,2,0.6295027574020527
16,8,2 Methyl Butyraldehyde,1,3,0.5382197941289415
16,8,2 Methyl Butyraldehyde,1,4,0.6273162009392071
16,8,2 Methyl Butyraldehyde,1,5,0.6584709254136891
16,8,2 Methyl Butyraldehyde,1,6,0.6002925288814046
16,8,2 Methyl Butyraldehyde,1,7,0.648981767926042
16,8,2 Methyl Butyraldehyde,1,8,0.581551754035251
16,8,2 Methyl Butyraldehyde,1,9,0.5497348093004378
16,8,2 Methyl Butyraldehyde,1,10,0.6148031364346344
16,8,2 Methyl Butyraldehyde,1,11,0.5388973068514762
16,8,2 Methyl Butyraldehyde,1,12,0.5995655351655851
16,8,2 Methyl Butyraldehyde,1,13,0.6606300661871489
16,8,2 Methyl Butyraldehyde,1,14,0.5327658594514775
16,9,m Anisaldehyde,0,0,0.6309734864492984
16,9,m Anisaldehyde,0,1,0.6408720684793912
16,9,m Anisaldehyde,0,2,0.6796205638974159
16,9,m Anisaldehyde,0,3,0.6675246868600059
16,9,m Anisaldehyde,0,4,0.7381188135536978
16,9,m Anisaldehyde,0,5,0.7203272914495221
16,9,m Anisaldehyde,0,6,0.7019642761285981
16,9,m Anisaldehyde,0,7,0.6879785708596097
16,9,m Anisaldehyde,0,8,0.6978825493652474
16,9,m Anisaldehyde,0,9,0.6476740640733193
16,9,m Anisaldehyde,0,10,0.7164417724281188
16,9,m Anisaldehyde,0,11,0.6376715881114863
16,9,m Anisaldehyde,0,12,0.7155684380419435
16,9,m Anisaldehyde,0,13,0.7295990583706075
16,9,m Anisaldehyde,0,14,0.6905879423693777
16,9,m Anisaldehyde,1,0,0.6734828407382313
16,9,m Anisaldehyde,1,1,0.6965437594290973
16,9,m Anisaldehyde,1,2,0.5660706282926834
16,9,m Anisaldehyde,1,3,0.6926216918361288
16,9,m Anisaldehyde,1,4,0.6759972031831181
16,9,m Anisaldehyde,1,5,0.6785062385744307
16,9,m Anisaldehyde,1,6,0.7087926636126234
16,9,m Anisaldehyde,1,7,0.6775406062341212
16,9,m Anisaldehyde,1,8,0.634923088830664
16,9,m Anisaldehyde,1,9,0.6748752562636952
16,9,m Anisaldehyde,1,10,0.6832335824599433
16,9,m Anisaldehyde,1,11,0.6851287195599508
16,9,m Anisaldehyde,1,12,0.6870081377881131
16,9,m Anisaldehyde,1,13,0.7221061248934525
16,9,m Anisaldehyde,1,14,0.6370899809753444
18,0,"2,3 Pentanedione",0,0,0.7558222789684893
18,0,"2,3 Pentanedione",0,1,0.8003914486666249
18,0,"2,3 Pentanedione",0,2,0.6794098008444075
18,0,"2,3 Pentanedione",0,3,0.7559801279530974
18,0,"2,3 Pentanedione",0,4,0.7253791206429736
18,0,"2,3 Pentanedione",0,5,0.7339658453429712
18,0,"2,3 Pentanedione",0,6,0.7126019605933185
18,0,"2,3 Pentanedione",0,7,0.7420122320938776
18,0,"2,3 Pentanedione",0,8,0.8224444852989715
18,0,"2,3 Pentanedione",0,9,0.6982170462748067
18,0,"2,3 Pentanedione",0,10,0.7020098606227423
18,0,"2,3 Pentanedione",0,11,0.6967168779153552
18,0,"2,3 Pentanedione",0,12,0.8178909921870193
18,0,"2,3 Pentanedione",0,13,0.7303006725010438
18,0,"2,3 Pentanedione",0,14,0.7477686983079883
18,0,"2,3 Pentanedione",1,0,0.6976629690597084
18,0,"2,3 Pentanedione",1,1,0.6759973715678342
18,0,"2,3 Pentanedione",1,2,0.7043682608393805
18,0,"2,3 Pentanedione",1,3,0.8121040309334203
18,0,"2,3 Pentanedione",1,4,0.7694571235429282
18,0,"2,3 Pentanedione",1,5,0.6796567739922671
18,0,"2,3 Pentanedione",1,6,0.7396772508264253
18,0,"2,3 Pentanedione",1,7,0.6805133757973029
18,0,"2,3 Pentanedione",1,8,0.6427195811501091
18,0,"2,3 Pentanedione",1,9,0.7545547234105431
18,0,"2,3 Pentanedione",1,10,0.7601780005697
18,0,"2,3 Pentanedione",1,11,0.7556163767458739
18,0,"2,3 Pentanedione",1,12,0.694979676735175
18,0,"2,3 Pentanedione",1,13,0.7071032573438785
18,0,"2,3 Pentanedione",1,14,0.7437649088502829
18,1,3 Methylvaleric Acid,0,0,0.6551173849252652
18,1,3 Methylvaleric Acid,0,1,0.6237120445794591
18,1,3 Methylvaleric Acid,0,2,0.5746946706266143
18,1,3 Methylvaleric Acid,0,3,0.6440125511970213
18,1,3 Methylvaleric Acid,0,4,0.6826179290007853
18,1,3 Methylvaleric Acid,0,5,0.5915540118699746
18,1,3 Methylvaleric Acid,0,6,0.6650079186983799
18,1,3 Methylvaleric Acid,0,7,0.6527192112366885
18,1,3 Methylvaleric Acid,0,8,0.6694634739606342
18,1,3 Methylvaleric Acid,0,9,0.6743365634201011
18,1,3 Methylvaleric Acid,0,10,0.6116789337543267
18,1,3 Methylvaleric Acid,0,11,0.574779167424743
18,1,3 Methylvaleric Acid,0,12,0.6181167624040257
18,1,3 Methylvaleric Acid,0,13,0.6750226361324211
18,1,3 Methylvaleric Acid,0,14,0.617777387290302
18,1,3 Methylvaleric Acid,1,0,0.6005356925916598
18,1,3 Methylvaleric Acid,1,1,0.5554434118689799
18,1,3 Methylvaleric Acid,1,2,0.6984033277280031
18,1,3 Methylvaleric Acid,1,3,0.661325971202978
18,1,3 Methylvaleric Acid,1,4,0.6590932647969561
18,1,3 Methylvaleric Acid,1,5,0.6670064410171445
18,1,3 Methylvaleric Acid,1,6,0.6513657600077016
18,1,3 Methylvaleric Acid,1,7,0.6185242713387844
18,1,3 Methylvaleric Acid,1,8,0.6217468613810775
18,1,3 Methylvaleric Acid,1,9,0.6111948509622805
18,1,3 Methylvaleric Acid,1,10,0.7336870557225655
18,1,3 Methylvaleric Acid,1,11,0.6505339067979432
18,1,3 Methylvaleric Acid,1,12,0.6097454078919081
18,1,3 Methylvaleric Acid,1,13,0.6469172965126168
18,1,3 Methylvaleric Acid,1,14,0.5878626688317128
18,2,Acetic Acid,0,0,0.811569323800678
18,2,Acetic Acid,0,1,0.7249462912248233
18,2,Acetic Acid,0,2,0.7714324723620075
18,2,Acetic Acid,0,3,0.7940281602468343
18,2,Acetic Acid,0,4,0.7667797968253086
18,2,Acetic Acid,0,5,0.7551678547298944
18,2,Acetic Acid,0,6,0.7518211384513496
18,2,Acetic Acid,0,7,0.7491314111816246
18,2,Acetic Acid,0,8,0.7283211155000089
18,2,Acetic Acid,0,9,0.7334097178663207
18,2,Acetic Acid,0,10,0.8105726700031464
18,2,Acetic Acid,0,11,0.7470475897497026
18,2,Acetic Acid,0,12,0.719957204281798
18,2,Acetic Acid,0,13,0.7307371511826486
18,2,Acetic Acid,0,14,0.7954038822849978
18,2,Acetic Acid,1,0,0.7975073344933251
18,2,Acetic Acid,1,1,0.7928962362960362
18,2,Acetic Acid,1,2,0.7601822212103543
18,2,Acetic Acid,1,3,0.7934175679736637
18,2,Acetic Acid,1,4,0.74474062416872
18,2,Acetic Acid,1,5,0.760098507912915
18,2,Acetic Acid,1,6,0.8092752486624157
18,2,Acetic Acid,1,7,0.8054541763235085
18,2,Acetic Acid,1,8,0.7312066753287138
18,2,Acetic Acid,1,9,0.7362620110504029
18,2,Acetic Acid,1,10,0.7748311552792824
18,2,Acetic Acid,1,11,0.8395283641535263
18,2,Acetic Acid,1,12,0.6938604625879862
18,2,Acetic Acid,1,13,0.7816163867495661
18,2,Acetic Acid,1,14,0.71544133590382
18,3,Gerinol,0,0,0.6370629696309851
18,3,Gerinol,0,1,0.6478590726494372
18,3,Gerinol,0,2,0.6456158756345313
18,3,Gerinol,0,3,0.6410843717856385
18,3,Gerinol,0,4,0.6627244917870617
18,3,Gerinol,0,5,0.6410259867067837
18,3,Gerinol,0,6,0.6039379139778408
18,3,Gerinol,0,7,0.6936309938729179
18,3,Gerinol,0,8,0.6925510960579621
18,3,Gerinol,0,9,0.6961631817729136
18,3,Gerinol,0,10,0.6008068295214436
18,3,Gerinol,0,11,0.6743929354753729
18,3,Gerinol,0,12,0.6894753636042839
18,3,Gerinol,0,13,0.6211881266344235
18,3,Gerinol,0,14,0.662803139299292
18,3,Gerinol,1,0,0.6241424288157371
18,3,Gerinol,1,1,0.7024791209708823
18,3,Gerinol,1,2,0.7057729361086547
18,3,Gerinol,1,3,0.5622188388949436
18,3,Gerinol,1,4,0.7285501748572712
18,3,Gerinol,1,5,0.5921840657820188
18,3,Gerinol,1,6,0.6680200264012487
18,3,Gerinol,1,7,0.667613013862701
18,3,Gerinol,1,8,0.5889654855544795
18,3,Gerinol,1,9,0.6485238063817157
18,3,Gerinol,1,10,0.6244917448575091
18,3,Gerinol,1,11,0.6509662948134474
18,3,Gerinol,1,12,0.6380199867233768
18,3,Gerinol,1,13,0.6766466740429616
18,3,Gerinol,1,14,0.6318090763539942
18,4,n Methyl Piperdine,0,0,0.6135240258207035
18,4,n Methyl Piperdine,0,1,0.6640815579200432
18,4,n Methyl Piperdine,0,2,0.6434548271921001
18,4,n Methyl Piperdine,0,3,0.6495115243705916
18,4,n Methyl Piperdine,0,4,0.5936555217074121
18,4,n Methyl Piperdine,0,5,0.578428477341817
18,4,n Methyl Piperdine,0,6,0.597530102867648
18,4,n Methyl Piperdine,0,7,0.5954061331705325
18,4,n Methyl Piperdine,0,8,0.6516869593438726
18,4,n Methyl Piperdine,0,9,0.6592783506095181
18,4,n Methyl Piperdine,0,10,0.61403377701646
18,4,n Methyl Piperdine,0,11,0.6774757493507301
18,4,n Methyl Piperdine,0,12,0.6749777643483612
18,4,n Methyl Piperdine,0,13,0.6299749452537776
18,4,n Methyl Piperdine,0,14,0.5873633177360345
18,4,n Methyl Piperdine,1,0,0.6733387828953052
18,4,n Methyl Piperdine,1,1,0.6078830228767473
18,4,n Methyl Piperdine,1,2,0.6153703247751227
18,4,n Methyl Piperdine,1,3,0.5967395158936208
18,4,n Methyl Piperdine,1,4,0.5747321038659957
18,4,n Methyl Piperdine,1,5,0.5515781397052719
18,4,n Methyl Piperdine,1,6,0.6356384498601751
18,4,n Methyl Piperdine,1,7,0.5789876747620188
18,4,n Methyl Piperdine,1,8,0.7327049660777566
18,4,n Methyl Piperdine,1,9,0.5668807736133845
18,4,n Methyl Piperdine,1,10,0.5600284179186288
18,4,n Methyl Piperdine,1,11,0.6307292655424213
18,4,n Methyl Piperdine,1,12,0.6714962560765755
18,4,n Methyl Piperdine,1,13,0.6129073031956125
18,4,n Methyl Piperdine,1,14,0.6332134137253747
18,5,"2,4 Dimethyl Acetophenone",0,0,0.6727034523583538
18,5,"2,4 Dimethyl Acetophenone",0,1,0.7193448872290316
18,5,"2,4 Dimethyl Acetophenone",0,2,0.7035007198911996
18,5,"2,4 Dimethyl Acetophenone",0,3,0.6706435150587869
18,5,"2,4 Dimethyl Acetophenone",0,4,0.7511245584176577
18,5,"2,4 Dimethyl Acetophenone",0,5,0.6567322441922848
18,5,"2,4 Dimethyl Acetophenone",0,6,0.6935575104132042
18,5,"2,4 Dimethyl Acetophenone",0,7,0.7249575972961655
18,5,"2,4 Dimethyl Acetophenone",0,8,0.7131939156186591
18,5,"2,4 Dimethyl Acetophenone",0,9,0.7623016891449849
18,5,"2,4 Dimethyl Acetophenone",0,10,0.7586685567328014
18,5,"2,4 Dimethyl Acetophenone",0,11,0.7821972988941205
18,5,"2,4 Dimethyl Acetophenone",0,12,0.7765406983652093
18,5,"2,4 Dimethyl Acetophenone",0,13,0.7920778606311574
18,5,"2,4 Dimethyl Acetophenone",0,14,0.7463686130563401
18,5,"2,4 Dimethyl Acetophenone",1,0,0.7436636381773735
18,5,"2,4 Dimethyl Acetophenone",1,1,0.7519855102214743
18,5,"2,4 Dimethyl Acetophenone",1,2,0.7371912300403477
18,5,"2,4 Dimethyl Acetophenone",1,3,0.7156371897480237
18,5,"2,4 Dimethyl Acetophenone",1,4,0.7182272607711159
18,5,"2,4 Dimethyl Acetophenone",1,5,0.698822626211508
18,5,"2,4 Dimethyl Acetophenone",1,6,0.7483896353410999
18,5,"2,4 Dimethyl Acetophenone",1,7,0.7277643551813004
18,5,"2,4 Dimethyl Acetophenone",1,8,0.7049980121192361
18,5,"2,4 Dimethyl Acetophenone",1,9,0.705035169371723
18,5,"2,4 Dimethyl Acetophenone",1,10,0.6831090130333952
18,5,"2,4 Dimethyl Acetophenone",1,11,0.7706786157941947
18,5,"2,4 Dimethyl Acetophenone",1,12,0.7346696689259782
18,5,"2,4 Dimethyl Acetophenone",1,13,0.6970129613617759
18,5,"2,4 Dimethyl Acetophenone",1,14,0.7638668721287875
18,6,4 Heptanone,0,0,0.6789489579094907
18,6,4 Heptanone,0,1,0.6451068852207763
18,6,4 Heptanone,0,2,0.742215801870031
18,6,4 Heptanone,0,3,0.6798830307186211
18,6,4 Heptanone,0,4,0.6850109466929141
18,6,4 Heptanone,0,5,0.7030141111152327
18,6,4 Heptanone,0,6,0.7470704792128703
18,6,4 Heptanone,0,7,0.7021684019359181
18,6,4 Heptanone,0,8,0.6534022252554564
18,6,4 Heptanone,0,9,0.7231219904657529
18,6,4 Heptanone,0,10,0.6819673213307967
18,6,4 Heptanone,0,11,0.7768838691624443
18,6,4 Heptanone,0,12,0.7013221214213501
18,6,4 Heptanone,0,13,0.611965490385319
18,6,4 Heptanone,0,14,0.7156615091874926
18,6,4 Heptanone,1,0,0.7836408445825035
18,6,4 Heptanone,1,1,0.7688937444339099
18,6,4 Heptanone,1,2,0.779095104442357
18,6,4 Heptanone,1,3,0.6650665254768358
18,6,4 Heptanone,1,4,0.7423430287311655
18,6,4 Heptanone,1,5,0.6769771513026259
18,6,4 Heptanone,1,6,0.7148285088687714
18,6,4 Heptanone,1,7,0.654938835742505
18,6,4 Heptanone,1,8,0.6800787022967857
18,6,4 Heptanone,1,9,0.6788070649975497
18,6,4 Heptanone,1,10,0.741799144097799
18,6,4 Heptanone,1,11,0.7378856977588806
18,6,4 Heptanone,1,12,0.7169297220653271
18,6,4 Heptanone,1,13,0.6518400761698789
18,6,4 Heptanone,1,14,0.6933913555341056
18,7,33 Dimethyl Butyric Acid,0,0,0.6372279076557499
18,7,33 Dimethyl Butyric Acid,0,1,0.7018595972412386
18,7,33 Dimethyl Butyric Acid,0,2,0.7141999610861464
18,7,33 Dimethyl Butyric Acid,0,3,0.7093279904146943
18,7,33 Dimethyl Butyric Acid,0,4,0.6368637901967781
18,7,33 Dimethyl Butyric Acid,0,5,0.5574912420818798
18,7,33 Dimethyl Butyric Acid,0,6,0.5963940910482568
18,7,33 Dimethyl Butyric Acid,0,7,0.7239376460967473
18,7,33 Dimethyl Butyric Acid,0,8,0.651022369400666
18,7,33 Dimethyl Butyric Acid,0,9,0.6370435822428544
18,7,33 Dimethyl Butyric Acid,0,10,0.7327789787109084
18,7,33 Dimethyl Butyric Acid,0,11,0.717678964792992
18,7,33 Dimethyl Butyric Acid,0,12,0.6680505158502504
18,7,33 Dimethyl Butyric Acid,0,13,0.6553364433309
18,7,33 Dimethyl Butyric Acid,0,14,0.6617885184609339
18,7,33 Dimethyl Butyric Acid,1,0,0.6544418063195769
18,7,33 Dimethyl Butyric Acid,1,1,0.7093571856368627
18,7,33 Dimethyl Butyric Acid,1,2,0.6622539913535674
18,7,33 Dimethyl Butyric Acid,1,3,0.674396455705644
18,7,33 Dimethyl Butyric Acid,1,4,0.6921260987468852
18,7,33 Dimethyl Butyric Acid,1,5,0.5985682543431016
18,7,33 Dimethyl Butyric Acid,1,6,0.6755497700830401
18,7,33 Dimethyl Butyric Acid,1,7,0.6335725441976139
18,7,33 Dimethyl Butyric Acid,1,8,0.5447114865531677
18,7,33 Dimethyl Butyric Acid,1,9,0.5602285127046459
18,7,33 Dimethyl Butyric Acid,1,10,0.604630589923331
18,7,33 Dimethyl Butyric Acid,1,11,0.6666042235277816
18,7,33 Dimethyl Butyric Acid,1,12,0.6499072769976902
18,7,33 Dimethyl Butyric Acid,1,13,0.652729962671105
18,7,33 Dimethyl Butyric Acid,1,14,0.7233930336915461
18,8,2 Methyl Butyraldehyde,0,0,0.6447993007513565
18,8,2 Methyl Butyraldehyde,0,1,0.6944655511784
18,8,2 Methyl Butyraldehyde,0,2,0.7077403062583016
18,8,2 Methyl Butyraldehyde,0,3,0.6661119606842156
18,8,2 Methyl Butyraldehyde,0,4,0.6966959551490667
18,8,2 Methyl Butyraldehyde,0,5,0.6315649119823752
18,8,2 Methyl Butyraldehyde,0,6,0.7519591340367502
18,8,2 Methyl Butyraldehyde,0,7,0.6682983032445317
18,8,2 Methyl Butyraldehyde,0,8,0.7768188919368891
18,8,2 Methyl Butyraldehyde,0,9,0.6942639123890508
18,8,2 Methyl Butyraldehyde,0,10,0.7366850279617163
18,8,2 Methyl Butyraldehyde,0,11,0.6934307705861028
18,8,2 Methyl Butyraldehyde,0,12,0.6943331320553279
18,8,2 Methyl Butyraldehyde,0,13,0.6722017120168687
18,8,2 Methyl Butyraldehyde,0,14,0.7003278425204001
18,8,2 Methyl Butyraldehyde,1,0,0.6767819408054753
18,8,2 Methyl Butyraldehyde,1,1,0.6326916526723062
18,8,2 Methyl Butyraldehyde,1,2,0.6590602163945181
18,8,2 Methyl Butyraldehyde,1,3,0.6396580383866288
18,8,2 Methyl Butyraldehyde,1,4,0.7560485558135069
18,8,2 Methyl Butyraldehyde,1,5,0.6604727622324487
18,8,2 Methyl Butyraldehyde,1,6,0.7258712790967757
18,8,2 Methyl Butyraldehyde,1,7,0.6562370997966058
18,8,2 Methyl Butyraldehyde,1,8,0.6744334986903097
18,8,2 Methyl Butyraldehyde,1,9,0.6112074301631026
18,8,2 Methyl Butyraldehyde,1,10,0.6461790893541988
18,8,2 Methyl Butyraldehyde,1,11,0.6724833798604832
18,8,2 Methyl Butyraldehyde,1,12,0.727502146267308
18,8,2 Methyl Butyraldehyde,1,13,0.6729413041359642
18,8,2 Methyl Butyraldehyde,1,14,0.7194108074766333
18,9,m Anisaldehyde,0,0,0.7342557250794814
18,9,m Anisaldehyde,0,1,0.7737226142499521
18,9,m Anisaldehyde,0,2,0.7062648719791624
18,9,m Anisaldehyde,0,3,0.8042354690974368
18,9,m Anisaldehyde,0,4,0.6892107125547997
18,9,m Anisaldehyde,0,5,0.6779680873034579
18,9,m Anisaldehyde,0,6,0.6602244466838033
18,9,m Anisaldehyde,0,7,0.8018675475336875
18,9,m Anisaldehyde,0,8,0.7414044635760806
18,9,m Anisaldehyde,0,9,0.6952617313361523
18,9,m Anisaldehyde,0,10,0.7585874685463045
18,9,m Anisaldehyde,0,11,0.736134248076076
18,9,m Anisaldehyde,0,12,0.7872716595263883
18,9,m Anisaldehyde,0,13,0.6467132473617683
18,9,m Anisaldehyde,0,14,0.6980121563387945
18,9,m Anisaldehyde,1,0,0.6950409439813179
18,9,m Anisaldehyde,1,1,0.6345944922826868
18,9,m Anisaldehyde,1,2,0.7559548875302187
18,9,m Anisaldehyde,1,3,0.7027259371068966
18,9,m Anisaldehyde,1,4,0.7431270475384933
18,9,m Anisaldehyde,1,5,0.8079326767122154
18,9,m Anisaldehyde,1,6,0.6994120516659266
18,9,m Anisaldehyde,1,7,0.6966956800327446
18,9,m Anisaldehyde,1,8,0.7182883661279907
18,9,m Anisaldehyde,1,9,0.7530316934583672
18,9,m Anisaldehyde,1,10,0.6908732783266248
18,9,m Anisaldehyde,1,11,0.6883033354537457
18,9,m Anisaldehyde,1,12,0.7558293701486855
18,9,m Anisaldehyde,1,13,0.7286873722925523
18,9,m Anisaldehyde,1,14,0.631752668818838
20,0,"2,3 Pentanedione",0,0,0.721372871248646
20,0,"2,3 Pentanedione",0,1,0.8304379777804988
20,0,"2,3 Pentanedione",0,2,0.7864656745505628
20,0,"2,3 Pentanedione",0,3,0.7399007059859204
20,0,"2,3 Pentanedione",0,4,0.7635721569380111
20,0,"2,3 Pentanedione",0,5,0.7709180101394771
20,0,"2,3 Pentanedione",0,6,0.7998178776386169
20,0,"2,3 Pentanedione",0,7,0.7160580074330588
20,0,"2,3 Pentanedione",0,8,0.736750577680592
20,0,"2,3 Pentanedione",0,9,0.7813067734219459
20,0,"2,3 Pentanedione",0,10,0.7663951600075923
20,0,"2,3 Pentanedione",0,11,0.7932629105328788
20,0,"2,3 Pentanedione",0,12,0.7212082473330265
20,0,"2,3 Pentanedione",0,13,0.7846736902782632
20,0,"2,3 Pentanedione",0,14,0.8140518880025093
20,0,"2,3 Pentanedione",1,0,0.7609687948171487
20,0,"2,3 Pentanedione",1,1,0.7470605225216411
20,0,"2,3 Pentanedione",1,2,0.7376607088285385
20,0,"2,3 Pentanedione",1,3,0.7081020068203173
20,0,"2,3 Pentanedione",1,4,0.7386161092335859
20,0,"2,3 Pentanedione",1,5,0.7918842870463936
20,0,"2,3 Pentanedione",1,6,0.7367349126671724
20,0,"2,3 Pentanedione",1,7,0.705903893357241
20,0,"2,3 Pentanedione",1,8,0.721806169380562
20,0,"2,3 Pentanedione",1,9,0.7495300648222146
20,0,"2,3 Pentanedione",1,10,0.7265554930439435
20,0,"2,3 Pentanedione",1,11,0.760908184253703
20,0,"2,3 Pentanedione",1,12,0.7624098033611386
20,0,"2,3 Pentanedione",1,13,0.7770553801473633
20,0,"2,3 Pentanedione",1,14,0.7984384318217788
20,1,3 Methylvaleric Acid,0,0,0.7147509781820068
20,1,3 Methylvaleric Acid,0,1,0.637547066641194
20,1,3 Methylvaleric Acid,0,2,0.6387752513440614
20,1,3 Methylvaleric Acid,0,3,0.6718857701487194
20,1,3 Methylvaleric Acid,0,4,0.6568696149175358
20,1,3 Methylvaleric Acid,0,5,0.6293835601286747
20,1,3 Methylvaleric Acid,0,6,0.6572489574401926
20,1,3 Methylvaleric Acid,0,7,0.6559361118623508
20,1,3 Methylvaleric Acid,0,8,0.6480427196166642
20,1,3 Methylvaleric Acid,0,9,0.6622850497609122
20,1,3 Methylvaleric Acid,0,10,0.7220546632198457
20,1,3 Methylvaleric Acid,0,11,0.6828861508570819
20,1,3 Methylvaleric Acid,0,12,0.7737889922493312
20,1,3 Methylvaleric Acid,0,13,0.6817369566478984
20,1,3 Methylvaleric Acid,0,14,0.6633139982496223
20,1,3 Methylvaleric Acid,1,0,0.674359942147301
20,1,3 Methylvaleric Acid,1,1,0.6844543059788479
20,1,3 Methylvaleric Acid,1,2,0.6916047851279489
20,1,3 Methylvaleric Acid,1,3,0.7572630798754674
20,1,3 Methylvaleric Acid,1,4,0.6403818082420036
20,1,3 Methylvaleric Acid,1,5,0.7085564691682158
20,1,3 Methylvaleric Acid,1,6,0.6825046507456713
20,1,3 Methylvaleric Acid,1,7,0.6113507171382817
20,1,3 Methylvaleric Acid,1,8,0.7050225781248969
20,1,3 Methylvaleric Acid,1,9,0.7248995692732626
20,1,3 Methylvaleric Acid,1,10,0.6399075706900091
20,1,3 Methylvaleric Acid,1,11,0.6738372721254275
20,1,3 Methylvaleric Acid,1,12,0.6051804563607982
20,1,3 Methylvaleric Acid,1,13,0.6238423684537329
20,1,3 Methylvaleric Acid,1,14,0.7161158099457965
20,2,Acetic Acid,0,0,0.770684395445284
20,2,Acetic Acid,0,1,0.7449889366880598
20,2,Acetic Acid,0,2,0.7985194702639186
20,2,Acetic Acid,0,3,0.7684445584283405
20,2,Acetic Acid,0,4,0.7705081893745599
20,2,Acetic Acid,0,5,0.8189140967125775
20,2,Acetic Acid,0,6,0.7428717213282074
20,2,Acetic Acid,0,7,0.7531264471783081
20,2,Acetic Acid,0,8,0.7955042553715361
20,2,Acetic Acid,0,9,0.8281174473155096
20,2,Acetic Acid,0,10,0.8388674677451754
20,2,Acetic Acid,0,11,0.7627385868711164
20,2,Acetic Acid,0,12,0.8268361343623672
20,2,Acetic Acid,0,13,0.757975363946765
20,2,Acetic Acid,0,14,0.8623894295618534
20,2,Acetic Acid,1,0,0.7505584949403109
20,2,Acetic Acid,1,1,0.8490484883887692
20,2,Acetic Acid,1,2,0.769649891684351
20,2,Acetic Acid,1,3,0.876439194148884
20,2,Acetic Acid,1,4,0.8195621651111994
20,2,Acetic Acid,1,5,0.7552686747807712
20,2,Acetic Acid,1,6,0.7750197967753998
20,2,Acetic Acid,1,7,0.8271565841660498
20,2,Acetic Acid,1,8,0.8380151126617225
20,2,Acetic Acid,1,9,0.7930807122881215
20,2,Acetic Acid,1,10,0.7976956671956387
20,2,Acetic Acid,1,11,0.8262434572628626
20,2,Acetic Acid,1,12,0.8011812730375328
20,2,Acetic Acid,1,13,0.7441691415835651
20,2,Acetic Acid,1,14,0.7633903749714929
20,3,Gerinol,0,0,0.6764948455025236
20,3,Gerinol,0,1,0.7157093444363647
20,3,Gerinol,0,2,0.7317293447429388
20,3,Gerinol,0,3,0.6982712246073149
20,3,Gerinol,0,4,0.6785816782179115
20,3,Gerinol,0,5,0.6970426032157561
20,3,Gerinol,0,6,0.6404200137681827
20,3,Gerinol,0,7,0.6609608093661283
20,3,Gerinol,0,8,0.6341248189228779
20,3,Gerinol,0,9,0.6171403433481485
20,3,Gerinol,0,10,0.6804320082419052
20,3,Gerinol,0,11,0.6745105800398467
20,3,Gerinol,0,12,0.6945961471568175
20,3,Gerinol,0,13,0.6889345210121548
20,3,Gerinol,0,14,0.6767958186294114
20,3,Gerinol,1,0,0.6848210119386126
20,3,Gerinol,1,1,0.6608490214624113
20,3,Gerinol,1,2,0.6790720011204064
20,3,Gerinol,1,3,0.633510569204056
20,3,Gerinol,1,4,0.6773445823370756
20,3,Gerinol,1,5,0.6892930527229507
20,3,Gerinol,1,6,0.6357690881886222
20,3,Gerinol,1,7,0.6646296292712243
20,3,Gerinol,1,8,0.637612244926336
20,3,Gerinol,1,9,0.6414960774508658
20,3,Gerinol,1,10,0.6175591711074242
20,3,Gerinol,1,11,0.7131873423181726
20,3,Gerinol,1,12,0.7051837523003123
20,3,Gerinol,1,13,0.6840536994806039
20,3,Gerinol,1,14,0.7414441833892629
20,4,n Methyl Piperdine,0,0,0.6305950731434924
20,4,n Methyl Piperdine,0,1,0.7594353976106534
20,4,n Methyl Piperdine,0,2,0.6290637243916992
20,4,n Methyl Piperdine,0,3,0.6483726350764687
20,4,n Methyl Piperdine,0,4,0.6222537844486198
20,4,n Methyl Piperdine,0,5,0.6530579234086402
20,4,n Methyl Piperdine,0,6,0.6715894981216778
20,4,n Methyl Piperdine,0,7,0.6336082452841048
20,4,n Methyl Piperdine,0,8,0.7092336948909329
20,4,n Methyl Piperdine,0,9,0.6477308723915665
20,4,n Methyl Piperdine,0,10,0.648984316450636
20,4,n Methyl Piperdine,0,11,0.6018049932256794
20,4,n Methyl Piperdine,0,12,0.6549048639882434
20,4,n Methyl Piperdine,0,13,0.6328038121738534
20,4,n Methyl Piperdine,0,14,0.6138353118327365
20,4,n Methyl Piperdine,1,0,0.6140906053037632
20,4,n Methyl Piperdine,1,1,0.7520201168199653
20,4,n Methyl Piperdine,1,2,0.6346104916225365
20,4,n Methyl Piperdine,1,3,0.5868701647984471
20,4,n Methyl Piperdine,1,4,0.6172207232403949
20,4,n Methyl Piperdine,1,5,0.6430868680506493
20,4,n Methyl Piperdine,1,6,0.6670162629343572
20,4,n Methyl Piperdine,1,7,0.6673414424987104
20,4,n Methyl Piperdine,1,8,0.6722141637007588
20,4,n Methyl Piperdine,1,9,0.6193551693642046
20,4,n Methyl Piperdine,1,10,0.6587671993697597
20,4,n Methyl Piperdine,1,11,0.6101072030652747
20,4,n Methyl Piperdine,1,12,0.6203638623091374
20,4,n Methyl Piperdine,1,13,0.6084412226496875
20,4,n Methyl Piperdine,1,14,0.5976140274457671
20,5,"2,4 Dimethyl Acetophenone",0,0,0.8129691502069756
20,5,"2,4 Dimethyl Acetophenone",0,1,0.7979452386918108
20,5,"2,4 Dimethyl Acetophenone",0,2,0.8094673854517804
20,5,"2,4 Dimethyl Acetophenone",0,3,0.7719732932936271
20,5,"2,4 Dimethyl Acetophenone",0,4,0.8014730786072611
20,5,"2,4 Dimethyl Acetophenone",0,5,0.6999491944669535
20,5,"2,4 Dimethyl Acetophenone",0,6,0.8049242713744694
20,5,"2,4 Dimethyl Acetophenone",0,7,0.7774855638528565
20,5,"2,4 Dimethyl Acetophenone",0,8,0.7954851546586219
20,5,"2,4 Dimethyl Acetophenone",0,9,0.7856017026145997
20,5,"2,4 Dimethyl Acetophenone",0,10,0.7309185644711798
20,5,"2,4 Dimethyl Acetophenone",0,11,0.7104791796370133
20,5,"2,4 Dimethyl Acetophenone",0,12,0.7419186040053367
20,5,"2,4 Dimethyl Acetophenone",0,13,0.7929974619035718
20,5,"2,4 Dimethyl Acetophenone",0,14,0.798004427259671
20,5,"2,4 Dimethyl Acetophenone",1,0,0.7407679660376089
20,5,"2,4 Dimethyl Acetophenone",1,1,0.7562416824341548
20,5,"2,4 Dimethyl Acetophenone",1,2,0.7665562296952497
20,5,"2,4 Dimethyl Acetophenone",1,3,0.7811934547222107
20,5,"2,4 Dimethyl Acetophenone",1,4,0.7410036238987773
20,5,"2,4 Dimethyl Acetophenone",1,5,0.738603586487278
20,5,"2,4 Dimethyl Acetophenone",1,6,0.7626122452765812
20,5,"2,4 Dimethyl Acetophenone",1,7,0.7989358105818836
20,5,"2,4 Dimethyl Acetophenone",1,8,0.7482618835427437
20,5,"2,4 Dimethyl Acetophenone",1,9,0.7908535167340127
20,5,"2,4 Dimethyl Acetophenone",1,10,0.8378277697785559
20,5,"2,4 Dimethyl Acetophenone",1,11,0.7434144676363429
20,5,"2,4 Dimethyl Acetophenone",1,12,0.7872278267964617
20,5,"2,4 Dimethyl Acetophenone",1,13,0.8364759264829142
20,5,"2,4 Dimethyl Acetophenone",1,14,0.7787549215183309
20,6,4 Heptanone,0,0,0.6878795647859138
20,6,4 Heptanone,0,1,0.7573661849925095
20,6,4 Heptanone,0,2,0.6985782692613887
20,6,4 Heptanone,0,3,0.7550061534284733
20,6,4 Heptanone,0,4,0.7279849680653385
20,6,4 Heptanone,0,5,0.6971125663038571
20,6,4 Heptanone,0,6,0.7300139736441518
20,6,4 Heptanone,0,7,0.7236443329740921
20,6,4 Heptanone,0,8,0.7516616652603495
20,6,4 Heptanone,0,9,0.6888925309056498
20,6,4 Heptanone,0,10,0.7124745950915153
20,6,4 Heptanone,0,11,0.7083657252360651
20,6,4 Heptanone,0,12,0.738992278085842
20,6,4 Heptanone,0,13,0.6698191846424836
20,6,4 Heptanone,0,14,0.7515054343497648
20,6,4 Heptanone,1,0,0.7559939840171346
20,6,4 Heptanone,1,1,0.684663830185
20,6,4 Heptanone,1,2,0.7856713461495379
20,6,4 Heptanone,1,3,0.8267045563622271
20,6,4 Heptanone,1,4,0.7774141919122942
20,6,4 Heptanone,1,5,0.7944202238193766
20,6,4 Heptanone,1,6,0.7407556883944214
20,6,4 Heptanone,1,7,0.6708806363407774
20,6,4 Heptanone,1,8,0.6635760150836169
20,6,4 Heptanone,1,9,0.7475441148850283
20,6,4 Heptanone,1,10,0.7136616808211187
20,6,4 Heptanone,1,11,0.7007577819972238
20,6,4 Heptanone,1,12,0.7348309657715708
20,6,4 Heptanone,1,13,0.7619642446447694
20,6,4 Heptanone,1,14,0.679230531259832
20,7,33 Dimethyl Butyric Acid,0,0,0.6586865411331495
20,7,33 Dimethyl Butyric Acid,0,1,0.7370364732691774
20,7,33 Dimethyl Butyric Acid,0,2,0.6336301107355099
20,7,33 Dimethyl Butyric Acid,0,3,0.7114320934309631
20,7,33 Dimethyl Butyric Acid,0,4,0.6572524154824051
20,7,33 Dimethyl Butyric Acid,0,5,0.6984733963383629
20,7,33 Dimethyl Butyric Acid,0,6,0.7205347462324796
20,7,33 Dimethyl Butyric Acid,0,7,0.7062929166237657
20,7,33 Dimethyl Butyric Acid,0,8,0.7130080300329199
20,7,33 Dimethyl Butyric Acid,0,9,0.6305779046080466
20,7,33 Dimethyl Butyric Acid,0,10,0.7211880342140168
20,7,33 Dimethyl Butyric Acid,0,11,0.642533921358972
20,7,33 Dimethyl Butyric Acid,0,12,0.6870233165672264
20,7,33 Dimethyl Butyric Acid,0,13,0.6869714934242539
20,7,33 Dimethyl Butyric Acid,0,14,0.6960465482991481
20,7,33 Dimethyl Butyric Acid,1,0,0.6812979632259589
20,7,33 Dimethyl Butyric Acid,1,1,0.6340672970425624
20,7,33 Dimethyl Butyric Acid,1,2,0.6138249996917227
20,7,33 Dimethyl Butyric Acid,1,3,0.702713643382022
20,7,33 Dimethyl Butyric Acid,1,4,0.675253079284308
20,7,33 Dimethyl Butyric Acid,1,5,0.7137947698218641
20,7,33 Dimethyl Butyric Acid,1,6,0.6660303788160367
20,7,33 Dimethyl Butyric Acid,1,7,0.6116131217564729
20,7,33 Dimethyl Butyric Acid,1,8,0.7064648834237156
20,7,33 Dimethyl Butyric Acid,1,9,0.6530048717971071
20,7,33 Dimethyl Butyric Acid,1,10,0.6814998344803922
20,7,33 Dimethyl Butyric Acid,1,11,0.6419213190443706
20,7,33 Dimethyl Butyric Acid,1,12,0.733591764592899
20,7,33 Dimethyl Butyric Acid,1,13,0.6327571032162235
20,7,33 Dimethyl Butyric Acid,1,14,0.6543225060193043
20,8,2 Methyl Butyraldehyde,0,0,0.7226999767834911
20,8,2 Methyl Butyraldehyde,0,1,0.67471473559212
20,8,2 Methyl Butyraldehyde,0,2,0.7316228098191022
20,8,2 Methyl Butyraldehyde,0,3,0.782878447774298
20,8,2 Methyl Butyraldehyde,0,4,0.69878354224785
20,8,2 Methyl Butyraldehyde,0,5,0.7342077414368674
20,8,2 Methyl Butyraldehyde,0,6,0.6084246132340562
20,8,2 Methyl Butyraldehyde,0,7,0.7168448606562048
20,8,2 Methyl Butyraldehyde,0,8,0.7058803372385501
20,8,2 Methyl Butyraldehyde,0,9,0.685662124579183
20,8,2 Methyl Butyraldehyde,0,10,0.7616600474607397
20,8,2 Methyl Butyraldehyde,0,11,0.7053522814106453
20,8,2 Methyl Butyraldehyde,0,12,0.7113029291918549
20,8,2 Methyl Butyraldehyde,0,13,0.7033143136840355
20,8,2 Methyl Butyraldehyde,0,14,0.6417293938049954
20,8,2 Methyl Butyraldehyde,1,0,0.6448485413407287
20,8,2 Methyl Butyraldehyde,1,1,0.7285717383886158
20,8,2 Methyl Butyraldehyde,1,2,0.6057299730686083
20,8,2 Methyl Butyraldehyde,1,3,0.6594753849591789
20,8,2 Methyl Butyraldehyde,1,4,0.6741391966922166
20,8,2 Methyl Butyraldehyde,1,5,0.7598728736354697
20,8,2 Methyl Butyraldehyde,1,6,0.7208721495636619
20,8,2 Methyl Butyraldehyde,1,7,0.6678411778616832
20,8,2 Methyl Butyraldehyde,1,8,0.7423085468284292
20,8,2 Methyl Butyraldehyde,1,9,0.6605073661237624
20,8,2 Methyl Butyraldehyde,1,10,0.7304919910931673
20,8,2 Methyl Butyraldehyde,1,11,0.6357729091068866
20,8,2 Methyl Butyraldehyde,1,12,0.7330583122153734
20,8,2 Methyl Butyraldehyde,1,13,0.6738826531249678
20,8,2 Methyl Butyraldehyde,1,14,0.6489878293061564
20,9,m Anisaldehyde,0,0,0.7565552341300258
20,9,m Anisaldehyde,0,1,0.7763347458418869
20,9,m Anisaldehyde,0,2,0.7454510414320499
20,9,m Anisaldehyde,0,3,0.7873991188928913
20,9,m Anisaldehyde,0,4,0.7419212233065157
20,9,m Anisaldehyde,0,5,0.7900558744103326
20,9,m Anisaldehyde,0,6,0.7829298611345423
20,9,m Anisaldehyde,0,7,0.7628040564647609
20,9,m Anisaldehyde,0,8,0.7475856861584403
20,9,m Anisaldehyde,0,9,0.771302610483689
20,9,m Anisaldehyde,0,10,0.7872511283744263
20,9,m Anisaldehyde,0,11,0.8477129447623427
20,9,m Anisaldehyde,0,12,0.8028177955250055
20,9,m Anisaldehyde,0,13,0.804280576645712
20,9,m Anisaldehyde,0,14,0.8887814664474897
20,9,m Anisaldehyde,1,0,0.7838974583038631
20,9,m Anisaldehyde,1,1,0.7826448596856175
20,9,m Anisaldehyde,1,2,0.7914197222060155
20,9,m Anisaldehyde,1,3,0.7229004801296193
20,9,m Anisaldehyde,1,4,0.7455030537763991
20,9,m Anisaldehyde,1,5,0.743012348565456
20,9,m Anisaldehyde,1,6,0.7891636783219318
20,9,m Anisaldehyde,1,7,0.7562921367443014
20,9,m Anisaldehyde,1,8,0.7687880562521214
20,9,m Anisaldehyde,1,9,0.806757304039088
20,9,m Anisaldehyde,1,10,0.7977851487813149
20,9,m Anisaldehyde,1,11,0.7567902791114994
20,9,m Anisaldehyde,1,12,0.7364593153580204
20,9,m Anisaldehyde,1,13,0.8086701084992769
20,9,m Anisaldehyde,1,14,0.794214766469544
22,0,"2,3 Pentanedione",0,0,0.7188790793197941
22,0,"2,3 Pentanedione",0,1,0.7706031944952781
22,0,"2,3 Pentanedione",0,2,0.7897499705322799
22,0,"2,3 Pentanedione",0,3,0.8142825407364507
22,0,"2,3 Pentanedione",0,4,0.8195334118492003
22,0,"2,3 Pentanedione",0,5,0.7944855920986283
22,0,"2,3 Pentanedione",0,6,0.8065392533059637
22,0,"2,3 Pentanedione",0,7,0.7856948241467355
22,0,"2,3 Pentanedione",0,8,0.756175284524387
22,0,"2,3 Pentanedione",0,9,0.7726787764099593
22,0,"2,3 Pentanedione",0,10,0.7838889995172137
22,0,"2,3 Pentanedione",0,11,0.7817421820508658
22,0,"2,3 Pentanedione",0,12,0.7077064358738706
22,0,"2,3 Pentanedione",0,13,0.7672300186544322
22,0,"2,3 Pentanedione",0,14,0.7853775781751755
22,0,"2,3 Pentanedione",1,0,0.7495610941641956
22,0,"2,3 Pentanedione",1,1,0.7509429420199601
22,0,"2,3 Pentanedione",1,2,0.7803355486726071
22,0,"2,3 Pentanedione",1,3,0.7176576063584783
22,0,"2,3 Pentanedione",1,4,0.6956942052823751
22,0,"2,3 Pentanedione",1,5,0.7468891022069566
22,0,"2,3 Pentanedione",1,6,0.7913804700604952
22,0,"2,3 Pentanedione",1,7,0.8283180154198891
22,0,"2,3 Pentanedione",1,8,0.7921010234042132
22,0,"2,3 Pentanedione",1,9,0.7020853434456698
22,0,"2,3 Pentanedione",1,10,0.7515212042653527
22,0,"2,3 Pentanedione",1,11,0.7710812690836848
22,0,"2,3 Pentanedione",1,12,0.7679195385173673
22,0,"2,3 Pentanedione",1,13,0.7823880759581385
22,0,"2,3 Pentanedione",1,14,0.7241339359819932
22,1,3 Methylvaleric Acid,0,0,0.7343259242683811
22,1,3 Methylvaleric Acid,0,1,0.7485411139573965
22,1,3 Methylvaleric Acid,0,2,0.7647550388984977
22,1,3 Methylvaleric Acid,0,3,0.6994994741018397
22,1,3 Methylvaleric Acid,0,4,0.7179219260766355
22,1,3 Methylvaleric Acid,0,5,0.6235754935634178
22,1,3 Methylvaleric Acid,0,6,0.7068697220632404
22,1,3 Methylvaleric Acid,0,7,0.7107516050475097
22,1,3 Methylvaleric Acid,0,8,0.6909448204396537
22,1,3 Methylvaleric Acid,0,9,0.7383526867756575
22,1,3 Methylvaleric Acid,0,10,0.7294903834845406
22,1,3 Methylvaleric Acid,0,11,0.6413596456632469
22,1,3 Methylvaleric Acid,0,12,0.7403485195384216
22,1,3 Methylvaleric Acid,0,13,0.6945952355347903
22,1,3 Methylvaleric Acid,0,14,0.751155759133972
22,1,3 Methylvaleric Acid,1,0,0.6816725057484511
22,1,3 Methylvaleric Acid,1,1,0.7341468171988352
22,1,3 Methylvaleric Acid,1,2,0.7216200225021374
22,1,3 Methylvaleric Acid,1,3,0.7450706310556109
22,1,3 Methylvaleric Acid,1,4,0.7379344467636515
22,1,3 Methylvaleric Acid,1,5,0.7227399886567395
22,1,3 Methylvaleric Acid,1,6,0.6714956630958279
22,1,3 Methylvaleric Acid,1,7,0.6738582371191564
22,1,3 Methylvaleric Acid,1,8,0.7095910780939089
22,1,3 Methylvaleric Acid,1,9,0.7326153603004142
22,1,3 Methylvaleric Acid,1,10,0.708616637769633
22,1,3 Methylvaleric Acid,1,11,0.7579550328807763
22,1,3 Methylvaleric Acid,1,12,0.7217777188891303
22,1,3 Methylvaleric Acid,1,13,0.6943460466664173
22,1,3 Methylvaleric Acid,1,14,0.7218227039380813
22,2,Acetic Acid,0,0,0.8517020786794075
22,2,Acetic Acid,0,1,0.8556630739797288
22,2,Acetic Acid,0,2,0.9178028505064706
22,2,Acetic Acid,0,3,0.8159113116266087
22,2,Acetic Acid,0,4,0.8397285387631294
22,2,Acetic Acid,0,5,0.8597126430995224
22,2,Acetic Acid,0,6,0.8417307668587128
22,2,Acetic Acid,0,7,0.8226429593871993
22,2,Acetic Acid,0,8,0.7806973981729757
22,2,Acetic Acid,0,9,0.8222343028646248
22,2,Acetic Acid,0,10,0.7997195887180334
22,2,Acetic Acid,0,11,0.7736034179817943
22,2,Acetic Acid,0,12,0.810840531559922
22,2,Acetic Acid,0,13,0.8007840163960872
22,2,Acetic Acid,0,14,0.8660191470384634
22,2,Acetic Acid,1,0,0.8677821988340999
22,2,Acetic Acid,1,1,0.8075833537542931
22,2,Acetic Acid,1,2,0.8333293801150033
22,2,Acetic Acid,1,3,0.7694088188530267
22,2,Acetic Acid,1,4,0.8239649273302204
22,2,Acetic Acid,1,5,0.859697801365622
22,2,Acetic Acid,1,6,0.8767360409220922
22,2,Acetic Acid,1,7,0.8152166420698757
22,2,Acetic Acid,1,8,0.885812719758629
22,2,Acetic Acid,1,9,0.7831108484769893
22,2,Acetic Acid,1,10,0.7938334133717765
22,2,Acetic Acid,1,11,0.8721249999630432
22,2,Acetic Acid,1,12,0.910583374480058
22,2,Acetic Acid,1,13,0.863475804864876
22,2,Acetic Acid,1,14,0.8421248298761677
22,3,Gerinol,0,0,0.6054530193456852
22,3,Gerinol,0,1,0.6123624869648344
22,3,Gerinol,0,2,0.6984367506824083
22,3,Gerinol,0,3,0.6789378624237266
22,3,Gerinol,0,4,0.6490269619204888
22,3,Gerinol,0,5,0.6958816724397756
22,3,Gerinol,0,6,0.6978656239068859
22,3,Gerinol,0,7,0.7310370039481845
22,3,Gerinol,0,8,0.6987244605270816
22,3,Gerinol,0,9,0.7423961439399489
22,3,Gerinol,0,10,0.6935801303885261
22,3,Gerinol,0,11,0.68864696941428
22,3,Gerinol,0,12,0.7358328566564608
22,3,Gerinol,0,13,0.6541227340049162
22,3,Gerinol,0,14,0.80583826733722
22,3,Gerinol,1,0,0.6906194993036645
22,3,Gerinol,1,1,0.690842370290502
22,3,Gerinol,1,2,0.696613039135899
22,3,Gerinol,1,3,0.7506946591902608
22,3,Gerinol,1,4,0.7073094966438994
22,3,Gerinol,1,5,0.6114069610168381
22,3,Gerinol,1,6,0.7317480155676953
22,3,Gerinol,1,7,0.6619733369991944
22,3,Gerinol,1,8,0.6798954030905681
22,3,Gerinol,1,9,0.6244390412899844
22,3,Gerinol,1,10,0.6966572809019509
22,3,Gerinol,1,11,0.649554228574293
22,3,Gerinol,1,12,0.6796159856967341
22,3,Gerinol,1,13,0.6642452399625638
22,3,Gerinol,1,14,0.7526097122464291
22,4,n Methyl Piperdine,0,0,0.7026802639829883
22,4,n Methyl Piperdine,0,1,0.6252503787857543
22,4,n Methyl Piperdine,0,2,0.6259489604319188
22,4,n Methyl Piperdine,0,3,0.608452133323184
22,4,n Methyl Piperdine,0,4,0.6676301036372762
22,4,n Methyl Piperdine,0,5,0.6102330571638296
22,4,n Methyl Piperdine,0,6,0.6065363609913367
22,4,n Methyl Piperdine,0,7,0.6625335665237633
22,4,n Methyl Piperdine,0,8,0.6018578881644987
22,4,n Methyl Piperdine,0,9,0.6218796505992235
22,4,n Methyl Piperdine,0,10,0.560137420716725
22,4,n Methyl Piperdine,0,11,0.6515574657820914
22,4,n Methyl Piperdine,0,12,0.7010245295444394
22,4,n Methyl Piperdine,0,13,0.6522388668891563
22,4,n Methyl Piperdine,0,14,0.6818618186790569
22,4,n Methyl Piperdine,1,0,0.5939636607301875
22,4,n Methyl Piperdine,1,1,0.6372607174584087
22,4,n Methyl Piperdine,1,2,0.5900813492025051
22,4,n Methyl Piperdine,1,3,0.618697124354027
22,4,n Methyl Piperdine,1,4,0.658696205271381
22,4,n Methyl Piperdine,1,5,0.6318805707014127
22,4,n Methyl Piperdine,1,6,0.5713021052732319
22,4,n Methyl Piperdine,1,7,0.5752065819557706
22,4,n Methyl Piperdine,1,8,0.5725611889176497
22,4,n Methyl Piperdine,1,9,0.6474658497748643
22,4,n Methyl Piperdine,1,10,0.7103635276035475
22,4,n Methyl Piperdine,1,11,0.6823060759372892
22,4,n Methyl Piperdine,1,12,0.5519683382114382
22,4,n Methyl Piperdine,1,13,0.684650783700072
22,4,n Methyl Piperdine,1,14,0.6652637628578666
22,5,"2,4 Dimethyl Acetophenone",0,0,0.7246674029422464
22,5,"2,4 Dimethyl Acetophenone",0,1,0.7743513360949769
22,5,"2,4 Dimethyl Acetophenone",0,2,0.8303002972232292
22,5,"2,4 Dimethyl Acetophenone",0,3,0.8084967412007882
22,5,"2,4 Dimethyl Acetophenone",0,4,0.7341155986678773
22,5,"2,4 Dimethyl Acetophenone",0,5,0.8109090869952446
22,5,"2,4 Dimethyl Acetophenone",0,6,0.7009793769201732
22,5,"2,4 Dimethyl Acetophenone",0,7,0.7775665137331083
22,5,"2,4 Dimethyl Acetophenone",0,8,0.8319976715393987
22,5,"2,4 Dimethyl Acetophenone",0,9,0.7872151693862496
22,5,"2,4 Dimethyl Acetophenone",0,10,0.7665218987649189
22,5,"2,4 Dimethyl Acetophenone",0,11,0.8220532509142907
22,5,"2,4 Dimethyl Acetophenone",0,12,0.82546947336686
22,5,"2,4 Dimethyl Acetophenone",0,13,0.8388809884780748
22,5,"2,4 Dimethyl Acetophenone",0,14,0.8214530979012522
22,5,"2,4 Dimethyl Acetophenone",1,0,0.8225457750730498
22,5,"2,4 Dimethyl Acetophenone",1,1,0.8086071256130654
22,5,"2,4 Dimethyl Acetophenone",1,2,0.7899119292802228
22,5,"2,4 Dimethyl Acetophenone",1,3,0.7828711433061165
22,5,"2,4 Dimethyl Acetophenone",1,4,0.7698003945516679
22,5,"2,4 Dimethyl Acetophenone",1,5,0.730796051593175
22,5,"2,4 Dimethyl Acetophenone",1,6,0.7410783229627717
22,5,"2,4 Dimethyl Acetophenone",1,7,0.7680102040381556
22,5,"2,4 Dimethyl Acetophenone",1,8,0.7889488696996612
22,5,"2,4 Dimethyl Acetophenone",1,9,0.8369232872357345
22,5,"2,4 Dimethyl Acetophenone",1,10,0.7776188942005434
22,5,"2,4 Dimethyl Acetophenone",1,11,0.8194298349506706
22,5,"2,4 Dimethyl Acetophenone",1,12,0.8224634095728488
22,5,"2,4 Dimethyl Acetophenone",1,13,0.7700329114080123
22,5,"2,4 Dimethyl Acetophenone",1,14,0.8030783917703713
22,6,4 Heptanone,0,0,0.7351312326531929
22,6,4 Heptanone,0,1,0.7977577900853264
22,6,4 Heptanone,0,2,0.7703060878528246
22,6,4 Heptanone,0,3,0.6972530041346531
22,6,4 Heptanone,0,4,0.7513333404083412
22,6,4 Heptanone,0,5,0.8107968407951425
22,6,4 Heptanone,0,6,0.7376231129403192
22,6,4 Heptanone,0,7,0.76278095552599
22,6,4 Heptanone,0,8,0.7667075078317531
22,6,4 Heptanone,0,9,0.7034074383556033
22,6,4 Heptanone,0,10,0.7653006722907278
22,6,4 Heptanone,0,11,0.6891189482408023
22,6,4 Heptanone,0,12,0.7198473900661315
22,6,4 Heptanone,0,13,0.787901273021955
22,6,4 Heptanone,0,14,0.7591426059345217
22,6,4 Heptanone,1,0,0.7641055852909441
22,6,4 Heptanone,1,1,0.7941431384506127
22,6,4 Heptanone,1,2,0.7738810076905999
22,6,4 Heptanone,1,3,0.7767878376948785
22,6,4 Heptanone,1,4,0.8025574386696107
22,6,4 Heptanone,1,5,0.7471899879744399
22,6,4 Heptanone,1,6,0.7778981538229928
22,6,4 Heptanone,1,7,0.763793969816539
22,6,4 Heptanone,1,8,0.712860562616795
22,6,4 Heptanone,1,9,0.7394664673508332
22,6,4 Heptanone,1,10,0.8390129554833584
22,6,4 Heptanone,1,11,0.7916736301842145
22,6,4 Heptanone,1,12,0.7233411655447496
22,6,4 Heptanone,1,13,0.7146705225668687
22,6,4 Heptanone,1,14,0.7717981415963818
22,7,33 Dimethyl Butyric Acid,0,0,0.7323988188897466
22,7,33 Dimethyl Butyric Acid,0,1,0.6624810321705131
22,7,33 Dimethyl Butyric Acid,0,2,0.7222313396988479
22,7,33 Dimethyl Butyric Acid,0,3,0.6840285883954336
22,7,33 Dimethyl Butyric Acid,0,4,0.688801375876523
22,7,33 Dimethyl Butyric Acid,0,5,0.6165225371905045
22,7,33 Dimethyl Butyric Acid,0,6,0.7074522744326776
22,7,33 Dimethyl Butyric Acid,0,7,0.656554076071743
22,7,33 Dimethyl Butyric Acid,0,8,0.7044750557071235
22,7,33 Dimethyl Butyric Acid,0,9,0.6373845582832427
22,7,33 Dimethyl Butyric Acid,0,10,0.6770333314630838
22,7,33 Dimethyl Butyric Acid,0,11,0.6840314757201925
22,7,33 Dimethyl Butyric Acid,0,12,0.6637900248996526
22,7,33 Dimethyl Butyric Acid,0,13,0.6861331652861336
22,7,33 Dimethyl Butyric Acid,0,14,0.6592954745549869
22,7,33 Dimethyl Butyric Acid,1,0,0.633396468105986
22,7,33 Dimethyl Butyric Acid,1,1,0.7235781935393958
22,7,33 Dimethyl Butyric Acid,1,2,0.7013169728820949
22,7,33 Dimethyl Butyric Acid,1,3,0.6289242684257101
22,7,33 Dimethyl Butyric Acid,1,4,0.6820966304514217
22,7,33 Dimethyl Butyric Acid,1,5,0.629651704039591
22,7,33 Dimethyl Butyric Acid,1,6,0.6119714724811443
22,7,33 Dimethyl Butyric Acid,1,7,0.7007112358835963
22,7,33 Dimethyl Butyric Acid,1,8,0.5911948732017409
22,7,33 Dimethyl Butyric Acid,1,9,0.6964330947706988
22,7,33 Dimethyl Butyric Acid,1,10,0.6492499657247148
22,7,33 Dimethyl Butyric Acid,1,11,0.650896994104416
22,7,33 Dimethyl Butyric Acid,1,12,0.6757489070125687
22,7,33 Dimethyl Butyric Acid,1,13,0.6826068107074073
22,7,33 Dimethyl Butyric Acid,1,14,0.6263051311544808
22,8,2 Methyl Butyraldehyde,0,0,0.7460420363995567
22,8,2 Methyl Butyraldehyde,0,1,0.7218678335705631
22,8,2 Methyl Butyraldehyde,0,2,0.6670908203348326
22,8,2 Methyl Butyraldehyde,0,3,0.7105380327063646
22,8,2 Methyl Butyraldehyde,0,4,0.7725841726719112
22,8,2 Methyl Butyraldehyde,0,5,0.784396803979382
22,8,2 Methyl Butyraldehyde,0,6,0.7460269503539012
22,8,2 Methyl Butyraldehyde,0,7,0.6697192725228194
22,8,2 Methyl Butyraldehyde,0,8,0.7369572881477897
22,8,2 Methyl Butyraldehyde,0,9,0.7513674482039219
22,8,2 Methyl Butyraldehyde,0,10,0.746361331382303
22,8,2 Methyl Butyraldehyde,0,11,0.7487311835970709
22,8,2 Methyl Butyraldehyde,0,12,0.7318635352194554
22,8,2 Methyl Butyraldehyde,0,13,0.7144365184963324
22,8,2 Methyl Butyraldehyde,0,14,0.6929983122133934
22,8,2 Methyl Butyraldehyde,1,0,0.6315978498162392
22,8,2 Methyl Butyraldehyde,1,1,0.7211009412248331
22,8,2 Methyl Butyraldehyde,1,2,0.7149573843023866
22,8,2 Methyl Butyraldehyde,1,3,0.7298183042692917
22,8,2 Methyl Butyraldehyde,1,4,0.6540135228245834
22,8,2 Methyl Butyraldehyde,1,5,0.7333159381289015
22,8,2 Methyl Butyraldehyde,1,6,0.7896970743411301
22,8,2 Methyl Butyraldehyde,1,7,0.7106532757874156
22,8,2 Methyl Butyraldehyde,1,8,0.7050486577880375
22,8,2 Methyl Butyraldehyde,1,9,0.7198753647997271
22,8,2 Methyl Butyraldehyde,1,10,0.7888087515447126
22,8,2 Methyl Butyraldehyde,1,11,0.6665693600883035
22,8,2 Methyl Butyraldehyde,1,12,0.7156435478920553
22,8,2 Methyl Butyraldehyde,1,13,0.6755289736643934
22,8,2 Methyl Butyraldehyde,1,14,0.6856350817224993
22,9,m Anisaldehyde,0,0,0.8098055141403413
22,9,m Anisaldehyde,0,1,0.8656820561201612
22,9,m Anisaldehyde,0,2,0.8838287504831683
22,9,m Anisaldehyde,0,3,0.8297148122406871
22,9,m Anisaldehyde,0,4,0.7967253375346794
22,9,m Anisaldehyde,0,5,0.9114986811211596
22,9,m Anisaldehyde,0,6,0.794686947202438
22,9,m Anisaldehyde,0,7,0.7889436898812294
22,9,m Anisaldehyde,0,8,0.7407914046724698
22,9,m Anisaldehyde,0,9,0.8676327892254087
22,9,m Anisaldehyde,0,10,0.8505189501504706
22,9,m Anisaldehyde,0,11,0.9085013479002767
22,9,m Anisaldehyde,0,12,0.7562081923668938
22,9,m Anisaldehyde,0,13,0.8701159587547833
22,9,m Anisaldehyde,0,14,0.814594547190264
22,9,m Anisaldehyde,1,0,0.8514877989117228
22,9,m Anisaldehyde,1,1,0.7533327045955385
22,9,m Anisaldehyde,1,2,0.8779670631463292
22,9,m Anisaldehyde,1,3,0.8507044602929905
22,9,m Anisaldehyde,1,4,0.8176873888482685
22,9,m Anisaldehyde,1,5,0.8450482977461622
22,9,m Anisaldehyde,1,6,0.7886239781980273
22,9,m Anisaldehyde,1,7,0.7960661868164494
22,9,m Anisaldehyde,1,8,0.8007060056947014
22,9,m Anisaldehyde,1,9,0.7451346757721061
22,9,m Anisaldehyde,1,10,0.853714130007852
22,9,m Anisaldehyde,1,11,0.8669075348070199
22,9,m Anisaldehyde,1,12,0.7911900242491636
22,9,m Anisaldehyde,1,13,0.8331719108775101
22,9,m Anisaldehyde,1,14,0.8086221712545478
24,0,"2,3 Pentanedione",0,0,0.8321299789008455
24,0,"2,3 Pentanedione",0,1,0.7938959307691631
24,0,"2,3 Pentanedione",0,2,0.7836620141740989
24,0,"2,3 Pentanedione",0,3,0.8610820158585539
24,0,"2,3 Pentanedione",0,4,0.8164441970126245
24,0,"2,3 Pentanedione",0,5,0.8998833784517433
24,0,"2,3 Pentanedione",0,6,0.8208514190093699
24,0,"2,3 Pentanedione",0,7,0.7819558988035845
24,0,"2,3 Pentanedione",0,8,0.8680766554750418
24,0,"2,3 Pentanedione",0,9,0.844231026983445
24,0,"2,3 Pentanedione",0,10,0.8480739349654611
24,0,"2,3 Pentanedione",0,11,0.866623047572321
24,0,"2,3 Pentanedione",0,12,0.7928871686637724
24,0,"2,3 Pentanedione",0,13,0.8139088880581927
24,0,"2,3 Pentanedione",0,14,0.8121410271580926
24,0,"2,3 Pentanedione",1,0,0.7606098650898043
24,0,"2,3 Pentanedione",1,1,0.8016961205600993
24,0,"2,3 Pentanedione",1,2,0.865694904881502
24,0,"2,3 Pentanedione",1,3,0.8217332507181829
24,0,"2,3 Pentanedione",1,4,0.7583972734526296
24,0,"2,3 Pentanedione",1,5,0.7500061500998317
24,0,"2,3 Pentanedione",1,6,0.8788307689163599
24,0,"2,3 Pentanedione",1,7,0.8086269661562239
24,0,"2,3 Pentanedione",1,8,0.7863433183383643
24,0,"2,3 Pentanedione",1,9,0.801280055970549
24,0,"2,3 Pentanedione",1,10,0.7531474163937358
24,0,"2,3 Pentanedione",1,11,0.8691635325468939
24,0,"2,3 Pentanedione",1,12,0.796517609062988
24,0,"2,3 Pentanedione",1,13,0.866935787675966
24,0,"2,3 Pentanedione",1,14,0.8143057951443217
24,1,3 Methylvaleric Acid,0,0,0.7982162455839479
24,1,3 Methylvaleric Acid,0,1,0.7513027465629336
24,1,3 Methylvaleric Acid,0,2,0.7751642731159732
24,1,3 Methylvaleric Acid,0,3,0.7697986884447438
24,1,3 Methylvaleric Acid,0,4,0.7659666092512891
24,1,3 Methylvaleric Acid,0,5,0.7549523456885187
24,1,3 Methylvaleric Acid,0,6,0.7317209379565869
24,1,3 Methylvaleric Acid,0,7,0.8176523542641246
24,1,3 Methylvaleric Acid,0,8,0.7047574871973742
24,1,3 Methylvaleric Acid,0,9,0.7412072722949367
24,1,3 Methylvaleric Acid,0,10,0.7416304016095141
24,1,3 Methylvaleric Acid,0,11,0.7571325967349511
24,1,3 Methylvaleric Acid,0,12,0.7238560607654302
24,1,3 Methylvaleric Acid,0,13,0.7536248188247937
24,1,3 Methylvaleric Acid,0,14,0.7342812631930916
24,1,3 Methylvaleric Acid,1,0,0.7077977236456692
24,1,3 Methylvaleric Acid,1,1,0.7714579157934589
24,1,3 Methylvaleric Acid,1,2,0.7270532110219791
24,1,3 Methylvaleric Acid,1,3,0.7017003938452291
24,1,3 Methylvaleric Acid,1,4,0.7765507571707605
24,1,3 Methylvaleric Acid,1,5,0.7905911580239677
24,1,3 Methylvaleric Acid,1,6,0.7921437460273681
24,1,3 Methylvaleric Acid,1,7,0.7937626526239728
24,1,3 Methylvaleric Acid,1,8,0.6937722635055606
24,1,3 Methylvaleric Acid,1,9,0.7166351472268863
24,1,3 Methylvaleric Acid,1,10,0.850016681815732
24,1,3 Methylvaleric Acid,1,11,0.7291874739401036
24,1,3 Methylvaleric Acid,1,12,0.7955094655886527
24,1,3 Methylvaleric Acid,1,13,0.7435983194765512
24,1,3 Methylvaleric Acid,1,14,0.7742627339138877
24,2,Acetic Acid,0,0,0.8442573285042813
24,2,Acetic Acid,0,1,0.8920491427800108
24,2,Acetic Acid,0,2,0.875058461287893
24,2,Acetic Acid,0,3,0.8516559056494557
24,2,Acetic Acid,0,4,0.8275806118079966
24,2,Acetic Acid,0,5,0.8802984644949254
24,2,Acetic Acid,0,6,0.8210787446335215
24,2,Acetic Acid,0,7,0.8866867382800586
24,2,Acetic Acid,0,8,0.974646892956701
24,2,Acetic Acid,0,9,0.9235942986457055
24,2,Acetic Acid,0,10,0.8983214120709916
24,2,Acetic Acid,0,11,0.8661632046855792
24,2,Acetic Acid,0,12,0.792037391515084
24,2,Acetic Acid,0,13,0.8166960407592176
24,2,Acetic Acid,0,14,0.9208992108393336
24,2,Acetic Acid,1,0,0.8658625064950957
24,2,Acetic Acid,1,1,0.869482665773525
24,2,Acetic Acid,1,2,0.890826730672726
24,2,Acetic Acid,1,3,0.8549708993462247
24,2,Acetic Acid,1,4,0.8483820003180214
24,2,Acetic Acid,1,5,0.89543378678883
24,2,Acetic Acid,1,6,0.8617915715132054
24,2,Acetic Acid,1,7,0.8678120065089311
24,2,Acetic Acid,1,8,0.8662051086542066
24,2,Acetic Acid,1,9,0.9183471582534656
24,2,Acetic Acid,1,10,0.8881677220802726
24,2,Acetic Acid,1,11,0.8903098709843327
24,2,Acetic Acid,1,12,0.9213305855924422
24,2,Acetic Acid,1,13,0.8917711653707693
24,2,Acetic Acid,1,14,0.8863225989618
24,3,Gerinol,0,0,0.7657366960387757
24,3,Gerinol,0,1,0.7736465955582741
24,3,Gerinol,0,2,0.7410357418356247
24,3,Gerinol,0,3,0.7501429928407898
24,3,Gerinol,0,4,0.7156470726266357
24,3,Gerinol,0,5,0.7124913600893878
24,3,Gerinol,0,6,0.7776845818946412
24,3,Gerinol,0,7,0.7647163643177538
24,3,Gerinol,0,8,0.7651306193526319
24,3,Gerinol,0,9,0.7581528557649898
24,3,Gerinol,0,10,0.748766812848567
24,3,Gerinol,0,11,0.7747751574488797
24,3,Gerinol,0,12,0.7843230322568803
24,3,Gerinol,0,13,0.7833678020235948
24,3,Gerinol,0,14,0.7428875651781294
24,3,Gerinol,1,0,0.7933929745159843
24,3,Gerinol,1,1,0.7470516925889237
24,3,Gerinol,1,2,0.7632083130222628
24,3,Gerinol,1,3,0.749196780953026
24,3,Gerinol,1,4,0.7477935336189978
24,3,Gerinol,1,5,0.7084831857096181
24,3,Gerinol,1,6,0.7659672988534239
24,3,Gerinol,1,7,0.8517250411159364
24,3,Gerinol,1,8,0.7229214623280276
24,3,Gerinol,1,9,0.7407530539366288
24,3,Gerinol,1,10,0.7200650547457403
24,3,Gerinol,1,11,0.7183924692571535
24,3,Gerinol,1,12,0.7996912444443778
24,3,Gerinol,1,13,0.7109944246105323
24,3,Gerinol,1,14,0.7189500463849764
24,4,n Methyl Piperdine,0,0,0.6440156759428505
24,4,n Methyl Piperdine,0,1,0.6772109199104126
24,4,n Methyl Piperdine,0,2,0.6391793931739687
24,4,n Methyl Piperdine,0,3,0.7327875768605797
24,4,n Methyl Piperdine,0,4,0.819503277765595
24,4,n Methyl Piperdine,0,5,0.6928482371460817
24,4,n Methyl Piperdine,0,6,0.640845071572493
24,4,n Methyl Piperdine,0,7,0.7435153754692918
24,4,n Methyl Piperdine,0,8,0.6784383905348963
24,4,n Methyl Piperdine,0,9,0.7594892661142442
24,4,n Methyl Piperdine,0,10,0.6962342269805047
24,4,n Methyl Piperdine,0,11,0.6822427613287912
24,4,n Methyl Piperdine,0,12,0.7003970866622751
24,4,n Methyl Piperdine,0,13,0.73782645932955
24,4,n Methyl Piperdine,0,14,0.6984185636618763
24,4,n Methyl Piperdine,1,0,0.6651040927152765
24,4,n Methyl Piperdine,1,1,0.6770198167078698
24,4,n Methyl Piperdine,1,2,0.6340988734469893
24,4,n Methyl Piperdine,1,3,0.700854344918784
24,4,n Methyl Piperdine,1,4,0.6135040170732283
24,4,n Methyl Piperdine,1,5,0.6672082226524041
24,4,n Methyl Piperdine,1,6,0.7153484891802544
24,4,n Methyl Piperdine,1,7,0.6970950121443333
24,4,n Methyl Piperdine,1,8,0.7085859037464803
24,4,n Methyl Piperdine,1,9,0.6823712539182724
24,4,n Methyl Piperdine,1,10,0.7317629280664454
24,4,n Methyl Piperdine,1,11,0.7219610486978164
24,4,n Methyl Piperdine,1,12,0.7028187209969317
24,4,n Methyl Piperdine,1,13,0.7220749119195664
24,4,n Methyl Piperdine,1,14,0.7149900230031677
24,5,"2,4 Dimethyl Acetophenone",0,0,0.8024936481740594
24,5,"2,4 Dimethyl Acetophenone",0,1,0.7663162322402818
24,5,"2,4 Dimethyl Acetophenone",0,2,0.83688667374164
24,5,"2,4 Dimethyl Acetophenone",0,3,0.8419157579411922
24,5,"2,4 Dimethyl Acetophenone",0,4,0.8636910683534778
24,5,"2,4 Dimethyl Acetophenone",0,5,0.7826193377061234
24,5,"2,4 Dimethyl Acetophenone",0,6,0.7838149463368486
24,5,"2,4 Dimethyl Acetophenone",0,7,0.8384681993602459
24,5,"2,4 Dimethyl Acetophenone",0,8,0.8172255091538116
24,5,"2,4 Dimethyl Acetophenone",0,9,0.74464172428509
24,5,"2,4 Dimethyl Acetophenone",0,10,0.8350765152581027
24,5,"2,4 Dimethyl Acetophenone",0,11,0.7459752721083769
24,5,"2,4 Dimethyl Acetophenone",0,12,0.782261926633
24,5,"2,4 Dimethyl Acetophenone",0,13,0.8741394436223393
24,5,"2,4 Dimethyl Acetophenone",0,14,0.8930673494202197
24,5,"2,4 Dimethyl Acetophenone",1,0,0.7700730247607135
24,5,"2,4 Dimethyl Acetophenone",1,1,0.8055236180030841
24,5,"2,4 Dimethyl Acetophenone",1,2,0.8204041804227402
24,5,"2,4 Dimethyl Acetophenone",1,3,0.8899483566028547
24,5,"2,4 Dimethyl Acetophenone",1,4,0.7989845215866159
24,5,"2,4 Dimethyl Acetophenone",1,5,0.7996239185782609
24,5,"2,4 Dimethyl Acetophenone",1,6,0.8806483018381064
24,5,"2,4 Dimethyl Acetophenone",1,7,0.8037077133908617
24,5,"2,4 Dimethyl Acetophenone",1,8,0.8475873478582503
24,5,"2,4 Dimethyl Acetophenone",1,9,0.7596135608950949
24,5,"2,4 Dimethyl Acetophenone",1,10,0.811849969735899
24,5,"2,4 Dimethyl Acetophenone",1,11,0.7523154059665358
24,5,"2,4 Dimethyl Acetophenone",1,12,0.7764819282613638
24,5,"2,4 Dimethyl Acetophenone",1,13,0.8522673337056825
24,5,"2,4 Dimethyl Acetophenone",1,14,0.8167030638561235
24,6,4 Heptanone,0,0,0.7949207762539521
24,6,4 Heptanone,0,1,0.7777350209168343
24,6,4 Heptanone,0,2,0.7988587629464198
24,6,4 Heptanone,0,3,0.8197295325600988
24,6,4 Heptanone,0,4,0.8470016541345415
24,6,4 Heptanone,0,5,0.702679138512199
24,6,4 Heptanone,0,6,0.7744145589055587
24,6,4 Heptanone,0,7,0.8140488555636313
24,6,4 Heptanone,0,8,0.8037304812375796
24,6,4 Heptanone,0,9,0.8238200555771401
24,6,4 Heptanone,0,10,0.8183866173211332
24,6,4 Heptanone,0,11,0.7954902913563348
24,6,4 Heptanone,0,12,0.786610878036584
24,6,4 Heptanone,0,13,0.7978649462866511
24,6,4 Heptanone,0,14,0.8536346998689808
24,6,4 Heptanone,1,0,0.7814320655563775
24,6,4 Heptanone,1,1,0.8082001139468479
24,6,4 Heptanone,1,2,0.8180460714325429
24,6,4 Heptanone,1,3,0.8731264200675843
24,6,4 Heptanone,1,4,0.7987000525431536
24,6,4 Heptanone,1,5,0.8490646491130445
24,6,4 Heptanone,1,6,0.859991559003207
24,6,4 Heptanone,1,7,0.8081622122729801
24,6,4 Heptanone,1,8,0.8022836237095355
24,6,4 Heptanone,1,9,0.7975502359906774
24,6,4 Heptanone,1,10,0.8004794575029027
24,6,4 Heptanone,1,11,0.8448819772956794
24,6,4 Heptanone,1,12,0.8199527819628266
24,6,4 Heptanone,1,13,0.8201239712394008
24,6,4 Heptanone,1,14,0.7657034424574126
24,7,33 Dimethyl Butyric Acid,0,0,0.7099196193157018
24,7,33 Dimethyl Butyric Acid,0,1,0.8343570954017905
24,7,33 Dimethyl Butyric Acid,0,2,0.7415061933991637
24,7,33 Dimethyl Butyric Acid,0,3,0.7176283425875768
24,7,33 Dimethyl Butyric Acid,0,4,0.8058631890342831
24,7,33 Dimethyl Butyric Acid,0,5,0.7598915643580533
24,7,33 Dimethyl Butyric Acid,0,6,0.771745419085292
24,7,33 Dimethyl Butyric Acid,0,7,0.7430973393994499
24,7,33 Dimethyl Butyric Acid,0,8,0.735872298787639
24,7,33 Dimethyl Butyric Acid,0,9,0.7418357675108196
24,7,33 Dimethyl Butyric Acid,0,10,0.6933096955987661
24,7,33 Dimethyl Butyric Acid,0,11,0.7451021260339153
24,7,33 Dimethyl Butyric Acid,0,12,0.7604605454924159
24,7,33 Dimethyl Butyric Acid,0,13,0.8226377517644614
24,7,33 Dimethyl Butyric Acid,0,14,0.7520591850109198
24,7,33 Dimethyl Butyric Acid,1,0,0.6542008455248258
24,7,33 Dimethyl Butyric Acid,1,1,0.7438085099018531
24,7,33 Dimethyl Butyric Acid,1,2,0.8571480925375702
24,7,33 Dimethyl Butyric Acid,1,3,0.7822225766126396
24,7,33 Dimethyl Butyric Acid,1,4,0.7151323694608944
24,7,33 Dimethyl Butyric Acid,1,5,0.7712121877904603
24,7,33 Dimethyl Butyric Acid,1,6,0.7178873902176484
24,7,33 Dimethyl Butyric Acid,1,7,0.6934156264313637
24,7,33 Dimethyl Butyric Acid,1,8,0.7336331526838751
24,7,33 Dimethyl Butyric Acid,1,9,0.7512289847827924
24,7,33 Dimethyl Butyric Acid,1,10,0.6726817071159021
24,7,33 Dimethyl Butyric Acid,1,11,0.7016015555916926
24,7,33 Dimethyl Butyric Acid,1,12,0.7479813497405322
24,7,33 Dimethyl Butyric Acid,1,13,0.7312410001736798
24,7,33 Dimethyl Butyric Acid,1,14,0.7633603780590816
24,8,2 Methyl Butyraldehyde,0,0,0.7465228592444308
24,8,2 Methyl Butyraldehyde,0,1,0.8236741422789053
24,8,2 Methyl Butyraldehyde,0,2,0.7477592284543655
24,8,2 Methyl Butyraldehyde,0,3,0.8608189644142785
24,8,2 Methyl Butyraldehyde,0,4,0.7264792609616406
24,8,2 Methyl Butyraldehyde,0,5,0.7514074215214368
24,8,2 Methyl Butyraldehyde,0,6,0.8118044244580465
24,8,2 Methyl Butyraldehyde,0,7,0.8616789223966788
24,8,2 Methyl Butyraldehyde,0,8,0.8077113137814201
24,8,2 Methyl Butyraldehyde,0,9,0.8176239091440689
24,8,2 Methyl Butyraldehyde,0,10,0.7958110684036956
24,8,2 Methyl Butyraldehyde,0,11,0.7540536541721655
24,8,2 Methyl Butyraldehyde,0,12,0.775504058407198
24,8,2 Methyl Butyraldehyde,0,13,0.7466332035375222
24,8,2 Methyl Butyraldehyde,0,14,0.7439611936256983
24,8,2 Methyl Butyraldehyde,1,0,0.7862837996668522
24,8,2 Methyl Butyraldehyde,1,1,0.7252867236105439
24,8,2 Methyl Butyraldehyde,1,2,0.7829960031629968
24,8,2 Methyl Butyraldehyde,1,3,0.7181409328052185
24,8,2 Methyl Butyraldehyde,1,4,0.7820691636987326
24,8,2 Methyl Butyraldehyde,1,5,0.7506665401355439
24,8,2 Methyl Butyraldehyde,1,6,0.8264784642400882
24,8,2 Methyl Butyraldehyde,1,7,0.7831625987172249
24,8,2 Methyl Butyraldehyde,1,8,0.819645158613828
24,8,2 Methyl Butyraldehyde,1,9,0.7399879742370546
24,8,2 Methyl Butyraldehyde,1,10,0.772459576503829
24,8,2 Methyl Butyraldehyde,1,11,0.7309703565694112
24,8,2 Methyl Butyraldehyde,1,12,0.7536696331842856
24,8,2 Methyl Butyraldehyde,1,13,0.7597296739842772
24,8,2 Methyl Butyraldehyde,1,14,0.7411795140665768
24,9,m Anisaldehyde,0,0,0.8380747286566823
24,9,m Anisaldehyde,0,1,0.830154150064404
24,9,m Anisaldehyde,0,2,0.7931049183822142
24,9,m Anisaldehyde,0,3,0.8444409844703717
24,9,m Anisaldehyde,0,4,0.9117945988773839
24,9,m Anisaldehyde,0,5,0.8227549017299788
24,9,m Anisaldehyde,0,6,0.8319699291603778
24,9,m Anisaldehyde,0,7,0.9583307858598267
24,9,m Anisaldehyde,0,8,0.8612350010165799
24,9,m Anisaldehyde,0,9,0.8995366833771035
24,9,m Anisaldehyde,0,10,0.9123875288705299
24,9,m Anisaldehyde,0,11,0.9131958882017612
24,9,m Anisaldehyde,0,12,0.8258022737861876
24,9,m Anisaldehyde,0,13,0.8774524558145305
24,9,m Anisaldehyde,0,14,0.8219657522297744
24,9,m Anisaldehyde,1,0,0.9563056079540825
24,9,m Anisaldehyde,1,1,0.7946578830370455
24,9,m Anisaldehyde,1,2,0.8165392848428767
24,9,m Anisaldehyde,1,3,0.8168288594040093
24,9,m Anisaldehyde,1,4,0.7985864745287543
24,9,m Anisaldehyde,1,5,0.9125566499879313
24,9,m Anisaldehyde,1,6,0.9553508096410094
24,9,m Anisaldehyde,1,7,0.8394229288251648
24,9,m Anisaldehyde,1,8,0.8056359677238931
24,9,m Anisaldehyde,1,9,0.7689758736486286
24,9,m Anisaldehyde,1,10,0.8486885448567855
24,9,m Anisaldehyde,1,11,0.8457982766712118
24,9,m Anisaldehyde,1,12,0.8324010485432637
24,9,m Anisaldehyde,1,13,0.8673079037567186
24,9,m Anisaldehyde,1,14,0.874259819310289
26,0,"2,3 Pentanedione",0,0,0.9104692811396912
26,0,"2,3 Pentanedione",0,1,0.8849009559434357
26,0,"2,3 Pentanedione",0,2,0.8534810776392047
26,0,"2,3 Pentanedione",0,3,0.9241792747344437
26,0,"2,3 Pentanedione",0,4,0.8980465011990363
26,0,"2,3 Pentanedione",0,5,0.9330802518155611
26,0,"2,3 Pentanedione",0,6,0.9291489728010643
26,0,"2,3 Pentanedione",0,7,0.8406754680602905
26,0,"2,3 Pentanedione",0,8,0.8401770625238709
26,0,"2,3 Pentanedione",0,9,0.8673243220725539
26,0,"2,3 Pentanedione",0,10,0.8552953344905484
26,0,"2,3 Pentanedione",0,11,0.9277560218612191
26,0,"2,3 Pentanedione",0,12,0.9115983378616918
26,0,"2,3 Pentanedione",0,13,0.9415133105735876
26,0,"2,3 Pentanedione",0,14,0.9134054235186119
26,0,"2,3 Pentanedione",1,0,0.8741615222389888
26,0,"2,3 Pentanedione",1,1,0.9138047301778208
26,0,"2,3 Pentanedione",1,2,0.884604632553456
26,0,"2,3 Pentanedione",1,3,0.8685395775015627
26,0,"2,3 Pentanedione",1,4,0.9250336603212814
26,0,"2,3 Pentanedione",1,5,0.8704227742901656
26,0,"2,3 Pentanedione",1,6,0.8536419147673372
26,0,"2,3 Pentanedione",1,7,0.832302608612948
26,0,"2,3 Pentanedione",1,8,0.8939365573258705
26,0,"2,3 Pentanedione",1,9,0.9152975606377528
26,0,"2,3 Pentanedione",1,10,0.8637920429067169
26,0,"2,3 Pentanedione",1,11,0.9181321639152475
26,0,"2,3 Pentanedione",1,12,0.7870149376851909
26,0,"2,3 Pentanedione",1,13,0.8635974039717375
26,0,"2,3 Pentanedione",1,14,0.8642117424798765
26,1,3 Methylvaleric Acid,0,0,0.7546617625223168
26,1,3 Methylvaleric Acid,0,1,0.8790959789378856
26,1,3 Methylvaleric Acid,0,2,0.7810938321110602
26,1,3 Methylvaleric Acid,0,3,0.7674323065544333
26,1,3 Methylvaleric Acid,0,4,0.7847800219559509
26,1,3 Methylvaleric Acid,0,5,0.7036289878775774
26,1,3 Methylvaleric Acid,0,6,0.753346820404814
26,1,3 Methylvaleric Acid,0,7,0.8230711361964268
26,1,3 Methylvaleric Acid,0,8,0.7585837232212996
26,1,3 Methylvaleric Acid,0,9,0.7505865309065998
26,1,3 Methylvaleric Acid,0,10,0.8361225628791866
26,1,3 Methylvaleric Acid,0,11,0.8373517134566838
26,1,3 Methylvaleric Acid,0,12,0.8044211563050564
26,1,3 Methylvaleric Acid,0,13,0.765536844057064
26,1,3 Methylvaleric Acid,0,14,0.7741626948139577
26,1,3 Methylvaleric Acid,1,0,0.7628076533213438
26,1,3 Methylvaleric Acid,1,1,0.7551827270231964
26,1,3 Methylvaleric Acid,1,2,0.753196992252005
26,1,3 Methylvaleric Acid,1,3,0.7702514755129339
26,1,3 Methylvaleric Acid,1,4,0.7535848121569524
26,1,3 Methylvaleric Acid,1,5,0.7324254470426163
26,1,3 Methylvaleric Acid,1,6,0.8037497585744985
26,1,3 Methylvaleric Acid,1,7,0.8043574750200797
26,1,3 Methylvaleric Acid,1,8,0.8630053621214749
26,1,3 Methylvaleric Acid,1,9,0.7682401170501542
26,1,3 Methylvaleric Acid,1,10,0.8068176753692731
26,1,3 Methylvaleric Acid,1,11,0.8074821549553343
26,1,3 Methylvaleric Acid,1,12,0.7848201493393209
26,1,3 Methylvaleric Acid,1,13,0.8247469953343293
26,1,3 Methylvaleric Acid,1,14,0.8259828192583708
26,2,Acetic Acid,0,0,0.9338862038045326
26,2,Acetic Acid,0,1,0.9105641717947192
26,2,Acetic Acid,0,2,0.9064885556544496
26,2,Acetic Acid,0,3,0.8660796040447486
26,2,Acetic Acid,0,4,0.8885530488519233
26,2,Acetic Acid,0,5,0.8959094590405635
26,2,Acetic Acid,0,6,0.8758308894994536
26,2,Acetic Acid,0,7,0.9383867186641376
26,2,Acetic Acid,0,8,0.9686548747561115
26,2,Acetic Acid,0,9,0.884467262703465
26,2,Acetic Acid,0,10,0.9321274174264165
26,2,Acetic Acid,0,11,0.8794253144154426
26,2,Acetic Acid,0,12,0.9085928731590645
26,2,Acetic Acid,0,13,0.89317657682952
26,2,Acetic Acid,0,14,0.9448655859408887
26,2,Acetic Acid,1,0,0.8818565015674853
26,2,Acetic Acid,1,1,0.9494744450694382
26,2,Acetic Acid,1,2,0.8991791975746845
26,2,Acetic Acid,1,3,0.8830238801373791
26,2,Acetic Acid,1,4,0.8588758180273659
26,2,Acetic Acid,1,5,0.9191362089329864
26,2,Acetic Acid,1,6,0.9448167646102196
26,2,Acetic Acid,1,7,0.9199408787826473
26,2,Acetic Acid,1,8,0.9985612951777494
26,2,Acetic Acid,1,9,0.9661995266199891
26,2,Acetic Acid,1,10,0.8967069179324918
26,2,Acetic Acid,1,11,0.8962869311688896
26,2,Acetic Acid,1,12,0.9277958973005865
26,2,Acetic Acid,1,13,0.875487261304145
26,2,Acetic Acid,1,14,0.9556595607824718
26,3,Gerinol,0,0,0.8008420768883816
26,3,Gerinol,0,1,0.7966364124489795
26,3,Gerinol,0,2,0.8138562027254709
26,3,Gerinol,0,3,0.8552912513494006
26,3,Gerinol,0,4,0.7932162701021385
26,3,Gerinol,0,5,0.7818564411797829
26,3,Gerinol,0,6,0.8467268409475414
26,3,Gerinol,0,7,0.8250800726542836
26,3,Gerinol,0,8,0.7735388623992894
26,3,Gerinol,0,9,0.7865855139609991
26,3,Gerinol,0,10,0.7941932926521902
26,3,Gerinol,0,11,0.8008505737988376
26,3,Gerinol,0,12,0.7321140619770737
26,3,Gerinol,0,13,0.7246786717025758
26,3,Gerinol,0,14,0.7508824551345401
26,3,Gerinol,1,0,0.7483691045745455
26,3,Gerinol,1,1,0.761205681736099
26,3,Gerinol,1,2,0.8123470679785993
26,3,Gerinol,1,3,0.7802014760420096
26,3,Gerinol,1,4,0.7948144264954067
26,3,Gerinol,1,5,0.7379865058933087
26,3,Gerinol,1,6,0.7684929541781613
26,3,Gerinol,1,7,0.8104489487647928
26,3,Gerinol,1,8,0.8107567406220713
26,3,Gerinol,1,9,0.7579756891674828
26,3,Gerinol,1,10,0.7934251377501813
26,3,Gerinol,1,11,0.8749125564342924
26,3,Gerinol,1,12,0.7862547251247737
26,3,Gerinol,1,13,0.7592311644493014
26,3,Gerinol,1,14,0.7800081467205128
26,4,n Methyl Piperdine,0,0,0.7381057888497294
26,4,n Methyl Piperdine,0,1,0.7283719693210342
26,4,n Methyl Piperdine,0,2,0.7331645165215961
26,4,n Methyl Piperdine,0,3,0.6766808326711826
26,4,n Methyl Piperdine,0,4,0.6959134855452181
26,4,n Methyl Piperdine,0,5,0.7284452950657963
26,4,n Methyl Piperdine,0,6,0.7278079857477587
26,4,n Methyl Piperdine,0,7,0.7117711335542561
26,4,n Methyl Piperdine,0,8,0.7273381611055987
26,4,n Methyl Piperdine,0,9,0.7368592987652244
26,4,n Methyl Piperdine,0,10,0.7699952428096372
26,4,n Methyl Piperdine,0,11,0.7304502351396142
26,4,n Methyl Piperdine,0,12,0.7503828327605863
26,4,n Methyl Piperdine,0,13,0.7127546924912993
26,4,n Methyl Piperdine,0,14,0.7573025334925955
26,4,n Methyl Piperdine,1,0,0.7312102241546964
26,4,n Methyl Piperdine,1,1,0.7508136923773949
26,4,n Methyl Piperdine,1,2,0.7447194307479816
26,4,n Methyl Piperdine,1,3,0.739730437165448
26,4,n Methyl Piperdine,1,4,0.7122443159038909
26,4,n Methyl Piperdine,1,5,0.7259785813319809
26,4,n Methyl Piperdine,1,6,0.7587213693882632
26,4,n Methyl Piperdine,1,7,0.6900980294740904
26,4,n Methyl Piperdine,1,8,0.6910447011023275
26,4,n Methyl Piperdine,1,9,0.7234382681682167
26,4,n Methyl Piperdine,1,10,0.7327921998608202
26,4,n Methyl Piperdine,1,11,0.683216752279642
26,4,n Methyl Piperdine,1,12,0.7131905097136698
26,4,n Methyl Piperdine,1,13,0.7124210612810508
26,4,n Methyl Piperdine,1,14,0.6275698076260633
26,5,"2,4 Dimethyl Acetophenone",0,0,0.8679268878986175
26,5,"2,4 Dimethyl Acetophenone",0,1,0.8704179341550292
26,5,"2,4 Dimethyl Acetophenone",0,2,0.8702989297560471
26,5,"2,4 Dimethyl Acetophenone",0,3,0.9333472184520586
26,5,"2,4 Dimethyl Acetophenone",0,4,0.8280787155286129
26,5,"2,4 Dimethyl Acetophenone",0,5,0.8437257446207833
26,5,"2,4 Dimethyl Acetophenone",0,6,0.7722228155361945
26,5,"2,4 Dimethyl Acetophenone",0,7,0.8574739808220022
26,5,"2,4 Dimethyl Acetophenone",0,8,0.8608849053039278
26,5,"2,4 Dimethyl Acetophenone",0,9,0.8563115604155976
26,5,"2,4 Dimethyl Acetophenone",0,10,0.9210177410483182
26,5,"2,4 Dimethyl Acetophenone",0,11,0.9111353483624464
26,5,"2,4 Dimethyl Acetophenone",0,12,0.87982491643966
26,5,"2,4 Dimethyl Acetophenone",0,13,0.8618861253273734
26,5,"2,4 Dimethyl Acetophenone",0,14,0.9177582341932424
26,5,"2,4 Dimethyl Acetophenone",1,0,0.8717892810263864
26,5,"2,4 Dimethyl Acetophenone",1,1,0.8398487938630821
26,5,"2,4 Dimethyl Acetophenone",1,2,0.8039296483204383
26,5,"2,4 Dimethyl Acetophenone",1,3,0.8549270156639931
26,5,"2,4 Dimethyl Acetophenone",1,4,0.9027653401067248
26,5,"2,4 Dimethyl Acetophenone",1,5,0.963641143001544
26,5,"2,4 Dimethyl Acetophenone",1,6,0.8750440092673994
26,5,"2,4 Dimethyl Acetophenone",1,7,0.8419653748150083
26,5,"2,4 Dimethyl Acetophenone",1,8,0.8251809870884519
26,5,"2,4 Dimethyl Acetophenone",1,9,0.8946577912720444
26,5,"2,4 Dimethyl Acetophenone",1,10,0.8019949533244497
26,5,"2,4 Dimethyl Acetophenone",1,11,0.894593399476016
26,5,"2,4 Dimethyl Acetophenone",1,12,0.905288059670337
26,5,"2,4 Dimethyl Acetophenone",1,13,0.8900307735491351
26,5,"2,4 Dimethyl Acetophenone",1,14,0.8637931285422782
26,6,4 Heptanone,0,0,0.8522160601288258
26,6,4 Heptanone,0,1,0.8364559688320852
26,6,4 Heptanone,0,2,0.7984934803125295
26,6,4 Heptanone,0,3,0.9036349268819542
26,6,4 Heptanone,0,4,0.8155512588025325
26,6,4 Heptanone,0,5,0.8606485260049496
26,6,4 Heptanone,0,6,0.7328738626791247
26,6,4 Heptanone,0,7,0.8806772692981903
26,6,4 Heptanone,0,8,0.8883689837731364
26,6,4 Heptanone,0,9,0.8308117854720187
26,6,4 Heptanone,0,10,0.8519692753764636
26,6,4 Heptanone,0,11,0.8519590412512558
26,6,4 Heptanone,0,12,0.8039070912013242
26,6,4 Heptanone,0,13,0.8515033262045268
26,6,4 Heptanone,0,14,0.797273215192051
26,6,4 Heptanone,1,0,0.8295377096094224
26,6,4 Heptanone,1,1,0.8989657122837273
26,6,4 Heptanone,1,2,0.8928742941832436
26,6,4 Heptanone,1,3,0.8256329664706037
26,6,4 Heptanone,1,4,0.8245449328151938
26,6,4 Heptanone,1,5,0.8280641224569285
26,6,4 Heptanone,1,6,0.8831935692138551
26,6,4 Heptanone,1,7,0.8138885953228195
26,6,4 Heptanone,1,8,0.8681564921166736
26,6,4 Heptanone,1,9,0.8837618589806072
26,6,4 Heptanone,1,10,0.8503581685435114
26,6,4 Heptanone,1,11,0.8942905344298325
26,6,4 Heptanone,1,12,0.8417155797756437
26,6,4 Heptanone,1,13,0.8453337625154789
26,6,4 Heptanone,1,14,0.8147981373099612
26,7,33 Dimethyl Butyric Acid,0,0,0.8086274791940393
26,7,33 Dimethyl Butyric Acid,0,1,0.7372795674100763
26,7,33 Dimethyl Butyric Acid,0,2,0.7819312579978335
26,7,33 Dimethyl Butyric Acid,0,3,0.7650877426041938
26,7,33 Dimethyl Butyric Acid,0,4,0.7258290627647647
26,7,33 Dimethyl Butyric Acid,0,5,0.7435762595362984
26,7,33 Dimethyl Butyric Acid,0,6,0.8232552748508605
26,7,33 Dimethyl Butyric Acid,0,7,0.7760066869946104
26,7,33 Dimethyl Butyric Acid,0,8,0.7275743716345575
26,7,33 Dimethyl Butyric Acid,0,9,0.7801535167831788
26,7,33 Dimethyl Butyric Acid,0,10,0.7620958240254494
26,7,33 Dimethyl Butyric Acid,0,11,0.9061022413789984
26,7,33 Dimethyl Butyric Acid,0,12,0.779345338942922
26,7,33 Dimethyl Butyric Acid,0,13,0.7527153914065766
26,7,33 Dimethyl Butyric Acid,0,14,0.8247415020007153
26,7,33 Dimethyl Butyric Acid,1,0,0.6835261957950879
26,7,33 Dimethyl Butyric Acid,1,1,0.7609404487420456
26,7,33 Dimethyl Butyric Acid,1,2,0.8369447822740446
26,7,33 Dimethyl Butyric Acid,1,3,0.7525196711124116
26,7,33 Dimethyl Butyric Acid,1,4,0.6878356007008786
26,7,33 Dimethyl Butyric Acid,1,5,0.7413309239103778
26,7,33 Dimethyl Butyric Acid,1,6,0.8153483641251632
26,7,33 Dimethyl Butyric Acid,1,7,0.7722104263396325
26,7,33 Dimethyl Butyric Acid,1,8,0.723613398106301
26,7,33 Dimethyl Butyric Acid,1,9,0.7297579301996407
26,7,33 Dimethyl Butyric Acid,1,10,0.7347796316408092
26,7,33 Dimethyl Butyric Acid,1,11,0.7716155578489615
26,7,33 Dimethyl Butyric Acid,1,12,0.8106954878043479
26,7,33 Dimethyl Butyric Acid,1,13,0.7992645629987686
26,7,33 Dimethyl Butyric Acid,1,14,0.7754081297711668
26,8,2 Methyl Butyraldehyde,0,0,0.782303907102524
26,8,2 Methyl Butyraldehyde,0,1,0.7824523969450856
26,8,2 Methyl Butyraldehyde,0,2,0.8568997783533738
26,8,2 Methyl Butyraldehyde,0,3,0.7817508535875075
26,8,2 Methyl Butyraldehyde,0,4,0.8265470166620791
26,8,2 Methyl Butyraldehyde,0,5,0.8477357153522703
26,8,2 Methyl Butyraldehyde,0,6,0.7900659376903157
26,8,2 Methyl Butyraldehyde,0,7,0.7945992041304687
26,8,2 Methyl Butyraldehyde,0,8,0.8318048549221105
26,8,2 Methyl Butyraldehyde,0,9,0.8557157090057854
26,8,2 Methyl Butyraldehyde,0,10,0.8780304483213736
26,8,2 Methyl Butyraldehyde,0,11,0.8598518348956453
26,8,2 Methyl Butyraldehyde,0,12,0.838515961304511
26,8,2 Methyl Butyraldehyde,0,13,0.8057219073625412
26,8,2 Methyl Butyraldehyde,0,14,0.7927334176710424
26,8,2 Methyl Butyraldehyde,1,0,0.7776881829074179
26,8,2 Methyl Butyraldehyde,1,1,0.8145206898398065
26,8,2 Methyl Butyraldehyde,1,2,0.8115882147056775
26,8,2 Methyl Butyraldehyde,1,3,0.7141271870115788
26,8,2 Methyl Butyraldehyde,1,4,0.7666961853098837
26,8,2 Methyl Butyraldehyde,1,5,0.84630356850483
26,8,2 Methyl Butyraldehyde,1,6,0.8012918683527493
26,8,2 Methyl Butyraldehyde,1,7,0.7414429099164643
26,8,2 Methyl Butyraldehyde,1,8,0.8923561137045098
26,8,2 Methyl Butyraldehyde,1,9,0.7969655971479932
26,8,2 Methyl Butyraldehyde,1,10,0.8134966248131201
26,8,2 Methyl Butyraldehyde,1,11,0.8141042566823892
26,8,2 Methyl Butyraldehyde,1,12,0.7834194477941764
26,8,2 Methyl Butyraldehyde,1,13,0.7690203191677281
26,8,2 Methyl Butyraldehyde,1,14,0.8829902658432214
26,9,m Anisaldehyde,0,0,0.9557598643851671
26,9,m Anisaldehyde,0,1,0.9485091176448042
26,9,m Anisaldehyde,0,2,0.9386831972691856
26,9,m Anisaldehyde,0,3,0.8754989339859898
26,9,m Anisaldehyde,0,4,0.9667328372700681
26,9,m Anisaldehyde,0,5,0.8819063232799872
26,9,m Anisaldehyde,0,6,0.926963101526483
26,9,m Anisaldehyde,0,7,0.8500560333818744
26,9,m Anisaldehyde,0,8,0.8339972755745564
26,9,m Anisaldehyde,0,9,0.9283632777065817
26,9,m Anisaldehyde,0,10,0.8832676589126608
26,9,m Anisaldehyde,0,11,0.8360649267485663
26,9,m Anisaldehyde,0,12,0.9372560097183401
26,9,m Anisaldehyde,0,13,1.0004348604424886
26,9,m Anisaldehyde,0,14,0.9712140399436596
26,9,m Anisaldehyde,1,0,0.8742214451287519
26,9,m Anisaldehyde,1,1,0.8848679728072567
26,9,m Anisaldehyde,1,2,0.9200224108107353
26,9,m Anisaldehyde,1,3,0.929399281332775
26,9,m Anisaldehyde,1,4,0.8707727317863508
26,9,m Anisaldehyde,1,5,0.8858812691683619
26,9,m Anisaldehyde,1,6,0.8965387528099603
26,9,m Anisaldehyde,1,7,0.9066692133505321
26,9,m Anisaldehyde,1,8,0.8791911028589281
26,9,m Anisaldehyde,1,9,0.8797107507366291
26,9,m Anisaldehyde,1,10,0.9397074537295543
26,9,m Anisaldehyde,1,11,0.9328949886370943
26,9,m Anisaldehyde,1,12,0.9036105834768223
26,9,m Anisaldehyde,1,13,0.953278523340296
26,9,m Anisaldehyde,1,14,0.8690563300503221
28,0,"2,3 Pentanedione",0,0,0.9465745294327168
28,0,"2,3 Pentanedione",0,1,0.9033562092289635
28,0,"2,3 Pentanedione",0,2,1.0124966363761252
28,0,"2,3 Pentanedione",0,3,0.8339563144162424
28,0,"2,3 Pentanedione",0,4,0.8540817813988479
28,0,"2,3 Pentanedione",0,5,0.8984075046155634
28,0,"2,3 Pentanedione",0,6,0.8975449536067013
28,0,"2,3 Pentanedione",0,7,0.9596611508545423
28,0,"2,3 Pentanedione",0,8,0.8549206041555601
28,0,"2,3 Pentanedione",0,9,0.9178523322352969
28,0,"2,3 Pentanedione",0,10,0.9281541116748214
28,0,"2,3 Pentanedione",0,11,0.9098415047763675
28,0,"2,3 Pentanedione",0,12,0.8432157378105687
28,0,"2,3 Pentanedione",0,13,0.9379659436977095
28,0,"2,3 Pentanedione",0,14,0.9308285887401581
28,0,"2,3 Pentanedione",1,0,0.9104734055669116
28,0,"2,3 Pentanedione",1,1,0.8946639322636547
28,0,"2,3 Pentanedione",1,2,0.8955343451770713
28,0,"2,3 Pentanedione",1,3,0.8833405930857214
28,0,"2,3 Pentanedione",1,4,0.9121214301454021
28,0,"2,3 Pentanedione",1,5,0.8877354188930956
28,0,"2,3 Pentanedione",1,6,0.8525490257611908
28,0,"2,3 Pentanedione",1,7,0.8445463589821929
28,0,"2,3 Pentanedione",1,8,0.8564085746292048
28,0,"2,3 Pentanedione",1,9,0.8953753144772746
28,0,"2,3 Pentanedione",1,10,0.8854117913178882
28,0,"2,3 Pentanedione",1,11,0.8951037765068465
28,0,"2,3 Pentanedione",1,12,0.906522550117141
28,0,"2,3 Pentanedione",1,13,0.8613971877386214
28,0,"2,3 Pentanedione",1,14,0.9451164315091104
28,1,3 Methylvaleric Acid,0,0,0.8099812630249087
28,1,3 Methylvaleric Acid,0,1,0.8033526167155473
28,1,3 Methylvaleric Acid,0,2,0.8399851456001057
28,1,3 Methylvaleric Acid,0,3,0.7472292880118048
28,1,3 Methylvaleric Acid,0,4,0.7890683181178908
28,1,3 Methylvaleric Acid,0,5,0.8599326080544809
28,1,3 Methylvaleric Acid,0,6,0.7511928189443232
28,1,3 Methylvaleric Acid,0,7,0.8653926639841338
28,1,3 Methylvaleric Acid,0,8,0.881135158761173
28,1,3 Methylvaleric Acid,0,9,0.8059114825938577
28,1,3 Methylvaleric Acid,0,10,0.8323622068038601
28,1,3 Methylvaleric Acid,0,11,0.8654531795008487
28,1,3 Methylvaleric Acid,0,12,0.8020181285850668
28,1,3 Methylvaleric Acid,0,13,0.8554007169278549
28,1,3 Methylvaleric Acid,0,14,0.7938437443015808
28,1,3 Methylvaleric Acid,1,0,0.8062419834134924
28,1,3 Methylvaleric Acid,1,1,0.7933726165738206
28,1,3 Methylvaleric Acid,1,2,0.8390519631146117
28,1,3 Methylvaleric Acid,1,3,0.8716648372494415
28,1,3 Methylvaleric Acid,1,4,0.817981557862133
28,1,3 Methylvaleric Acid,1,5,0.7744961087503235
28,1,3 Methylvaleric Acid,1,6,0.7820378022553469
28,1,3 Methylvaleric Acid,1,7,0.8411300520016411
28,1,3 Methylvaleric Acid,1,8,0.8991107316825904
28,1,3 Methylvaleric Acid,1,9,0.8410950751193955
28,1,3 Methylvaleric Acid,1,10,0.8098702131207695
28,1,3 Methylvaleric Acid,1,11,0.8559934338208309
28,1,3 Methylvaleric Acid,1,12,0.8157661297233497
28,1,3 Methylvaleric Acid,1,13,0.8102146664522514
28,1,3 Methylvaleric Acid,1,14,0.787007710919009
28,2,Acetic Acid,0,0,1.028923255000335
28,2,Acetic Acid,0,1,0.8710169845306543
28,2,Acetic Acid,0,2,1.0044996692416517
28,2,Acetic Acid,0,3,0.9540355037185794
28,2,Acetic Acid,0,4,0.9561716719724164
28,2,Acetic Acid,0,5,1.0402779074751933
28,2,Acetic Acid,0,6,0.9440200575424788
28,2,Acetic Acid,0,7,0.9453825350693444
28,2,Acetic Acid,0,8,0.9673695316736997
28,2,Acetic Acid,0,9,0.9891391966629703
28,2,Acetic Acid,0,10,0.9549110699387661
28,2,Acetic Acid,0,11,0.9096309440090454
28,2,Acetic Acid,0,12,0.9379573739952102
28,2,Acetic Acid,0,13,1.0238386554890617
28,2,Acetic Acid,0,14,0.9755763727959013
28,2,Acetic Acid,1,0,0.9928257824723822
28,2,Acetic Acid,1,1,0.9643254428373078
28,2,Acetic Acid,1,2,0.9484023832772985
28,2,Acetic Acid,1,3,1.0418850691192458
28,2,Acetic Acid,1,4,0.967254616842186
28,2,Acetic Acid,1,5,0.9570474959431442
28,2,Acetic Acid,1,6,1.0186279857784428
28,2,Acetic Acid,1,7,0.9458878767695339
28,2,Acetic Acid,1,8,0.9509931973732695
28,2,Acetic Acid,1,9,0.9751921584849053
28,2,Acetic Acid,1,10,0.9747930952877565
28,2,Acetic Acid,1,11,0.9851667450403578
28,2,Acetic Acid,1,12,1.058449054700049
28,2,Acetic Acid,1,13,0.9882322209783241
28,2,Acetic Acid,1,14,0.8796601326141973
28,3,Gerinol,0,0,0.8321730161863329
28,3,Gerinol,0,1,0.8206362582286544
28,3,Gerinol,0,2,0.8208590594231288
28,3,Gerinol,0,3,0.8289589508249172
28,3,Gerinol,0,4,0.8179739269420785
28,3,Gerinol,0,5,0.8170165747268548
28,3,Gerinol,0,6,0.8436428268399019
28,3,Gerinol,0,7,0.7974378265612904
28,3,Gerinol,0,8,0.7812136050235033
28,3,Gerinol,0,9,0.9400723165539661
28,3,Gerinol,0,10,0.7904867606978211
28,3,Gerinol,0,11,0.8231267749474734
28,3,Gerinol,0,12,0.7592946484140557
28,3,Gerinol,0,13,0.8237797950511273
28,3,Gerinol,0,14,0.781792036421497
28,3,Gerinol,1,0,0.7882065072118691
28,3,Gerinol,1,1,0.8477080115567145
28,3,Gerinol,1,2,0.8247858076609925
28,3,Gerinol,1,3,0.8286418059088624
28,3,Gerinol,1,4,0.7350572313901951
28,3,Gerinol,1,5,0.8793812317190302
28,3,Gerinol,1,6,0.7582301724881946
28,3,Gerinol,1,7,0.8670478574976241
28,3,Gerinol,1,8,0.846767179565129
28,3,Gerinol,1,9,0.8289987345972568
28,3,Gerinol,1,10,0.7717060336895343
28,3,Gerinol,1,11,0.8119690187186505
28,3,Gerinol,1,12,0.7870685685000752
28,3,Gerinol,1,13,0.8070670077860812
28,3,Gerinol,1,14,0.7959105345624472
28,4,n Methyl Piperdine,0,0,0.692954900226125
28,4,n Methyl Piperdine,0,1,0.819370686528405
28,4,n Methyl Piperdine,0,2,0.771255034227047
28,4,n Methyl Piperdine,0,3,0.7551073045089319
28,4,n Methyl Piperdine,0,4,0.7520862311758307
28,4,n Methyl Piperdine,0,5,0.7888377035436922
28,4,n Methyl Piperdine,0,6,0.7387490669572425
28,4,n Methyl Piperdine,0,7,0.6842922981500597
28,4,n Methyl Piperdine,0,8,0.7907845126173525
28,4,n Methyl Piperdine,0,9,0.7952634404072944
28,4,n Methyl Piperdine,0,10,0.7665140475019161
28,4,n Methyl Piperdine,0,11,0.7285832054814211
28,4,n Methyl Piperdine,0,12,0.7780567421245929
28,4,n Methyl Piperdine,0,13,0.7159180257564779
28,4,n Methyl Piperdine,0,14,0.733410096621515
28,4,n Methyl Piperdine,1,0,0.7098720307179146
28,4,n Methyl Piperdine,1,1,0.7736575110137434
28,4,n Methyl Piperdine,1,2,0.7253955101606044
28,4,n Methyl Piperdine,1,3,0.7219852917070226
28,4,n Methyl Piperdine,1,4,0.818087648794531
28,4,n Methyl Piperdine,1,5,0.7539984480656297
28,4,n Methyl Piperdine,1,6,0.7534597285970741
28,4,n Methyl Piperdine,1,7,0.7251119183697301
28,4,n Methyl Piperdine,1,8,0.71604508147261
28,4,n Methyl Piperdine,1,9,0.652443690577395
28,4,n Methyl Piperdine,1,10,0.7786495694550234
28,4,n Methyl Piperdine,1,11,0.7578323364083362
28,4,n Methyl Piperdine,1,12,0.7327333084495445
28,4,n Methyl Piperdine,1,13,0.7344108801046308
28,4,n Methyl Piperdine,1,14,0.7693457186685233
28,5,"2,4 Dimethyl Acetophenone",0,0,0.8353022923219311
28,5,"2,4 Dimethyl Acetophenone",0,1,0.873895441982973
28,5,"2,4 Dimethyl Acetophenone",0,2,0.852038580729424
28,5,"2,4 Dimethyl Acetophenone",0,3,0.968351066544595
28,5,"2,4 Dimethyl Acetophenone",0,4,0.9325169165192573
28,5,"2,4 Dimethyl Acetophenone",0,5,0.8093829895997107
28,5,"2,4 Dimethyl Acetophenone",0,6,0.8369402301795261
28,5,"2,4 Dimethyl Acetophenone",0,7,0.8921968683108258
28,5,"2,4 Dimethyl Acetophenone",0,8,0.8785930867622282
28,5,"2,4 Dimethyl Acetophenone",0,9,0.8445154069220496
28,5,"2,4 Dimethyl Acetophenone",0,10,0.9752811847511448
28,5,"2,4 Dimethyl Acetophenone",0,11,0.9099922918044283
28,5,"2,4 Dimethyl Acetophenone",0,12,0.9164833481596488
28,5,"2,4 Dimethyl Acetophenone",0,13,0.8698100972758367
28,5,"2,4 Dimethyl Acetophenone",0,14,0.9263816611322453
28,5,"2,4 Dimethyl Acetophenone",1,0,0.8825992076118139
28,5,"2,4 Dimethyl Acetophenone",1,1,0.8864827911027944
28,5,"2,4 Dimethyl Acetophenone",1,2,0.9222565964441047
28,5,"2,4 Dimethyl Acetophenone",1,3,0.8326566154486823
28,5,"2,4 Dimethyl Acetophenone",1,4,0.9616976324451336
28,5,"2,4 Dimethyl Acetophenone",1,5,0.9051120866400494
28,5,"2,4 Dimethyl Acetophenone",1,6,0.9490542864023113
28,5,"2,4 Dimethyl Acetophenone",1,7,0.8547997277863416
28,5,"2,4 Dimethyl Acetophenone",1,8,0.8608899130899665
28,5,"2,4 Dimethyl Acetophenone",1,9,0.8513405091871018
28,5,"2,4 Dimethyl Acetophenone",1,10,0.9078284249576879
28,5,"2,4 Dimethyl Acetophenone",1,11,0.9004558501278241
28,5,"2,4 Dimethyl Acetophenone",1,12,0.8792400452818471
28,5,"2,4 Dimethyl Acetophenone",1,13,0.8572537503356832
28,5,"2,4 Dimethyl Acetophenone",1,14,0.8471526672618607
28,6,4 Heptanone,0,0,0.8737106840076756
28,6,4 Heptanone,0,1,0.8570265688429578
28,6,4 Heptanone,0,2,0.8482257603321713
28,6,4 Heptanone,0,3,0.9375336194717663
28,6,4 Heptanone,0,4,0.8723570128987925
28,6,4 Heptanone,0,5,0.9264517573835789
28,6,4 Heptanone,0,6,0.854319952719194
28,6,4 Heptanone,0,7,0.8854410913784481
28,6,4 Heptanone,0,8,0.8734309993762485
28,6,4 Heptanone,0,9,0.807745147645777
28,6,4 Heptanone,0,10,0.9327835722770583
28,6,4 Heptanone,0,11,0.8702438957452052
28,6,4 Heptanone,0,12,0.9055067688118202
28,6,4 Heptanone,0,13,0.8455688911280395
28,6,4 Heptanone,0,14,0.8690562647633112
28,6,4 Heptanone,1,0,0.8611215316228067
28,6,4 Heptanone,1,1,0.9452355653302766
28,6,4 Heptanone,1,2,0.9082519999177678
28,6,4 Heptanone,1,3,0.9104777670869764
28,6,4 Heptanone,1,4,0.95012299190394
28,6,4 Heptanone,1,5,0.9420492778957018
28,6,4 Heptanone,1,6,0.9264093274651922
28,6,4 Heptanone,1,7,0.8389265321382423
28,6,4 Heptanone,1,8,0.8679684612390736
28,6,4 Heptanone,1,9,0.8556401005792867
28,6,4 Heptanone,1,10,0.9248969737647729
28,6,4 Heptanone,1,11,0.9026217036897429
28,6,4 Heptanone,1,12,0.840175128674517
28,6,4 Heptanone,1,13,0.8882458574992917
28,6,4 Heptanone,1,14,0.8360311325909897
28,7,33 Dimethyl Butyric Acid,0,0,0.7998257080836659
28,7,33 Dimethyl Butyric Acid,0,1,0.7357370674469689
28,7,33 Dimethyl Butyric Acid,0,2,0.8231050673418409
28,7,33 Dimethyl Butyric Acid,0,3,0.8170704726478193
28,7,33 Dimethyl Butyric Acid,0,4,0.8782699073403316
28,7,33 Dimethyl Butyric Acid,0,5,0.83586689918635
28,7,33 Dimethyl Butyric Acid,0,6,0.7850353973735562
28,7,33 Dimethyl Butyric Acid,0,7,0.8346747713374357
28,7,33 Dimethyl Butyric Acid,0,8,0.7460454123686492
28,7,33 Dimethyl Butyric Acid,0,9,0.7634530634592129
28,7,33 Dimethyl Butyric Acid,0,10,0.8152776688894607
28,7,33 Dimethyl Butyric Acid,0,11,0.7156219810965392
28,7,33 Dimethyl Butyric Acid,0,12,0.800465536209101
28,7,33 Dimethyl Butyric Acid,0,13,0.7611414359217195
28,7,33 Dimethyl Butyric Acid,0,14,0.8060042498125869
28,7,33 Dimethyl Butyric Acid,1,0,0.7298279405117502
28,7,33 Dimethyl Butyric Acid,1,1,0.7899073203318483
28,7,33 Dimethyl Butyric Acid,1,2,0.7737104917803364
28,7,33 Dimethyl Butyric Acid,1,3,0.828952031508894
28,7,33 Dimethyl Butyric Acid,1,4,0.7732067761977056
28,7,33 Dimethyl Butyric Acid,1,5,0.7421916826351821
28,7,33 Dimethyl Butyric Acid,1,6,0.7630619606005494
28,7,33 Dimethyl Butyric Acid,1,7,0.7191679389529715
28,7,33 Dimethyl Butyric Acid,1,8,0.7891828850218583
28,7,33 Dimethyl Butyric Acid,1,9,0.7965314046862516
28,7,33 Dimethyl Butyric Acid,1,10,0.8717052363013534
28,7,33 Dimethyl Butyric Acid,1,11,0.7480639552094646
28,7,33 Dimethyl Butyric Acid,1,12,0.7622256118866334
28,7,33 Dimethyl Butyric Acid,1,13,0.7499070538561121
28,7,33 Dimethyl Butyric Acid,1,14,0.7814219428788897
28,8,2 Methyl Butyraldehyde,0,0,0.8585248787784664
28,8,2 Methyl Butyraldehyde,0,1,0.8411222636221414
28,8,2 Methyl Butyraldehyde,0,2,0.8867102940742031
28,8,2 Methyl Butyraldehyde,0,3,0.8185780772490907
28,8,2 Methyl Butyraldehyde,0,4,0.8827042193149103
28,8,2 Methyl Butyraldehyde,0,5,0.8647971715449252
28,8,2 Methyl Butyraldehyde,0,6,0.842776060603324
28,8,2 Methyl Butyraldehyde,0,7,0.8306597917689961
28,8,2 Methyl Butyraldehyde,0,8,0.9403239677485367
28,8,2 Methyl Butyraldehyde,0,9,0.8105769113695986
28,8,2 Methyl Butyraldehyde,0,10,0.8551745844780184
28,8,2 Methyl Butyraldehyde,0,11,0.8132484945895966
28,8,2 Methyl Butyraldehyde,0,12,0.914682087344134
28,8,2 Methyl Butyraldehyde,0,13,0.87873031055125
28,8,2 Methyl Butyraldehyde,0,14,0.816123262245636
28,8,2 Methyl Butyraldehyde,1,0,0.8511603215588822
28,8,2 Methyl Butyraldehyde,1,1,0.8409643506726954
28,8,2 Methyl Butyraldehyde,1,2,0.8099915313426436
28,8,2 Methyl Butyraldehyde,1,3,0.86098309051076
28,8,2 Methyl Butyraldehyde,1,4,0.8462287374658095
28,8,2 Methyl Butyraldehyde,1,5,0.8392844703770712
28,8,2 Methyl Butyraldehyde,1,6,0.82897973337194
28,8,2 Methyl Butyraldehyde,1,7,0.8478987015256192
28,8,2 Methyl Butyraldehyde,1,8,0.8398320282813315
28,8,2 Methyl Butyraldehyde,1,9,0.8330202551426338
28,8,2 Methyl Butyraldehyde,1,10,0.8050158851821305
28,8,2 Methyl Butyraldehyde,1,11,0.8984071714521328
28,8,2 Methyl Butyraldehyde,1,12,0.7886397240876912
28,8,2 Methyl Butyraldehyde,1,13,0.8477619705768229
28,8,2 Methyl Butyraldehyde,1,14,0.8178468921295758
28,9,m Anisaldehyde,0,0,1.0353989723943127
28,9,m Anisaldehyde,0,1,0.9288777801273871
28,9,m Anisaldehyde,0,2,0.9356065511459275
28,9,m Anisaldehyde,0,3,0.9262243590858678
28,9,m Anisaldehyde,0,4,0.9779556836543651
28,9,m Anisaldehyde,0,5,0.9100950552335951
28,9,m Anisaldehyde,0,6,0.9458759418260301
28,9,m Anisaldehyde,0,7,0.8789224487021694
28,9,m Anisaldehyde,0,8,0.9746339357814644
28,9,m Anisaldehyde,0,9,0.9450084872660902
28,9,m Anisaldehyde,0,10,0.9054948118590667
28,9,m Anisaldehyde,0,11,1.0084414577353031
28,9,m Anisaldehyde,0,12,0.9127104056809432
28,9,m Anisaldehyde,0,13,0.9968948292174694
28,9,m Anisaldehyde,0,14,0.9369754486568286
28,9,m Anisaldehyde,1,0,0.9959688202413323
28,9,m Anisaldehyde,1,1,0.961887986682561
28,9,m Anisaldehyde,1,2,0.8915840502905541
28,9,m Anisaldehyde,1,3,0.895222663037103
28,9,m Anisaldehyde,1,4,0.9561269733344876
28,9,m Anisaldehyde,1,5,0.9214108398971085
28,9,m Anisaldehyde,1,6,0.9251322648446606
28,9,m Anisaldehyde,1,7,0.9827955195963991
28,9,m Anisaldehyde,1,8,0.901958410190717
28,9,m Anisaldehyde,1,9,0.9355577160125333
28,9,m Anisaldehyde,1,10,0.9700910768716074
28,9,m Anisaldehyde,1,11,0.9642706646609392
28,9,m Anisaldehyde,1,12,0.9255214584246882
28,9,m Anisaldehyde,1,13,0.9203497298914088
28,9,m Anisaldehyde,1,14,0.862353346624678
30,0,"2,3 Pentanedione",0,0,0.9549651854315734
30,0,"2,3 Pentanedione",0,1,1.0099493542011706
30,0,"2,3 Pentanedione",0,2,0.9916996975804918
30,0,"2,3 Pentanedione",0,3,1.0002120682808302
30,0,"2,3 Pentanedione",0,4,1.0387851295235437
30,0,"2,3 Pentanedione",0,5,0.9497220607756902
30,0,"2,3 Pentanedione",0,6,0.9877677730488752
30,0,"2,3 Pentanedione",0,7,1.00476342367463
30,0,"2,3 Pentanedione",0,8,0.9690485876352006
30,0,"2,3 Pentanedione",0,9,1.054474069695278
30,0,"2,3 Pentanedione",0,10,1.0335584572027072
30,0,"2,3 Pentanedione",0,11,1.0088203182217315
30,0,"2,3 Pentanedione",0,12,1.0689842563113248
30,0,"2,3 Pentanedione",0,13,0.9372591739537756
30,0,"2,3 Pentanedione",0,14,0.996905933893954
30,0,"2,3 Pentanedione",1,0,1.0048123499251553
30,0,"2,3 Pentanedione",1,1,0.9535766692960361
30,0,"2,3 Pentanedione",1,2,1.0021874528405021
30,0,"2,3 Pentanedione",1,3,0.9458955714162779
30,0,"2,3 Pentanedione",1,4,1.017781163898763
30,0,"2,3 Pentanedione",1,5,1.0324722618929492
30,0,"2,3 Pentanedione",1,6,1.0010522072129262
30,0,"2,3 Pentanedione",1,7,0.9160469585651951
30,0,"2,3 Pentanedione",1,8,0.9514871303211516
30,0,"2,3 Pentanedione",1,9,1.0127472712963195
30,0,"2,3 Pentanedione",1,10,0.9910068169082876
30,0,"2,3 Pentanedione",1,11,0.8823987664600934
30,0,"2,3 Pentanedione",1,12,1.0398720865225226
30,0,"2,3 Pentanedione",1,13,0.9956251314179463
30,0,"2,3 Pentanedione",1,14,0.9573958846077911
30,1,3 Methylvaleric Acid,0,0,0.8842167118683485
30,1,3 Methylvaleric Acid,0,1,0.8173168874494059
30,1,3 Methylvaleric Acid,0,2,0.8168804032615133
30,1,3 Methylvaleric Acid,0,3,0.8587525940062434
30,1,3 Methylvaleric Acid,0,4,0.9156600263353737
30,1,3 Methylvaleric Acid,0,5,0.9093619750845974
30,1,3 Methylvaleric Acid,0,6,0.8588069479218462
30,1,3 Methylvaleric Acid,0,7,0.8629139143196947
30,1,3 Methylvaleric Acid,0,8,0.8760784452490749
30,1,3 Methylvaleric Acid,0,9,0.794139140950908
30,1,3 Methylvaleric Acid,0,10,0.8701844214517612
30,1,3 Methylvaleric Acid,0,11,0.8150555492399407
30,1,3 Methylvaleric Acid,0,12,0.8571576106375451
30,1,3 Methylvaleric Acid,0,13,0.8353197828613884
30,1,3 Methylvaleric Acid,0,14,0.8644668210502505
30,1,3 Methylvaleric Acid,1,0,0.8661159962362731
30,1,3 Methylvaleric Acid,1,1,0.7384706468031628
30,1,3 Methylvaleric Acid,1,2,0.8685475261042219
30,1,3 Methylvaleric Acid,1,3,0.8870779757279852
30,1,3 Methylvaleric Acid,1,4,0.8792289915695529
30,1,3 Methylvaleric Acid,1,5,0.8572884197876716
30,1,3 Methylvaleric Acid,1,6,0.927078325313231
30,1,3 Methylvaleric Acid,1,7,0.8738467828008811
30,1,3 Methylvaleric Acid,1,8,0.878898789643739
30,1,3 Methylvaleric Acid,1,9,0.9031715333980375
30,1,3 Methylvaleric Acid,1,10,0.8758955776238787
30,1,3 Methylvaleric Acid,1,11,0.8254711474994466
30,1,3 Methylvaleric Acid,1,12,0.7638583610848299
30,1,3 Methylvaleric Acid,1,13,0.8423070215552915
30,1,3 Methylvaleric Acid,1,14,0.8918296786712594
30,2,Acetic Acid,0,0,0.9715765671202687
30,2,Acetic Acid,0,1,1.0177475552682502
30,2,Acetic Acid,0,2,0.9916495474137919
30,2,Acetic Acid,0,3,1.0372230631874684
30,2,Acetic Acid,0,4,0.9738917520921545
30,2,Acetic Acid,0,5,1.0044050134396885
30,2,Acetic Acid,0,6,1.0059358229583952
30,2,Acetic Acid,0,7,1.0457644952822287
30,2,Acetic Acid,0,8,0.9174349281236098
30,2,Acetic Acid,0,9,0.9673640893948546
30,2,Acetic Acid,0,10,1.0196410645925211
30,2,Acetic Acid,0,11,1.047536279568127
30,2,Acetic Acid,0,12,0.9953032808826642
30,2,Acetic Acid,0,13,0.9739922538001214
30,2,Acetic Acid,0,14,1.0159851551239587
30,2,Acetic Acid,1,0,1.0330009950463164
30,2,Acetic Acid,1,1,0.9838664208903567
30,2,Acetic Acid,1,2,1.0114651805241508
30,2,Acetic Acid,1,3,1.0454739785335279
30,2,Acetic Acid,1,4,1.073871247768027
30,2,Acetic Acid,1,5,1.0279570864064607
30,2,Acetic Acid,1,6,1.0000184439036728
30,2,Acetic Acid,1,7,0.9960898809955326
30,2,Acetic Acid,1,8,1.0205487503247939
30,2,Acetic Acid,1,9,0.993625974337871
30,2,Acetic Acid,1,10,1.0058385079979446
30,2,Acetic Acid,1,11,0.9559378374558141
30,2,Acetic Acid,1,12,1.0501351758966955
30,2,Acetic Acid,1,13,0.9526454989511018
30,2,Acetic Acid,1,14,0.9809684176189285
30,3,Gerinol,0,0,0.8777328613271529
30,3,Gerinol,0,1,0.9534686060886259
30,3,Gerinol,0,2,0.8569218114989873
30,3,Gerinol,0,3,0.8471884983346645
30,3,Gerinol,0,4,0.8517964541997286
30,3,Gerinol,0,5,0.9401850175975328
30,3,Gerinol,0,6,0.7613352511528395
30,3,Gerinol,0,7,0.8337196104071368
30,3,Gerinol,0,8,0.9830806792594624
30,3,Gerinol,0,9,0.8974644138327458
30,3,Gerinol,0,10,0.8295897329195115
30,3,Gerinol,0,11,0.8721524116060895
30,3,Gerinol,0,12,0.8765273135357948
30,3,Gerinol,0,13,0.9076741407293045
30,3,Gerinol,0,14,0.9474092110059829
30,3,Gerinol,1,0,0.9250200687473464
30,3,Gerinol,1,1,0.8878864693756594
30,3,Gerinol,1,2,0.9409613791801059
30,3,Gerinol,1,3,0.8815478936216633
30,3,Gerinol,1,4,0.8681445016566166
30,3,Gerinol,1,5,0.83908164661792
30,3,Gerinol,1,6,0.8468728657161617
30,3,Gerinol,1,7,0.8736201952512069
30,3,Gerinol,1,8,0.8623664107881429
30,3,Gerinol,1,9,0.9220074625911665
30,3,Gerinol,1,10,0.8615019284632164
30,3,Gerinol,1,11,0.7837313494151881
30,3,Gerinol,1,12,0.8677215305125991
30,3,Gerinol,1,13,0.890603615587321
30,3,Gerinol,1,14,0.8852600219812992
30,4,n Methyl Piperdine,0,0,0.8878225239098588
30,4,n Methyl Piperdine,0,1,0.8024998343659255
30,4,n Methyl Piperdine,0,2,0.8622784752654594
30,4,n Methyl Piperdine,0,3,0.826282232750257
30,4,n Methyl Piperdine,0,4,0.8253493477105875
30,4,n Methyl Piperdine,0,5,0.79362632518357
30,4,n Methyl Piperdine,0,6,0.8246902306742608
30,4,n Methyl Piperdine,0,7,0.7964376916615948
30,4,n Methyl Piperdine,0,8,0.8338425093076743
30,4,n Methyl Piperdine,0,9,0.817591551432544
30,4,n Methyl Piperdine,0,10,0.7892564194098275
30,4,n Methyl Piperdine,0,11,0.8667173103255154
30,4,n Methyl Piperdine,0,12,0.8441151559383485
30,4,n Methyl Piperdine,0,13,0.8091190273718015
30,4,n Methyl Piperdine,0,14,0.8328612586189039
30,4,n Methyl Piperdine,1,0,0.806227039092653
30,4,n Methyl Piperdine,1,1,0.7748763024622006
30,4,n Methyl Piperdine,1,2,0.8123997891135781
30,4,n Methyl Piperdine,1,3,0.7847394697604366
30,4,n Methyl Piperdine,1,4,0.7717825865279275
30,4,n Methyl Piperdine,1,5,0.7446692467420706
30,4,n Methyl Piperdine,1,6,0.7952356458111863
30,4,n Methyl Piperdine,1,7,0.8322587663360805
30,4,n Methyl Piperdine,1,8,0.7817935658175772
30,4,n Methyl Piperdine,1,9,0.9104082876390504
30,4,n Methyl Piperdine,1,10,0.8450073660988409
30,4,n Methyl Piperdine,1,11,0.8617531452591507
30,4,n Methyl Piperdine,1,12,0.8413896604356819
30,4,n Methyl Piperdine,1,13,0.8836945389502745
30,4,n Methyl Piperdine,1,14,0.7780998606138299
30,5,"2,4 Dimethyl Acetophenone",0,0,0.8504703177469035
30,5,"2,4 Dimethyl Acetophenone",0,1,0.935054788839133
30,5,"2,4 Dimethyl Acetophenone",0,2,0.9752285561951498
30,5,"2,4 Dimethyl Acetophenone",0,3,0.9589604920431675
30,5,"2,4 Dimethyl Acetophenone",0,4,0.9639187176119597
30,5,"2,4 Dimethyl Acetophenone",0,5,1.0057362132800431
30,5,"2,4 Dimethyl Acetophenone",0,6,0.9681821161517483
30,5,"2,4 Dimethyl Acetophenone",0,7,0.9848563302768892
30,5,"2,4 Dimethyl Acetophenone",0,8,0.915317303499138
30,5,"2,4 Dimethyl Acetophenone",0,9,0.9090840656046069
30,5,"2,4 Dimethyl Acetophenone",0,10,1.0174643700942279
30,5,"2,4 Dimethyl Acetophenone",0,11,0.9569358745791311
30,5,"2,4 Dimethyl Acetophenone",0,12,0.9279706458354029
30,5,"2,4 Dimethyl Acetophenone",0,13,0.9280440334313635
30,5,"2,4 Dimethyl Acetophenone",0,14,0.926934888307718
30,5,"2,4 Dimethyl Acetophenone",1,0,0.9221511549953187
30,5,"2,4 Dimethyl Acetophenone",1,1,0.899183603733006
30,5,"2,4 Dimethyl Acetophenone",1,2,0.8904926997483321
30,5,"2,4 Dimethyl Acetophenone",1,3,0.9427093407309757
30,5,"2,4 Dimethyl Acetophenone",1,4,0.9267924810243364
30,5,"2,4 Dimethyl Acetophenone",1,5,0.9947958872548842
30,5,"2,4 Dimethyl Acetophenone",1,6,0.9622325819678291
30,5,"2,4 Dimethyl Acetophenone",1,7,0.9611222230402717
30,5,"2,4 Dimethyl Acetophenone",1,8,0.9207846995349744
30,5,"2,4 Dimethyl Acetophenone",1,9,0.9456683792059534
30,5,"2,4 Dimethyl Acetophenone",1,10,0.96494955998241
30,5,"2,4 Dimethyl Acetophenone",1,11,0.9791573454256595
30,5,"2,4 Dimethyl Acetophenone",1,12,0.9467538427764178
30,5,"2,4 Dimethyl Acetophenone",1,13,0.9936744670101207
30,5,"2,4 Dimethyl Acetophenone",1,14,0.9508290881934701
30,6,4 Heptanone,0,0,0.9923470469646329
30,6,4 Heptanone,0,1,0.9410390738803597
30,6,4 Heptanone,0,2,0.88812962756118
30,6,4 Heptanone,0,3,0.9713675217446666
30,6,4 Heptanone,0,4,0.9896461247497907
30,6,4 Heptanone,0,5,0.9836470554962284
30,6,4 Heptanone,0,6,0.9775206286814233
30,6,4 Heptanone,0,7,0.9466896835857261
30,6,4 Heptanone,0,8,0.928363312166102
30,6,4 Heptanone,0,9,0.9827022929856769
30,6,4 Heptanone,0,10,0.9776910588718567
30,6,4 Heptanone,0,11,0.9381971985901726
30,6,4 Heptanone,0,12,1.0050101297916079
30,6,4 Heptanone,0,13,0.9253185416420217
30,6,4 Heptanone,0,14,0.9372922270722841
30,6,4 Heptanone,1,0,1.0443052743545445
30,6,4 Heptanone,1,1,1.0135915433702345
30,6,4 Heptanone,1,2,0.9645278936252369
30,6,4 Heptanone,1,3,0.9903434942466199
30,6,4 Heptanone,1,4,0.9850399556418314
30,6,4 Heptanone,1,5,0.8690237112617828
30,6,4 Heptanone,1,6,0.9425893078819426
30,6,4 Heptanone,1,7,0.9768144011765066
30,6,4 Heptanone,1,8,0.9645838067985056
30,6,4 Heptanone,1,9,0.9887323684540947
30,6,4 Heptanone,1,10,1.0240275583787948
30,6,4 Heptanone,1,11,0.9659868344747208
30,6,4 Heptanone,1,12,0.9365420740159633
30,6,4 Heptanone,1,13,0.9918423322013197
30,6,4 Heptanone,1,14,0.9657833325181657
30,7,33 Dimethyl Butyric Acid,0,0,0.8790628955724744
30,7,33 Dimethyl Butyric Acid,0,1,0.8736344868392274
30,7,33 Dimethyl Butyric Acid,0,2,0.97497894760579
30,7,33 Dimethyl Butyric Acid,0,3,0.7956772651654327
30,7,33 Dimethyl Butyric Acid,0,4,0.8697720794800448
30,7,33 Dimethyl Butyric Acid,0,5,0.8851578745794149
30,7,33 Dimethyl Butyric Acid,0,6,0.8540597359140394
30,7,33 Dimethyl Butyric Acid,0,7,0.9212984688904818
30,7,33 Dimethyl Butyric Acid,0,8,0.9178357427541362
30,7,33 Dimethyl Butyric Acid,0,9,0.883395250865809
30,7,33 Dimethyl Butyric Acid,0,10,0.8744784853916028
30,7,33 Dimethyl Butyric Acid,0,11,0.8808271622360847
30,7,33 Dimethyl Butyric Acid,0,12,0.8811139694594381
30,7,33 Dimethyl Butyric Acid,0,13,0.88217051448032
30,7,33 Dimethyl Butyric Acid,0,14,0.8777854715446786
30,7,33 Dimethyl Butyric Acid,1,0,0.8793882546454301
30,7,33 Dimethyl Butyric Acid,1,1,0.8994187646548489
30,7,33 Dimethyl Butyric Acid,1,2,0.8200798761577913
30,7,33 Dimethyl Butyric Acid,1,3,0.8272637260924084
30,7,33 Dimethyl Butyric Acid,1,4,0.7993495608823934
30,7,33 Dimethyl Butyric Acid,1,5,0.9039461780760384
30,7,33 Dimethyl Butyric Acid,1,6,0.8793032137893529
30,7,33 Dimethyl Butyric Acid,1,7,0.8895009826990452
30,7,33 Dimethyl Butyric Acid,1,8,0.8121103525271957
30,7,33 Dimethyl Butyric Acid,1,9,0.9406882069769399
30,7,33 Dimethyl Butyric Acid,1,10,0.8449362457359201
30,7,33 Dimethyl Butyric Acid,1,11,0.8760185143461846
30,7,33 Dimethyl Butyric Acid,1,12,0.9034656684888692
30,7,33 Dimethyl Butyric Acid,1,13,0.8298110918298915
30,7,33 Dimethyl Butyric Acid,1,14,0.8474373077212277
30,8,2 Methyl Butyraldehyde,0,0,0.8807807569844817
30,8,2 Methyl Butyraldehyde,0,1,0.9879128090190349
30,8,2 Methyl Butyraldehyde,0,2,0.8856588757145276
30,8,2 Methyl Butyraldehyde,0,3,0.9378683320256753
30,8,2 Methyl Butyraldehyde,0,4,0.9218408118081248
30,8,2 Methyl Butyraldehyde,0,5,0.8883342874602274
30,8,2 Methyl Butyraldehyde,0,6,0.8340460551352195
30,8,2 Methyl Butyraldehyde,0,7,0.916004030433176
30,8,2 Methyl Butyraldehyde,0,8,0.8136894723345247
30,8,2 Methyl Butyraldehyde,0,9,0.9376488909475303
30,8,2 Methyl Butyraldehyde,0,10,0.8816140983291768
30,8,2 Methyl Butyraldehyde,0,11,0.7676049441085196
30,8,2 Methyl Butyraldehyde,0,12,0.8599936421991731
30,8,2 Methyl Butyraldehyde,0,13,0.8997717988373642
30,8,2 Methyl Butyraldehyde,0,14,0.864132931078856
30,8,2 Methyl Butyraldehyde,1,0,0.897477609494571
30,8,2 Methyl Butyraldehyde,1,1,0.8348764103463363
30,8,2 Methyl Butyraldehyde,1,2,0.8166380821433238
30,8,2 Methyl Butyraldehyde,1,3,0.8660195609329239
30,8,2 Methyl Butyraldehyde,1,4,0.8701400037464246
30,8,2 Methyl Butyraldehyde,1,5,0.8549420030123352
30,8,2 Methyl Butyraldehyde,1,6,0.9179690229205157
30,8,2 Methyl Butyraldehyde,1,7,0.8348690820492658
30,8,2 Methyl Butyraldehyde,1,8,0.881404001348122
30,8,2 Methyl Butyraldehyde,1,9,0.8715961759013731
30,8,2 Methyl Butyraldehyde,1,10,0.8066087389693848
30,8,2 Methyl Butyraldehyde,1,11,0.8161161697080876
30,8,2 Methyl Butyraldehyde,1,12,0.8693538177047734
30,8,2 Methyl Butyraldehyde,1,13,0.9481253770023066
30,8,2 Methyl Butyraldehyde,1,14,0.8920481695307805
30,9,m Anisaldehyde,0,0,0.9298657884412049
30,9,m Anisaldehyde,0,1,0.8744716588422168
30,9,m Anisaldehyde,0,2,1.0282133251671655
30,9,m Anisaldehyde,0,3,0.9950426421298623
30,9,m Anisaldehyde,0,4,1.044541820227405
30,9,m Anisaldehyde,0,5,0.9636624646185326
30,9,m Anisaldehyde,0,6,1.0128996813613313
30,9,m Anisaldehyde,0,7,1.0327381199681047
30,9,m Anisaldehyde,0,8,0.980992635918731
30,9,m Anisaldehyde,0,9,0.9818477586377476
30,9,m Anisaldehyde,0,10,0.9999016946909258
30,9,m Anisaldehyde,0,11,1.0205982353094034
30,9,m Anisaldehyde,0,12,0.9983178212665138
30,9,m Anisaldehyde,0,13,1.0378510349573697
30,9,m Anisaldehyde,0,14,0.980413773876309
30,9,m Anisaldehyde,1,0,0.9309319296258585
30,9,m Anisaldehyde,1,1,1.06314675256891
30,9,m Anisaldehyde,1,2,0.959882388382685
30,9,m Anisaldehyde,1,3,0.961330054495673
30,9,m Anisaldehyde,1,4,0.9814356050014955
30,9,m Anisaldehyde,1,5,0.9867549822305421
30,9,m Anisaldehyde,1,6,0.9686003921448516
30,9,m Anisaldehyde,1,7,0.9833703819664226
30,9,m Anisaldehyde,1,8,0.9824772485872559
30,9,m Anisaldehyde,1,9,0.9910605109252152
30,9,m Anisaldehyde,1,10,0.8897682394848903
30,9,m Anisaldehyde,1,11,1.059302790124697
30,9,m Anisaldehyde,1,12,0.9781762053030006
30,9,m Anisaldehyde,1,13,1.0072926426222624
30,9,m Anisaldehyde,1,14,0.9289436841830219
32,0,"2,3 Pentanedione",0,0,1.035619607314649
32,0,"2,3 Pentanedione",0,1,1.0275669831118026
32,0,"2,3 Pentanedione",0,2,1.1132485683449609
32,0,"2,3 Pentanedione",0,3,1.0310270734911837
32,0,"2,3 Pentanedione",0,4,1.0847828172422227
32,0,"2,3 Pentanedione",0,5,1.0284427996576913
32,0,"2,3 Pentanedione",0,6,1.0363548601784613
32,0,"2,3 Pentanedione",0,7,1.0446376111565916
32,0,"2,3 Pentanedione",0,8,1.1058134228377912
32,0,"2,3 Pentanedione",0,9,0.9788655114034144
32,0,"2,3 Pentanedione",0,10,1.0018330755536418
32,0,"2,3 Pentanedione",0,11,0.9765674111370265
32,0,"2,3 Pentanedione",0,12,1.0109595329741612
32,0,"2,3 Pentanedione",0,13,1.0219956157169348
32,0,"2,3 Pentanedione",0,14,0.9898803676010036
32,0,"2,3 Pentanedione",1,0,0.9936591353909908
32,0,"2,3 Pentanedione",1,1,0.942436466018241
32,0,"2,3 Pentanedione",1,2,0.9823054963048704
32,0,"2,3 Pentanedione",1,3,1.0710418612519856
32,0,"2,3 Pentanedione",1,4,1.0391685680668217
32,0,"2,3 Pentanedione",1,5,1.0305237521424788
32,0,"2,3 Pentanedione",1,6,0.9829139030044131
32,0,"2,3 Pentanedione",1,7,0.9615816468937887
32,0,"2,3 Pentanedione",1,8,0.9774588022342063
32,0,"2,3 Pentanedione",1,9,1.021296652179737
32,0,"2,3 Pentanedione",1,10,1.0577521164446444
32,0,"2,3 Pentanedione",1,11,1.0591197419409903
32,0,"2,3 Pentanedione",1,12,1.048249539754911
32,0,"2,3 Pentanedione",1,13,0.9935227706928599
32,0,"2,3 Pentanedione",1,14,1.024007038551737
32,1,3 Methylvaleric Acid,0,0,0.8874479843443119
32,1,3 Methylvaleric Acid,0,1,0.8922540950060117
32,1,3 Methylvaleric Acid,0,2,0.9817868014241943
32,1,3 Methylvaleric Acid,0,3,0.8298216760656573
32,1,3 Methylvaleric Acid,0,4,0.8909146129089113
32,1,3 Methylvaleric Acid,0,5,0.948771641833648
32,1,3 Methylvaleric Acid,0,6,0.8416660257444601
32,1,3 Methylvaleric Acid,0,7,0.8745517885351517
32,1,3 Methylvaleric Acid,0,8,0.8791401456430962
32,1,3 Methylvaleric Acid,0,9,0.8913700966636423
32,1,3 Methylvaleric Acid,0,10,0.8364633991615531
32,1,3 Methylvaleric Acid,0,11,0.9241131279593233
32,1,3 Methylvaleric Acid,0,12,0.9269531768463275
32,1,3 Methylvaleric Acid,0,13,0.9206366985465196
32,1,3 Methylvaleric Acid,0,14,0.8654867385741585
32,1,3 Methylvaleric Acid,1,0,0.907071615032246
32,1,3 Methylvaleric Acid,1,1,0.8676335738179907
32,1,3 Methylvaleric Acid,1,2,0.8903073169698937
32,1,3 Methylvaleric Acid,1,3,0.9897499004875893
32,1,3 Methylvaleric Acid,1,4,0.9074389985046044
32,1,3 Methylvaleric Acid,1,5,0.8561101203612672
32,1,3 Methylvaleric Acid,1,6,0.9108245970273108
32,1,3 Methylvaleric Acid,1,7,0.8495393463582218
32,1,3 Methylvaleric Acid,1,8,0.8556507677001537
32,1,3 Methylvaleric Acid,1,9,0.8619662579628026
32,1,3 Methylvaleric Acid,1,10,0.8858388053129268
32,1,3 Methylvaleric Acid,1,11,0.9410899432243223
32,1,3 Methylvaleric Acid,1,12,0.9267471113214277
32,1,3 Methylvaleric Acid,1,13,0.9245309965306473
32,1,3 Methylvaleric Acid,1,14,0.8596542007771325
32,2,Acetic Acid,0,0,1.030588736846733
32,2,Acetic Acid,0,1,1.0631213553394865
32,2,Acetic Acid,0,2,1.0271085116486223
32,2,Acetic Acid,0,3,1.041106653452115
32,2,Acetic Acid,0,4,1.069895658765357
32,2,Acetic Acid,0,5,1.0382904038161067
32,2,Acetic Acid,0,6,1.06128369462824
32,2,Acetic Acid,0,7,1.1159504493049417
32,2,Acetic Acid,0,8,1.045366959104679
32,2,Acetic Acid,0,9,1.099414823452927
32,2,Acetic Acid,0,10,1.0746161137564532
32,2,Acetic Acid,0,11,0.9935516313246883
32,2,Acetic Acid,0,12,1.008155829893618
32,2,Acetic Acid,0,13,1.0188974757413631
32,2,Acetic Acid,0,14,1.0180479143868475
32,2,Acetic Acid,1,0,1.0467448946632185
32,2,Acetic Acid,1,1,1.0749422464307639
32,2,Acetic Acid,1,2,1.10056282117568
32,2,Acetic Acid,1,3,1.0626834880564944
32,2,Acetic Acid,1,4,1.0325293022653625
32,2,Acetic Acid,1,5,0.967066834762296
32,2,Acetic Acid,1,6,1.0531800675241845
32,2,Acetic Acid,1,7,1.0513872922552907
32,2,Acetic Acid,1,8,1.0576736346490494
32,2,Acetic Acid,1,9,1.1346060964156244
32,2,Acetic Acid,1,10,1.0999803463552138
32,2,Acetic Acid,1,11,1.0817589212374905
32,2,Acetic Acid,1,12,1.011873399304627
32,2,Acetic Acid,1,13,1.0298366945396213
32,2,Acetic Acid,1,14,1.046562700230351
32,3,Gerinol,0,0,0.9029853877477148
32,3,Gerinol,0,1,0.9540202537075336
32,3,Gerinol,0,2,0.9482780266767571
32,3,Gerinol,0,3,0.8904693609859412
32,3,Gerinol,0,4,0.9818743410719738
32,3,Gerinol,0,5,0.9380940860604833
32,3,Gerinol,0,6,0.8648388268384388
32,3,Gerinol,0,7,0.9319479583743301
32,3,Gerinol,0,8,0.9452499309450451
32,3,Gerinol,0,9,0.9729133671655585
32,3,Gerinol,0,10,0.9205026165830642
32,3,Gerinol,0,11,0.9671192034060172
32,3,Gerinol,0,12,0.9414873521789375
32,3,Gerinol,0,13,0.8813994883466257
32,3,Gerinol,0,14,0.8773950017688283
32,3,Gerinol,1,0,0.9541154015956302
32,3,Gerinol,1,1,0.957052373924927
32,3,Gerinol,1,2,0.9221293760058452
32,3,Gerinol,1,3,0.9690412756368575
32,3,Gerinol,1,4,0.9514774007513206
32,3,Gerinol,1,5,0.9365581559688452
32,3,Gerinol,1,6,0.8727605472403094
32,3,Gerinol,1,7,0.9784701568309501
32,3,Gerinol,1,8,0.9306650640779872
32,3,Gerinol,1,9,0.8937794558051915
32,3,Gerinol,1,10,0.8824822065774444
32,3,Gerinol,1,11,0.9194843580502106
32,3,Gerinol,1,12,0.8423706433961181
32,3,Gerinol,1,13,0.9371999378037708
32,3,Gerinol,1,14,0.8710701742018953
32,4,n Methyl Piperdine,0,0,0.8843995632526648
32,4,n Methyl Piperdine,0,1,0.8487104254053669
32,4,n Methyl Piperdine,0,2,0.8589984903907051
32,4,n Methyl Piperdine,0,3,0.8392988439890907
32,4,n Methyl Piperdine,0,4,0.8631260616524612
32,4,n Methyl Piperdine,0,5,0.9451504207403875
32,4,n Methyl Piperdine,0,6,0.924977623981639
32,4,n Methyl Piperdine,0,7,0.8837543970995115
32,4,n Methyl Piperdine,0,8,0.8685634682770952
32,4,n Methyl Piperdine,0,9,0.9033432865274087
32,4,n Methyl Piperdine,0,10,0.9147740546639955
32,4,n Methyl Piperdine,0,11,0.8363825036113921
32,4,n Methyl Piperdine,0,12,0.8664776841944052
32,4,n Methyl Piperdine,0,13,0.79669690971697
32,4,n Methyl Piperdine,0,14,0.9144993233101291
32,4,n Methyl Piperdine,1,0,0.9535498589860626
32,4,n Methyl Piperdine,1,1,0.8741521936629518
32,4,n Methyl Piperdine,1,2,0.7859484836819077
32,4,n Methyl Piperdine,1,3,0.8953045093411096
32,4,n Methyl Piperdine,1,4,0.8347853220320651
32,4,n Methyl Piperdine,1,5,0.8444149110114499
32,4,n Methyl Piperdine,1,6,0.8960119442696686
32,4,n Methyl Piperdine,1,7,0.8811310536985374
32,4,n Methyl Piperdine,1,8,0.8514245376644843
32,4,n Methyl Piperdine,1,9,0.8449646633739618
32,4,n Methyl Piperdine,1,10,0.8759823308868617
32,4,n Methyl Piperdine,1,11,0.8545702665775337
32,4,n Methyl Piperdine,1,12,0.8265794033339081
32,4,n Methyl Piperdine,1,13,0.8576463614188939
32,4,n Methyl Piperdine,1,14,0.8845325936082358
32,5,"2,4 Dimethyl Acetophenone",0,0,0.9846484517811019
32,5,"2,4 Dimethyl Acetophenone",0,1,0.9352322465239599
32,5,"2,4 Dimethyl Acetophenone",0,2,1.0313351753089088
32,5,"2,4 Dimethyl Acetophenone",0,3,0.8822201329761539
32,5,"2,4 Dimethyl Acetophenone",0,4,0.9739179842527499
32,5,"2,4 Dimethyl Acetophenone",0,5,0.9669646522717307
32,5,"2,4 Dimethyl Acetophenone",0,6,0.9976997455687439
32,5,"2,4 Dimethyl Acetophenone",0,7,1.0142390627659967
32,5,"2,4 Dimethyl Acetophenone",0,8,1.0368431827843287
32,5,"2,4 Dimethyl Acetophenone",0,9,0.9632763955198008
32,5,"2,4 Dimethyl Acetophenone",0,10,1.0152358839472266
32,5,"2,4 Dimethyl Acetophenone",0,11,0.9996053259691458
32,5,"2,4 Dimethyl Acetophenone",0,12,0.9233110154465584
32,5,"2,4 Dimethyl Acetophenone",0,13,1.0677942006712517
32,5,"2,4 Dimethyl Acetophenone",0,14,0.9342215853642792
32,5,"2,4 Dimethyl Acetophenone",1,0,0.9979559737082158
32,5,"2,4 Dimethyl Acetophenone",1,1,0.9967744805837371
32,5,"2,4 Dimethyl Acetophenone",1,2,0.9922015541089902
32,5,"2,4 Dimethyl Acetophenone",1,3,0.9613930075293629
32,5,"2,4 Dimethyl Acetophenone",1,4,1.0142661888614473
32,5,"2,4 Dimethyl Acetophenone",1,5,0.9187613838581034
32,5,"2,4 Dimethyl Acetophenone",1,6,0.9785429312688703
32,5,"2,4 Dimethyl Acetophenone",1,7,0.9586210957537289
32,5,"2,4 Dimethyl Acetophenone",1,8,0.954084165133146
32,5,"2,4 Dimethyl Acetophenone",1,9,0.9983259943139691
32,5,"2,4 Dimethyl Acetophenone",1,10,1.0242752245246145
32,5,"2,4 Dimethyl Acetophenone",1,11,0.9674458523423526
32,5,"2,4 Dimethyl Acetophenone",1,12,1.0124033264128582
32,5,"2,4 Dimethyl Acetophenone",1,13,0.9831657094336111
32,5,"2,4 Dimethyl Acetophenone",1,14,0.9454667944463069
32,6,4 Heptanone,0,0,0.9984960900371588
32,6,4 Heptanone,0,1,0.9968347381351368
32,6,4 Heptanone,0,2,0.9809477772665836
32,6,4 Heptanone,0,3,1.0259534909130348
32,6,4 Heptanone,0,4,1.0182000212749918
32,6,4 Heptanone,0,5,0.9451881858360247
32,6,4 Heptanone,0,6,0.942753133957227
32,6,4 Heptanone,0,7,1.0258015518950316
32,6,4 Heptanone,0,8,0.97620271661502
32,6,4 Heptanone,0,9,1.0208958199708142
32,6,4 Heptanone,0,10,1.0400514368911689
32,6,4 Heptanone,0,11,0.957976060270579
32,6,4 Heptanone,0,12,0.952352683583754
32,6,4 Heptanone,0,13,1.0757914410626133
32,6,4 Heptanone,0,14,1.0228770050852998
32,6,4 Heptanone,1,0,1.0183723978372183
32,6,4 Heptanone,1,1,0.9977844059982987
32,6,4 Heptanone,1,2,1.014724390147858
32,6,4 Heptanone,1,3,0.9875191306596168
32,6,4 Heptanone,1,4,1.0704785110677728
32,6,4 Heptanone,1,5,1.0040719779598963
32,6,4 Heptanone,1,6,1.0788834076328
32,6,4 Heptanone,1,7,1.0191168673133488
32,6,4 Heptanone,1,8,0.9934080167594567
32,6,4 Heptanone,1,9,1.0180899605835971
32,6,4 Heptanone,1,10,0.9301753530040926
32,6,4 Heptanone,1,11,1.030311281037189
32,6,4 Heptanone,1,12,1.0283372564589428
32,6,4 Heptanone,1,13,1.0681317339660679
32,6,4 Heptanone,1,14,0.9596898269848141
32,7,33 Dimethyl Butyric Acid,0,0,0.9976725708604899
32,7,33 Dimethyl Butyric Acid,0,1,0.9840218882258542
32,7,33 Dimethyl Butyric Acid,0,2,1.0012796589738946
32,7,33 Dimethyl Butyric Acid,0,3,0.9490890613857825
32,7,33 Dimethyl Butyric Acid,0,4,0.9917537897900582
32,7,33 Dimethyl Butyric Acid,0,5,0.8923481550296718
32,7,33 Dimethyl Butyric Acid,0,6,0.9797198190341293
32,7,33 Dimethyl Butyric Acid,0,7,0.9203514059419502
32,7,33 Dimethyl Butyric Acid,0,8,0.8851418431290305
32,7,33 Dimethyl Butyric Acid,0,9,0.9062322956993736
32,7,33 Dimethyl Butyric Acid,0,10,0.9514191619711189
32,7,33 Dimethyl Butyric Acid,0,11,0.9182259480972439
32,7,33 Dimethyl Butyric Acid,0,12,0.96624085769378
32,7,33 Dimethyl Butyric Acid,0,13,0.8788684142257873
32,7,33 Dimethyl Butyric Acid,0,14,0.8661140146813135
32,7,33 Dimethyl Butyric Acid,1,0,0.9672032587645674
32,7,33 Dimethyl Butyric Acid,1,1,0.9484597665748817
32,7,33 Dimethyl Butyric Acid,1,2,0.870335887962272
32,7,33 Dimethyl Butyric Acid,1,3,0.9121877756600028
32,7,33 Dimethyl Butyric Acid,1,4,0.9530880438068773
32,7,33 Dimethyl Butyric Acid,1,5,0.9290757857304486
32,7,33 Dimethyl Butyric Acid,1,6,0.9182366852461635
32,7,33 Dimethyl Butyric Acid,1,7,0.9561139246513283
32,7,33 Dimethyl Butyric Acid,1,8,0.8830792623907755
32,7,33 Dimethyl Butyric Acid,1,9,0.9135548993454095
32,7,33 Dimethyl Butyric Acid,1,10,0.9115938158671286
32,7,33 Dimethyl Butyric Acid,1,11,0.9013972794919827
32,7,33 Dimethyl Butyric Acid,1,12,0.8967155409419942
32,7,33 Dimethyl Butyric Acid,1,13,0.915222490911964
32,7,33 Dimethyl Butyric Acid,1,14,0.9136840612382454
32,8,2 Methyl Butyraldehyde,0,0,0.8809224445473447
32,8,2 Methyl Butyraldehyde,0,1,0.9549313866447436
32,8,2 Methyl Butyraldehyde,0,2,0.8838041419380754
32,8,2 Methyl Butyraldehyde,0,3,0.9141302124668388
32,8,2 Methyl Butyraldehyde,0,4,0.9110483313399237
32,8,2 Methyl Butyraldehyde,0,5,0.9371836947550943
32,8,2 Methyl Butyraldehyde,0,6,0.8380953926400324
32,8,2 Methyl Butyraldehyde,0,7,0.9584959428459041
32,8,2 Methyl Butyraldehyde,0,8,0.8957799363442391
32,8,2 Methyl Butyraldehyde,0,9,0.9716580820398079
32,8,2 Methyl Butyraldehyde,0,10,0.9037329532680796
32,8,2 Methyl Butyraldehyde,0,11,0.9209058068193653
32,8,2 Methyl Butyraldehyde,0,12,0.9994109918514626
32,8,2 Methyl Butyraldehyde,0,13,0.911766021896979
32,8,2 Methyl Butyraldehyde,0,14,0.9724135456356641
32,8,2 Methyl Butyraldehyde,1,0,0.9056862618751894
32,8,2 Methyl Butyraldehyde,1,1,0.9207412116643465
32,8,2 Methyl Butyraldehyde,1,2,0.906922802029062
32,8,2 Methyl Butyraldehyde,1,3,0.9380385235046119
32,8,2 Methyl Butyraldehyde,1,4,0.876703193938485
32,8,2 Methyl Butyraldehyde,1,5,0.8647625175318395
32,8,2 Methyl Butyraldehyde,1,6,0.8785814108375261
32,8,2 Methyl Butyraldehyde,1,7,0.9081128735055706
32,8,2 Methyl Butyraldehyde,1,8,0.8952917070305938
32,8,2 Methyl Butyraldehyde,1,9,0.9325354535114541
32,8,2 Methyl Butyraldehyde,1,10,0.9563137264454677
32,8,2 Methyl Butyraldehyde,1,11,0.8650909249632066
32,8,2 Methyl Butyraldehyde,1,12,0.8747665067880497
32,8,2 Methyl Butyraldehyde,1,13,0.8466748817200929
32,8,2 Methyl Butyraldehyde,1,14,0.9853393780829711
32,9,m Anisaldehyde,0,0,1.0177019498891493
32,9,m Anisaldehyde,0,1,1.0247072627263394
32,9,m Anisaldehyde,0,2,0.9519068345230343
32,9,m Anisaldehyde,0,3,1.0054683703640013
32,9,m Anisaldehyde,0,4,1.0258850893007996
32,9,m Anisaldehyde,0,5,0.9954048623028993
32,9,m Anisaldehyde,0,6,1.048543394917332
32,9,m Anisaldehyde,0,7,1.0979884149499894
32,9,m Anisaldehyde,0,8,0.9676326568405181
32,9,m Anisaldehyde,0,9,0.9646316800852084
32,9,m Anisaldehyde,0,10,0.9704049273031332
32,9,m Anisaldehyde,0,11,1.0697631363249358
32,9,m Anisaldehyde,0,12,1.0472093826054636
32,9,m Anisaldehyde,0,13,1.0000940572125303
32,9,m Anisaldehyde,0,14,1.0069775565003112
32,9,m Anisaldehyde,1,0,0.9578155369159107
32,9,m Anisaldehyde,1,1,1.0260783682735068
32,9,m Anisaldehyde,1,2,0.9752812089994374
32,9,m Anisaldehyde,1,3,0.9800742203855796
32,9,m Anisaldehyde,1,4,1.0148288728249497
32,9,m Anisaldehyde,1,5,0.9829574844404507
32,9,m Anisaldehyde,1,6,0.9810786422238656
32,9,m Anisaldehyde,1,7,0.9909002901849425
32,9,m Anisaldehyde,1,8,1.0222914985155025
32,9,m Anisaldehyde,1,9,1.0563370049831329
32,9,m Anisaldehyde,1,10,1.013896731253623
32,9,m Anisaldehyde,1,11,1.0226098509087502
32,9,m Anisaldehyde,1,12,0.9824831194797345
32,9,m Anisaldehyde,1,13,0.9621653674370308
32,9,m Anisaldehyde,1,14,1.016636731253184
34,0,"2,3 Pentanedione",0,0,1.001595922864439
34,0,"2,3 Pentanedione",0,1,0.9378411439304264
34,0,"2,3 Pentanedione",0,2,0.9816235049433923
34,0,"2,3 Pentanedione",0,3,0.9914304089411542
34,0,"2,3 Pentanedione",0,4,0.9743279751992772
34,0,"2,3 Pentanedione",0,5,1.0540157136621013
34,0,"2,3 Pentanedione",0,6,1.013939851356505
34,0,"2,3 Pentanedione",0,7,1.0496732865959622
34,0,"2,3 Pentanedione",0,8,1.0052833003465027
34,0,"2,3 Pentanedione",0,9,0.9980018033374194
34,0,"2,3 Pentanedione",0,10,0.9572823771760064
34,0,"2,3 Pentanedione",0,11,0.995223471208279
34,0,"2,3 Pentanedione",0,12,0.9952684469074339
34,0,"2,3 Pentanedione",0,13,0.940061734519047
34,0,"2,3 Pentanedione",0,14,0.9731651910896005
34,0,"2,3 Pentanedione",1,0,0.9689861807805873
34,0,"2,3 Pentanedione",1,1,0.9984566664834706
34,0,"2,3 Pentanedione",1,2,1.00037148920067
34,0,"2,3 Pentanedione",1,3,0.9586647454426337
34,0,"2,3 Pentanedione",1,4,1.0006722688229173
34,0,"2,3 Pentanedione",1,5,0.9746343275473012
34,0,"2,3 Pentanedione",1,6,0.8671326837270436
34,0,"2,3 Pentanedione",1,7,0.9625294034431802
34,0,"2,3 Pentanedione",1,8,1.025077030326937
34,0,"2,3 Pentanedione",1,9,0.9146452544561346
34,0,"2,3 Pentanedione",1,10,0.9864251327378635
34,0,"2,3 Pentanedione",1,11,1.0453279332886534
34,0,"2,3 Pentanedione",1,12,0.9514929666008226
34,0,"2,3 Pentanedione",1,13,0.9820034479383493
34,0,"2,3 Pentanedione",1,14,0.929756834432125
34,1,3 Methylvaleric Acid,0,0,0.94722804546917
34,1,3 Methylvaleric Acid,0,1,0.8788054947227626
34,1,3 Methylvaleric Acid,0,2,0.8840038735143879
34,1,3 Methylvaleric Acid,0,3,0.9363108184228521
34,1,3 Methylvaleric Acid,0,4,0.9085979355884465
34,1,3 Methylvaleric Acid,0,5,0.8471136505027576
34,1,3 Methylvaleric Acid,0,6,0.8562476828391345
34,1,3 Methylvaleric Acid,0,7,0.9019360519835592
34,1,3 Methylvaleric Acid,0,8,0.8571739576001096
34,1,3 Methylvaleric Acid,0,9,0.7974490673178061
34,1,3 Methylvaleric Acid,0,10,0.8800091678570641
34,1,3 Methylvaleric Acid,0,11,0.8229302933576348
34,1,3 Methylvaleric Acid,0,12,0.9467900699451762
34,1,3 Methylvaleric Acid,0,13,0.8892103053131533
34,1,3 Methylvaleric Acid,0,14,0.8459317975328842
34,1,3 Methylvaleric Acid,1,0,0.8501424631424498
34,1,3 Methylvaleric Acid,1,1,0.8025118562139911
34,1,3 Methylvaleric Acid,1,2,0.8341092842577278
34,1,3 Methylvaleric Acid,1,3,0.9187406878305759
34,1,3 Methylvaleric Acid,1,4,0.9673592055486436
34,1,3 Methylvaleric Acid,1,5,0.9071436202569063
34,1,3 Methylvaleric Acid,1,6,0.8744060581841068
34,1,3 Methylvaleric Acid,1,7,0.8608093847027913
34,1,3 Methylvaleric Acid,1,8,0.8398279271858935
34,1,3 Methylvaleric Acid,1,9,0.9604783957025376
34,1,3 Methylvaleric Acid,1,10,0.8705378116543729
34,1,3 Methylvaleric Acid,1,11,0.9627129529314482
34,1,3 Methylvaleric Acid,1,12,0.9338285401133504
34,1,3 Methylvaleric Acid,1,13,0.808455902475097
34,1,3 Methylvaleric Acid,1,14,0.8514496638985763
34,2,Acetic Acid,0,0,1.0122652688407587
34,2,Acetic Acid,0,1,1.035833219243482
34,2,Acetic Acid,0,2,1.0366145036831613
34,2,Acetic Acid,0,3,1.1588766376236372
34,2,Acetic Acid,0,4,0.9959379588287212
34,2,Acetic Acid,0,5,1.048185871234287
34,2,Acetic Acid,0,6,1.0636873835064236
34,2,Acetic Acid,0,7,1.0389641936289438
34,2,Acetic Acid,0,8,1.0434342969189658
34,2,Acetic Acid,0,9,0.997234718035448
34,2,Acetic Acid,0,10,1.0432865215918188
34,2,Acetic Acid,0,11,1.0594830336546863
34,2,Acetic Acid,0,12,1.0521310971785567
34,2,Acetic Acid,0,13,1.0618351099641952
34,2,Acetic Acid,0,14,1.095531389833161
34,2,Acetic Acid,1,0,1.1218827537221459
34,2,Acetic Acid,1,1,1.0872558765854698
34,2,Acetic Acid,1,2,1.0375337579702413
34,2,Acetic Acid,1,3,1.0604038810571275
34,2,Acetic Acid,1,4,1.0756188459688756
34,2,Acetic Acid,1,5,1.0944979252992302
34,2,Acetic Acid,1,6,1.0652707815855964
34,2,Acetic Acid,1,7,1.0469747640781981
34,2,Acetic Acid,1,8,1.0368761444807588
34,2,Acetic Acid,1,9,1.018356981683351
34,2,Acetic Acid,1,10,1.0750060638945895
34,2,Acetic Acid,1,11,1.0256174743627602
34,2,Acetic Acid,1,12,1.0443830646792767
34,2,Acetic Acid,1,13,1.0686480171318002
34,2,Acetic Acid,1,14,1.030967399669915
34,3,Gerinol,0,0,0.9278440374506348
34,3,Gerinol,0,1,0.9422628724549144
34,3,Gerinol,0,2,0.8906768691196709
34,3,Gerinol,0,3,0.8951728576062868
34,3,Gerinol,0,4,0.93415114071625
34,3,Gerinol,0,5,0.8840941460212998
34,3,Gerinol,0,6,0.881344593446795
34,3,Gerinol,0,7,0.9605138890381385
34,3,Gerinol,0,8,0.9480214594591984
34,3,Gerinol,0,9,0.9367159500044436
34,3,Gerinol,0,10,0.9496797347664506
34,3,Gerinol,0,11,0.8335628008959923
34,3,Gerinol,0,12,0.9668073717824112
34,3,Gerinol,0,13,0.9283364345740366
34,3,Gerinol,0,14,0.9530852052709163
34,3,Gerinol,1,0,0.9345299425936553
34,3,Gerinol,1,1,0.9210004644162071
34,3,Gerinol,1,2,0.9080311029345186
34,3,Gerinol,1,3,0.933729246504449
34,3,Gerinol,1,4,0.9065735550728188
34,3,Gerinol,1,5,0.9537585154316053
34,3,Gerinol,1,6,0.8555852056469128
34,3,Gerinol,1,7,0.8973804369572297
34,3,Gerinol,1,8,1.0008364013680666
34,3,Gerinol,1,9,0.8940002528861051
34,3,Gerinol,1,10,0.9094961225064617
34,3,Gerinol,1,11,0.8837402340949978
34,3,Gerinol,1,12,0.9324772983444338
34,3,Gerinol,1,13,0.889592875823313
34,3,Gerinol,1,14,0.9116190340367188
34,4,n Methyl Piperdine,0,0,0.8020856182326593
34,4,n Methyl Piperdine,0,1,0.7401804200386639
34,4,n Methyl Piperdine,0,2,0.7996754015618655
34,4,n Methyl Piperdine,0,3,0.8010201294136708
34,4,n Methyl Piperdine,0,4,0.8103292005800283
34,4,n Methyl Piperdine,0,5,0.7737525965879781
34,4,n Methyl Piperdine,0,6,0.8977813198703279
34,4,n Methyl Piperdine,0,7,0.8103123046529398
34,4,n Methyl Piperdine,0,8,0.7811260617675296
34,4,n Methyl Piperdine,0,9,0.7330939802279871
34,4,n Methyl Piperdine,0,10,0.7642485917562909
34,4,n Methyl Piperdine,0,11,0.825184035867258
34,4,n Methyl Piperdine,0,12,0.8365123414163073
34,4,n Methyl Piperdine,0,13,0.8272641208088657
34,4,n Methyl Piperdine,0,14,0.7995386490604414
34,4,n Methyl Piperdine,1,0,0.751811631978943
34,4,n Methyl Piperdine,1,1,0.8215245129437927
34,4,n Methyl Piperdine,1,2,0.752381945108646
34,4,n Methyl Piperdine,1,3,0.7425391924955356
34,4,n Methyl Piperdine,1,4,0.8116043876138554
34,4,n Methyl Piperdine,1,5,0.8229660181215559
34,4,n Methyl Piperdine,1,6,0.8381731241699981
34,4,n Methyl Piperdine,1,7,0.8219234898462097
34,4,n Methyl Piperdine,1,8,0.8233014796604758
34,4,n Methyl Piperdine,1,9,0.7626519368310708
34,4,n Methyl Piperdine,1,10,0.7978389728433792
34,4,n Methyl Piperdine,1,11,0.7417533688053863
34,4,n Methyl Piperdine,1,12,0.721903275054758
34,4,n Methyl Piperdine,1,13,0.8316637486244889
34,4,n Methyl Piperdine,1,14,0.7719130644791276
34,5,"2,4 Dimethyl Acetophenone",0,0,1.0131582299607866
34,5,"2,4 Dimethyl Acetophenone",0,1,1.022592192990266
34,5,"2,4 Dimethyl Acetophenone",0,2,0.9534855968901366
34,5,"2,4 Dimethyl Acetophenone",0,3,1.0018707336572765
34,5,"2,4 Dimethyl Acetophenone",0,4,0.9518120207305187
34,5,"2,4 Dimethyl Acetophenone",0,5,0.9044231348899915
34,5,"2,4 Dimethyl Acetophenone",0,6,0.9831906660527628
34,5,"2,4 Dimethyl Acetophenone",0,7,0.959423334686434
34,5,"2,4 Dimethyl Acetophenone",0,8,0.9606547294515791
34,5,"2,4 Dimethyl Acetophenone",0,9,1.0572720145888854
34,5,"2,4 Dimethyl Acetophenone",0,10,0.9172240105657575
34,5,"2,4 Dimethyl Acetophenone",0,11,0.9935731352899233
34,5,"2,4 Dimethyl Acetophenone",0,12,0.9384660003892744
34,5,"2,4 Dimethyl Acetophenone",0,13,1.0145887462457575
34,5,"2,4 Dimethyl Acetophenone",0,14,0.990195539322067
34,5,"2,4 Dimethyl Acetophenone",1,0,0.9764051438160996
34,5,"2,4 Dimethyl Acetophenone",1,1,0.9234357851447846
34,5,"2,4 Dimethyl Acetophenone",1,2,0.9306078533173421
34,5,"2,4 Dimethyl Acetophenone",1,3,0.9983213901427105
34,5,"2,4 Dimethyl Acetophenone",1,4,1.0320632787179775
34,5,"2,4 Dimethyl Acetophenone",1,5,0.9804436825378425
34,5,"2,4 Dimethyl Acetophenone",1,6,0.9253345410180177
34,5,"2,4 Dimethyl Acetophenone",1,7,0.9747889107473577
34,5,"2,4 Dimethyl Acetophenone",1,8,1.0583302516223794
34,5,"2,4 Dimethyl Acetophenone",1,9,0.9653282822776315
34,5,"2,4 Dimethyl Acetophenone",1,10,1.019705004224619
34,5,"2,4 Dimethyl Acetophenone",1,11,0.9316181952153265
34,5,"2,4 Dimethyl Acetophenone",1,12,0.9595479277834196
34,5,"2,4 Dimethyl Acetophenone",1,13,0.9860139780938968
34,5,"2,4 Dimethyl Acetophenone",1,14,0.9771245021793896
34,6,4 Heptanone,0,0,0.9377127972319642
34,6,4 Heptanone,0,1,0.9359876461511867
34,6,4 Heptanone,0,2,1.007899720560517
34,6,4 Heptanone,0,3,1.0160303769424164
34,6,4 Heptanone,0,4,1.0288540867612874
34,6,4 Heptanone,0,5,1.0405255637665254
34,6,4 Heptanone,0,6,0.9737531218893145
34,6,4 Heptanone,0,7,0.9559203746671469
34,6,4 Heptanone,0,8,1.0224079819875493
34,6,4 Heptanone,0,9,0.9968911157104741
34,6,4 Heptanone,0,10,0.929070134089707
34,6,4 Heptanone,0,11,0.9270229178156542
34,6,4 Heptanone,0,12,0.988045552490663
34,6,4 Heptanone,0,13,0.9612773579770506
34,6,4 Heptanone,0,14,0.9673111462467827
34,6,4 Heptanone,1,0,1.029802187782023
34,6,4 Heptanone,1,1,1.0172623389930167
34,6,4 Heptanone,1,2,1.0400957831303526
34,6,4 Heptanone,1,3,0.9096394089386806
34,6,4 Heptanone,1,4,0.9970367698824633
34,6,4 Heptanone,1,5,1.0146883940895035
34,6,4 Heptanone,1,6,0.9258374189261079
34,6,4 Heptanone,1,7,0.9607050275412163
34,6,4 Heptanone,1,8,0.9532814467004584
34,6,4 Heptanone,1,9,0.9877687800360119
34,6,4 Heptanone,1,10,1.0520150119413778
34,6,4 Heptanone,1,11,1.0678044293802114
34,6,4 Heptanone,1,12,0.954329351070684
34,6,4 Heptanone,1,13,1.0079631432133582
34,6,4 Heptanone,1,14,1.009252767279308
34,7,33 Dimethyl Butyric Acid,0,0,0.8862165263605352
34,7,33 Dimethyl Butyric Acid,0,1,0.8866706808895146
34,7,33 Dimethyl Butyric Acid,0,2,0.8828611955979984
34,7,33 Dimethyl Butyric Acid,0,3,0.9382143003322021
34,7,33 Dimethyl Butyric Acid,0,4,0.9148101560746675
34,7,33 Dimethyl Butyric Acid,0,5,0.8283053395960146
34,7,33 Dimethyl Butyric Acid,0,6,0.9025403387351673
34,7,33 Dimethyl Butyric Acid,0,7,0.9064064304804034
34,7,33 Dimethyl Butyric Acid,0,8,0.8833101869860168
34,7,33 Dimethyl Butyric Acid,0,9,0.9159684703200545
34,7,33 Dimethyl Butyric Acid,0,10,0.8782344568719067
34,7,33 Dimethyl Butyric Acid,0,11,0.8787302043429953
34,7,33 Dimethyl Butyric Acid,0,12,0.875561117287027
34,7,33 Dimethyl Butyric Acid,0,13,0.7899817320679585
34,7,33 Dimethyl Butyric Acid,0,14,0.8674955597437103
34,7,33 Dimethyl Butyric Acid,1,0,0.8403721865645017
34,7,33 Dimethyl Butyric Acid,1,1,0.8196442904149823
34,7,33 Dimethyl Butyric Acid,1,2,0.9244629409322656
34,7,33 Dimethyl Butyric Acid,1,3,0.8872705102840629
34,7,33 Dimethyl Butyric Acid,1,4,0.8659089663049027
34,7,33 Dimethyl Butyric Acid,1,5,0.8445100754985876
34,7,33 Dimethyl Butyric Acid,1,6,0.8789489929278342
34,7,33 Dimethyl Butyric Acid,1,7,0.9067596532753851
34,7,33 Dimethyl Butyric Acid,1,8,0.834023575800807
34,7,33 Dimethyl Butyric Acid,1,9,0.8669090746516201
34,7,33 Dimethyl Butyric Acid,1,10,0.9018248694967315
34,7,33 Dimethyl Butyric Acid,1,11,0.7896621643793194
34,7,33 Dimethyl Butyric Acid,1,12,0.8647994190464684
34,7,33 Dimethyl Butyric Acid,1,13,0.849930554720783
34,7,33 Dimethyl Butyric Acid,1,14,0.8617490152324833
34,8,2 Methyl Butyraldehyde,0,0,0.8719499109039667
34,8,2 Methyl Butyraldehyde,0,1,0.8975200373671347
34,8,2 Methyl Butyraldehyde,0,2,0.9689601419757515
34,8,2 Methyl Butyraldehyde,0,3,0.8790581542017007
34,8,2 Methyl Butyraldehyde,0,4,0.9036834935226071
34,8,2 Methyl Butyraldehyde,0,5,0.9718049098952073
34,8,2 Methyl Butyraldehyde,0,6,0.8700144300239406
34,8,2 Methyl Butyraldehyde,0,7,0.9646020671160016
34,8,2 Methyl Butyraldehyde,0,8,0.8922279734239271
34,8,2 Methyl Butyraldehyde,0,9,0.9632909021934399
34,8,2 Methyl Butyraldehyde,0,10,0.9220230981566956
34,8,2 Methyl Butyraldehyde,0,11,0.9042993876621397
34,8,2 Methyl Butyraldehyde,0,12,0.8893898258833793
34,8,2 Methyl Butyraldehyde,0,13,0.8670533955636744
34,8,2 Methyl Butyraldehyde,0,14,0.895046715157417
34,8,2 Methyl Butyraldehyde,1,0,0.9226080366696976
34,8,2 Methyl Butyraldehyde,1,1,0.8861891210690298
34,8,2 Methyl Butyraldehyde,1,2,0.8740486661064223
34,8,2 Methyl Butyraldehyde,1,3,0.8766822769417857
34,8,2 Methyl Butyraldehyde,1,4,0.9264126428522188
34,8,2 Methyl Butyraldehyde,1,5,0.9357200365128908
34,8,2 Methyl Butyraldehyde,1,6,0.8600275577581619
34,8,2 Methyl Butyraldehyde,1,7,0.8599700640109971
34,8,2 Methyl Butyraldehyde,1,8,0.9018879350955811
34,8,2 Methyl Butyraldehyde,1,9,0.9478148608991869
34,8,2 Methyl Butyraldehyde,1,10,0.9325531906413991
34,8,2 Methyl Butyraldehyde,1,11,0.8366394898217002
34,8,2 Methyl Butyraldehyde,1,12,0.8761505395092222
34,8,2 Methyl Butyraldehyde,1,13,0.8494894361213161
34,8,2 Methyl Butyraldehyde,1,14,0.8760130774322863
34,9,m Anisaldehyde,0,0,1.106996521856066
34,9,m Anisaldehyde,0,1,0.9859160960633311
34,9,m Anisaldehyde,0,2,0.9780655102834441
34,9,m Anisaldehyde,0,3,1.0096779558773077
34,9,m Anisaldehyde,0,4,1.0543125461176914
34,9,m Anisaldehyde,0,5,1.067650314840282
34,9,m Anisaldehyde,0,6,1.060318059409113
34,9,m Anisaldehyde,0,7,1.0898475381438923
34,9,m Anisaldehyde,0,8,0.9722966982452945
34,9,m Anisaldehyde,0,9,1.0903535835490092
34,9,m Anisaldehyde,0,10,1.0303363092128002
34,9,m Anisaldehyde,0,11,1.0720798944068464
34,9,m Anisaldehyde,0,12,0.9898831049441236
34,9,m Anisaldehyde,0,13,1.0430183898950145
34,9,m Anisaldehyde,0,14,1.0522709528382124
34,9,m Anisaldehyde,1,0,1.0690470184158984
34,9,m Anisaldehyde,1,1,0.9594067920116511
34,9,m Anisaldehyde,1,2,1.024047078857358
34,9,m Anisaldehyde,1,3,0.9794075652702761
34,9,m Anisaldehyde,1,4,1.0430368186842927
34,9,m Anisaldehyde,1,5,1.0539056383742067
34,9,m Anisaldehyde,1,6,1.0743037866162852
34,9,m Anisaldehyde,1,7,1.0014157987436267
34,9,m Anisaldehyde,1,8,1.0599060363435133
34,9,m Anisaldehyde,1,9,1.0772530404150438
34,9,m Anisaldehyde,1,10,0.9570870981217431
34,9,m Anisaldehyde,1,11,1.0473107737198997
34,9,m Anisaldehyde,1,12,1.061157427067166
34,9,m Anisaldehyde,1,13,1.0124679214604642
34,9,m Anisaldehyde,1,14,0.9743860338149574
36,0,"2,3 Pentanedione",0,0,1.0748481396426826
36,0,"2,3 Pentanedione",0,1,0.9891495562959857
36,0,"2,3 Pentanedione",0,2,1.0299958520178598
36,0,"2,3 Pentanedione",0,3,1.0355249470861627
36,0,"2,3 Pentanedione",0,4,1.065751431466456
36,0,"2,3 Pentanedione",0,5,1.0120646470177947
36,0,"2,3 Pentanedione",0,6,1.0097465618451817
36,0,"2,3 Pentanedione",0,7,1.0410865285488204
36,0,"2,3 Pentanedione",0,8,1.077385528503086
36,0,"2,3 Pentanedione",0,9,1.1286279094244218
36,0,"2,3 Pentanedione",0,10,0.976830661407145
36,0,"2,3 Pentanedione",0,11,1.0497435901097592
36,0,"2,3 Pentanedione",0,12,0.9936685083489243
36,0,"2,3 Pentanedione",0,13,1.0778823591265656
36,0,"2,3 Pentanedione",0,14,0.9995881275059266
36,0,"2,3 Pentanedione",1,0,0.9927550700447654
36,0,"2,3 Pentanedione",1,1,0.9961701644094985
36,0,"2,3 Pentanedione",1,2,1.0166930412232662
36,0,"2,3 Pentanedione",1,3,1.0326689026464067
36,0,"2,3 Pentanedione",1,4,1.0390890545163989
36,0,"2,3 Pentanedione",1,5,1.019510296924747
36,0,"2,3 Pentanedione",1,6,0.9665453578744351
36,0,"2,3 Pentanedione",1,7,1.0488524447844658
36,0,"2,3 Pentanedione",1,8,1.0176226522255372
36,0,"2,3 Pentanedione",1,9,1.0662103903726463
36,0,"2,3 Pentanedione",1,10,0.9914314475928608
36,0,"2,3 Pentanedione",1,11,0.9556500096780185
36,0,"2,3 Pentanedione",1,12,1.0183799586647353
36,0,"2,3 Pentanedione",1,13,1.071579106303429
36,0,"2,3 Pentanedione",1,14,1.0261786842367004
36,1,3 Methylvaleric Acid,0,0,0.9035008988064024
36,1,3 Methylvaleric Acid,0,1,0.8766738100670194
36,1,3 Methylvaleric Acid,0,2,0.9817983494405496
36,1,3 Methylvaleric Acid,0,3,0.8703035869779255
36,1,3 Methylvaleric Acid,0,4,0.8824719204681871
36,1,3 Methylvaleric Acid,0,5,0.9342890586166777
36,1,3 Methylvaleric Acid,0,6,0.8372468631778451
36,1,3 Methylvaleric Acid,0,7,0.9624713173885703
36,1,3 Methylvaleric Acid,0,8,0.9364554153420109
36,1,3 Methylvaleric Acid,0,9,0.9474569336457611
36,1,3 Methylvaleric Acid,0,10,0.9338123712513029
36,1,3 Methylvaleric Acid,0,11,0.9050427500750619
36,1,3 Methylvaleric Acid,0,12,0.8689617423670998
36,1,3 Methylvaleric Acid,0,13,0.9058846731243183
36,1,3 Methylvaleric Acid,0,14,0.8724782383032113
36,1,3 Methylvaleric Acid,1,0,0.9242459823851403
36,1,3 Methylvaleric Acid,1,1,0.9370709632040091
36,1,3 Methylvaleric Acid,1,2,0.9638721152300134
36,1,3 Methylvaleric Acid,1,3,0.9196704756041996
36,1,3 Methylvaleric Acid,1,4,0.9417827842458925
36,1,3 Methylvaleric Acid,1,5,0.8929139804928794
36,1,3 Methylvaleric Acid,1,6,0.8856686844617573
36,1,3 Methylvaleric Acid,1,7,0.9237466456147571
36,1,3 Methylvaleric Acid,1,8,0.8893408550734087
36,1,3 Methylvaleric Acid,1,9,0.9155672015351913
36,1,3 Methylvaleric Acid,1,10,0.8623520824086682
36,1,3 Methylvaleric Acid,1,11,0.869534662683033
36,1,3 Methylvaleric Acid,1,12,0.9302161420228167
36,1,3 Methylvaleric Acid,1,13,0.9402673729983289
36,1,3 Methylvaleric Acid,1,14,0.8653735232234179
36,2,Acetic Acid,0,0,1.0972756281972904
36,2,Acetic Acid,0,1,1.0491416288556228
36,2,Acetic Acid,0,2,1.071111262825046
36,2,Acetic Acid,0,3,1.1271288324086597
36,2,Acetic Acid,0,4,1.1027505451379516
36,2,Acetic Acid,0,5,1.1022859352979215
36,2,Acetic Acid,0,6,1.1468026701153125
36,2,Acetic Acid,0,7,1.0422958821350419
36,2,Acetic Acid,0,8,1.0310160567773319
36,2,Acetic Acid,0,9,1.04156616496789
36,2,Acetic Acid,0,10,1.0602710136407691
36,2,Acetic Acid,0,11,0.9762690312053579
36,2,Acetic Acid,0,12,1.0621539263091613
36,2,Acetic Acid,0,13,1.0486682265012373
36,2,Acetic Acid,0,14,1.1018014464729458
36,2,Acetic Acid,1,0,1.111247591880861
36,2,Acetic Acid,1,1,1.073122951609686
36,2,Acetic Acid,1,2,1.1207492505349756
36,2,Acetic Acid,1,3,1.1260813391134104
36,2,Acetic Acid,1,4,1.0664089851288032
36,2,Acetic Acid,1,5,1.0774298465051628
36,2,Acetic Acid,1,6,1.0081362892365402
36,2,Acetic Acid,1,7,1.0535244177456882
36,2,Acetic Acid,1,8,1.0674520343035163
36,2,Acetic Acid,1,9,1.1001174637847004
36,2,Acetic Acid,1,10,1.059335509546067
36,2,Acetic Acid,1,11,1.0766127372384953
36,2,Acetic Acid,1,12,1.0481375894571556
36,2,Acetic Acid,1,13,1.1039953726617104
36,2,Acetic Acid,1,14,1.1141794005038559
36,3,Gerinol,0,0,0.9364207538926523
36,3,Gerinol,0,1,0.9208205852320699
36,3,Gerinol,0,2,0.8586832200958037
36,3,Gerinol,0,3,0.8955279934001454
36,3,Gerinol,0,4,0.9040338730631201
36,3,Gerinol,0,5,0.9041943274390345
36,3,Gerinol,0,6,0.9233253886754529
36,3,Gerinol,0,7,0.9773477948507002
36,3,Gerinol,0,8,0.9528099884632435
36,3,Gerinol,0,9,0.8808254287619117
36,3,Gerinol,0,10,0.9474622549677248
36,3,Gerinol,0,11,0.9459382346624889
36,3,Gerinol,0,12,0.8880834410377969
36,3,Gerinol,0,13,0.954280776861277
36,3,Gerinol,0,14,0.913911074518049
36,3,Gerinol,1,0,0.8719529988170865
36,3,Gerinol,1,1,0.9465592474031501
36,3,Gerinol,1,2,0.9370296113622454
36,3,Gerinol,1,3,0.9192440332502313
36,3,Gerinol,1,4,0.9268530150183324
36,3,Gerinol,1,5,0.8995877192621259
36,3,Gerinol,1,6,0.9527563585695488
36,3,Gerinol,1,7,0.9266131130373073
36,3,Gerinol,1,8,0.9350090921755935
36,3,Gerinol,1,9,0.9426368153948192
36,3,Gerinol,1,10,0.8821677138406114
36,3,Gerinol,1,11,0.8925798175423824
36,3,Gerinol,1,12,0.839953360033016
36,3,Gerinol,1,13,0.9509408287572807
36,3,Gerinol,1,14,0.8798627374677938
36,4,n Methyl Piperdine,0,0,0.8259444007170419
36,4,n Methyl Piperdine,0,1,0.8354811413187979
36,4,n Methyl Piperdine,0,2,0.8447357258769166
36,4,n Methyl Piperdine,0,3,0.7724809357677734
36,4,n Methyl Piperdine,0,4,0.8180351475955882
36,4,n Methyl Piperdine,0,5,0.8874528291527257
36,4,n Methyl Piperdine,0,6,0.8892141995205884
36,4,n Methyl Piperdine,0,7,0.8601345360822938
36,4,n Methyl Piperdine,0,8,0.8341413378739694
36,4,n Methyl Piperdine,0,9,0.7804373567674007
36,4,n Methyl Piperdine,0,10,0.8493864773368579
36,4,n Methyl Piperdine,0,11,0.8143207631713422
36,4,n Methyl Piperdine,0,12,0.8430627433321296
36,4,n Methyl Piperdine,0,13,0.7953278741271311
36,4,n Methyl Piperdine,0,14,0.8137242878076186
36,4,n Methyl Piperdine,1,0,0.8192012146746068
36,4,n Methyl Piperdine,1,1,0.8224864439313042
36,4,n Methyl Piperdine,1,2,0.8323842288499598
36,4,n Methyl Piperdine,1,3,0.7894675208905538
36,4,n Methyl Piperdine,1,4,0.7589039421871417
36,4,n Methyl Piperdine,1,5,0.8776267218675416
36,4,n Methyl Piperdine,1,6,0.9122054870324842
36,4,n Methyl Piperdine,1,7,0.830532148719645
36,4,n Methyl Piperdine,1,8,0.7596756364823454
36,4,n Methyl Piperdine,1,9,0.7817075155978348
36,4,n Methyl Piperdine,1,10,0.8330000230335886
36,4,n Methyl Piperdine,1,11,0.8662799447388012
36,4,n Methyl Piperdine,1,12,0.7641196948898756
36,4,n Methyl Piperdine,1,13,0.8076620074375938
36,4,n Methyl Piperdine,1,14,0.8204726028493086
36,5,"2,4 Dimethyl Acetophenone",0,0,1.0112511787043423
36,5,"2,4 Dimethyl Acetophenone",0,1,0.9629239968768921
36,5,"2,4 Dimethyl Acetophenone",0,2,0.9141154530000304
36,5,"2,4 Dimethyl Acetophenone",0,3,1.0015159430310234
36,5,"2,4 Dimethyl Acetophenone",0,4,1.0216598792597569
36,5,"2,4 Dimethyl Acetophenone",0,5,0.9733643821831008
36,5,"2,4 Dimethyl Acetophenone",0,6,0.9928776443051646
36,5,"2,4 Dimethyl Acetophenone",0,7,0.9576883914758245
36,5,"2,4 Dimethyl Acetophenone",0,8,0.9428371288638715
36,5,"2,4 Dimethyl Acetophenone",0,9,1.017725067874796
36,5,"2,4 Dimethyl Acetophenone",0,10,0.9921678745654857
36,5,"2,4 Dimethyl Acetophenone",0,11,0.9962827846289826
36,5,"2,4 Dimethyl Acetophenone",0,12,1.0367526465726917
36,5,"2,4 Dimethyl Acetophenone",0,13,0.9344743472801644
36,5,"2,4 Dimethyl Acetophenone",0,14,0.9545869899265305
36,5,"2,4 Dimethyl Acetophenone",1,0,0.98389224245253
36,5,"2,4 Dimethyl Acetophenone",1,1,0.9550023789886926
36,5,"2,4 Dimethyl Acetophenone",1,2,1.0089003699100403
36,5,"2,4 Dimethyl Acetophenone",1,3,0.9700789396629829
36,5,"2,4 Dimethyl Acetophenone",1,4,0.9378735961992547
36,5,"2,4 Dimethyl Acetophenone",1,5,0.9802057755066487
36,5,"2,4 Dimethyl Acetophenone",1,6,0.9843884593314137
36,5,"2,4 Dimethyl Acetophenone",1,7,1.0149621910149955
36,5,"2,4 Dimethyl Acetophenone",1,8,0.9933005446250393
36,5,"2,4 Dimethyl Acetophenone",1,9,0.9960207641535357
36,5,"2,4 Dimethyl Acetophenone",1,10,0.9903865758594312
36,5,"2,4 Dimethyl Acetophenone",1,11,0.9700460076474651
36,5,"2,4 Dimethyl Acetophenone",1,12,0.9489261438946917
36,5,"2,4 Dimethyl Acetophenone",1,13,0.9891284425655174
36,5,"2,4 Dimethyl Acetophenone",1,14,0.9642499178637967
36,6,4 Heptanone,0,0,1.063042751321265
36,6,4 Heptanone,0,1,1.0491371382945531
36,6,4 Heptanone,0,2,1.0207634117976887
36,6,4 Heptanone,0,3,1.0105885240753438
36,6,4 Heptanone,0,4,0.9919314844643774
36,6,4 Heptanone,0,5,0.9450048972497391
36,6,4 Heptanone,0,6,0.9868029575707459
36,6,4 Heptanone,0,7,0.9995058478398348
36,6,4 Heptanone,0,8,1.004628105481411
36,6,4 Heptanone,0,9,1.0142313011842574
36,6,4 Heptanone,0,10,1.032303054418732
36,6,4 Heptanone,0,11,0.9677636836359098
36,6,4 Heptanone,0,12,0.968126822215264
36,6,4 Heptanone,0,13,1.0534841136933508
36,6,4 Heptanone,0,14,1.0262891100713505
36,6,4 Heptanone,1,0,1.006650905985673
36,6,4 Heptanone,1,1,1.0179932969129164
36,6,4 Heptanone,1,2,1.01817318580401
36,6,4 Heptanone,1,3,1.0235447085622613
36,6,4 Heptanone,1,4,1.0411890673605504
36,6,4 Heptanone,1,5,1.123681453514999
36,6,4 Heptanone,1,6,1.029872006117512
36,6,4 Heptanone,1,7,1.048785669688016
36,6,4 Heptanone,1,8,0.9548226754234002
36,6,4 Heptanone,1,9,1.0028857439598524
36,6,4 Heptanone,1,10,1.07143434377967
36,6,4 Heptanone,1,11,1.0383743593252706
36,6,4 Heptanone,1,12,0.8467171602764124
36,6,4 Heptanone,1,13,1.0492426717636538
36,6,4 Heptanone,1,14,1.0990083194561566
36,7,33 Dimethyl Butyric Acid,0,0,0.8258810224102752
36,7,33 Dimethyl Butyric Acid,0,1,0.9664928328808874
36,7,33 Dimethyl Butyric Acid,0,2,0.7948391006300297
36,7,33 Dimethyl Butyric Acid,0,3,0.9432372836572034
36,7,33 Dimethyl Butyric Acid,0,4,0.9053713808145772
36,7,33 Dimethyl Butyric Acid,0,5,0.8117184772452822
36,7,33 Dimethyl Butyric Acid,0,6,0.9235628389446583
36,7,33 Dimethyl Butyric Acid,0,7,0.9517509158211492
36,7,33 Dimethyl Butyric Acid,0,8,0.9202728060079298
36,7,33 Dimethyl Butyric Acid,0,9,0.9291104313374514
36,7,33 Dimethyl Butyric Acid,0,10,0.8892502813615044
36,7,33 Dimethyl Butyric Acid,0,11,0.831261735646226
36,7,33 Dimethyl Butyric Acid,0,12,0.9333918867485494
36,7,33 Dimethyl Butyric Acid,0,13,0.9757074826329187
36,7,33 Dimethyl Butyric Acid,0,14,0.9509005600241652
36,7,33 Dimethyl Butyric Acid,1,0,0.8264535167057957
36,7,33 Dimethyl Butyric Acid,1,1,0.8453727736014122
36,7,33 Dimethyl Butyric Acid,1,2,0.8721298402179559
36,7,33 Dimethyl Butyric Acid,1,3,0.8422495318386438
36,7,33 Dimethyl Butyric Acid,1,4,0.9077361466720911
36,7,33 Dimethyl Butyric Acid,1,5,0.9217051820970704
36,7,33 Dimethyl Butyric Acid,1,6,0.8487584185601548
36,7,33 Dimethyl Butyric Acid,1,7,0.9370536882608707
36,7,33 Dimethyl Butyric Acid,1,8,0.9300127076506501
36,7,33 Dimethyl Butyric Acid,1,9,0.8840421848961014
36,7,33 Dimethyl Butyric Acid,1,10,0.8990676704504902
36,7,33 Dimethyl Butyric Acid,1,11,0.8279765028637283
36,7,33 Dimethyl Butyric Acid,1,12,0.8926780636383665
36,7,33 Dimethyl Butyric Acid,1,13,0.9062639488550626
36,7,33 Dimethyl Butyric Acid,1,14,0.9127184536989771
36,8,2 Methyl Butyraldehyde,0,0,0.9252901463701393
36,8,2 Methyl Butyraldehyde,0,1,0.9199047396185552
36,8,2 Methyl Butyraldehyde,0,2,0.8995613219987055
36,8,2 Methyl Butyraldehyde,0,3,0.921582867591505
36,8,2 Methyl Butyraldehyde,0,4,0.9502163496217423
36,8,2 Methyl Butyraldehyde,0,5,0.9063151469569466
36,8,2 Methyl Butyraldehyde,0,6,0.9228388655225994
36,8,2 Methyl Butyraldehyde,0,7,0.9026882273827675
36,8,2 Methyl Butyraldehyde,0,8,0.8842647132301494
36,8,2 Methyl Butyraldehyde,0,9,0.9310502565660365
36,8,2 Methyl Butyraldehyde,0,10,0.8879260321225241
36,8,2 Methyl Butyraldehyde,0,11,0.92558094592902
36,8,2 Methyl Butyraldehyde,0,12,0.9112652847497341
36,8,2 Methyl Butyraldehyde,0,13,0.8979776828285266
36,8,2 Methyl Butyraldehyde,0,14,0.8970093566034659
36,8,2 Methyl Butyraldehyde,1,0,0.8738587474513071
36,8,2 Methyl Butyraldehyde,1,1,0.828351540264374
36,8,2 Methyl Butyraldehyde,1,2,0.9094993909544022
36,8,2 Methyl Butyraldehyde,1,3,0.9034454601590673
36,8,2 Methyl Butyraldehyde,1,4,0.9281703972458742
36,8,2 Methyl Butyraldehyde,1,5,0.8729253110556627
36,8,2 Methyl Butyraldehyde,1,6,0.9699989321670013
36,8,2 Methyl Butyraldehyde,1,7,0.8789941492339493
36,8,2 Methyl Butyraldehyde,1,8,0.8591792014601467
36,8,2 Methyl Butyraldehyde,1,9,0.8544361903542279
36,8,2 Methyl Butyraldehyde,1,10,0.8248266910187481
36,8,2 Methyl Butyraldehyde,1,11,0.9554887028436596
36,8,2 Methyl Butyraldehyde,1,12,0.9490262827786811
36,8,2 Methyl Butyraldehyde,1,13,0.9182133936633249
36,8,2 Methyl Butyraldehyde,1,14,0.8583400348369034
36,9,m Anisaldehyde,0,0,1.1239395954745548
36,9,m Anisaldehyde,0,1,1.0374201217513237
36,9,m Anisaldehyde,0,2,1.0407278549631238
36,9,m Anisaldehyde,0,3,1.108979251429633
36,9,m Anisaldehyde,0,4,1.0778453115914248
36,9,m Anisaldehyde,0,5,1.1395330137623736
36,9,m Anisaldehyde,0,6,1.0614377786249507
36,9,m Anisaldehyde,0,7,1.035607656229041
36,9,m Anisaldehyde,0,8,1.027016692873798
36,9,m Anisaldehyde,0,9,0.9776090411245649
36,9,m Anisaldehyde,0,10,1.0403450572999418
36,9,m Anisaldehyde,0,11,1.0972726217652853
36,9,m Anisaldehyde,0,12,1.0754422551184328
36,9,m Anisaldehyde,0,13,1.0523012084746062
36,9,m Anisaldehyde,0,14,1.0116915104595368
36,9,m Anisaldehyde,1,0,1.0529146308205257
36,9,m Anisaldehyde,1,1,1.084352258307831
36,9,m Anisaldehyde,1,2,1.0610684803588155
36,9,m Anisaldehyde,1,3,1.0505091168853504
36,9,m Anisaldehyde,1,4,1.0119614039687679
36,9,m Anisaldehyde,1,5,1.0785269826644968
36,9,m Anisaldehyde,1,6,0.9185635173502489
36,9,m Anisaldehyde,1,7,1.059153538454622
36,9,m Anisaldehyde,1,8,1.1466525893378001
36,9,m Anisaldehyde,1,9,0.9835047746067422
36,9,m Anisaldehyde,1,10,1.0341849319119616
36,9,m Anisaldehyde,1,11,1.043523270495027
36,9,m Anisaldehyde,1,12,1.025336397537753
36,9,m Anisaldehyde,1,13,1.0852946798023753
36,9,m Anisaldehyde,1,14,1.0627377506742282
38,0,"2,3 Pentanedione",0,0,1.0838981642798617
38,0,"2,3 Pentanedione",0,1,1.1096970518247402
38,0,"2,3 Pentanedione",0,2,1.0784761777408387
38,0,"2,3 Pentanedione",0,3,1.2050007289309095
38,0,"2,3 Pentanedione",0,4,1.0838600267242386
38,0,"2,3 Pentanedione",0,5,1.0856174333175572
38,0,"2,3 Pentanedione",0,6,1.009387427395038
38,0,"2,3 Pentanedione",0,7,1.056068136285832
38,0,"2,3 Pentanedione",0,8,1.1237012566499613
38,0,"2,3 Pentanedione",0,9,1.024387875363574
38,0,"2,3 Pentanedione",0,10,0.9915038624058908
38,0,"2,3 Pentanedione",0,11,1.079098768225472
38,0,"2,3 Pentanedione",0,12,1.1326359296769681
38,0,"2,3 Pentanedione",0,13,1.079501398525814
38,0,"2,3 Pentanedione",0,14,1.0643611652729152
38,0,"2,3 Pentanedione",1,0,0.9887787023200918
38,0,"2,3 Pentanedione",1,1,1.0812083847378187
38,0,"2,3 Pentanedione",1,2,1.0895692241850528
38,0,"2,3 Pentanedione",1,3,0.9918489198656869
38,0,"2,3 Pentanedione",1,4,1.1084995177776198
38,0,"2,3 Pentanedione",1,5,1.0937460408654154
38,0,"2,3 Pentanedione",1,6,1.1084108575316247
38,0,"2,3 Pentanedione",1,7,1.0864592235030646
38,0,"2,3 Pentanedione",1,8,1.0892655281821837
38,0,"2,3 Pentanedione",1,9,1.0839470557778006
38,0,"2,3 Pentanedione",1,10,1.0978571126897787
38,0,"2,3 Pentanedione",1,11,0.9903679090647742
38,0,"2,3 Pentanedione",1,12,1.0030758424848703
38,0,"2,3 Pentanedione",1,13,1.03367790382214
38,0,"2,3 Pentanedione",1,14,1.0579254129628288
38,1,3 Methylvaleric Acid,0,0,0.9332642068902967
38,1,3 Methylvaleric Acid,0,1,0.9307259960871235
38,1,3 Methylvaleric Acid,0,2,0.9624229624162107
38,1,3 Methylvaleric Acid,0,3,0.9636785419011835
38,1,3 Methylvaleric Acid,0,4,0.8828433256262177
38,1,3 Methylvaleric Acid,0,5,0.9272817743599883
38,1,3 Methylvaleric Acid,0,6,0.8838254680490959
38,1,3 Methylvaleric Acid,0,7,0.9102088484238268
38,1,3 Methylvaleric Acid,0,8,0.9306103847199092
38,1,3 Methylvaleric Acid,0,9,0.7813902468991019
38,1,3 Methylvaleric Acid,0,10,1.0141884915435568
38,1,3 Methylvaleric Acid,0,11,0.9403950770538685
38,1,3 Methylvaleric Acid,0,12,0.8939105989414332
38,1,3 Methylvaleric Acid,0,13,0.9948335201671785
38,1,3 Methylvaleric Acid,0,14,0.9038414831385216
38,1,3 Methylvaleric Acid,1,0,0.9102702148149681
38,1,3 Methylvaleric Acid,1,1,0.8854848069659407
38,1,3 Methylvaleric Acid,1,2,0.9710491128795793
38,1,3 Methylvaleric Acid,1,3,0.9007700511296105
38,1,3 Methylvaleric Acid,1,4,0.910948803411426
38,1,3 Methylvaleric Acid,1,5,0.9531207255028635
38,1,3 Methylvaleric Acid,1,6,0.9283750176802887
38,1,3 Methylvaleric Acid,1,7,0.9027955167764828
38,1,3 Methylvaleric Acid,1,8,0.9493850782761443
38,1,3 Methylvaleric Acid,1,9,1.0065087685589638
38,1,3 Methylvaleric Acid,1,10,0.9176658573338226
38,1,3 Methylvaleric Acid,1,11,0.9096398428967484
38,1,3 Methylvaleric Acid,1,12,0.911794522726609
38,1,3 Methylvaleric Acid,1,13,0.9573866194151064
38,1,3 Methylvaleric Acid,1,14,0.8810015299805288
38,2,Acetic Acid,0,0,1.0886859535586337
38,2,Acetic Acid,0,1,1.0383209379820346
38,2,Acetic Acid,0,2,1.0524639414415013
38,2,Acetic Acid,0,3,1.0791066558391815
38,2,Acetic Acid,0,4,1.0975811761846834
38,2,Acetic Acid,0,5,1.170581988977905
38,2,Acetic Acid,0,6,1.1212583681441093
38,2,Acetic Acid,0,7,1.0633355155395086
38,2,Acetic Acid,0,8,1.0706994365325357
38,2,Acetic Acid,0,9,1.1548086032763265
38,2,Acetic Acid,0,10,1.144883069892268
38,2,Acetic Acid,0,11,1.1009446523560684
38,2,Acetic Acid,0,12,1.082117597325547
38,2,Acetic Acid,0,13,1.144815969375286
38,2,Acetic Acid,0,14,1.0600855708781127
38,2,Acetic Acid,1,0,1.125829331631072
38,2,Acetic Acid,1,1,1.2010544753445043
38,2,Acetic Acid,1,2,1.1183623429988294
38,2,Acetic Acid,1,3,1.0791237365383068
38,2,Acetic Acid,1,4,1.1265628638156326
38,2,Acetic Acid,1,5,1.0913477669481573
38,2,Acetic Acid,1,6,1.0543834819586344
38,2,Acetic Acid,1,7,1.1381895567836553
38,2,Acetic Acid,1,8,1.15486149173076
38,2,Acetic Acid,1,9,1.0977118488258681
38,2,Acetic Acid,1,10,1.09505868874492
38,2,Acetic Acid,1,11,1.0716855000638978
38,2,Acetic Acid,1,12,1.1041506916900685
38,2,Acetic Acid,1,13,1.0876533803918433
38,2,Acetic Acid,1,14,1.069706808240641
38,3,Gerinol,0,0,1.0298116141169715
38,3,Gerinol,0,1,0.9727845735709677
38,3,Gerinol,0,2,0.9770206652221615
38,3,Gerinol,0,3,0.9894608436582845
38,3,Gerinol,0,4,0.9849663095713795
38,3,Gerinol,0,5,0.9376004627891188
38,3,Gerinol,0,6,0.965026965819846
38,3,Gerinol,0,7,0.943363641530561
38,3,Gerinol,0,8,0.9716634058920538
38,3,Gerinol,0,9,0.967792496339314
38,3,Gerinol,0,10,0.9388184504664193
38,3,Gerinol,0,11,0.9009529119841154
38,3,Gerinol,0,12,0.9599743431796077
38,3,Gerinol,0,13,0.9459540813886954
38,3,Gerinol,0,14,0.8785099709926371
38,3,Gerinol,1,0,0.976285419338102
38,3,Gerinol,1,1,0.9945926330722643
38,3,Gerinol,1,2,1.0571132075909113
38,3,Gerinol,1,3,0.9403310484497268
38,3,Gerinol,1,4,0.9344304727205905
38,3,Gerinol,1,5,0.9116021073649836
38,3,Gerinol,1,6,0.9643246248420335
38,3,Gerinol,1,7,0.9640716758048874
38,3,Gerinol,1,8,0.9235270951910832
38,3,Gerinol,1,9,0.9489817533023996
38,3,Gerinol,1,10,0.8768323219069789
38,3,Gerinol,1,11,0.9930340184958831
38,3,Gerinol,1,12,0.9251517781956665
38,3,Gerinol,1,13,0.9545926945260341
38,3,Gerinol,1,14,0.898911211730642
38,4,n Methyl Piperdine,0,0,0.846719860532012
38,4,n Methyl Piperdine,0,1,0.8588303583697737
38,4,n Methyl Piperdine,0,2,0.8695623706320417
38,4,n Methyl Piperdine,0,3,0.8892033051313754
38,4,n Methyl Piperdine,0,4,0.9275770078499237
38,4,n Methyl Piperdine,0,5,0.8993224422212491
38,4,n Methyl Piperdine,0,6,0.9085005862363247
38,4,n Methyl Piperdine,0,7,0.9278581689082004
38,4,n Methyl Piperdine,0,8,0.8928023197713828
38,4,n Methyl Piperdine,0,9,0.868545716685715
38,4,n Methyl Piperdine,0,10,0.9103784807606771
38,4,n Methyl Piperdine,0,11,0.9129343759489411
38,4,n Methyl Piperdine,0,12,0.8959566380291163
38,4,n Methyl Piperdine,0,13,0.8118289006290308
38,4,n Methyl Piperdine,0,14,0.8363555983866889
38,4,n Methyl Piperdine,1,0,0.8441003356785304
38,4,n Methyl Piperdine,1,1,0.8862793406691857
38,4,n Methyl Piperdine,1,2,0.8542406430769274
38,4,n Methyl Piperdine,1,3,0.9005692451777723
38,4,n Methyl Piperdine,1,4,0.907703964989521
38,4,n Methyl Piperdine,1,5,0.9030613185868379
38,4,n Methyl Piperdine,1,6,0.9033161224189612
38,4,n Methyl Piperdine,1,7,0.813614743653401
38,4,n Methyl Piperdine,1,8,0.8743999198179807
38,4,n Methyl Piperdine,1,9,0.8307933382015331
38,4,n Methyl Piperdine,1,10,0.7891318465853818
38,4,n Methyl Piperdine,1,11,0.8435956545575163
38,4,n Methyl Piperdine,1,12,0.9080839784648398
38,4,n Methyl Piperdine,1,13,0.8735241802444883
38,4,n Methyl Piperdine,1,14,0.9358068747039854
38,5,"2,4 Dimethyl Acetophenone",0,0,0.9891976170839661
38,5,"2,4 Dimethyl Acetophenone",0,1,1.080020521416958
38,5,"2,4 Dimethyl Acetophenone",0,2,0.9892092602939238
38,5,"2,4 Dimethyl Acetophenone",0,3,0.9830076231193912
38,5,"2,4 Dimethyl Acetophenone",0,4,0.9309328077563819
38,5,"2,4 Dimethyl Acetophenone",0,5,1.0265309208849525
38,5,"2,4 Dimethyl Acetophenone",0,6,0.9620234061156225
38,5,"2,4 Dimethyl Acetophenone",0,7,0.9562265056968926
38,5,"2,4 Dimethyl Acetophenone",0,8,1.0333576338237447
38,5,"2,4 Dimethyl Acetophenone",0,9,1.02843731802508
38,5,"2,4 Dimethyl Acetophenone",0,10,1.0273904659616688
38,5,"2,4 Dimethyl Acetophenone",0,11,0.9676207659110425
38,5,"2,4 Dimethyl Acetophenone",0,12,0.9800693766610317
38,5,"2,4 Dimethyl Acetophenone",0,13,0.9797142353654077
38,5,"2,4 Dimethyl Acetophenone",0,14,1.0134091385001376
38,5,"2,4 Dimethyl Acetophenone",1,0,1.0218252544873023
38,5,"2,4 Dimethyl Acetophenone",1,1,0.9744085299554693
38,5,"2,4 Dimethyl Acetophenone",1,2,1.0386783111618274
38,5,"2,4 Dimethyl Acetophenone",1,3,0.9955704444688556
38,5,"2,4 Dimethyl Acetophenone",1,4,0.9502906919829563
38,5,"2,4 Dimethyl Acetophenone",1,5,0.992831123992692
38,5,"2,4 Dimethyl Acetophenone",1,6,1.027920278895884
38,5,"2,4 Dimethyl Acetophenone",1,7,1.0396142270811866
38,5,"2,4 Dimethyl Acetophenone",1,8,1.0071583215314963
38,5,"2,4 Dimethyl Acetophenone",1,9,0.960709645893853
38,5,"2,4 Dimethyl Acetophenone",1,10,0.9510149375852962
38,5,"2,4 Dimethyl Acetophenone",1,11,0.9827254478899887
38,5,"2,4 Dimethyl Acetophenone",1,12,1.0266416475583748
38,5,"2,4 Dimethyl Acetophenone",1,13,0.9770334326361111
38,5,"2,4 Dimethyl Acetophenone",1,14,0.9778639426222855
38,6,4 Heptanone,0,0,1.0212561503825455
38,6,4 Heptanone,0,1,1.0060845937046132
38,6,4 Heptanone,0,2,1.012714855944105
38,6,4 Heptanone,0,3,1.024617275619683
38,6,4 Heptanone,0,4,1.0879242360594548
38,6,4 Heptanone,0,5,1.0096116850686296
38,6,4 Heptanone,0,6,1.021304719246317
38,6,4 Heptanone,0,7,0.9845851297936015
38,6,4 Heptanone,0,8,1.047865478868788
38,6,4 Heptanone,0,9,1.073867403358593
38,6,4 Heptanone,0,10,1.084180150048132
38,6,4 Heptanone,0,11,1.0273348171976902
38,6,4 Heptanone,0,12,1.0421744075410313
38,6,4 Heptanone,0,13,1.0130582233230603
38,6,4 Heptanone,0,14,1.0403209833976428
38,6,4 Heptanone,1,0,1.0536622370043298
38,6,4 Heptanone,1,1,1.0434342063944206
38,6,4 Heptanone,1,2,1.0466137785954464
38,6,4 Heptanone,1,3,1.0591805222401072
38,6,4 Heptanone,1,4,1.0293375335105386
38,6,4 Heptanone,1,5,1.03140375922124
38,6,4 Heptanone,1,6,1.1093981114512232
38,6,4 Heptanone,1,7,1.1495255016582164
38,6,4 Heptanone,1,8,0.9929289529629994
38,6,4 Heptanone,1,9,0.9907247827293189
38,6,4 Heptanone,1,10,1.002817517792035
38,6,4 Heptanone,1,11,1.036972094302819
38,6,4 Heptanone,1,12,1.0769348513458514
38,6,4 Heptanone,1,13,1.0647537485862921
38,6,4 Heptanone,1,14,1.04798487637558
38,7,33 Dimethyl Butyric Acid,0,0,0.9845900760619207
38,7,33 Dimethyl Butyric Acid,0,1,0.9357492079184699
38,7,33 Dimethyl Butyric Acid,0,2,0.9536677433135
38,7,33 Dimethyl Butyric Acid,0,3,0.9626288722485729
38,7,33 Dimethyl Butyric Acid,0,4,0.9000640006287307
38,7,33 Dimethyl Butyric Acid,0,5,0.916980245994701
38,7,33 Dimethyl Butyric Acid,0,6,0.9185700117324984
38,7,33 Dimethyl Butyric Acid,0,7,0.9939969831309557
38,7,33 Dimethyl Butyric Acid,0,8,0.9732468521265014
38,7,33 Dimethyl Butyric Acid,0,9,0.9878751021865625
38,7,33 Dimethyl Butyric Acid,0,10,0.8898464545915062
38,7,33 Dimethyl Butyric Acid,0,11,0.9040899867415406
38,7,33 Dimethyl Butyric Acid,0,12,0.9899612717938646
38,7,33 Dimethyl Butyric Acid,0,13,0.8522858685169628
38,7,33 Dimethyl Butyric Acid,0,14,1.0124178284875969
38,7,33 Dimethyl Butyric Acid,1,0,0.8548580998240431
38,7,33 Dimethyl Butyric Acid,1,1,0.9615245812419538
38,7,33 Dimethyl Butyric Acid,1,2,0.8922474005746762
38,7,33 Dimethyl Butyric Acid,1,3,0.969746934171818
38,7,33 Dimethyl Butyric Acid,1,4,1.0561172221216144
38,7,33 Dimethyl Butyric Acid,1,5,0.8368636803601097
38,7,33 Dimethyl Butyric Acid,1,6,0.9556058714793807
38,7,33 Dimethyl Butyric Acid,1,7,0.8554642770212051
38,7,33 Dimethyl Butyric Acid,1,8,0.9448615424536548
38,7,33 Dimethyl Butyric Acid,1,9,0.919519899022879
38,7,33 Dimethyl Butyric Acid,1,10,0.9329820784634284
38,7,33 Dimethyl Butyric Acid,1,11,0.8913233345118252
38,7,33 Dimethyl Butyric Acid,1,12,0.9590124299448147
38,7,33 Dimethyl Butyric Acid,1,13,0.8698564720461395
38,7,33 Dimethyl Butyric Acid,1,14,0.9774562760809044
38,8,2 Methyl Butyraldehyde,0,0,0.9235597171028701
38,8,2 Methyl Butyraldehyde,0,1,0.8838221022711539
38,8,2 Methyl Butyraldehyde,0,2,1.0037272023009054
38,8,2 Methyl Butyraldehyde,0,3,0.9372360232549113
38,8,2 Methyl Butyraldehyde,0,4,1.0162351681849584
38,8,2 Methyl Butyraldehyde,0,5,0.9887839745398112
38,8,2 Methyl Butyraldehyde,0,6,0.90800390117582
38,8,2 Methyl Butyraldehyde,0,7,0.9365301373298075
38,8,2 Methyl Butyraldehyde,0,8,0.9447712469538204
38,8,2 Methyl Butyraldehyde,0,9,1.000981857366735
38,8,2 Methyl Butyraldehyde,0,10,0.957430437901962
38,8,2 Methyl Butyraldehyde,0,11,0.9469814342111358
38,8,2 Methyl Butyraldehyde,0,12,0.9319345458833451
38,8,2 Methyl Butyraldehyde,0,13,0.9379074479330919
38,8,2 Methyl Butyraldehyde,0,14,0.9921134127944105
38,8,2 Methyl Butyraldehyde,1,0,0.9463253701205859
38,8,2 Methyl Butyraldehyde,1,1,0.93037726523676
38,8,2 Methyl Butyraldehyde,1,2,0.9235968694641394
38,8,2 Methyl Butyraldehyde,1,3,0.9240265499352405
38,8,2 Methyl Butyraldehyde,1,4,0.8900933162469763
38,8,2 Methyl Butyraldehyde,1,5,0.9161621437556278
38,8,2 Methyl Butyraldehyde,1,6,1.0061139671147
38,8,2 Methyl Butyraldehyde,1,7,0.937913185665987
38,8,2 Methyl Butyraldehyde,1,8,0.9743536228309309
38,8,2 Methyl Butyraldehyde,1,9,0.8470268953726535
38,8,2 Methyl Butyraldehyde,1,10,0.9689096084473221
38,8,2 Methyl Butyraldehyde,1,11,0.9397230479139224
38,8,2 Methyl Butyraldehyde,1,12,0.9269195551730666
38,8,2 Methyl Butyraldehyde,1,13,0.9534155543855322
38,8,2 Methyl Butyraldehyde,1,14,0.9263441459362058
38,9,m Anisaldehyde,0,0,0.9878041999110996
38,9,m Anisaldehyde,0,1,1.1096491143535114
38,9,m Anisaldehyde,0,2,1.0824798991605615
38,9,m Anisaldehyde,0,3,1.0602014985167199
38,9,m Anisaldehyde,0,4,1.0341117818237364
38,9,m Anisaldehyde,0,5,1.0139648960623484
38,9,m Anisaldehyde,0,6,1.0817149049893562
38,9,m Anisaldehyde,0,7,1.1372968351156483
38,9,m Anisaldehyde,0,8,1.0808858557762755
38,9,m Anisaldehyde,0,9,1.017448732462921
38,9,m Anisaldehyde,0,10,1.0817638657881699
38,9,m Anisaldehyde,0,11,1.0706254782167648
38,9,m Anisaldehyde,0,12,1.107320941749603
38,9,m Anisaldehyde,0,13,1.097028523803103
38,9,m Anisaldehyde,0,14,0.9533262953422369
38,9,m Anisaldehyde,1,0,1.0775024526239638
38,9,m Anisaldehyde,1,1,1.0155535880666622
38,9,m Anisaldehyde,1,2,0.9988236147888776
38,9,m Anisaldehyde,1,3,1.048153828031883
38,9,m Anisaldehyde,1,4,1.072131608808026
38,9,m Anisaldehyde,1,5,0.9900633800353525
38,9,m Anisaldehyde,1,6,1.0838758211291275
38,9,m Anisaldehyde,1,7,1.0862263183480896
38,9,m Anisaldehyde,1,8,1.0575718122988054
38,9,m Anisaldehyde,1,9,1.0209878192377435
38,9,m Anisaldehyde,1,10,1.0165176442792538
38,9,m Anisaldehyde,1,11,1.0967300497100347
38,9,m Anisaldehyde,1,12,0.9952438569869894
38,9,m Anisaldehyde,1,13,1.0982715828795926
38,9,m Anisaldehyde,1,14,1.049084798081608
40,0,"2,3 Pentanedione",0,0,1.0814529660482481
40,0,"2,3 Pentanedione",0,1,1.0169628378174294
40,0,"2,3 Pentanedione",0,2,1.079417680828819
40,0,"2,3 Pentanedione",0,3,1.1098297666744175
40,0,"2,3 Pentanedione",0,4,1.0318299425198831
40,0,"2,3 Pentanedione",0,5,1.1052317807240362
40,0,"2,3 Pentanedione",0,6,1.0888468361811232
40,0,"2,3 Pentanedione",0,7,1.0595361214806702
40,0,"2,3 Pentanedione",0,8,1.1194732694936147
40,0,"2,3 Pentanedione",0,9,0.9971960752748201
40,0,"2,3 Pentanedione",0,10,1.0991535759837108
40,0,"2,3 Pentanedione",0,11,1.1500637523568942
40,0,"2,3 Pentanedione",0,12,1.1428840715979889
40,0,"2,3 Pentanedione",0,13,1.1008786148555032
40,0,"2,3 Pentanedione",0,14,1.0732191149887287
40,0,"2,3 Pentanedione",1,0,1.0363431749710226
40,0,"2,3 Pentanedione",1,1,1.049658245476702
40,0,"2,3 Pentanedione",1,2,1.083527567149644
40,0,"2,3 Pentanedione",1,3,1.0294855250145512
40,0,"2,3 Pentanedione",1,4,1.092072229954943
40,0,"2,3 Pentanedione",1,5,1.1471016979530606
40,0,"2,3 Pentanedione",1,6,1.059299947827832
40,0,"2,3 Pentanedione",1,7,1.0079994851015954
40,0,"2,3 Pentanedione",1,8,1.0079854873802712
40,0,"2,3 Pentanedione",1,9,1.0928378993013907
40,0,"2,3 Pentanedione",1,10,1.05938543007451
40,0,"2,3 Pentanedione",1,11,1.09684851307549
40,0,"2,3 Pentanedione",1,12,1.0404299072665537
40,0,"2,3 Pentanedione",1,13,1.095000219134521
40,0,"2,3 Pentanedione",1,14,1.0554433102949388
40,1,3 Methylvaleric Acid,0,0,0.9005073960170978
40,1,3 Methylvaleric Acid,0,1,0.9137676190779604
40,1,3 Methylvaleric Acid,0,2,0.8819253840131264
40,1,3 Methylvaleric Acid,0,3,1.0093819405733202
40,1,3 Methylvaleric Acid,0,4,0.9259522856877163
40,1,3 Methylvaleric Acid,0,5,0.9555881217773436
40,1,3 Methylvaleric Acid,0,6,0.9083327929152238
40,1,3 Methylvaleric Acid,0,7,0.8877304453508629
40,1,3 Methylvaleric Acid,0,8,0.9204523377933383
40,1,3 Methylvaleric Acid,0,9,0.9738552595652238
40,1,3 Methylvaleric Acid,0,10,0.9089782865741245
40,1,3 Methylvaleric Acid,0,11,0.8949862793208792
40,1,3 Methylvaleric Acid,0,12,0.9360261280048215
40,1,3 Methylvaleric Acid,0,13,0.9497684622587655
40,1,3 Methylvaleric Acid,0,14,0.9955214849841831
40,1,3 Methylvaleric Acid,1,0,0.9544648180976686
40,1,3 Methylvaleric Acid,1,1,0.9660745061040182
40,1,3 Methylvaleric Acid,1,2,0.9690858084395817
40,1,3 Methylvaleric Acid,1,3,0.8941941836854637
40,1,3 Methylvaleric Acid,1,4,0.901781516143987
40,1,3 Methylvaleric Acid,1,5,0.8969589473785429
40,1,3 Methylvaleric Acid,1,6,0.887028968735103
40,1,3 Methylvaleric Acid,1,7,0.972133193957585
40,1,3 Methylvaleric Acid,1,8,0.951916802629319
40,1,3 Methylvaleric Acid,1,9,0.9434946414864268
40,1,3 Methylvaleric Acid,1,10,0.8366061383466781
40,1,3 Methylvaleric Acid,1,11,1.0225338733075136
40,1,3 Methylvaleric Acid,1,12,0.9045439187966267
40,1,3 Methylvaleric Acid,1,13,1.022387309200327
40,1,3 Methylvaleric Acid,1,14,0.8823451397367161
40,2,Acetic Acid,0,0,1.0994503480994253
40,2,Acetic Acid,0,1,1.0438324191413015
40,2,Acetic Acid,0,2,1.1464313934793948
40,2,Acetic Acid,0,3,1.0878961216092375
40,2,Acetic Acid,0,4,1.0890263882777527
40,2,Acetic Acid,0,5,1.0770458257547109
40,2,Acetic Acid,0,6,1.1630405969512014
40,2,Acetic Acid,0,7,1.1604049405043888
40,2,Acetic Acid,0,8,1.2044277500848382
40,2,Acetic Acid,0,9,1.1045181295987678
40,2,Acetic Acid,0,10,1.1406991692835589
40,2,Acetic Acid,0,11,1.0803729865456089
40,2,Acetic Acid,0,12,1.118544833532274
40,2,Acetic Acid,0,13,1.1111925819104398
40,2,Acetic Acid,0,14,1.1505243927415036
40,2,Acetic Acid,1,0,1.1541912155776006
40,2,Acetic Acid,1,1,1.153153010954133
40,2,Acetic Acid,1,2,1.0797978524321685
40,2,Acetic Acid,1,3,1.153449059505793
40,2,Acetic Acid,1,4,1.1117469378365612
40,2,Acetic Acid,1,5,1.1005264674849924
40,2,Acetic Acid,1,6,1.0851698838481163
40,2,Acetic Acid,1,7,1.0911129115464109
40,2,Acetic Acid,1,8,1.1832028971687223
40,2,Acetic Acid,1,9,1.125806773980634
40,2,Acetic Acid,1,10,1.1204948172209213
40,2,Acetic Acid,1,11,1.1030204689793952
40,2,Acetic Acid,1,12,1.2113494877783941
40,2,Acetic Acid,1,13,1.1657107628747299
40,2,Acetic Acid,1,14,1.0846678587289214
40,3,Gerinol,0,0,0.9882843898948493
40,3,Gerinol,0,1,0.9906592103481979
40,3,Gerinol,0,2,1.0050638712143383
40,3,Gerinol,0,3,0.9711799523777769
40,3,Gerinol,0,4,1.0167816530175022
40,3,Gerinol,0,5,1.057312517364607
40,3,Gerinol,0,6,0.9466838677228677
40,3,Gerinol,0,7,0.9541031225993516
40,3,Gerinol,0,8,0.9799026498711421
40,3,Gerinol,0,9,0.9817571696787212
40,3,Gerinol,0,10,1.0791676270728716
40,3,Gerinol,0,11,1.0392973608836278
40,3,Gerinol,0,12,1.0370018861677648
40,3,Gerinol,0,13,0.9886543643424983
40,3,Gerinol,0,14,0.9877764558115617
40,3,Gerinol,1,0,0.9388995791318018
40,3,Gerinol,1,1,1.0282374048043303
40,3,Gerinol,1,2,1.0166099798747692
40,3,Gerinol,1,3,1.048407690269549
40,3,Gerinol,1,4,0.988534607148171
40,3,Gerinol,1,5,0.9912966298344018
40,3,Gerinol,1,6,1.0037696168248431
40,3,Gerinol,1,7,1.0326436987027015
40,3,Gerinol,1,8,0.9381591707985185
40,3,Gerinol,1,9,1.0264100410319528
40,3,Gerinol,1,10,0.9961479731955045
40,3,Gerinol,1,11,0.9546223049642698
40,3,Gerinol,1,12,0.913583565576255
40,3,Gerinol,1,13,0.9915088472072836
40,3,Gerinol,1,14,1.0548763150133804
40,4,n Methyl Piperdine,0,0,0.9595830683514922
40,4,n Methyl Piperdine,0,1,0.9068107301086402
40,4,n Methyl Piperdine,0,2,0.9710759082355263
40,4,n Methyl Piperdine,0,3,0.8908780383635666
40,4,n Methyl Piperdine,0,4,0.9307278237475476
40,4,n Methyl Piperdine,0,5,0.8745464461255793
40,4,n Methyl Piperdine,0,6,0.8720117281104705
40,4,n Methyl Piperdine,0,7,0.865495317006611
40,4,n Methyl Piperdine,0,8,0.8101745237968639
40,4,n Methyl Piperdine,0,9,0.9440793720797128
40,4,n Methyl Piperdine,0,10,0.8669303841163157
40,4,n Methyl Piperdine,0,11,0.8605381304916285
40,4,n Methyl Piperdine,0,12,0.8453968144173294
40,4,n Methyl Piperdine,0,13,0.8844213042203851
40,4,n Methyl Piperdine,0,14,0.9631353741042261
40,4,n Methyl Piperdine,1,0,0.9637060928022243
40,4,n Methyl Piperdine,1,1,0.8135202637372323
40,4,n Methyl Piperdine,1,2,0.8657770189302643
40,4,n Methyl Piperdine,1,3,0.8385806279655676
40,4,n Methyl Piperdine,1,4,0.9194884484177763
40,4,n Methyl Piperdine,1,5,0.8914186806610727
40,4,n Methyl Piperdine,1,6,0.8544921656741222
40,4,n Methyl Piperdine,1,7,0.8828578619929563
40,4,n Methyl Piperdine,1,8,0.8608581939130072
40,4,n Methyl Piperdine,1,9,0.9445247825443115
40,4,n Methyl Piperdine,1,10,0.9018333193699571
40,4,n Methyl Piperdine,1,11,0.9067478756059731
40,4,n Methyl Piperdine,1,12,0.7732782396479997
40,4,n Methyl Piperdine,1,13,0.8772833916161631
40,4,n Methyl Piperdine,1,14,0.9632833771316769
40,5,"2,4 Dimethyl Acetophenone",0,0,1.114776916266315
40,5,"2,4 Dimethyl Acetophenone",0,1,0.9878481700280356
40,5,"2,4 Dimethyl Acetophenone",0,2,1.049194720157504
40,5,"2,4 Dimethyl Acetophenone",0,3,1.013670974828099
40,5,"2,4 Dimethyl Acetophenone",0,4,1.1301758158793627
40,5,"2,4 Dimethyl Acetophenone",0,5,1.071502884755884
40,5,"2,4 Dimethyl Acetophenone",0,6,1.0310199310755903
40,5,"2,4 Dimethyl Acetophenone",0,7,1.0630980712064793
40,5,"2,4 Dimethyl Acetophenone",0,8,0.9574371323021084
40,5,"2,4 Dimethyl Acetophenone",0,9,1.0183333013265847
40,5,"2,4 Dimethyl Acetophenone",0,10,1.0631895024979001
40,5,"2,4 Dimethyl Acetophenone",0,11,1.0955587682029806
40,5,"2,4 Dimethyl Acetophenone",0,12,0.9840791886409541
40,5,"2,4 Dimethyl Acetophenone",0,13,1.0464855411567506
40,5,"2,4 Dimethyl Acetophenone",0,14,1.1021191830056005
40,5,"2,4 Dimethyl Acetophenone",1,0,0.9898903873855728
40,5,"2,4 Dimethyl Acetophenone",1,1,1.0571158337518707
40,5,"2,4 Dimethyl Acetophenone",1,2,1.0505875004847438
40,5,"2,4 Dimethyl Acetophenone",1,3,1.1165237331747677
40,5,"2,4 Dimethyl Acetophenone",1,4,1.038743072636038
40,5,"2,4 Dimethyl Acetophenone",1,5,1.0410844964255008
40,5,"2,4 Dimethyl Acetophenone",1,6,1.082146910487091
40,5,"2,4 Dimethyl Acetophenone",1,7,0.9948945736385298
40,5,"2,4 Dimethyl Acetophenone",1,8,1.0391131920984693
40,5,"2,4 Dimethyl Acetophenone",1,9,1.0297195199268832
40,5,"2,4 Dimethyl Acetophenone",1,10,1.0423920478522997
40,5,"2,4 Dimethyl Acetophenone",1,11,1.081884778319017
40,5,"2,4 Dimethyl Acetophenone",1,12,1.0701149797637906
40,5,"2,4 Dimethyl Acetophenone",1,13,1.0180012280193567
40,5,"2,4 Dimethyl Acetophenone",1,14,1.0534164884935922
40,6,4 Heptanone,0,0,1.1160421220219936
40,6,4 Heptanone,0,1,1.0231698295060803
40,6,4 Heptanone,0,2,1.062231128673853
40,6,4 Heptanone,0,3,1.0486980303804274
40,6,4 Heptanone,0,4,1.0539042568245014
40,6,4 Heptanone,0,5,0.9911981525679965
40,6,4 Heptanone,0,6,1.1128549716304608
40,6,4 Heptanone,0,7,1.0254503814224452
40,6,4 Heptanone,0,8,1.0974673362641139
40,6,4 Heptanone,0,9,1.031569393136072
40,6,4 Heptanone,0,10,1.031404271382142
40,6,4 Heptanone,0,11,1.1049493874765912
40,6,4 Heptanone,0,12,1.0961798415970896
40,6,4 Heptanone,0,13,1.0647710934165318
40,6,4 Heptanone,0,14,1.0868704794502253
40,6,4 Heptanone,1,0,1.0648232185149453
40,6,4 Heptanone,1,1,1.0760306246164457
40,6,4 Heptanone,1,2,1.0499003540266485
40,6,4 Heptanone,1,3,1.1125279276972115
40,6,4 Heptanone,1,4,1.048628796478507
40,6,4 Heptanone,1,5,1.1357715835227153
40,6,4 Heptanone,1,6,1.0637319629924082
40,6,4 Heptanone,1,7,1.0771856722858546
40,6,4 Heptanone,1,8,1.1067144505513746
40,6,4 Heptanone,1,9,1.0773199065727845
40,6,4 Heptanone,1,10,1.064448997153789
40,6,4 Heptanone,1,11,1.0751643918128624
40,6,4 Heptanone,1,12,1.1121180638675046
40,6,4 Heptanone,1,13,1.049851240839733
40,6,4 Heptanone,1,14,1.0713158494342707
40,7,33 Dimethyl Butyric Acid,0,0,0.9594095530374682
40,7,33 Dimethyl Butyric Acid,0,1,0.9935814917650755
40,7,33 Dimethyl Butyric Acid,0,2,0.9550042689891117
40,7,33 Dimethyl Butyric Acid,0,3,1.0313300477237182
40,7,33 Dimethyl Butyric Acid,0,4,0.9527365408353654
40,7,33 Dimethyl Butyric Acid,0,5,0.949490738407758
40,7,33 Dimethyl Butyric Acid,0,6,0.9521567990792599
40,7,33 Dimethyl Butyric Acid,0,7,0.9063324267976488
40,7,33 Dimethyl Butyric Acid,0,8,0.9175290100736218
40,7,33 Dimethyl Butyric Acid,0,9,0.9377714083544054
40,7,33 Dimethyl Butyric Acid,0,10,1.0044312778979745
40,7,33 Dimethyl Butyric Acid,0,11,0.9576730415694888
40,7,33 Dimethyl Butyric Acid,0,12,0.939612316359341
40,7,33 Dimethyl Butyric Acid,0,13,1.008059473768233
40,7,33 Dimethyl Butyric Acid,0,14,1.0210451692596596
40,7,33 Dimethyl Butyric Acid,1,0,0.9940613004525325
40,7,33 Dimethyl Butyric Acid,1,1,0.9097224021268158
40,7,33 Dimethyl Butyric Acid,1,2,0.9240360572084758
40,7,33 Dimethyl Butyric Acid,1,3,1.0163954448288108
40,7,33 Dimethyl Butyric Acid,1,4,0.9534915896962229
40,7,33 Dimethyl Butyric Acid,1,5,0.9331409194203789
40,7,33 Dimethyl Butyric Acid,1,6,0.9725799204694555
40,7,33 Dimethyl Butyric Acid,1,7,0.9841379647105465
40,7,33 Dimethyl Butyric Acid,1,8,0.9209880191790915
40,7,33 Dimethyl Butyric Acid,1,9,0.9526236003610193
40,7,33 Dimethyl Butyric Acid,1,10,0.9809084047849044
40,7,33 Dimethyl Butyric Acid,1,11,0.8974345161778279
40,7,33 Dimethyl Butyric Acid,1,12,0.9443398203132677
40,7,33 Dimethyl Butyric Acid,1,13,0.8992704158941934
40,7,33 Dimethyl Butyric Acid,1,14,0.9045027821391496
40,8,2 Methyl Butyraldehyde,0,0,0.9196557876306528
40,8,2 Methyl Butyraldehyde,0,1,0.9612645722450437
40,8,2 Methyl Butyraldehyde,0,2,0.9292988855843395
40,8,2 Methyl Butyraldehyde,0,3,0.9162430657311287
40,8,2 Methyl Butyraldehyde,0,4,0.9442419732628633
40,8,2 Methyl Butyraldehyde,0,5,0.8963012815992077
40,8,2 Methyl Butyraldehyde,0,6,0.9593319194432213
40,8,2 Methyl Butyraldehyde,0,7,0.9874352612081974
40,8,2 Methyl Butyraldehyde,0,8,0.9390116290903444
40,8,2 Methyl Butyraldehyde,0,9,0.9340738309978566
40,8,2 Methyl Butyraldehyde,0,10,0.9571174048584877
40,8,2 Methyl Butyraldehyde,0,11,0.8610410139766032
40,8,2 Methyl Butyraldehyde,0,12,0.9636524889937796
40,8,2 Methyl Butyraldehyde,0,13,1.0662552228796596
40,8,2 Methyl Butyraldehyde,0,14,0.9372727418852761
40,8,2 Methyl Butyraldehyde,1,0,0.9143019809732045
40,8,2 Methyl Butyraldehyde,1,1,0.9488112623258451
40,8,2 Methyl Butyraldehyde,1,2,0.9848802890497762
40,8,2 Methyl Butyraldehyde,1,3,0.9580656960992231
40,8,2 Methyl Butyraldehyde,1,4,0.8328427071785157
40,8,2 Methyl Butyraldehyde,1,5,0.9416029358283676
40,8,2 Methyl Butyraldehyde,1,6,1.0219441881315248
40,8,2 Methyl Butyraldehyde,1,7,0.9439646241922364
40,8,2 Methyl Butyraldehyde,1,8,0.8728829057909877
40,8,2 Methyl Butyraldehyde,1,9,0.9303401672986022
40,8,2 Methyl Butyraldehyde,1,10,0.867839492268215
40,8,2 Methyl Butyraldehyde,1,11,0.9683791298926121
40,8,2 Methyl Butyraldehyde,1,12,0.8808316788007406
40,8,2 Methyl Butyraldehyde,1,13,0.9220367277095386
40,8,2 Methyl Butyraldehyde,1,14,0.8847557822421839
40,9,m Anisaldehyde,0,0,1.0852013496542545
40,9,m Anisaldehyde,0,1,1.1665052977905939
40,9,m Anisaldehyde,0,2,1.111197558551922
40,9,m Anisaldehyde,0,3,1.0846911730071453
40,9,m Anisaldehyde,0,4,1.0612501531207053
40,9,m Anisaldehyde,0,5,1.0321912125001966
40,9,m Anisaldehyde,0,6,1.0570080466152667
40,9,m Anisaldehyde,0,7,1.1115376416139493
40,9,m Anisaldehyde,0,8,1.1462686227050807
40,9,m Anisaldehyde,0,9,1.084645212259286
40,9,m Anisaldehyde,0,10,1.1698810159849347
40,9,m Anisaldehyde,0,11,1.078359255067045
40,9,m Anisaldehyde,0,12,1.097538803040979
40,9,m Anisaldehyde,0,13,1.063876203142684
40,9,m Anisaldehyde,0,14,1.1466897413388883
40,9,m Anisaldehyde,1,0,1.1553749156173783
40,9,m Anisaldehyde,1,1,1.0010018126181477
40,9,m Anisaldehyde,1,2,1.0576280083102076
40,9,m Anisaldehyde,1,3,1.122065684937597
40,9,m Anisaldehyde,1,4,1.0135966701985715
40,9,m Anisaldehyde,1,5,1.094141847334439
40,9,m Anisaldehyde,1,6,1.1203333790638985
40,9,m Anisaldehyde,1,7,1.0746036436298692
40,9,m Anisaldehyde,1,8,1.0934850138932009
40,9,m Anisaldehyde,1,9,1.1419105865007
40,9,m Anisaldehyde,1,10,1.1494115532196414
40,9,m Anisaldehyde,1,11,1.0689958025342163
40,9,m Anisaldehyde,1,12,1.0501793770836263
40,9,m Anisaldehyde,1,13,1.0346752866126478
40,9,m Anisaldehyde,1,14,1.1105530570727442
42,0,"2,3 Pentanedione",0,0,1.0578467173387114
42,0,"2,3 Pentanedione",0,1,1.1026147781307019
42,0,"2,3 Pentanedione",0,2,1.1168253304885287
42,0,"2,3 Pentanedione",0,3,1.0925976391416
42,0,"2,3 Pentanedione",0,4,1.1239105502511149
42,0,"2,3 Pentanedione",0,5,1.2152982723820605
42,0,"2,3 Pentanedione",0,6,1.1078537960364883
42,0,"2,3 Pentanedione",0,7,1.0953015145532545
42,0,"2,3 Pentanedione",0,8,1.1533310126256242
42,0,"2,3 Pentanedione",0,9,1.1223010854161708
42,0,"2,3 Pentanedione",0,10,1.170291170498805
42,0,"2,3 Pentanedione",0,11,1.1193052444431388
42,0,"2,3 Pentanedione",0,12,1.1027808113315087
42,0,"2,3 Pentanedione",0,13,1.0413687441265678
42,0,"2,3 Pentanedione",0,14,1.0479283518978804
42,0,"2,3 Pentanedione",1,0,1.022585302855553
42,0,"2,3 Pentanedione",1,1,1.1111868171240067
42,0,"2,3 Pentanedione",1,2,1.0415232712779388
42,0,"2,3 Pentanedione",1,3,1.1462363451094124
42,0,"2,3 Pentanedione",1,4,1.0972231130668753
42,0,"2,3 Pentanedione",1,5,1.0862457737085705
42,0,"2,3 Pentanedione",1,6,1.0622590474644635
42,0,"2,3 Pentanedione",1,7,1.1209036004034454
42,0,"2,3 Pentanedione",1,8,1.0638333376909408
42,0,"2,3 Pentanedione",1,9,1.056598130309842
42,0,"2,3 Pentanedione",1,10,1.143547247296851
42,0,"2,3 Pentanedione",1,11,1.110198096903638
42,0,"2,3 Pentanedione",1,12,1.0866160733427062
42,0,"2,3 Pentanedione",1,13,1.1216705698619858
42,0,"2,3 Pentanedione",1,14,1.096370525397065
42,1,3 Methylvaleric Acid,0,0,0.9490458765806824
42,1,3 Methylvaleric Acid,0,1,0.9010514344675968
42,1,3 Methylvaleric Acid,0,2,1.01654129491904
42,1,3 Methylvaleric Acid,0,3,0.910540551855566
42,1,3 Methylvaleric Acid,0,4,0.9959660036406142
42,1,3 Methylvaleric Acid,0,5,0.926170596590436
42,1,3 Methylvaleric Acid,0,6,0.9660092351888135
42,1,3 Methylvaleric Acid,0,7,0.9630942905236605
42,1,3 Methylvaleric Acid,0,8,0.9795994207686168
42,1,3 Methylvaleric Acid,0,9,0.9001004022760493
42,1,3 Methylvaleric Acid,0,10,0.9767507666137695
42,1,3 Methylvaleric Acid,0,11,1.0075829445990727
42,1,3 Methylvaleric Acid,0,12,0.9233776313929407
42,1,3 Methylvaleric Acid,0,13,0.9351135932482999
42,1,3 Methylvaleric Acid,0,14,0.9127874848634089
42,1,3 Methylvaleric Acid,1,0,0.9342838297171481
42,1,3 Methylvaleric Acid,1,1,1.0165981917618516
42,1,3 Methylvaleric Acid,1,2,0.9079718987593439
42,1,3 Methylvaleric Acid,1,3,0.9104565269305211
42,1,3 Methylvaleric Acid,1,4,1.0125773172611272
42,1,3 Methylvaleric Acid,1,5,0.9731232168400865
42,1,3 Methylvaleric Acid,1,6,1.032956089766253
42,1,3 Methylvaleric Acid,1,7,0.930123734291518
42,1,3 Methylvaleric Acid,1,8,0.9531925252940548
42,1,3 Methylvaleric Acid,1,9,0.9217142020536798
42,1,3 Methylvaleric Acid,1,10,0.9538733265504599
42,1,3 Methylvaleric Acid,1,11,0.8771774119131799
42,1,3 Methylvaleric Acid,1,12,0.9755394620707524
42,1,3 Methylvaleric Acid,1,13,0.9610802431442456
42,1,3 Methylvaleric Acid,1,14,0.9458390933059153
42,2,Acetic Acid,0,0,1.107701388006658
42,2,Acetic Acid,0,1,1.0875258014959206
42,2,Acetic Acid,0,2,1.1524244774719552
42,2,Acetic Acid,0,3,1.0764723615625085
42,2,Acetic Acid,0,4,1.1437917974726144
42,2,Acetic Acid,0,5,1.206294016783023
42,2,Acetic Acid,0,6,1.1827368205364166
42,2,Acetic Acid,0,7,1.0631108432838186
42,2,Acetic Acid,0,8,1.1018464385769124
42,2,Acetic Acid,0,9,1.140173990612858
42,2,Acetic Acid,0,10,1.1205046841100705
42,2,Acetic Acid,0,11,1.0673397322593479
42,2,Acetic Acid,0,12,1.1387285990495843
42,2,Acetic Acid,0,13,1.1229152851859927
42,2,Acetic Acid,0,14,1.1998889773347958
42,2,Acetic Acid,1,0,1.136890751581546
42,2,Acetic Acid,1,1,1.1937400350993075
42,2,Acetic Acid,1,2,1.0963363635610448
42,2,Acetic Acid,1,3,1.1058995277703836
42,2,Acetic Acid,1,4,1.1758863780786235
42,2,Acetic Acid,1,5,1.1903691309105389
42,2,Acetic Acid,1,6,1.1087241906432683
42,2,Acetic Acid,1,7,1.1479829959456003
42,2,Acetic Acid,1,8,1.0917567327450808
42,2,Acetic Acid,1,9,1.1397711066340248
42,2,Acetic Acid,1,10,1.1804968111112089
42,2,Acetic Acid,1,11,1.1296215597207981
42,2,Acetic Acid,1,12,1.137058511448492
42,2,Acetic Acid,1,13,1.1018280837544019
42,2,Acetic Acid,1,14,1.1210855631412469
42,3,Gerinol,0,0,1.0776838739999302
42,3,Gerinol,0,1,1.010276433020042
42,3,Gerinol,0,2,0.9672671266853328
42,3,Gerinol,0,3,0.994768559354637
42,3,Gerinol,0,4,0.9434623325046941
42,3,Gerinol,0,5,0.9667930496657482
42,3,Gerinol,0,6,1.0617730269132148
42,3,Gerinol,0,7,1.0016601403758925
42,3,Gerinol,0,8,1.0829886443954049
42,3,Gerinol,0,9,1.0035455238115145
42,3,Gerinol,0,10,1.0059202895036967
42,3,Gerinol,0,11,1.0329952036930417
42,3,Gerinol,0,12,0.9004559340625806
42,3,Gerinol,0,13,1.0155570102974996
42,3,Gerinol,0,14,1.0053999778289187
42,3,Gerinol,1,0,1.0370352794939368
42,3,Gerinol,1,1,1.0161808995198756
42,3,Gerinol,1,2,0.9322460563314588
42,3,Gerinol,1,3,1.027279268498434
42,3,Gerinol,1,4,0.9671011427300911
42,3,Gerinol,1,5,0.9414155947014891
42,3,Gerinol,1,6,0.985477853788179
42,3,Gerinol,1,7,0.969482949526778
42,3,Gerinol,1,8,1.0391323363144718
42,3,Gerinol,1,9,0.9912186048929792
42,3,Gerinol,1,10,0.985820080588771
42,3,Gerinol,1,11,1.0136196070675485
42,3,Gerinol,1,12,1.0213085884770394
42,3,Gerinol,1,13,1.0089379275252228
42,3,Gerinol,1,14,1.034372262665929
42,4,n Methyl Piperdine,0,0,0.9367290473017458
42,4,n Methyl Piperdine,0,1,0.9190878093742624
42,4,n Methyl Piperdine,0,2,0.9619486332687155
42,4,n Methyl Piperdine,0,3,0.9087459051819087
42,4,n Methyl Piperdine,0,4,0.9137116114389807
42,4,n Methyl Piperdine,0,5,0.9812448274770709
42,4,n Methyl Piperdine,0,6,0.9772587159034035
42,4,n Methyl Piperdine,0,7,0.9120547185082614
42,4,n Methyl Piperdine,0,8,0.8942396876929696
42,4,n Methyl Piperdine,0,9,0.9709086907935343
42,4,n Methyl Piperdine,0,10,0.9443984851018028
42,4,n Methyl Piperdine,0,11,0.9250050009530888
42,4,n Methyl Piperdine,0,12,0.8995068423775965
42,4,n Methyl Piperdine,0,13,0.925649613933778
42,4,n Methyl Piperdine,0,14,0.9115134123896862
42,4,n Methyl Piperdine,1,0,0.875126345179213
42,4,n Methyl Piperdine,1,1,0.9068615655056222
42,4,n Methyl Piperdine,1,2,0.9123168341877171
42,4,n Methyl Piperdine,1,3,0.8866840696853235
42,4,n Methyl Piperdine,1,4,0.9378528999065134
42,4,n Methyl Piperdine,1,5,0.9532531680545724
42,4,n Methyl Piperdine,1,6,0.9404957801083493
42,4,n Methyl Piperdine,1,7,0.890649936953573
42,4,n Methyl Piperdine,1,8,0.9319327325296677
42,4,n Methyl Piperdine,1,9,0.9048183282605344
42,4,n Methyl Piperdine,1,10,0.8522700332194947
42,4,n Methyl Piperdine,1,11,0.9286090475020427
42,4,n Methyl Piperdine,1,12,0.9075451380004107
42,4,n Methyl Piperdine,1,13,1.005441792444905
42,4,n Methyl Piperdine,1,14,0.9599907068932751
42,5,"2,4 Dimethyl Acetophenone",0,0,1.08589707780683
42,5,"2,4 Dimethyl Acetophenone",0,1,1.0674178915809762
42,5,"2,4 Dimethyl Acetophenone",0,2,1.0639999617317697
42,5,"2,4 Dimethyl Acetophenone",0,3,1.0173034953841247
42,5,"2,4 Dimethyl Acetophenone",0,4,0.9878915824414526
42,5,"2,4 Dimethyl Acetophenone",0,5,1.0225487071661865
42,5,"2,4 Dimethyl Acetophenone",0,6,1.0555423908026318
42,5,"2,4 Dimethyl Acetophenone",0,7,0.9732295004010897
42,5,"2,4 Dimethyl Acetophenone",0,8,1.0356781998385391
42,5,"2,4 Dimethyl Acetophenone",0,9,1.047546550204472
42,5,"2,4 Dimethyl Acetophenone",0,10,1.0488340093900308
42,5,"2,4 Dimethyl Acetophenone",0,11,1.0309821276019233
42,5,"2,4 Dimethyl Acetophenone",0,12,1.043790518954193
42,5,"2,4 Dimethyl Acetophenone",0,13,1.1264068246544034
42,5,"2,4 Dimethyl Acetophenone",0,14,1.0839368827890732
42,5,"2,4 Dimethyl Acetophenone",1,0,1.0250311424744218
42,5,"2,4 Dimethyl Acetophenone",1,1,1.0447092620158691
42,5,"2,4 Dimethyl Acetophenone",1,2,1.046310640124257
42,5,"2,4 Dimethyl Acetophenone",1,3,1.0167249562007417
42,5,"2,4 Dimethyl Acetophenone",1,4,1.0166779648405935
42,5,"2,4 Dimethyl Acetophenone",1,5,1.0878641343634163
42,5,"2,4 Dimethyl Acetophenone",1,6,1.030651798449675
42,5,"2,4 Dimethyl Acetophenone",1,7,1.0036553180691128
42,5,"2,4 Dimethyl Acetophenone",1,8,1.04571755978757
42,5,"2,4 Dimethyl Acetophenone",1,9,1.0521635636755127
42,5,"2,4 Dimethyl Acetophenone",1,10,0.9685350045825943
42,5,"2,4 Dimethyl Acetophenone",1,11,1.04581331923766
42,5,"2,4 Dimethyl Acetophenone",1,12,1.0821623709242782
42,5,"2,4 Dimethyl Acetophenone",1,13,1.0654923489712211
42,5,"2,4 Dimethyl Acetophenone",1,14,1.1366349781581466
42,6,4 Heptanone,0,0,1.1161094306815738
42,6,4 Heptanone,0,1,1.1240224123791207
42,6,4 Heptanone,0,2,1.1780684888256596
42,6,4 Heptanone,0,3,1.0963913018600704
42,6,4 Heptanone,0,4,1.0725878597063945
42,6,4 Heptanone,0,5,1.1050146631263398
42,6,4 Heptanone,0,6,1.0436955940532868
42,6,4 Heptanone,0,7,1.0703725041688852
42,6,4 Heptanone,0,8,1.040155945665954
42,6,4 Heptanone,0,9,1.0819844336916018
42,6,4 Heptanone,0,10,1.0399886878682938
42,6,4 Heptanone,0,11,1.0385879113946177
42,6,4 Heptanone,0,12,1.0826039831133067
42,6,4 Heptanone,0,13,1.0605565937578638
42,6,4 Heptanone,0,14,0.9889642059604167
42,6,4 Heptanone,1,0,1.027834095101576
42,6,4 Heptanone,1,1,1.0401657122956012
42,6,4 Heptanone,1,2,1.0507374957095008
42,6,4 Heptanone,1,3,1.1026333051332053
42,6,4 Heptanone,1,4,1.0948139258369252
42,6,4 Heptanone,1,5,1.1286675468220277
42,6,4 Heptanone,1,6,1.1161684448717306
42,6,4 Heptanone,1,7,1.128932490201366
42,6,4 Heptanone,1,8,1.1103922196124247
42,6,4 Heptanone,1,9,1.0944435443177194
42,6,4 Heptanone,1,10,1.130030441645566
42,6,4 Heptanone,1,11,1.1228328836236638
42,6,4 Heptanone,1,12,1.1011001866562193
42,6,4 Heptanone,1,13,1.1368992467884655
42,6,4 Heptanone,1,14,0.9922248422539239
42,7,33 Dimethyl Butyric Acid,0,0,0.9813807178234748
42,7,33 Dimethyl Butyric Acid,0,1,0.9807676261630236
42,7,33 Dimethyl Butyric Acid,0,2,1.0391065598883555
42,7,33 Dimethyl Butyric Acid,0,3,1.0558550446671235
42,7,33 Dimethyl Butyric Acid,0,4,0.9349920699806823
42,7,33 Dimethyl Butyric Acid,0,5,1.049445931755064
42,7,33 Dimethyl Butyric Acid,0,6,0.946141437348042
42,7,33 Dimethyl Butyric Acid,0,7,0.9473506349666599
42,7,33 Dimethyl Butyric Acid,0,8,0.9836278166959982
42,7,33 Dimethyl Butyric Acid,0,9,0.9802709859037895
42,7,33 Dimethyl Butyric Acid,0,10,0.9306625536004177
42,7,33 Dimethyl Butyric Acid,0,11,1.0189943637287955
42,7,33 Dimethyl Butyric Acid,0,12,1.020175341778157
42,7,33 Dimethyl Butyric Acid,0,13,1.0351609086356397
42,7,33 Dimethyl Butyric Acid,0,14,0.9756610315979782
42,7,33 Dimethyl Butyric Acid,1,0,0.9823753269099644
42,7,33 Dimethyl Butyric Acid,1,1,0.9827415489127567
42,7,33 Dimethyl Butyric Acid,1,2,1.051478453167601
42,7,33 Dimethyl Butyric Acid,1,3,0.8705888442035337
42,7,33 Dimethyl Butyric Acid,1,4,0.9456808615492982
42,7,33 Dimethyl Butyric Acid,1,5,0.9841802692205343
42,7,33 Dimethyl Butyric Acid,1,6,0.9405358261122422
42,7,33 Dimethyl Butyric Acid,1,7,0.9736258212180177
42,7,33 Dimethyl Butyric Acid,1,8,0.978915614054066
42,7,33 Dimethyl Butyric Acid,1,9,0.9576511911571636
42,7,33 Dimethyl Butyric Acid,1,10,0.9865373925529692
42,7,33 Dimethyl Butyric Acid,1,11,1.009084606619175
42,7,33 Dimethyl Butyric Acid,1,12,0.9745079777076222
42,7,33 Dimethyl Butyric Acid,1,13,0.9658308461501129
42,7,33 Dimethyl Butyric Acid,1,14,0.9773280388427075
42,8,2 Methyl Butyraldehyde,0,0,0.9656726554002041
42,8,2 Methyl Butyraldehyde,0,1,0.8963573266526508
42,8,2 Methyl Butyraldehyde,0,2,0.9844322659844789
42,8,2 Methyl Butyraldehyde,0,3,0.947930060088156
42,8,2 Methyl Butyraldehyde,0,4,1.0164315122584697
42,8,2 Methyl Butyraldehyde,0,5,0.9896122482917267
42,8,2 Methyl Butyraldehyde,0,6,1.012772765434814
42,8,2 Methyl Butyraldehyde,0,7,0.9255299575174314
42,8,2 Methyl Butyraldehyde,0,8,0.9511146436185306
42,8,2 Methyl Butyraldehyde,0,9,0.9162717697677314
42,8,2 Methyl Butyraldehyde,0,10,0.9377624609088546
42,8,2 Methyl Butyraldehyde,0,11,1.0160543262463713
42,8,2 Methyl Butyraldehyde,0,12,1.0254697323829276
42,8,2 Methyl Butyraldehyde,0,13,0.9200447774738493
42,8,2 Methyl Butyraldehyde,0,14,0.9476390025333363
42,8,2 Methyl Butyraldehyde,1,0,0.951694290467338
42,8,2 Methyl Butyraldehyde,1,1,0.9781663430206873
42,8,2 Methyl Butyraldehyde,1,2,0.8843497068068363
42,8,2 Methyl Butyraldehyde,1,3,0.8906221140871585
42,8,2 Methyl Butyraldehyde,1,4,0.9743271631031921
42,8,2 Methyl Butyraldehyde,1,5,0.8767805745915791
42,8,2 Methyl Butyraldehyde,1,6,0.9368702211027412
42,8,2 Methyl Butyraldehyde,1,7,0.9612257896906496
42,8,2 Methyl Butyraldehyde,1,8,0.9713687561456207
42,8,2 Methyl Butyraldehyde,1,9,0.9490733935265427
42,8,2 Methyl Butyraldehyde,1,10,0.9401118485863947
42,8,2 Methyl Butyraldehyde,1,11,0.9885249517369552
42,8,2 Methyl Butyraldehyde,1,12,0.9661503544029263
42,8,2 Methyl Butyraldehyde,1,13,0.9288614524702377
42,8,2 Methyl Butyraldehyde,1,14,0.9562510332155856
42,9,m Anisaldehyde,0,0,1.1310340648702435
42,9,m Anisaldehyde,0,1,1.184436793622051
42,9,m Anisaldehyde,0,2,1.1471602506956589
42,9,m Anisaldehyde,0,3,1.1642895782021534
42,9,m Anisaldehyde,0,4,1.0912830081120106
42,9,m Anisaldehyde,0,5,1.0947399877137955
42,9,m Anisaldehyde,0,6,1.1062921042514762
42,9,m Anisaldehyde,0,7,1.1099643980984693
42,9,m Anisaldehyde,0,8,1.0753863056518802
42,9,m Anisaldehyde,0,9,1.1663446490262686
42,9,m Anisaldehyde,0,10,1.1510413694743475
42,9,m Anisaldehyde,0,11,1.1034801895119355
42,9,m Anisaldehyde,0,12,1.14137572992455
42,9,m Anisaldehyde,0,13,1.1246232704841492
42,9,m Anisaldehyde,0,14,1.1445004232012508
42,9,m Anisaldehyde,1,0,1.067503919883726
42,9,m Anisaldehyde,1,1,1.1154497618968537
42,9,m Anisaldehyde,1,2,1.1189546637085195
42,9,m Anisaldehyde,1,3,1.1462218888092173
42,9,m Anisaldehyde,1,4,1.096138700777466
42,9,m Anisaldehyde,1,5,1.0212789758614553
42,9,m Anisaldehyde,1,6,1.0780082161174345
42,9,m Anisaldehyde,1,7,1.118834285396315
42,9,m Anisaldehyde,1,8,1.1238315738448845
42,9,m Anisaldehyde,1,9,1.1886261297297507
42,9,m Anisaldehyde,1,10,1.144586062451075
42,9,m Anisaldehyde,1,11,1.1245374159940107
42,9,m Anisaldehyde,1,12,1.1199805537534937
42,9,m Anisaldehyde,1,13,1.1654435401115388
42,9,m Anisaldehyde,1,14,1.0976717867384538
44,0,"2,3 Pentanedione",0,0,1.0947362643212288
44,0,"2,3 Pentanedione",0,1,1.0567772910253208
44,0,"2,3 Pentanedione",0,2,1.157103857778665
44,0,"2,3 Pentanedione",0,3,1.1160475733109174
44,0,"2,3 Pentanedione",0,4,1.072046683990695
44,0,"2,3 Pentanedione",0,5,1.0957694154181206
44,0,"2,3 Pentanedione",0,6,1.120733646359104
44,0,"2,3 Pentanedione",0,7,1.0903188593219617
44,0,"2,3 Pentanedione",0,8,1.0789687909623487
44,0,"2,3 Pentanedione",0,9,1.0741766683914795
44,0,"2,3 Pentanedione",0,10,1.1139060918004973
44,0,"2,3 Pentanedione",0,11,1.0860254446624253
44,0,"2,3 Pentanedione",0,12,1.082197306440343
44,0,"2,3 Pentanedione",0,13,1.0469051456286365
44,0,"2,3 Pentanedione",0,14,1.1034532388919396
44,0,"2,3 Pentanedione",1,0,1.0759744914571088
44,0,"2,3 Pentanedione",1,1,1.0703574950631065
44,0,"2,3 Pentanedione",1,2,1.0911742561083337
44,0,"2,3 Pentanedione",1,3,1.113143519518221
44,0,"2,3 Pentanedione",1,4,1.1112860478864037
44,0,"2,3 Pentanedione",1,5,1.1053325690447755
44,0,"2,3 Pentanedione",1,6,1.0735966178633563
44,0,"2,3 Pentanedione",1,7,1.0605434955711355
44,0,"2,3 Pentanedione",1,8,1.0414668033558876
44,0,"2,3 Pentanedione",1,9,1.059497168715262
44,0,"2,3 Pentanedione",1,10,1.0840094328142478
44,0,"2,3 Pentanedione",1,11,1.0517719841426858
44,0,"2,3 Pentanedione",1,12,1.0870657145734828
44,0,"2,3 Pentanedione",1,13,1.0446051618923105
44,0,"2,3 Pentanedione",1,14,1.0167837534485042
44,1,3 Methylvaleric Acid,0,0,0.9583312537724122
44,1,3 Methylvaleric Acid,0,1,0.9065784251231866
44,1,3 Methylvaleric Acid,0,2,0.8920736628088648
44,1,3 Methylvaleric Acid,0,3,0.8818011232859229
44,1,3 Methylvaleric Acid,0,4,0.9424764479270364
44,1,3 Methylvaleric Acid,0,5,0.9805513173965391
44,1,3 Methylvaleric Acid,0,6,0.9094320544975747
44,1,3 Methylvaleric Acid,0,7,0.9169324739513172
44,1,3 Methylvaleric Acid,0,8,0.9684202825333833
44,1,3 Methylvaleric Acid,0,9,0.853137180763488
44,1,3 Methylvaleric Acid,0,10,1.004229754654327
44,1,3 Methylvaleric Acid,0,11,1.0233190210308751
44,1,3 Methylvaleric Acid,0,12,0.8173015077610171
44,1,3 Methylvaleric Acid,0,13,0.9216548797811501
44,1,3 Methylvaleric Acid,0,14,0.8967971276630379
44,1,3 Methylvaleric Acid,1,0,0.9177864273658501
44,1,3 Methylvaleric Acid,1,1,0.9116418954174026
44,1,3 Methylvaleric Acid,1,2,0.9608476621412139
44,1,3 Methylvaleric Acid,1,3,0.9238745019233199
44,1,3 Methylvaleric Acid,1,4,0.8919410096340412
44,1,3 Methylvaleric Acid,1,5,0.9214898917502345
44,1,3 Methylvaleric Acid,1,6,0.9489686676805359
44,1,3 Methylvaleric Acid,1,7,0.8810284450914282
44,1,3 Methylvaleric Acid,1,8,0.8625279506432403
44,1,3 Methylvaleric Acid,1,9,1.0080870102354522
44,1,3 Methylvaleric Acid,1,10,0.9026802310137021
44,1,3 Methylvaleric Acid,1,11,0.9228831787252586
44,1,3 Methylvaleric Acid,1,12,0.9124654819690166
44,1,3 Methylvaleric Acid,1,13,0.9503008063653252
44,1,3 Methylvaleric Acid,1,14,0.9992888951256813
44,2,Acetic Acid,0,0,1.163712355967793
44,2,Acetic Acid,0,1,1.0797803963970223
44,2,Acetic Acid,0,2,1.0851500652182806
44,2,Acetic Acid,0,3,1.124556411285545
44,2,Acetic Acid,0,4,1.1297856743172912
44,2,Acetic Acid,0,5,1.0716369515167579
44,2,Acetic Acid,0,6,1.1732886391055994
44,2,Acetic Acid,0,7,1.0970621799833626
44,2,Acetic Acid,0,8,1.200247064783652
44,2,Acetic Acid,0,9,1.2133403061868506
44,2,Acetic Acid,0,10,1.1305848609933347
44,2,Acetic Acid,0,11,1.1580739079153493
44,2,Acetic Acid,0,12,1.0912371134152539
44,2,Acetic Acid,0,13,1.1654620553577864
44,2,Acetic Acid,0,14,1.120587305361247
44,2,Acetic Acid,1,0,1.0986183785551937
44,2,Acetic Acid,1,1,1.1305343918886084
44,2,Acetic Acid,1,2,1.1234778710825133
44,2,Acetic Acid,1,3,1.1291014152985777
44,2,Acetic Acid,1,4,1.1800949875313822
44,2,Acetic Acid,1,5,1.1106954877132984
44,2,Acetic Acid,1,6,1.2115087114096827
44,2,Acetic Acid,1,7,1.0891054061057137
44,2,Acetic Acid,1,8,1.2067250023458715
44,2,Acetic Acid,1,9,1.10144736654246
44,2,Acetic Acid,1,10,1.1420672621172632
44,2,Acetic Acid,1,11,1.122499946879607
44,2,Acetic Acid,1,12,1.1283586445572136
44,2,Acetic Acid,1,13,1.1741620808729498
44,2,Acetic Acid,1,14,1.2021008633078802
44,3,Gerinol,0,0,1.046812704888008
44,3,Gerinol,0,1,0.9829974633961085
44,3,Gerinol,0,2,1.0065619255859646
44,3,Gerinol,0,3,0.9679086017430479
44,3,Gerinol,0,4,0.9595297041867946
44,3,Gerinol,0,5,0.9533396804606357
44,3,Gerinol,0,6,0.9816887844104173
44,3,Gerinol,0,7,1.00917594193038
44,3,Gerinol,0,8,0.9227191102997222
44,3,Gerinol,0,9,0.9973375685865518
44,3,Gerinol,0,10,1.0598327216717633
44,3,Gerinol,0,11,1.0440681594527474
44,3,Gerinol,0,12,0.9757843536287159
44,3,Gerinol,0,13,0.943316800318471
44,3,Gerinol,0,14,1.0175849289483756
44,3,Gerinol,1,0,0.891172129484233
44,3,Gerinol,1,1,1.02827542412784
44,3,Gerinol,1,2,0.9753257611772034
44,3,Gerinol,1,3,1.057121272315629
44,3,Gerinol,1,4,0.9147906400694743
44,3,Gerinol,1,5,1.0205951085008462
44,3,Gerinol,1,6,0.979848906019965
44,3,Gerinol,1,7,0.9706272382336497
44,3,Gerinol,1,8,0.9290755208840472
44,3,Gerinol,1,9,1.0076991757610017
44,3,Gerinol,1,10,1.0109147548836073
44,3,Gerinol,1,11,1.0552743715711685
44,3,Gerinol,1,12,1.0241912700069566
44,3,Gerinol,1,13,0.9601134463343035
44,3,Gerinol,1,14,0.9437147561478324
44,4,n Methyl Piperdine,0,0,0.8339874097022257
44,4,n Methyl Piperdine,0,1,0.9476560408687
44,4,n Methyl Piperdine,0,2,0.8576000956720066
44,4,n Methyl Piperdine,0,3,0.9479362618019735
44,4,n Methyl Piperdine,0,4,0.9097299486776039
44,4,n Methyl Piperdine,0,5,0.9019231823068796
44,4,n Methyl Piperdine,0,6,0.8764523345407093
44,4,n Methyl Piperdine,0,7,0.9151539835632112
44,4,n Methyl Piperdine,0,8,0.8881082365296491
44,4,n Methyl Piperdine,0,9,0.8739585353843689
44,4,n Methyl Piperdine,0,10,0.9165672585090492
44,4,n Methyl Piperdine,0,11,0.882968182674276
44,4,n Methyl Piperdine,0,12,0.8567936758935681
44,4,n Methyl Piperdine,0,13,0.9127201380615473
44,4,n Methyl Piperdine,0,14,0.8861676408179786
44,4,n Methyl Piperdine,1,0,0.8878108144300418
44,4,n Methyl Piperdine,1,1,0.8501000196255621
44,4,n Methyl Piperdine,1,2,0.8198895617724914
44,4,n Methyl Piperdine,1,3,0.9376573724603007
44,4,n Methyl Piperdine,1,4,0.9301188703902726
44,4,n Methyl Piperdine,1,5,0.9036058124102081
44,4,n Methyl Piperdine,1,6,0.8527419865447587
44,4,n Methyl Piperdine,1,7,0.8562416950332867
44,4,n Methyl Piperdine,1,8,0.9235475117955882
44,4,n Methyl Piperdine,1,9,0.8541012124570331
44,4,n Methyl Piperdine,1,10,0.8429521725058378
44,4,n Methyl Piperdine,1,11,0.9431438009851878
44,4,n Methyl Piperdine,1,12,0.8663473066951748
44,4,n Methyl Piperdine,1,13,0.9389914271002835
44,4,n Methyl Piperdine,1,14,0.8123187375321296
44,5,"2,4 Dimethyl Acetophenone",0,0,1.0390546918604988
44,5,"2,4 Dimethyl Acetophenone",0,1,1.1011706005177835
44,5,"2,4 Dimethyl Acetophenone",0,2,1.0195173263354733
44,5,"2,4 Dimethyl Acetophenone",0,3,1.007767116858407
44,5,"2,4 Dimethyl Acetophenone",0,4,0.971617219845182
44,5,"2,4 Dimethyl Acetophenone",0,5,1.0616210187265287
44,5,"2,4 Dimethyl Acetophenone",0,6,0.9875221732434913
44,5,"2,4 Dimethyl Acetophenone",0,7,1.0145349541735194
44,5,"2,4 Dimethyl Acetophenone",0,8,0.9689472053574144
44,5,"2,4 Dimethyl Acetophenone",0,9,1.080603080553016
44,5,"2,4 Dimethyl Acetophenone",0,10,1.0645227089781462
44,5,"2,4 Dimethyl Acetophenone",0,11,1.0170639065805935
44,5,"2,4 Dimethyl Acetophenone",0,12,0.9721613391256417
44,5,"2,4 Dimethyl Acetophenone",0,13,1.0797635785188242
44,5,"2,4 Dimethyl Acetophenone",0,14,1.003690027467233
44,5,"2,4 Dimethyl Acetophenone",1,0,0.9898722790090843
44,5,"2,4 Dimethyl Acetophenone",1,1,0.9635957521428833
44,5,"2,4 Dimethyl Acetophenone",1,2,1.008241867366034
44,5,"2,4 Dimethyl Acetophenone",1,3,0.9758949477405874
44,5,"2,4 Dimethyl Acetophenone",1,4,1.009167639180872
44,5,"2,4 Dimethyl Acetophenone",1,5,1.0638568219896936
44,5,"2,4 Dimethyl Acetophenone",1,6,1.0190644660827757
44,5,"2,4 Dimethyl Acetophenone",1,7,1.0483082079263335
44,5,"2,4 Dimethyl Acetophenone",1,8,1.0051470862604956
44,5,"2,4 Dimethyl Acetophenone",1,9,1.0366872352963543
44,5,"2,4 Dimethyl Acetophenone",1,10,1.110916505525226
44,5,"2,4 Dimethyl Acetophenone",1,11,1.0201410295207092
44,5,"2,4 Dimethyl Acetophenone",1,12,1.0494576501465713
44,5,"2,4 Dimethyl Acetophenone",1,13,0.9714593835430474
44,5,"2,4 Dimethyl Acetophenone",1,14,1.0948847175384597
44,6,4 Heptanone,0,0,1.0326596040188318
44,6,4 Heptanone,0,1,1.0937692151728864
44,6,4 Heptanone,0,2,1.0468206573462702
44,6,4 Heptanone,0,3,1.0762110437774588
44,6,4 Heptanone,0,4,1.0785883662650664
44,6,4 Heptanone,0,5,1.0336502555961178
44,6,4 Heptanone,0,6,1.0954241266071005
44,6,4 Heptanone,0,7,1.0213884746169024
44,6,4 Heptanone,0,8,1.0828652379777282
44,6,4 Heptanone,0,9,1.0361396574099653
44,6,4 Heptanone,0,10,1.065730187121909
44,6,4 Heptanone,0,11,1.033268149082456
44,6,4 Heptanone,0,12,1.0537469081648903
44,6,4 Heptanone,0,13,1.0087601211089559
44,6,4 Heptanone,0,14,1.0616501485641783
44,6,4 Heptanone,1,0,1.082083509139713
44,6,4 Heptanone,1,1,1.0587098535784305
44,6,4 Heptanone,1,2,1.0781148770857176
44,6,4 Heptanone,1,3,1.085676174788046
44,6,4 Heptanone,1,4,1.055661713610725
44,6,4 Heptanone,1,5,1.0751656527121427
44,6,4 Heptanone,1,6,1.0400939181055326
44,6,4 Heptanone,1,7,1.1741453172997698
44,6,4 Heptanone,1,8,1.1226807421496567
44,6,4 Heptanone,1,9,1.0912397599665915
44,6,4 Heptanone,1,10,1.1272005128403972
44,6,4 Heptanone,1,11,1.0011458966739784
44,6,4 Heptanone,1,12,0.9780088062279692
44,6,4 Heptanone,1,13,1.0643443532713333
44,6,4 Heptanone,1,14,1.025173429997245
44,7,33 Dimethyl Butyric Acid,0,0,0.928707046308185
44,7,33 Dimethyl Butyric Acid,0,1,0.9463975329099141
44,7,33 Dimethyl Butyric Acid,0,2,0.9749878472197426
44,7,33 Dimethyl Butyric Acid,0,3,0.8926407079151096
44,7,33 Dimethyl Butyric Acid,0,4,0.954156494732521
44,7,33 Dimethyl Butyric Acid,0,5,0.9387468550122074
44,7,33 Dimethyl Butyric Acid,0,6,0.9520716396834416
44,7,33 Dimethyl Butyric Acid,0,7,0.9173803892559741
44,7,33 Dimethyl Butyric Acid,0,8,0.993496672880603
44,7,33 Dimethyl Butyric Acid,0,9,0.9340309213489291
44,7,33 Dimethyl Butyric Acid,0,10,1.009138556226269
44,7,33 Dimethyl Butyric Acid,0,11,0.9065557211388292
44,7,33 Dimethyl Butyric Acid,0,12,0.9678843608843403
44,7,33 Dimethyl Butyric Acid,0,13,0.9357845280636969
44,7,33 Dimethyl Butyric Acid,0,14,0.9250615706194476
44,7,33 Dimethyl Butyric Acid,1,0,0.9488217690433296
44,7,33 Dimethyl Butyric Acid,1,1,0.9115622162570441
44,7,33 Dimethyl Butyric Acid,1,2,0.8170505419383346
44,7,33 Dimethyl Butyric Acid,1,3,0.8010144304976554
44,7,33 Dimethyl Butyric Acid,1,4,0.9744260418359897
44,7,33 Dimethyl Butyric Acid,1,5,0.9727394937398155
44,7,33 Dimethyl Butyric Acid,1,6,0.9990227932748657
44,7,33 Dimethyl Butyric Acid,1,7,0.9228280254933406
44,7,33 Dimethyl Butyric Acid,1,8,0.8718237633447121
44,7,33 Dimethyl Butyric Acid,1,9,0.9067458017185877
44,7,33 Dimethyl Butyric Acid,1,10,0.9239861360390802
44,7,33 Dimethyl Butyric Acid,1,11,0.8832476264532234
44,7,33 Dimethyl Butyric Acid,1,12,0.9894721443435824
44,7,33 Dimethyl Butyric Acid,1,13,1.0131092706103773
44,7,33 Dimethyl Butyric Acid,1,14,0.9426603834538348
44,8,2 Methyl Butyraldehyde,0,0,0.9671317823226908
44,8,2 Methyl Butyraldehyde,0,1,0.9157676530516414
44,8,2 Methyl Butyraldehyde,0,2,1.0294236880368608
44,8,2 Methyl Butyraldehyde,0,3,0.9706186046245805
44,8,2 Methyl Butyraldehyde,0,4,0.9559997562541942
44,8,2 Methyl Butyraldehyde,0,5,0.9868132957376002
44,8,2 Methyl Butyraldehyde,0,6,0.9441378710310513
44,8,2 Methyl Butyraldehyde,0,7,0.9734413391154915
44,8,2 Methyl Butyraldehyde,0,8,0.9098676581567923
44,8,2 Methyl Butyraldehyde,0,9,1.011049819760716
44,8,2 Methyl Butyraldehyde,0,10,0.9633898905451918
44,8,2 Methyl Butyraldehyde,0,11,1.0139183666159792
44,8,2 Methyl Butyraldehyde,0,12,0.9595208850769539
44,8,2 Methyl Butyraldehyde,0,13,0.9621183438392595
44,8,2 Methyl Butyraldehyde,0,14,0.9190736350589404
44,8,2 Methyl Butyraldehyde,1,0,0.9819908019568747
44,8,2 Methyl Butyraldehyde,1,1,0.9165669248752253
44,8,2 Methyl Butyraldehyde,1,2,0.9321436281081797
44,8,2 Methyl Butyraldehyde,1,3,0.9516424104794504
44,8,2 Methyl Butyraldehyde,1,4,0.9564494903837232
44,8,2 Methyl Butyraldehyde,1,5,0.8833566454274385
44,8,2 Methyl Butyraldehyde,1,6,0.9423682884166282
44,8,2 Methyl Butyraldehyde,1,7,0.9834097317818975
44,8,2 Methyl Butyraldehyde,1,8,0.9364670016551928
44,8,2 Methyl Butyraldehyde,1,9,0.942611252867616
44,8,2 Methyl Butyraldehyde,1,10,0.958096765069858
44,8,2 Methyl Butyraldehyde,1,11,0.946562105734269
44,8,2 Methyl Butyraldehyde,1,12,0.9103799029406447
44,8,2 Methyl Butyraldehyde,1,13,0.9501466780894727
44,8,2 Methyl Butyraldehyde,1,14,0.9913634498363848
44,9,m Anisaldehyde,0,0,1.0927831547133278
44,9,m Anisaldehyde,0,1,1.1198509170245787
44,9,m Anisaldehyde,0,2,1.0795649396466083
44,9,m Anisaldehyde,0,3,1.1724854706236252
44,9,m Anisaldehyde,0,4,1.1311358643304963
44,9,m Anisaldehyde,0,5,1.1008222072597769
44,9,m Anisaldehyde,0,6,1.1385208166097385
44,9,m Anisaldehyde,0,7,1.0866861840081934
44,9,m Anisaldehyde,0,8,1.0934903713455952
44,9,m Anisaldehyde,0,9,1.0764248514099402
44,9,m Anisaldehyde,0,10,1.0921590231017153
44,9,m Anisaldehyde,0,11,1.1891236959640037
44,9,m Anisaldehyde,0,12,1.1055054593527076
44,9,m Anisaldehyde,0,13,1.1534791975100707
44,9,m Anisaldehyde,0,14,1.1013781358057746
44,9,m Anisaldehyde,1,0,1.1313470908440173
44,9,m Anisaldehyde,1,1,1.059922460976236
44,9,m Anisaldehyde,1,2,1.102534858123959
44,9,m Anisaldehyde,1,3,1.1030797934082466
44,9,m Anisaldehyde,1,4,1.1940779544705522
44,9,m Anisaldehyde,1,5,1.1261827525326953
44,9,m Anisaldehyde,1,6,1.0772495804403177
44,9,m Anisaldehyde,1,7,1.128367699559509
44,9,m Anisaldehyde,1,8,1.186492719832897
44,9,m Anisaldehyde,1,9,1.0357802973941168
44,9,m Anisaldehyde,1,10,1.0672664593107395
44,9,m Anisaldehyde,1,11,1.0914898386489569
44,9,m Anisaldehyde,1,12,1.0842822119278106
44,9,m Anisaldehyde,1,13,1.0876554730802936
44,9,m Anisaldehyde,1,14,1.0487964503897589
46,0,"2,3 Pentanedione",0,0,1.15524995429897
46,0,"2,3 Pentanedione",0,1,1.0421873682179046
46,0,"2,3 Pentanedione",0,2,1.0910831997720696
46,0,"2,3 Pentanedione",0,3,1.1409249358273974
46,0,"2,3 Pentanedione",0,4,1.0978843178711353
46,0,"2,3 Pentanedione",0,5,1.0599159454808587
46,0,"2,3 Pentanedione",0,6,1.0451446859020113
46,0,"2,3 Pentanedione",0,7,1.0898917443158582
46,0,"2,3 Pentanedione",0,8,1.0688105295229509
46,0,"2,3 Pentanedione",0,9,1.1073009558250886
46,0,"2,3 Pentanedione",0,10,1.0430336662480022
46,0,"2,3 Pentanedione",0,11,1.1316131416324744
46,0,"2,3 Pentanedione",0,12,1.103713693083548
46,0,"2,3 Pentanedione",0,13,1.1066851679310685
46,0,"2,3 Pentanedione",0,14,1.1567347832865702
46,0,"2,3 Pentanedione",1,0,1.05526213644645
46,0,"2,3 Pentanedione",1,1,1.0437412885919957
46,0,"2,3 Pentanedione",1,2,1.0508634112474498
46,0,"2,3 Pentanedione",1,3,1.0650728936003944
46,0,"2,3 Pentanedione",1,4,1.0691353605896716
46,0,"2,3 Pentanedione",1,5,1.0395460469172537
46,0,"2,3 Pentanedione",1,6,0.9918505462600024
46,0,"2,3 Pentanedione",1,7,1.0503367963461632
46,0,"2,3 Pentanedione",1,8,1.0871669830328003
46,0,"2,3 Pentanedione",1,9,1.0782242886314644
46,0,"2,3 Pentanedione",1,10,1.1207561351743578
46,0,"2,3 Pentanedione",1,11,1.1509934181398762
46,0,"2,3 Pentanedione",1,12,1.1031473072396634
46,0,"2,3 Pentanedione",1,13,1.1280747820776538
46,0,"2,3 Pentanedione",1,14,1.1034449280718495
46,1,3 Methylvaleric Acid,0,0,0.9982708030996276
46,1,3 Methylvaleric Acid,0,1,1.003908978234183
46,1,3 Methylvaleric Acid,0,2,0.9679214396936893
46,1,3 Methylvaleric Acid,0,3,0.9581300387195156
46,1,3 Methylvaleric Acid,0,4,0.9216655459850375
46,1,3 Methylvaleric Acid,0,5,0.9282213416239758
46,1,3 Methylvaleric Acid,0,6,0.9163613396085217
46,1,3 Methylvaleric Acid,0,7,0.9547248972983344
46,1,3 Methylvaleric Acid,0,8,0.9010609113681582
46,1,3 Methylvaleric Acid,0,9,0.9222305844713358
46,1,3 Methylvaleric Acid,0,10,0.8356680374554002
46,1,3 Methylvaleric Acid,0,11,0.9987984286534326
46,1,3 Methylvaleric Acid,0,12,0.9210558495590795
46,1,3 Methylvaleric Acid,0,13,0.9480980503559953
46,1,3 Methylvaleric Acid,0,14,0.9881863006509883
46,1,3 Methylvaleric Acid,1,0,0.9452289094962789
46,1,3 Methylvaleric Acid,1,1,0.990990920082369
46,1,3 Methylvaleric Acid,1,2,0.8835476595125771
46,1,3 Methylvaleric Acid,1,3,1.0291122355825397
46,1,3 Methylvaleric Acid,1,4,0.9767015799381823
46,1,3 Methylvaleric Acid,1,5,0.9415852716980974
46,1,3 Methylvaleric Acid,1,6,0.9902203453036496
46,1,3 Methylvaleric Acid,1,7,0.8864717765590568
46,1,3 Methylvaleric Acid,1,8,0.921672576847852
46,1,3 Methylvaleric Acid,1,9,0.9909871878547268
46,1,3 Methylvaleric Acid,1,10,0.8585347647628331
46,1,3 Methylvaleric Acid,1,11,0.9556354829969839
46,1,3 Methylvaleric Acid,1,12,0.9545042183924378
46,1,3 Methylvaleric Acid,1,13,1.0119862046715182
46,1,3 Methylvaleric Acid,1,14,0.8698989552097423
46,2,Acetic Acid,0,0,1.2177029416735459
46,2,Acetic Acid,0,1,1.1309388696663245
46,2,Acetic Acid,0,2,1.1354373209958064
46,2,Acetic Acid,0,3,1.1044375239138888
46,2,Acetic Acid,0,4,1.1098036178936037
46,2,Acetic Acid,0,5,1.1694585932904376
46,2,Acetic Acid,0,6,1.1088244228010264
46,2,Acetic Acid,0,7,1.1829290727383972
46,2,Acetic Acid,0,8,1.1267990575134905
46,2,Acetic Acid,0,9,1.1047963471583349
46,2,Acetic Acid,0,10,1.1322053335378848
46,2,Acetic Acid,0,11,1.166785987062533
46,2,Acetic Acid,0,12,1.14222356891504
46,2,Acetic Acid,0,13,1.1546861041255927
46,2,Acetic Acid,0,14,1.181165997865724
46,2,Acetic Acid,1,0,1.2155810270697098
46,2,Acetic Acid,1,1,1.1598803566614546
46,2,Acetic Acid,1,2,1.1305152883819856
46,2,Acetic Acid,1,3,1.1753279481619325
46,2,Acetic Acid,1,4,1.1911101524491947
46,2,Acetic Acid,1,5,1.1138551567661539
46,2,Acetic Acid,1,6,1.1366598371247285
46,2,Acetic Acid,1,7,1.1435166931665142
46,2,Acetic Acid,1,8,1.1639712814562169
46,2,Acetic Acid,1,9,1.1418428128599605
46,2,Acetic Acid,1,10,1.200565798008908
46,2,Acetic Acid,1,11,1.108078840946695
46,2,Acetic Acid,1,12,1.1090954211172548
46,2,Acetic Acid,1,13,1.1589286165445734
46,2,Acetic Acid,1,14,1.1652580568394375
46,3,Gerinol,0,0,0.94492220056498
46,3,Gerinol,0,1,0.9788380017734016
46,3,Gerinol,0,2,0.9870662027825406
46,3,Gerinol,0,3,0.9873760375984183
46,3,Gerinol,0,4,1.009183214810876
46,3,Gerinol,0,5,0.9766448001023617
46,3,Gerinol,0,6,1.062221407479635
46,3,Gerinol,0,7,1.022636141068647
46,3,Gerinol,0,8,0.9708234146536513
46,3,Gerinol,0,9,1.0068884152140072
46,3,Gerinol,0,10,1.0080685682235284
46,3,Gerinol,0,11,1.0516968144592154
46,3,Gerinol,0,12,0.9790926583226501
46,3,Gerinol,0,13,1.0338015033881272
46,3,Gerinol,0,14,1.0047821345106034
46,3,Gerinol,1,0,1.0485627019508588
46,3,Gerinol,1,1,1.0405356993984844
46,3,Gerinol,1,2,0.9967792134766121
46,3,Gerinol,1,3,0.9784087364522657
46,3,Gerinol,1,4,1.0091642776800864
46,3,Gerinol,1,5,0.9816820402078215
46,3,Gerinol,1,6,1.0561123255320415
46,3,Gerinol,1,7,0.9920388444199886
46,3,Gerinol,1,8,0.9726743359923946
46,3,Gerinol,1,9,0.9705154378499511
46,3,Gerinol,1,10,0.9403786178849598
46,3,Gerinol,1,11,1.0111624064166411
46,3,Gerinol,1,12,0.9560995931873281
46,3,Gerinol,1,13,1.032825971380418
46,3,Gerinol,1,14,0.9371826391328452
46,4,n Methyl Piperdine,0,0,0.8641940453700294
46,4,n Methyl Piperdine,0,1,0.9051133377509976
46,4,n Methyl Piperdine,0,2,0.773014504826154
46,4,n Methyl Piperdine,0,3,0.939835009162787
46,4,n Methyl Piperdine,0,4,0.8420929795231751
46,4,n Methyl Piperdine,0,5,0.864748202697585
46,4,n Methyl Piperdine,0,6,0.8819623564317532
46,4,n Methyl Piperdine,0,7,0.8881495496557216
46,4,n Methyl Piperdine,0,8,0.8700597449414867
46,4,n Methyl Piperdine,0,9,0.8989997707593541
46,4,n Methyl Piperdine,0,10,0.8798672159279719
46,4,n Methyl Piperdine,0,11,0.9295396330123916
46,4,n Methyl Piperdine,0,12,0.8799974891252833
46,4,n Methyl Piperdine,0,13,0.9376898082064229
46,4,n Methyl Piperdine,0,14,0.8951475410206057
46,4,n Methyl Piperdine,1,0,0.7889523599763433
46,4,n Methyl Piperdine,1,1,0.9656264721425873
46,4,n Methyl Piperdine,1,2,0.838208600667985
46,4,n Methyl Piperdine,1,3,0.9210041256151431
46,4,n Methyl Piperdine,1,4,0.8622541027318513
46,4,n Methyl Piperdine,1,5,0.9036259753111769
46,4,n Methyl Piperdine,1,6,0.833643208572442
46,4,n Methyl Piperdine,1,7,0.8862121467306573
46,4,n Methyl Piperdine,1,8,0.8510547431912975
46,4,n Methyl Piperdine,1,9,0.9243424894706693
46,4,n Methyl Piperdine,1,10,0.8787290917037541
46,4,n Methyl Piperdine,1,11,0.8986200706591364
46,4,n Methyl Piperdine,1,12,0.7746192901481509
46,4,n Methyl Piperdine,1,13,0.8577594578155288
46,4,n Methyl Piperdine,1,14,0.8776044304094056
46,5,"2,4 Dimethyl Acetophenone",0,0,1.0401037516335125
46,5,"2,4 Dimethyl Acetophenone",0,1,1.0696054439246383
46,5,"2,4 Dimethyl Acetophenone",0,2,1.016522985570426
46,5,"2,4 Dimethyl Acetophenone",0,3,1.0331106395773095
46,5,"2,4 Dimethyl Acetophenone",0,4,1.078408225952524
46,5,"2,4 Dimethyl Acetophenone",0,5,0.9400115952381101
46,5,"2,4 Dimethyl Acetophenone",0,6,1.054733175441458
46,5,"2,4 Dimethyl Acetophenone",0,7,1.0178037623361822
46,5,"2,4 Dimethyl Acetophenone",0,8,0.9946664303937796
46,5,"2,4 Dimethyl Acetophenone",0,9,1.0446209243469635
46,5,"2,4 Dimethyl Acetophenone",0,10,1.0802572072482706
46,5,"2,4 Dimethyl Acetophenone",0,11,1.0727249086352917
46,5,"2,4 Dimethyl Acetophenone",0,12,1.0257546341396593
46,5,"2,4 Dimethyl Acetophenone",0,13,1.0661887939263623
46,5,"2,4 Dimethyl Acetophenone",0,14,1.0658818713137581
46,5,"2,4 Dimethyl Acetophenone",1,0,1.0420497213915492
46,5,"2,4 Dimethyl Acetophenone",1,1,1.0178213501317477
46,5,"2,4 Dimethyl Acetophenone",1,2,1.0201352109663826
46,5,"2,4 Dimethyl Acetophenone",1,3,1.0790587061660013
46,5,"2,4 Dimethyl Acetophenone",1,4,1.0438586996627683
46,5,"2,4 Dimethyl Acetophenone",1,5,1.0036972834220523
46,5,"2,4 Dimethyl Acetophenone",1,6,0.9781500587909109
46,5,"2,4 Dimethyl Acetophenone",1,7,1.078817830295131
46,5,"2,4 Dimethyl Acetophenone",1,8,1.0236734353207069
46,5,"2,4 Dimethyl Acetophenone",1,9,1.0587600824375152
46,5,"2,4 Dimethyl Acetophenone",1,10,1.0951328484940408
46,5,"2,4 Dimethyl Acetophenone",1,11,0.9931875931371364
46,5,"2,4 Dimethyl Acetophenone",1,12,1.0437390769907622
46,5,"2,4 Dimethyl Acetophenone",1,13,1.0387168063625212
46,5,"2,4 Dimethyl Acetophenone",1,14,1.0607342872363943
46,6,4 Heptanone,0,0,1.1039081452231108
46,6,4 Heptanone,0,1,1.001163672699797
46,6,4 Heptanone,0,2,1.077133663234524
46,6,4 Heptanone,0,3,1.0956026962860415
46,6,4 Heptanone,0,4,1.046886662728022
46,6,4 Heptanone,0,5,1.0488438655705683
46,6,4 Heptanone,0,6,1.0710797200456903
46,6,4 Heptanone,0,7,1.0681344284018848
46,6,4 Heptanone,0,8,1.0776358495809781
46,6,4 Heptanone,0,9,1.076792966342342
46,6,4 Heptanone,0,10,1.0150628530616672
46,6,4 Heptanone,0,11,1.093952405194491
46,6,4 Heptanone,0,12,1.1010130717739028
46,6,4 Heptanone,0,13,1.0617850610339052
46,6,4 Heptanone,0,14,0.9945755330243067
46,6,4 Heptanone,1,0,1.0879600746770905
46,6,4 Heptanone,1,1,1.100326137994717
46,6,4 Heptanone,1,2,1.0467658934056214
46,6,4 Heptanone,1,3,1.0781443803740136
46,6,4 Heptanone,1,4,1.0361751274147524
46,6,4 Heptanone,1,5,1.1168415919165517
46,6,4 Heptanone,1,6,1.0991881155131762
46,6,4 Heptanone,1,7,1.0267185763245243
46,6,4 Heptanone,1,8,1.1066084973803734
46,6,4 Heptanone,1,9,1.0902895450214825
46,6,4 Heptanone,1,10,1.1132064742272703
46,6,4 Heptanone,1,11,1.076888605566877
46,6,4 Heptanone,1,12,1.0604907268873731
46,6,4 Heptanone,1,13,1.0617161178587817
46,6,4 Heptanone,1,14,1.071023094255158
46,7,33 Dimethyl Butyric Acid,0,0,0.9726165385251808
46,7,33 Dimethyl Butyric Acid,0,1,0.9777818732789306
46,7,33 Dimethyl Butyric Acid,0,2,0.9642347395496148
46,7,33 Dimethyl Butyric Acid,0,3,0.9549307527020782
46,7,33 Dimethyl Butyric Acid,0,4,0.9578074039417197
46,7,33 Dimethyl Butyric Acid,0,5,1.0721725260822164
46,7,33 Dimethyl Butyric Acid,0,6,0.9410345286020106
46,7,33 Dimethyl Butyric Acid,0,7,0.9495446543200913
46,7,33 Dimethyl Butyric Acid,0,8,1.1036176989966648
46,7,33 Dimethyl Butyric Acid,0,9,0.988704066760361
46,7,33 Dimethyl Butyric Acid,0,10,0.9166643080257911
46,7,33 Dimethyl Butyric Acid,0,11,1.0055710228210295
46,7,33 Dimethyl Butyric Acid,0,12,0.9354619790938931
46,7,33 Dimethyl Butyric Acid,0,13,1.0082259949741428
46,7,33 Dimethyl Butyric Acid,0,14,0.9634250434871117
46,7,33 Dimethyl Butyric Acid,1,0,0.9255426406118659
46,7,33 Dimethyl Butyric Acid,1,1,1.0075010733445455
46,7,33 Dimethyl Butyric Acid,1,2,0.9657905286978119
46,7,33 Dimethyl Butyric Acid,1,3,0.9820540520894104
46,7,33 Dimethyl Butyric Acid,1,4,0.96053126177224
46,7,33 Dimethyl Butyric Acid,1,5,0.9253566936397182
46,7,33 Dimethyl Butyric Acid,1,6,0.9675886514017704
46,7,33 Dimethyl Butyric Acid,1,7,0.9915030902988206
46,7,33 Dimethyl Butyric Acid,1,8,0.9485239963321442
46,7,33 Dimethyl Butyric Acid,1,9,1.0152001787653024
46,7,33 Dimethyl Butyric Acid,1,10,0.9771539627195185
46,7,33 Dimethyl Butyric Acid,1,11,0.9516137765823066
46,7,33 Dimethyl Butyric Acid,1,12,0.9531939358321548
46,7,33 Dimethyl Butyric Acid,1,13,0.9486239597501471
46,7,33 Dimethyl Butyric Acid,1,14,0.8930849231676424
46,8,2 Methyl Butyraldehyde,0,0,0.9537974355548348
46,8,2 Methyl Butyraldehyde,0,1,0.9662477828008257
46,8,2 Methyl Butyraldehyde,0,2,0.9407569185365179
46,8,2 Methyl Butyraldehyde,0,3,0.9709074041353668
46,8,2 Methyl Butyraldehyde,0,4,0.9582526230013835
46,8,2 Methyl Butyraldehyde,0,5,0.9883479990311297
46,8,2 Methyl Butyraldehyde,0,6,0.9839248186298082
46,8,2 Methyl Butyraldehyde,0,7,0.9640864548905727
46,8,2 Methyl Butyraldehyde,0,8,0.9027118077350991
46,8,2 Methyl Butyraldehyde,0,9,1.0290292329344257
46,8,2 Methyl Butyraldehyde,0,10,0.9517246834443333
46,8,2 Methyl Butyraldehyde,0,11,0.9541648652393737
46,8,2 Methyl Butyraldehyde,0,12,0.9436994894392035
46,8,2 Methyl Butyraldehyde,0,13,0.9378638571445576
46,8,2 Methyl Butyraldehyde,0,14,1.0191626453072
46,8,2 Methyl Butyraldehyde,1,0,0.9950548192187032
46,8,2 Methyl Butyraldehyde,1,1,0.9573887825463668
46,8,2 Methyl Butyraldehyde,1,2,0.9353130402260309
46,8,2 Methyl Butyraldehyde,1,3,0.9643777658038101
46,8,2 Methyl Butyraldehyde,1,4,0.9425649256740348
46,8,2 Methyl Butyraldehyde,1,5,0.932004129670336
46,8,2 Methyl Butyraldehyde,1,6,0.9531372832635132
46,8,2 Methyl Butyraldehyde,1,7,0.9219667365254421
46,8,2 Methyl Butyraldehyde,1,8,0.9497036169633972
46,8,2 Methyl Butyraldehyde,1,9,0.9477818834281254
46,8,2 Methyl Butyraldehyde,1,10,0.9637304872535769
46,8,2 Methyl Butyraldehyde,1,11,0.9148475681042356
46,8,2 Methyl Butyraldehyde,1,12,0.9680185005183216
46,8,2 Methyl Butyraldehyde,1,13,0.9033605866852398
46,8,2 Methyl Butyraldehyde,1,14,0.9167103803384105
46,9,m Anisaldehyde,0,0,1.0954438150834809
46,9,m Anisaldehyde,0,1,1.0737187465543634
46,9,m Anisaldehyde,0,2,1.1572273087847371
46,9,m Anisaldehyde,0,3,1.0778387184017186
46,9,m Anisaldehyde,0,4,1.0886441639530438
46,9,m Anisaldehyde,0,5,1.1668171258687763
46,9,m Anisaldehyde,0,6,1.0937775093751647
46,9,m Anisaldehyde,0,7,1.1090751100437868
46,9,m Anisaldehyde,0,8,1.0761196574126493
46,9,m Anisaldehyde,0,9,1.149918865754218
46,9,m Anisaldehyde,0,10,1.1504702672169533
46,9,m Anisaldehyde,0,11,1.1461586536142485
46,9,m Anisaldehyde,0,12,1.1381020105770683
46,9,m Anisaldehyde,0,13,1.1195443818900896
46,9,m Anisaldehyde,0,14,1.0956257507717913
46,9,m Anisaldehyde,1,0,1.0864602400554653
46,9,m Anisaldehyde,1,1,1.170655233392573
46,9,m Anisaldehyde,1,2,1.1496511831911698
46,9,m Anisaldehyde,1,3,1.0913268432340892
46,9,m Anisaldehyde,1,4,1.1206522830510315
46,9,m Anisaldehyde,1,5,1.1070544086027057
46,9,m Anisaldehyde,1,6,1.0739305840938762
46,9,m Anisaldehyde,1,7,1.1261650673869583
46,9,m Anisaldehyde,1,8,1.1024393057525383
46,9,m Anisaldehyde,1,9,1.0809575456702787
46,9,m Anisaldehyde,1,10,1.0598937101564356
46,9,m Anisaldehyde,1,11,1.0565068723138793
46,9,m Anisaldehyde,1,12,1.1042019672143206
46,9,m Anisaldehyde,1,13,1.1156552135051094
46,9,m Anisaldehyde,1,14,1.0840469799156136
48,0,"2,3 Pentanedione",0,0,1.1128723774989615
48,0,"2,3 Pentanedione",0,1,1.084220938721354
48,0,"2,3 Pentanedione",0,2,1.1099182128166183
48,0,"2,3 Pentanedione",0,3,1.079526368785164
48,0,"2,3 Pentanedione",0,4,1.0553580949843882
48,0,"2,3 Pentanedione",0,5,1.091407503238217
48,0,"2,3 Pentanedione",0,6,1.0363358199119395
48,0,"2,3 Pentanedione",0,7,1.1084203412181384
48,0,"2,3 Pentanedione",0,8,1.049356832132147
48,0,"2,3 Pentanedione",0,9,1.1235721014540103
48,0,"2,3 Pentanedione",0,10,1.0733045705429958
48,0,"2,3 Pentanedione",0,11,1.129344141045069
48,0,"2,3 Pentanedione",0,12,1.0419378728491397
48,0,"2,3 Pentanedione",0,13,1.0597320123635194
48,0,"2,3 Pentanedione",0,14,1.102080198266615
48,0,"2,3 Pentanedione",1,0,1.1064048401732853
48,0,"2,3 Pentanedione",1,1,1.126249312768812
48,0,"2,3 Pentanedione",1,2,1.06123960298345
48,0,"2,3 Pentanedione",1,3,1.1330947816676853
48,0,"2,3 Pentanedione",1,4,1.0479983744431978
48,0,"2,3 Pentanedione",1,5,1.1035356613307339
48,0,"2,3 Pentanedione",1,6,1.021897716557843
48,0,"2,3 Pentanedione",1,7,1.0763929767107452
48,0,"2,3 Pentanedione",1,8,0.9659172348019572
48,0,"2,3 Pentanedione",1,9,1.01472131597009
48,0,"2,3 Pentanedione",1,10,1.0782520283594457
48,0,"2,3 Pentanedione",1,11,1.0070874023481942
48,0,"2,3 Pentanedione",1,12,1.0766629408677826
48,0,"2,3 Pentanedione",1,13,1.0958432812687096
48,0,"2,3 Pentanedione",1,14,1.039532148727484
48,1,3 Methylvaleric Acid,0,0,0.9019819328937994
48,1,3 Methylvaleric Acid,0,1,0.9217725864865777
48,1,3 Methylvaleric Acid,0,2,0.9021075583533998
48,1,3 Methylvaleric Acid,0,3,0.9366915088001305
48,1,3 Methylvaleric Acid,0,4,0.9448236761162905
48,1,3 Methylvaleric Acid,0,5,0.928499646196895
48,1,3 Methylvaleric Acid,0,6,1.00771442072824
48,1,3 Methylvaleric Acid,0,7,0.9119638983332883
48,1,3 Methylvaleric Acid,0,8,0.9963973782909797
48,1,3 Methylvaleric Acid,0,9,0.8990904816682828
48,1,3 Methylvaleric Acid,0,10,0.9436511539184292
48,1,3 Methylvaleric Acid,0,11,0.98806426746269
48,1,3 Methylvaleric Acid,0,12,0.9859943372109
48,1,3 Methylvaleric Acid,0,13,0.9239297352127579
48,1,3 Methylvaleric Acid,0,14,0.9629428399236211
48,1,3 Methylvaleric Acid,1,0,0.9533176696402722
48,1,3 Methylvaleric Acid,1,1,0.9148729391499936
48,1,3 Methylvaleric Acid,1,2,0.9611085037796261
48,1,3 Methylvaleric Acid,1,3,1.010970193175798
48,1,3 Methylvaleric Acid,1,4,0.9553385328962084
48,1,3 Methylvaleric Acid,1,5,0.9591247614565299
48,1,3 Methylvaleric Acid,1,6,0.9633567054217315
48,1,3 Methylvaleric Acid,1,7,0.8780314419994976
48,1,3 Methylvaleric Acid,1,8,0.9548794932219546
48,1,3 Methylvaleric Acid,1,9,0.895800123300162
48,1,3 Methylvaleric Acid,1,10,0.9128750286657912
48,1,3 Methylvaleric Acid,1,11,1.0229481775412432
48,1,3 Methylvaleric Acid,1,12,0.9263400419073508
48,1,3 Methylvaleric Acid,1,13,0.906863542121934
48,1,3 Methylvaleric Acid,1,14,0.9825738094497588
48,2,Acetic Acid,0,0,1.1119200416096278
48,2,Acetic Acid,0,1,1.1319303559557359
48,2,Acetic Acid,0,2,1.1997892084427697
48,2,Acetic Acid,0,3,1.1515378243356413
48,2,Acetic Acid,0,4,1.0873632399182618
48,2,Acetic Acid,0,5,1.1715867062962277
48,2,Acetic Acid,0,6,1.1339684864414625
48,2,Acetic Acid,0,7,1.2114211811845328
48,2,Acetic Acid,0,8,1.1255796438179577
48,2,Acetic Acid,0,9,1.19187616067236
48,2,Acetic Acid,0,10,1.2208550430179514
48,2,Acetic Acid,0,11,1.1157893927708602
48,2,Acetic Acid,0,12,1.1420986008929952
48,2,Acetic Acid,0,13,1.165372132689101
48,2,Acetic Acid,0,14,1.115533291621156
48,2,Acetic Acid,1,0,1.183447434717078
48,2,Acetic Acid,1,1,1.1636388253485253
48,2,Acetic Acid,1,2,1.1628329339850303
48,2,Acetic Acid,1,3,1.1745931725570893
48,2,Acetic Acid,1,4,1.1754862254719074
48,2,Acetic Acid,1,5,1.1791908676118066
48,2,Acetic Acid,1,6,1.1486825830304934
48,2,Acetic Acid,1,7,1.1504287678747747
48,2,Acetic Acid,1,8,1.1678921332957717
48,2,Acetic Acid,1,9,1.170845331199333
48,2,Acetic Acid,1,10,1.1550816632509002
48,2,Acetic Acid,1,11,1.1855932225322057
48,2,Acetic Acid,1,12,1.100045166901757
48,2,Acetic Acid,1,13,1.1434169864924069
48,2,Acetic Acid,1,14,1.1614385238006508
48,3,Gerinol,0,0,0.9662049123818771
48,3,Gerinol,0,1,1.065617440455457
48,3,Gerinol,0,2,1.0012039937320993
48,3,Gerinol,0,3,1.0075203069921375
48,3,Gerinol,0,4,0.9811202915444829
48,3,Gerinol,0,5,0.9998183630481828
48,3,Gerinol,0,6,0.951839381290992
48,3,Gerinol,0,7,0.9936568384192984
48,3,Gerinol,0,8,0.962969182719271
48,3,Gerinol,0,9,0.9893533764728548
48,3,Gerinol,0,10,0.8980528572110014
48,3,Gerinol,0,11,0.9553293915253602
48,3,Gerinol,0,12,1.0590065760436747
48,3,Gerinol,0,13,1.033665429827403
48,3,Gerinol,0,14,1.0532110932997105
48,3,Gerinol,1,0,1.0268355851216149
48,3,Gerinol,1,1,0.9982462313013571
48,3,Gerinol,1,2,0.9532119869196126
48,3,Gerinol,1,3,0.9298366964841531
48,3,Gerinol,1,4,1.0171965185527658
48,3,Gerinol,1,5,0.9739094533102737
48,3,Gerinol,1,6,1.0710876469900543
48,3,Gerinol,1,7,0.9567228152943479
48,3,Gerinol,1,8,1.0502425685259973
48,3,Gerinol,1,9,0.9650550627069479
48,3,Gerinol,1,10,1.024768678225126
48,3,Gerinol,1,11,1.0391944038240761
48,3,Gerinol,1,12,0.9304087372075496
48,3,Gerinol,1,13,0.9519268112031433
48,3,Gerinol,1,14,0.9300075653068368
48,4,n Methyl Piperdine,0,0,0.8328572271177628
48,4,n Methyl Piperdine,0,1,0.9087376806690897
48,4,n Methyl Piperdine,0,2,0.8741898718381308
48,4,n Methyl Piperdine,0,3,0.8841496595756971
48,4,n Methyl Piperdine,0,4,0.9043045720470229
48,4,n Methyl Piperdine,0,5,0.8077595332994951
48,4,n Methyl Piperdine,0,6,0.9335256468063738
48,4,n Methyl Piperdine,0,7,0.868091240114495
48,4,n Methyl Piperdine,0,8,0.9033510588976059
48,4,n Methyl Piperdine,0,9,0.9068835202172335
48,4,n Methyl Piperdine,0,10,0.9368868690786453
48,4,n Methyl Piperdine,0,11,0.8778607111367703
48,4,n Methyl Piperdine,0,12,0.7971095082863744
48,4,n Methyl Piperdine,0,13,0.8843401111862341
48,4,n Methyl Piperdine,0,14,0.8900832809745557
48,4,n Methyl Piperdine,1,0,0.8269177411439521
48,4,n Methyl Piperdine,1,1,0.8741878016868743
48,4,n Methyl Piperdine,1,2,0.8538474381205051
48,4,n Methyl Piperdine,1,3,0.8145780175382563
48,4,n Methyl Piperdine,1,4,0.8951475713099281
48,4,n Methyl Piperdine,1,5,0.8457391694736449
48,4,n Methyl Piperdine,1,6,0.852033006920074
48,4,n Methyl Piperdine,1,7,0.8497850216180733
48,4,n Methyl Piperdine,1,8,0.9177073194081227
48,4,n Methyl Piperdine,1,9,0.8666515290386211
48,4,n Methyl Piperdine,1,10,0.8714521683313896
48,4,n Methyl Piperdine,1,11,0.8506627293341009
48,4,n Methyl Piperdine,1,12,0.886802848399753
48,4,n Methyl Piperdine,1,13,0.9222608974475837
48,4,n Methyl Piperdine,1,14,0.894202608209017
48,5,"2,4 Dimethyl Acetophenone",0,0,1.0788037012366614
48,5,"2,4 Dimethyl Acetophenone",0,1,1.075578231018641
48,5,"2,4 Dimethyl Acetophenone",0,2,0.9961193170508207
48,5,"2,4 Dimethyl Acetophenone",0,3,1.0162842695153016
48,5,"2,4 Dimethyl Acetophenone",0,4,1.0431295270393022
48,5,"2,4 Dimethyl Acetophenone",0,5,1.022294461083538
48,5,"2,4 Dimethyl Acetophenone",0,6,1.0087475417930272
48,5,"2,4 Dimethyl Acetophenone",0,7,0.9764419931484443
48,5,"2,4 Dimethyl Acetophenone",0,8,0.9974678542579015
48,5,"2,4 Dimethyl Acetophenone",0,9,1.0410680004895632
48,5,"2,4 Dimethyl Acetophenone",0,10,1.0485519681105118
48,5,"2,4 Dimethyl Acetophenone",0,11,1.0196068717380442
48,5,"2,4 Dimethyl Acetophenone",0,12,1.0544860312905961
48,5,"2,4 Dimethyl Acetophenone",0,13,1.0339756771469322
48,5,"2,4 Dimethyl Acetophenone",0,14,1.094951966278221
48,5,"2,4 Dimethyl Acetophenone",1,0,1.0339934561342459
48,5,"2,4 Dimethyl Acetophenone",1,1,1.068311721951308
48,5,"2,4 Dimethyl Acetophenone",1,2,1.0485870371870272
48,5,"2,4 Dimethyl Acetophenone",1,3,0.9843756451254773
48,5,"2,4 Dimethyl Acetophenone",1,4,1.0368321596657524
48,5,"2,4 Dimethyl Acetophenone",1,5,0.9910335227220921
48,5,"2,4 Dimethyl Acetophenone",1,6,1.0361336531665626
48,5,"2,4 Dimethyl Acetophenone",1,7,1.0106532540060118
48,5,"2,4 Dimethyl Acetophenone",1,8,1.0557370080346318
48,5,"2,4 Dimethyl Acetophenone",1,9,0.9867643131965914
48,5,"2,4 Dimethyl Acetophenone",1,10,1.041046559706417
48,5,"2,4 Dimethyl Acetophenone",1,11,1.0633551099977672
48,5,"2,4 Dimethyl Acetophenone",1,12,1.0767623094675993
48,5,"2,4 Dimethyl Acetophenone",1,13,1.0098917763798705
48,5,"2,4 Dimethyl Acetophenone",1,14,1.0411685255835263
48,6,4 Heptanone,0,0,1.0900738927194717
48,6,4 Heptanone,0,1,1.1445930649847194
48,6,4 Heptanone,0,2,1.0234548113730033
48,6,4 Heptanone,0,3,1.0462639120001667
48,6,4 Heptanone,0,4,1.194886513512452
48,6,4 Heptanone,0,5,1.0717841224447697
48,6,4 Heptanone,0,6,1.0070682614068778
48,6,4 Heptanone,0,7,1.0594060080690821
48,6,4 Heptanone,0,8,0.9719530849444342
48,6,4 Heptanone,0,9,1.092344842301255
48,6,4 Heptanone,0,10,1.1150994042141376
48,6,4 Heptanone,0,11,1.0462415187562586
48,6,4 Heptanone,0,12,1.0638790569129484
48,6,4 Heptanone,0,13,1.1196541800177653
48,6,4 Heptanone,0,14,1.0126993952091659
48,6,4 Heptanone,1,0,1.0423252980542468
48,6,4 Heptanone,1,1,1.0860635392736029
48,6,4 Heptanone,1,2,1.0650947530435557
48,6,4 Heptanone,1,3,1.083433470643285
48,6,4 Heptanone,1,4,1.0446381337659676
48,6,4 Heptanone,1,5,1.1037606859790887
48,6,4 Heptanone,1,6,1.089218823135029
48,6,4 Heptanone,1,7,1.11715576631155
48,6,4 Heptanone,1,8,1.1032041265614403
48,6,4 Heptanone,1,9,1.1034557494420694
48,6,4 Heptanone,1,10,1.0373358523610239
48,6,4 Heptanone,1,11,1.1148918086080233
48,6,4 Heptanone,1,12,1.0819534904700507
48,6,4 Heptanone,1,13,1.088524214236244
48,6,4 Heptanone,1,14,1.1371187215978609
48,7,33 Dimethyl Butyric Acid,0,0,0.9374089096723454
48,7,33 Dimethyl Butyric Acid,0,1,1.0202337050713812
48,7,33 Dimethyl Butyric Acid,0,2,1.0239653439079448
48,7,33 Dimethyl Butyric Acid,0,3,0.996297709427596
48,7,33 Dimethyl Butyric Acid,0,4,0.9269614995023243
48,7,33 Dimethyl Butyric Acid,0,5,0.8787346021079439
48,7,33 Dimethyl Butyric Acid,0,6,1.0093397285034187
48,7,33 Dimethyl Butyric Acid,0,7,0.9706417343862643
48,7,33 Dimethyl Butyric Acid,0,8,0.9363784331001627
48,7,33 Dimethyl Butyric Acid,0,9,1.0131288256832454
48,7,33 Dimethyl Butyric Acid,0,10,0.9317239766979087
48,7,33 Dimethyl Butyric Acid,0,11,0.9492201216037834
48,7,33 Dimethyl Butyric Acid,0,12,0.9871819465057009
48,7,33 Dimethyl Butyric Acid,0,13,0.9216422186684261
48,7,33 Dimethyl Butyric Acid,0,14,0.9618070955487384
48,7,33 Dimethyl Butyric Acid,1,0,0.98885454490227
48,7,33 Dimethyl Butyric Acid,1,1,0.9537334872905807
48,7,33 Dimethyl Butyric Acid,1,2,0.9951861110186828
48,7,33 Dimethyl Butyric Acid,1,3,0.9906331518659754
48,7,33 Dimethyl Butyric Acid,1,4,0.9455985909226003
48,7,33 Dimethyl Butyric Acid,1,5,0.8518194024914401
48,7,33 Dimethyl Butyric Acid,1,6,0.9010581657371233
48,7,33 Dimethyl Butyric Acid,1,7,0.9758224220411151
48,7,33 Dimethyl Butyric Acid,1,8,0.8832790007343241
48,7,33 Dimethyl Butyric Acid,1,9,0.9322213540022576
48,7,33 Dimethyl Butyric Acid,1,10,0.9588282820932968
48,7,33 Dimethyl Butyric Acid,1,11,1.004071885376196
48,7,33 Dimethyl Butyric Acid,1,12,0.922288269687559
48,7,33 Dimethyl Butyric Acid,1,13,0.9195495491824104
48,7,33 Dimethyl Butyric Acid,1,14,0.9431912268859155
48,8,2 Methyl Butyraldehyde,0,0,0.9506072829971469
48,8,2 Methyl Butyraldehyde,0,1,0.930400891108899
48,8,2 Methyl Butyraldehyde,0,2,0.9785414981601752
48,8,2 Methyl Butyraldehyde,0,3,0.9046050108836039
48,8,2 Methyl Butyraldehyde,0,4,0.9413772015399046
48,8,2 Methyl Butyraldehyde,0,5,0.9543792726146235
48,8,2 Methyl Butyraldehyde,0,6,0.9205614518085086
48,8,2 Methyl Butyraldehyde,0,7,0.9701591616671414
48,8,2 Methyl Butyraldehyde,0,8,0.9425291058544367
48,8,2 Methyl Butyraldehyde,0,9,0.9681245927308337
48,8,2 Methyl Butyraldehyde,0,10,0.9443349285266961
48,8,2 Methyl Butyraldehyde,0,11,0.9516269470642319
48,8,2 Methyl Butyraldehyde,0,12,0.9112750939307686
48,8,2 Methyl Butyraldehyde,0,13,0.9113398959970939
48,8,2 Methyl Butyraldehyde,0,14,0.9855466234018938
48,8,2 Methyl Butyraldehyde,1,0,0.9611175632267415
48,8,2 Methyl Butyraldehyde,1,1,0.8947785387970322
48,8,2 Methyl Butyraldehyde,1,2,0.9429316824321214
48,8,2 Methyl Butyraldehyde,1,3,0.8407461033045112
48,8,2 Methyl Butyraldehyde,1,4,0.9127395388979516
48,8,2 Methyl Butyraldehyde,1,5,0.9741382525107244
48,8,2 Methyl Butyraldehyde,1,6,0.9306913218974818
48,8,2 Methyl Butyraldehyde,1,7,0.9404136522325695
48,8,2 Methyl Butyraldehyde,1,8,0.8150418955851197
48,8,2 Methyl Butyraldehyde,1,9,0.9200070007204821
48,8,2 Methyl Butyraldehyde,1,10,0.9492280343990167
48,8,2 Methyl Butyraldehyde,1,11,0.9543087404618618
48,8,2 Methyl Butyraldehyde,1,12,0.9741913738993028
48,8,2 Methyl Butyraldehyde,1,13,0.9272868353749911
48,8,2 Methyl Butyraldehyde,1,14,0.9290709129409622
48,9,m Anisaldehyde,0,0,1.1039430662031653
48,9,m Anisaldehyde,0,1,1.1490469018126317
48,9,m Anisaldehyde,0,2,1.1067647608836477
48,9,m Anisaldehyde,0,3,1.0833129585873431
48,9,m Anisaldehyde,0,4,1.1138205885751367
48,9,m Anisaldehyde,0,5,1.2175751596917186
48,9,m Anisaldehyde,0,6,1.1464053153190286
48,9,m Anisaldehyde,0,7,1.1660228579004943
48,9,m Anisaldehyde,0,8,1.1366879133316374
48,9,m Anisaldehyde,0,9,1.085605722601484
48,9,m Anisaldehyde,0,10,1.194672288376748
48,9,m Anisaldehyde,0,11,1.0703398377853361
48,9,m Anisaldehyde,0,12,1.1350360563078934
48,9,m Anisaldehyde,0,13,1.1550431681455573
48,9,m Anisaldehyde,0,14,1.166447349116754
48,9,m Anisaldehyde,1,0,1.103847724316464
48,9,m Anisaldehyde,1,1,1.0593880491754197
48,9,m Anisaldehyde,1,2,1.1008627768042012
48,9,m Anisaldehyde,1,3,1.102956188992832
48,9,m Anisaldehyde,1,4,1.1019827686914154
48,9,m Anisaldehyde,1,5,1.171708852105923
48,9,m Anisaldehyde,1,6,1.0843623973720529
48,9,m Anisaldehyde,1,7,1.144945679475145
48,9,m Anisaldehyde,1,8,1.1392383899863352
48,9,m Anisaldehyde,1,9,1.1713247115964855
48,9,m Anisaldehyde,1,10,1.1275812336281414
48,9,m Anisaldehyde,1,11,1.164551747185521
48,9,m Anisaldehyde,1,12,1.1260177029738547
48,9,m Anisaldehyde,1,13,1.1502822095610106
48,9,m Anisaldehyde,1,14,1.072788865007729
50,0,"2,3 Pentanedione",0,0,1.0223357333869614
50,0,"2,3 Pentanedione",0,1,1.14296873058124
50,0,"2,3 Pentanedione",0,2,1.1451141814801749
50,0,"2,3 Pentanedione",0,3,1.146886949764681
50,0,"2,3 Pentanedione",0,4,1.1068695558484185
50,0,"2,3 Pentanedione",0,5,1.1874557465270206
50,0,"2,3 Pentanedione",0,6,1.1094717438091248
50,0,"2,3 Pentanedione",0,7,1.1447020172255005
50,0,"2,3 Pentanedione",0,8,1.1516523054387688
50,0,"2,3 Pentanedione",0,9,1.1966164628285703
50,0,"2,3 Pentanedione",0,10,1.1151856716470123
50,0,"2,3 Pentanedione",0,11,1.1017391401894396
50,0,"2,3 Pentanedione",0,12,1.0679410410619927
50,0,"2,3 Pentanedione",0,13,1.1899615367051046
50,0,"2,3 Pentanedione",0,14,1.1447232927205473
50,0,"2,3 Pentanedione",1,0,1.125426545584209
50,0,"2,3 Pentanedione",1,1,1.2319722710013936
50,0,"2,3 Pentanedione",1,2,1.1203058909958887
50,0,"2,3 Pentanedione",1,3,1.0552112451444355
50,0,"2,3 Pentanedione",1,4,1.0994679583487177
50,0,"2,3 Pentanedione",1,5,1.0683128049944908
50,0,"2,3 Pentanedione",1,6,1.091469365565126
50,0,"2,3 Pentanedione",1,7,1.0912005172382526
50,0,"2,3 Pentanedione",1,8,1.083823125705755
50,0,"2,3 Pentanedione",1,9,1.051572801134221
50,0,"2,3 Pentanedione",1,10,1.1710041666953286
50,0,"2,3 Pentanedione",1,11,1.1192580231259726
50,0,"2,3 Pentanedione",1,12,1.0982852199604274
50,0,"2,3 Pentanedione",1,13,1.1376096145290666
50,0,"2,3 Pentanedione",1,14,1.1261467923424124
50,1,3 Methylvaleric Acid,0,0,0.9353227679535134
50,1,3 Methylvaleric Acid,0,1,0.9516950615545046
50,1,3 Methylvaleric Acid,0,2,0.9296525283941778
50,1,3 Methylvaleric Acid,0,3,0.9511039969234951
50,1,3 Methylvaleric Acid,0,4,0.9544196306789425
50,1,3 Methylvaleric Acid,0,5,0.9308038880451437
50,1,3 Methylvaleric Acid,0,6,0.9154793589039869
50,1,3 Methylvaleric Acid,0,7,0.9855110507019879
50,1,3 Methylvaleric Acid,0,8,0.9051790770528941
50,1,3 Methylvaleric Acid,0,9,0.9399476826609253
50,1,3 Methylvaleric Acid,0,10,0.9408514750733942
50,1,3 Methylvaleric Acid,0,11,0.8999128245532861
50,1,3 Methylvaleric Acid,0,12,0.8919822432313718
50,1,3 Methylvaleric Acid,0,13,0.9101410578090374
50,1,3 Methylvaleric Acid,0,14,0.9046064645168072
50,1,3 Methylvaleric Acid,1,0,0.8772153765375718
50,1,3 Methylvaleric Acid,1,1,0.9094807957023554
50,1,3 Methylvaleric Acid,1,2,0.9461895183885088
50,1,3 Methylvaleric Acid,1,3,0.9861783423690703
50,1,3 Methylvaleric Acid,1,4,0.9577162524100717
50,1,3 Methylvaleric Acid,1,5,0.8315592190683169
50,1,3 Methylvaleric Acid,1,6,0.9611927475934194
50,1,3 Methylvaleric Acid,1,7,0.9132145275672977
50,1,3 Methylvaleric Acid,1,8,0.9536638019906369
50,1,3 Methylvaleric Acid,1,9,0.9349751886347013
50,1,3 Methylvaleric Acid,1,10,0.9278330939596533
50,1,3 Methylvaleric Acid,1,11,0.9314511698846407
50,1,3 Methylvaleric Acid,1,12,0.9346436266723351
50,1,3 Methylvaleric Acid,1,13,0.9893167978867361
50,1,3 Methylvaleric Acid,1,14,0.9347541915197228
50,2,Acetic Acid,0,0,1.1843306921536516
50,2,Acetic Acid,0,1,1.17850548146023
50,2,Acetic Acid,0,2,1.1675910687297497
50,2,Acetic Acid,0,3,1.0694444940212167
50,2,Acetic Acid,0,4,1.1855745530728679
50,2,Acetic Acid,0,5,1.1225931950609802
50,2,Acetic Acid,0,6,1.1695383380693947
50,2,Acetic Acid,0,7,1.1020079334967872
50,2,Acetic Acid,0,8,1.0935062850942734
50,2,Acetic Acid,0,9,1.2199647962996516
50,2,Acetic Acid,0,10,1.1026299241528792
50,2,Acetic Acid,0,11,1.1867535123884736
50,2,Acetic Acid,0,12,1.1456460596838645
50,2,Acetic Acid,0,13,1.1241044444919968
50,2,Acetic Acid,0,14,1.1391160914531955
50,2,Acetic Acid,1,0,1.1079073260089638
50,2,Acetic Acid,1,1,1.159400930685847
50,2,Acetic Acid,1,2,1.1166414933143778
50,2,Acetic Acid,1,3,1.1441333540976568
50,2,Acetic Acid,1,4,1.1969630884289992
50,2,Acetic Acid,1,5,1.1701187329325227
50,2,Acetic Acid,1,6,1.1006642859149953
50,2,Acetic Acid,1,7,1.194010630946771
50,2,Acetic Acid,1,8,1.1596671153938505
50,2,Acetic Acid,1,9,1.1382636951338427
50,2,Acetic Acid,1,10,1.1898181580265734
50,2,Acetic Acid,1,11,1.1532628323911363
50,2,Acetic Acid,1,12,1.1133246522739877
50,2,Acetic Acid,1,13,1.2338634943282005
50,2,Acetic Acid,1,14,1.1592596081545767
50,3,Gerinol,0,0,1.0199991415534047
50,3,Gerinol,0,1,1.0070503428634698
50,3,Gerinol,0,2,1.070453179310997
50,3,Gerinol,0,3,1.0022594094070119
50,3,Gerinol,0,4,0.9614553553802292
50,3,Gerinol,0,5,0.9961074432568543
50,3,Gerinol,0,6,1.076325533750885
50,3,Gerinol,0,7,1.0565398361909781
50,3,Gerinol,0,8,1.013053923626299
50,3,Gerinol,0,9,1.0781847553983124
50,3,Gerinol,0,10,1.0531722388855687
50,3,Gerinol,0,11,1.0125909751873092
50,3,Gerinol,0,12,1.0166181555286502
50,3,Gerinol,0,13,1.0364272590105108
50,3,Gerinol,0,14,0.9899790717461407
50,3,Gerinol,1,0,1.0204447213150956
50,3,Gerinol,1,1,1.032605053279253
50,3,Gerinol,1,2,0.9527858691503799
50,3,Gerinol,1,3,1.0126917057920055
50,3,Gerinol,1,4,1.0081422712800938
50,3,Gerinol,1,5,1.0613872394931343
50,3,Gerinol,1,6,0.9464846389422801
50,3,Gerinol,1,7,1.005004277906573
50,3,Gerinol,1,8,1.000994332800138
50,3,Gerinol,1,9,1.0586673572515855
50,3,Gerinol,1,10,1.0185226559201257
50,3,Gerinol,1,11,1.0921083045208162
50,3,Gerinol,1,12,1.0467530539709768
50,3,Gerinol,1,13,1.0038555989271407
50,3,Gerinol,1,14,1.0298508665570798
50,4,n Methyl Piperdine,0,0,0.8985242198043002
50,4,n Methyl Piperdine,0,1,0.9470628157986953
50,4,n Methyl Piperdine,0,2,0.859399063647438
50,4,n Methyl Piperdine,0,3,0.8797391331162252
50,4,n Methyl Piperdine,0,4,0.9309145689212753
50,4,n Methyl Piperdine,0,5,0.9617172301280233
50,4,n Methyl Piperdine,0,6,0.8246082283335106
50,4,n Methyl Piperdine,0,7,0.9676658208186951
50,4,n Methyl Piperdine,0,8,0.9070815670419583
50,4,n Methyl Piperdine,0,9,0.837331973701592
50,4,n Methyl Piperdine,0,10,0.792617858503505
50,4,n Methyl Piperdine,0,11,0.8515115295467474
50,4,n Methyl Piperdine,0,12,0.9118987779452624
50,4,n Methyl Piperdine,0,13,0.9100510506667231
50,4,n Methyl Piperdine,0,14,0.9380149895674509
50,4,n Methyl Piperdine,1,0,0.8611156416150582
50,4,n Methyl Piperdine,1,1,0.8387735068596499
50,4,n Methyl Piperdine,1,2,0.866571673211061
50,4,n Methyl Piperdine,1,3,0.8844395401939598
50,4,n Methyl Piperdine,1,4,0.8923260405157079
50,4,n Methyl Piperdine,1,5,0.8515285407466004
50,4,n Methyl Piperdine,1,6,0.9191529967309111
50,4,n Methyl Piperdine,1,7,0.8582392578485354
50,4,n Methyl Piperdine,1,8,0.8483064342245006
50,4,n Methyl Piperdine,1,9,0.8613994683387651
50,4,n Methyl Piperdine,1,10,0.926088735745601
50,4,n Methyl Piperdine,1,11,0.8777832705998704
50,4,n Methyl Piperdine,1,12,0.8553145885947059
50,4,n Methyl Piperdine,1,13,0.9201394387354385
50,4,n Methyl Piperdine,1,14,0.9688050703154466
50,5,"2,4 Dimethyl Acetophenone",0,0,1.056167174128081
50,5,"2,4 Dimethyl Acetophenone",0,1,1.0971335671903404
50,5,"2,4 Dimethyl Acetophenone",0,2,1.0892229867787147
50,5,"2,4 Dimethyl Acetophenone",0,3,1.0235542786893896
50,5,"2,4 Dimethyl Acetophenone",0,4,1.0488452359747724
50,5,"2,4 Dimethyl Acetophenone",0,5,0.9964780835675636
50,5,"2,4 Dimethyl Acetophenone",0,6,1.0395821781012577
50,5,"2,4 Dimethyl Acetophenone",0,7,1.022732253990694
50,5,"2,4 Dimethyl Acetophenone",0,8,1.0316644304686977
50,5,"2,4 Dimethyl Acetophenone",0,9,1.0177840675005096
50,5,"2,4 Dimethyl Acetophenone",0,10,1.0362959964279004
50,5,"2,4 Dimethyl Acetophenone",0,11,1.0690691762063196
50,5,"2,4 Dimethyl Acetophenone",0,12,1.0430001923381231
50,5,"2,4 Dimethyl Acetophenone",0,13,0.9732049408455077
50,5,"2,4 Dimethyl Acetophenone",0,14,1.0179350461597836
50,5,"2,4 Dimethyl Acetophenone",1,0,0.973676783258587
50,5,"2,4 Dimethyl Acetophenone",1,1,1.0442151664001877
50,5,"2,4 Dimethyl Acetophenone",1,2,1.0545854519230846
50,5,"2,4 Dimethyl Acetophenone",1,3,1.0447146862350836
50,5,"2,4 Dimethyl Acetophenone",1,4,1.0029565816289416
50,5,"2,4 Dimethyl Acetophenone",1,5,1.0443269145261658
50,5,"2,4 Dimethyl Acetophenone",1,6,1.0156481871301621
50,5,"2,4 Dimethyl Acetophenone",1,7,0.9889237393709069
50,5,"2,4 Dimethyl Acetophenone",1,8,1.0641299541492744
50,5,"2,4 Dimethyl Acetophenone",1,9,1.0671738675098679
50,5,"2,4 Dimethyl Acetophenone",1,10,1.0724085766042573
50,5,"2,4 Dimethyl Acetophenone",1,11,1.0101188133596188
50,5,"2,4 Dimethyl Acetophenone",1,12,1.0816272498686401
50,5,"2,4 Dimethyl Acetophenone",1,13,1.0147094673077943
50,5,"2,4 Dimethyl Acetophenone",1,14,1.0605928102224575
50,6,4 Heptanone,0,0,1.0778473075141513
50,6,4 Heptanone,0,1,1.0893245274349874
50,6,4 Heptanone,0,2,1.0014366996892508
50,6,4 Heptanone,0,3,1.0862072854081417
50,6,4 Heptanone,0,4,1.1019274126562193
50,6,4 Heptanone,0,5,1.0818818292902648
50,6,4 Heptanone,0,6,1.168531336708224
50,6,4 Heptanone,0,7,1.0517851705718073
50,6,4 Heptanone,0,8,1.0757405645006612
50,6,4 Heptanone,0,9,1.0620889095853843
50,6,4 Heptanone,0,10,1.0757327348249994
50,6,4 Heptanone,0,11,1.1395403365024466
50,6,4 Heptanone,0,12,1.1574050857578968
50,6,4 Heptanone,0,13,1.0702521095480606
50,6,4 Heptanone,0,14,1.0693635122758902
50,6,4 Heptanone,1,0,1.0589063424133716
50,6,4 Heptanone,1,1,1.1574429038179002
50,6,4 Heptanone,1,2,1.1500316646337803
50,6,4 Heptanone,1,3,1.1009522163575767
50,6,4 Heptanone,1,4,1.0493475205048528
50,6,4 Heptanone,1,5,1.052924985738878
50,6,4 Heptanone,1,6,1.1120166663725117
50,6,4 Heptanone,1,7,1.127165005094988
50,6,4 Heptanone,1,8,1.0225456961562822
50,6,4 Heptanone,1,9,1.0923390919356128
50,6,4 Heptanone,1,10,1.1699233239394233
50,6,4 Heptanone,1,11,1.0964911200919167
50,6,4 Heptanone,1,12,1.164777011988753
50,6,4 Heptanone,1,13,1.1311533335153554
50,6,4 Heptanone,1,14,1.0618203043237138
50,7,33 Dimethyl Butyric Acid,0,0,1.0014420853713937
50,7,33 Dimethyl Butyric Acid,0,1,1.0080011675636797
50,7,33 Dimethyl Butyric Acid,0,2,0.9750484743817277
50,7,33 Dimethyl Butyric Acid,0,3,0.9743542161930303
50,7,33 Dimethyl Butyric Acid,0,4,1.0734196807902103
50,7,33 Dimethyl Butyric Acid,0,5,0.9740545123177499
50,7,33 Dimethyl Butyric Acid,0,6,1.0562863801618152
50,7,33 Dimethyl Butyric Acid,0,7,0.9956895579708673
50,7,33 Dimethyl Butyric Acid,0,8,1.012123363910141
50,7,33 Dimethyl Butyric Acid,0,9,1.035622713835011
50,7,33 Dimethyl Butyric Acid,0,10,0.9892065901892808
50,7,33 Dimethyl Butyric Acid,0,11,1.0358651096452494
50,7,33 Dimethyl Butyric Acid,0,12,0.9312917491235326
50,7,33 Dimethyl Butyric Acid,0,13,1.0307372326420534
50,7,33 Dimethyl Butyric Acid,0,14,0.9144077321226025
50,7,33 Dimethyl Butyric Acid,1,0,0.9861045484151458
50,7,33 Dimethyl Butyric Acid,1,1,1.0293481368958237
50,7,33 Dimethyl Butyric Acid,1,2,1.0200702297254192
50,7,33 Dimethyl Butyric Acid,1,3,0.9432419983246065
50,7,33 Dimethyl Butyric Acid,1,4,0.9483918416393434
50,7,33 Dimethyl Butyric Acid,1,5,0.9676315358701788
50,7,33 Dimethyl Butyric Acid,1,6,1.0026270519774094
50,7,33 Dimethyl Butyric Acid,1,7,0.913901089881336
50,7,33 Dimethyl Butyric Acid,1,8,0.9946494744491419
50,7,33 Dimethyl Butyric Acid,1,9,1.0076355924350868
50,7,33 Dimethyl Butyric Acid,1,10,0.9838569302482448
50,7,33 Dimethyl Butyric Acid,1,11,1.0161912562052062
50,7,33 Dimethyl Butyric Acid,1,12,1.0041273838161322
50,7,33 Dimethyl Butyric Acid,1,13,0.9735122471071284
50,7,33 Dimethyl Butyric Acid,1,14,0.9177308430727045
50,8,2 Methyl Butyraldehyde,0,0,0.9663371804449332
50,8,2 Methyl Butyraldehyde,0,1,0.9228776425729012
50,8,2 Methyl Butyraldehyde,0,2,0.9378669521876385
50,8,2 Methyl Butyraldehyde,0,3,0.9801656259006237
50,8,2 Methyl Butyraldehyde,0,4,1.0176939925194743
50,8,2 Methyl Butyraldehyde,0,5,0.95947825224442
50,8,2 Methyl Butyraldehyde,0,6,0.9831632506399351
50,8,2 Methyl Butyraldehyde,0,7,0.9032214835359846
50,8,2 Methyl Butyraldehyde,0,8,0.9708216004219017
50,8,2 Methyl Butyraldehyde,0,9,0.9586044196750138
50,8,2 Methyl Butyraldehyde,0,10,1.0101697604071476
50,8,2 Methyl Butyraldehyde,0,11,0.93938231814095
50,8,2 Methyl Butyraldehyde,0,12,0.9513351524956054
50,8,2 Methyl Butyraldehyde,0,13,1.003353235867412
50,8,2 Methyl Butyraldehyde,0,14,0.9573193054863143
50,8,2 Methyl Butyraldehyde,1,0,0.8971147150181693
50,8,2 Methyl Butyraldehyde,1,1,1.043533701201265
50,8,2 Methyl Butyraldehyde,1,2,0.8983246597361908
50,8,2 Methyl Butyraldehyde,1,3,0.9388803670076792
50,8,2 Methyl Butyraldehyde,1,4,0.9553358965106846
50,8,2 Methyl Butyraldehyde,1,5,0.9521730706309047
50,8,2 Methyl Butyraldehyde,1,6,0.9338786221094042
50,8,2 Methyl Butyraldehyde,1,7,0.9340779554486078
50,8,2 Methyl Butyraldehyde,1,8,0.9320710956181419
50,8,2 Methyl Butyraldehyde,1,9,0.8968310159260052
50,8,2 Methyl Butyraldehyde,1,10,1.0274771388465693
50,8,2 Methyl Butyraldehyde,1,11,0.932668733561125
50,8,2 Methyl Butyraldehyde,1,12,0.9653456099825839
50,8,2 Methyl Butyraldehyde,1,13,0.9280822559623959
50,8,2 Methyl Butyraldehyde,1,14,0.9272778233754407
50,9,m Anisaldehyde,0,0,1.1404008542806672
50,9,m Anisaldehyde,0,1,1.0966247692678832
50,9,m Anisaldehyde,0,2,1.1521937551826225
50,9,m Anisaldehyde,0,3,1.142338294614676
50,9,m Anisaldehyde,0,4,1.2054795811548444
50,9,m Anisaldehyde,0,5,1.1107505960840727
50,9,m Anisaldehyde,0,6,1.135532713685259
50,9,m Anisaldehyde,0,7,1.12268098211729
50,9,m Anisaldehyde,0,8,1.2163198165479256
50,9,m Anisaldehyde,0,9,1.1238422629932665
50,9,m Anisaldehyde,0,10,1.1811105945764988
50,9,m Anisaldehyde,0,11,1.1974250597236924
50,9,m Anisaldehyde,0,12,1.152773684330837
50,9,m Anisaldehyde,0,13,1.1035461607498345
50,9,m Anisaldehyde,0,14,1.1040524464369057
50,9,m Anisaldehyde,1,0,1.1718618245527408
50,9,m Anisaldehyde,1,1,1.0870475012089031
50,9,m Anisaldehyde,1,2,1.153152326403294
50,9,m Anisaldehyde,1,3,1.1420452263537213
50,9,m Anisaldehyde,1,4,1.1525565613333386
50,9,m Anisaldehyde,1,5,1.156334654274733
50,9,m Anisaldehyde,1,6,1.1001244305841815
50,9,m Anisaldehyde,1,7,1.098450134800308
50,9,m Anisaldehyde,1,8,1.1660683473249136
50,9,m Anisaldehyde,1,9,1.1122974775383216
50,9,m Anisaldehyde,1,10,1.0274653222806915
50,9,m Anisaldehyde,1,11,1.163421473876252
50,9,m Anisaldehyde,1,12,1.0960208104381468
50,9,m Anisaldehyde,1,13,1.1561566970771076
50,9,m Anisaldehyde,1,14,1.1931841359335762
52,0,"2,3 Pentanedione",0,0,1.0618987445562158
52,0,"2,3 Pentanedione",0,1,1.1010588795322793
52,0,"2,3 Pentanedione",0,2,1.067380153487186
52,0,"2,3 Pentanedione",0,3,1.1247254193913838
52,0,"2,3 Pentanedione",0,4,1.0187439619154537
52,0,"2,3 Pentanedione",0,5,1.0608996470490784
52,0,"2,3 Pentanedione",0,6,1.0881547104673968
52,0,"2,3 Pentanedione",0,7,1.053611775985336
52,0,"2,3 Pentanedione",0,8,1.1073170061318447
52,0,"2,3 Pentanedione",0,9,1.0439466646853068
52,0,"2,3 Pentanedione",0,10,1.1440030923308935
52,0,"2,3 Pentanedione",0,11,1.1461161464366278
52,0,"2,3 Pentanedione",0,12,1.07251112611483
52,0,"2,3 Pentanedione",0,13,1.0833322934799225
52,0,"2,3 Pentanedione",0,14,1.1088951036907235
52,0,"2,3 Pentanedione",1,0,1.0246086609209404
52,0,"2,3 Pentanedione",1,1,1.0196165562965234
52,0,"2,3 Pentanedione",1,2,1.1223533134339405
52,0,"2,3 Pentanedione",1,3,1.083056095794555
52,0,"2,3 Pentanedione",1,4,1.0630363470404434
52,0,"2,3 Pentanedione",1,5,1.0725414889948814
52,0,"2,3 Pentanedione",1,6,0.9766548979850723
52,0,"2,3 Pentanedione",1,7,1.064474064301355
52,0,"2,3 Pentanedione",1,8,1.041974687311906
52,0,"2,3 Pentanedione",1,9,1.1088194222242385
52,0,"2,3 Pentanedione",1,10,1.1118977880149954
52,0,"2,3 Pentanedione",1,11,1.0951637662448315
52,0,"2,3 Pentanedione",1,12,1.0879149028316006
52,0,"2,3 Pentanedione",1,13,1.0122026869308243
52,0,"2,3 Pentanedione",1,14,1.0957222800795101
52,1,3 Methylvaleric Acid,0,0,0.9783349752941496
52,1,3 Methylvaleric Acid,0,1,1.0029667636239634
52,1,3 Methylvaleric Acid,0,2,1.037887449970422
52,1,3 Methylvaleric Acid,0,3,0.88545663053035
52,1,3 Methylvaleric Acid,0,4,0.9376199844484857
52,1,3 Methylvaleric Acid,0,5,0.9234683919869084
52,1,3 Methylvaleric Acid,0,6,0.9600593450086172
52,1,3 Methylvaleric Acid,0,7,0.9536951318019358
52,1,3 Methylvaleric Acid,0,8,0.9437957745500084
52,1,3 Methylvaleric Acid,0,9,0.9942632319292611
52,1,3 Methylvaleric Acid,0,10,0.9091024890259829
52,1,3 Methylvaleric Acid,0,11,0.9115141987775099
52,1,3 Methylvaleric Acid,0,12,0.9121900466292926
52,1,3 Methylvaleric Acid,0,13,0.9387459539761748
52,1,3 Methylvaleric Acid,0,14,0.9040154488367403
52,1,3 Methylvaleric Acid,1,0,0.9448422303532088
52,1,3 Methylvaleric Acid,1,1,0.940165482119945
52,1,3 Methylvaleric Acid,1,2,0.9153244853452165
52,1,3 Methylvaleric Acid,1,3,0.9817357400674275
52,1,3 Methylvaleric Acid,1,4,0.9444050687737102
52,1,3 Methylvaleric Acid,1,5,0.9892909844664518
52,1,3 Methylvaleric Acid,1,6,0.9389830958570023
52,1,3 Methylvaleric Acid,1,7,0.9458172943759254
52,1,3 Methylvaleric Acid,1,8,0.9242737937179112
52,1,3 Methylvaleric Acid,1,9,0.9465032282837603
52,1,3 Methylvaleric Acid,1,10,0.9752743421504615
52,1,3 Methylvaleric Acid,1,11,0.9303317206143678
52,1,3 Methylvaleric Acid,1,12,0.9675215684065662
52,1,3 Methylvaleric Acid,1,13,0.91427521146335
52,1,3 Methylvaleric Acid,1,14,0.977147112526068
52,2,Acetic Acid,0,0,1.1489966175992783
52,2,Acetic Acid,0,1,1.2062600456209174
52,2,Acetic Acid,0,2,1.174631912389102
52,2,Acetic Acid,0,3,1.2330310000273978
52,2,Acetic Acid,0,4,1.126030141641587
52,2,Acetic Acid,0,5,1.1131457797592805
52,2,Acetic Acid,0,6,1.1475441608527326
52,2,Acetic Acid,0,7,1.1168084127703828
52,2,Acetic Acid,0,8,1.1168834549146243
52,2,Acetic Acid,0,9,1.1970548811101505
52,2,Acetic Acid,0,10,1.172025698955249
52,2,Acetic Acid,0,11,1.153005611623585
52,2,Acetic Acid,0,12,1.156714346799538
52,2,Acetic Acid,0,13,1.1483033441187018
52,2,Acetic Acid,0,14,1.2382076174045171
52,2,Acetic Acid,1,0,1.151715659145455
52,2,Acetic Acid,1,1,1.1282505315278444
52,2,Acetic Acid,1,2,1.2129779121506297
52,2,Acetic Acid,1,3,1.1725056625172636
52,2,Acetic Acid,1,4,1.2626868350038918
52,2,Acetic Acid,1,5,1.1600876618994111
52,2,Acetic Acid,1,6,1.214975254641448
52,2,Acetic Acid,1,7,1.2244237806751486
52,2,Acetic Acid,1,8,1.1602824541630963
52,2,Acetic Acid,1,9,1.151419056734815
52,2,Acetic Acid,1,10,1.2107905486884127
52,2,Acetic Acid,1,11,1.2041315641677337
52,2,Acetic Acid,1,12,1.1247114834227394
52,2,Acetic Acid,1,13,1.1359984619989876
52,2,Acetic Acid,1,14,1.0796786872532562
52,3,Gerinol,0,0,1.0366116151125127
52,3,Gerinol,0,1,1.0023230532279308
52,3,Gerinol,0,2,1.0063101241143493
52,3,Gerinol,0,3,0.9451383770452864
52,3,Gerinol,0,4,0.9688720468297874
52,3,Gerinol,0,5,0.9936777844506579
52,3,Gerinol,0,6,0.9859031169474477
52,3,Gerinol,0,7,1.0175095839740658
52,3,Gerinol,0,8,1.0361348660186331
52,3,Gerinol,0,9,1.1035806437247684
52,3,Gerinol,0,10,1.0119954597521235
52,3,Gerinol,0,11,1.0574122474772383
52,3,Gerinol,0,12,0.9795972298741695
52,3,Gerinol,0,13,0.9457982883543463
52,3,Gerinol,0,14,0.9987040750849555
52,3,Gerinol,1,0,0.9435743569327009
52,3,Gerinol,1,1,1.0080701523344346
52,3,Gerinol,1,2,0.9762650606673239
52,3,Gerinol,1,3,0.929312370177487
52,3,Gerinol,1,4,1.0769242314820775
52,3,Gerinol,1,5,0.9859807571234552
52,3,Gerinol,1,6,0.9419784535299025
52,3,Gerinol,1,7,1.043410097267962
52,3,Gerinol,1,8,0.9783386511460991
52,3,Gerinol,1,9,1.051089866995297
52,3,Gerinol,1,10,0.9781474522605484
52,3,Gerinol,1,11,0.9858473180371585
52,3,Gerinol,1,12,1.0212764940267522
52,3,Gerinol,1,13,1.031212000875835
52,3,Gerinol,1,14,1.0382225751412943
52,4,n Methyl Piperdine,0,0,0.865271056499822
52,4,n Methyl Piperdine,0,1,0.8900053709111786
52,4,n Methyl Piperdine,0,2,0.8986858463259321
52,4,n Methyl Piperdine,0,3,0.8768834675916692
52,4,n Methyl Piperdine,0,4,0.8631543775184234
52,4,n Methyl Piperdine,0,5,0.8110489041197501
52,4,n Methyl Piperdine,0,6,0.8928276683201948
52,4,n Methyl Piperdine,0,7,0.8705476500146413
52,4,n Methyl Piperdine,0,8,0.852316067954967
52,4,n Methyl Piperdine,0,9,0.9199713565926616
52,4,n Methyl Piperdine,0,10,0.8117473567324626
52,4,n Methyl Piperdine,0,11,0.9346221546635907
52,4,n Methyl Piperdine,0,12,0.8679697709036166
52,4,n Methyl Piperdine,0,13,0.8815614291891112
52,4,n Methyl Piperdine,0,14,0.8530589374677844
52,4,n Methyl Piperdine,1,0,0.7989134761138988
52,4,n Methyl Piperdine,1,1,0.8600119966762009
52,4,n Methyl Piperdine,1,2,0.8789861888905438
52,4,n Methyl Piperdine,1,3,0.8926454104709358
52,4,n Methyl Piperdine,1,4,0.8576750646772761
52,4,n Methyl Piperdine,1,5,0.7778947989666554
52,4,n Methyl Piperdine,1,6,0.8039299388315271
52,4,n Methyl Piperdine,1,7,0.9476771775653638
52,4,n Methyl Piperdine,1,8,0.8218949532639475
52,4,n Methyl Piperdine,1,9,0.9226783709444004
52,4,n Methyl Piperdine,1,10,0.8282329231181282
52,4,n Methyl Piperdine,1,11,0.8582981562257174
52,4,n Methyl Piperdine,1,12,0.8906047229988282
52,4,n Methyl Piperdine,1,13,0.8327886147515972
52,4,n Methyl Piperdine,1,14,0.9292849980451943
52,5,"2,4 Dimethyl Acetophenone",0,0,1.0388853324700629
52,5,"2,4 Dimethyl Acetophenone",0,1,1.054290231999313
52,5,"2,4 Dimethyl Acetophenone",0,2,1.0251519178265613
52,5,"2,4 Dimethyl Acetophenone",0,3,1.06220500962801
52,5,"2,4 Dimethyl Acetophenone",0,4,1.0990079077413208
52,5,"2,4 Dimethyl Acetophenone",0,5,1.0306047606423978
52,5,"2,4 Dimethyl Acetophenone",0,6,1.1050447097772957
52,5,"2,4 Dimethyl Acetophenone",0,7,1.0113923658121615
52,5,"2,4 Dimethyl Acetophenone",0,8,1.0664200397213948
52,5,"2,4 Dimethyl Acetophenone",0,9,1.0554207715970483
52,5,"2,4 Dimethyl Acetophenone",0,10,0.9931129152400315
52,5,"2,4 Dimethyl Acetophenone",0,11,1.0444085863328196
52,5,"2,4 Dimethyl Acetophenone",0,12,1.0361508356613414
52,5,"2,4 Dimethyl Acetophenone",0,13,1.0017285110962526
52,5,"2,4 Dimethyl Acetophenone",0,14,1.0501762955150915
52,5,"2,4 Dimethyl Acetophenone",1,0,1.0476741484601142
52,5,"2,4 Dimethyl Acetophenone",1,1,1.038919088723485
52,5,"2,4 Dimethyl Acetophenone",1,2,1.039079467853426
52,5,"2,4 Dimethyl Acetophenone",1,3,1.0382221562588287
52,5,"2,4 Dimethyl Acetophenone",1,4,1.0271145817659204
52,5,"2,4 Dimethyl Acetophenone",1,5,1.0474159304163728
52,5,"2,4 Dimethyl Acetophenone",1,6,1.0160659981212223
52,5,"2,4 Dimethyl Acetophenone",1,7,1.1480949462745735
52,5,"2,4 Dimethyl Acetophenone",1,8,0.9854492367971609
52,5,"2,4 Dimethyl Acetophenone",1,9,1.0184331235263953
52,5,"2,4 Dimethyl Acetophenone",1,10,1.0215928824326959
52,5,"2,4 Dimethyl Acetophenone",1,11,1.123442303188755
52,5,"2,4 Dimethyl Acetophenone",1,12,0.9890171806166735
52,5,"2,4 Dimethyl Acetophenone",1,13,1.058859458535218
52,5,"2,4 Dimethyl Acetophenone",1,14,1.0517583292176351
52,6,4 Heptanone,0,0,1.0986738290927947
52,6,4 Heptanone,0,1,1.1347834634102503
52,6,4 Heptanone,0,2,1.1339629112956962
52,6,4 Heptanone,0,3,1.067291463845008
52,6,4 Heptanone,0,4,1.0930904348855723
52,6,4 Heptanone,0,5,1.0107656556197269
52,6,4 Heptanone,0,6,1.08929345724669
52,6,4 Heptanone,0,7,1.053570159792536
52,6,4 Heptanone,0,8,1.077874439867392
52,6,4 Heptanone,0,9,1.0179148623131449
52,6,4 Heptanone,0,10,1.1015246283745757
52,6,4 Heptanone,0,11,1.0174669890827883
52,6,4 Heptanone,0,12,1.091261121177476
52,6,4 Heptanone,0,13,1.0362695131849107
52,6,4 Heptanone,0,14,1.0513440955003774
52,6,4 Heptanone,1,0,1.1181634378837642
52,6,4 Heptanone,1,1,1.0954908716185026
52,6,4 Heptanone,1,2,1.1179422792887792
52,6,4 Heptanone,1,3,1.1343632390820093
52,6,4 Heptanone,1,4,1.041060605496367
52,6,4 Heptanone,1,5,1.1319330202795925
52,6,4 Heptanone,1,6,1.0133539275348016
52,6,4 Heptanone,1,7,1.1018181671637537
52,6,4 Heptanone,1,8,1.0522406451979587
52,6,4 Heptanone,1,9,1.034762148076385
52,6,4 Heptanone,1,10,1.0965529484741352
52,6,4 Heptanone,1,11,1.1097722147887261
52,6,4 Heptanone,1,12,1.1085848892478194
52,6,4 Heptanone,1,13,1.0805685493377493
52,6,4 Heptanone,1,14,1.0772524458351271
52,7,33 Dimethyl Butyric Acid,0,0,0.9662877484464676
52,7,33 Dimethyl Butyric Acid,0,1,0.9573636480391592
52,7,33 Dimethyl Butyric Acid,0,2,0.9668673186019108
52,7,33 Dimethyl Butyric Acid,0,3,0.9533730634629001
52,7,33 Dimethyl Butyric Acid,0,4,0.9789244379987261
52,7,33 Dimethyl Butyric Acid,0,5,0.8801247727564544
52,7,33 Dimethyl Butyric Acid,0,6,0.939962146015016
52,7,33 Dimethyl Butyric Acid,0,7,0.8898592252646481
52,7,33 Dimethyl Butyric Acid,0,8,0.9562811657226669
52,7,33 Dimethyl Butyric Acid,0,9,1.0108902920526195
52,7,33 Dimethyl Butyric Acid,0,10,0.9262496937405927
52,7,33 Dimethyl Butyric Acid,0,11,0.9503031662303602
52,7,33 Dimethyl Butyric Acid,0,12,0.975472553615337
52,7,33 Dimethyl Butyric Acid,0,13,0.8625041677478105
52,7,33 Dimethyl Butyric Acid,0,14,0.924328665732704
52,7,33 Dimethyl Butyric Acid,1,0,0.926719866414118
52,7,33 Dimethyl Butyric Acid,1,1,0.796259451016913
52,7,33 Dimethyl Butyric Acid,1,2,0.8730669003202051
52,7,33 Dimethyl Butyric Acid,1,3,0.9561735589784555
52,7,33 Dimethyl Butyric Acid,1,4,0.9522591160612329
52,7,33 Dimethyl Butyric Acid,1,5,0.927111969138008
52,7,33 Dimethyl Butyric Acid,1,6,0.947427145640931
52,7,33 Dimethyl Butyric Acid,1,7,0.9207434094200625
52,7,33 Dimethyl Butyric Acid,1,8,0.9343550363408966
52,7,33 Dimethyl Butyric Acid,1,9,0.8995130916895794
52,7,33 Dimethyl Butyric Acid,1,10,0.9167717473600876
52,7,33 Dimethyl Butyric Acid,1,11,0.8868444245865711
52,7,33 Dimethyl Butyric Acid,1,12,0.9626785738104965
52,7,33 Dimethyl Butyric Acid,1,13,0.973001616423292
52,7,33 Dimethyl Butyric Acid,1,14,0.9673357520710869
52,8,2 Methyl Butyraldehyde,0,0,0.9270353276179294
52,8,2 Methyl Butyraldehyde,0,1,0.9052087165104403
52,8,2 Methyl Butyraldehyde,0,2,0.9944386245150504
52,8,2 Methyl Butyraldehyde,0,3,0.9651159661887003
52,8,2 Methyl Butyraldehyde,0,4,0.9565030517459896
52,8,2 Methyl Butyraldehyde,0,5,0.918014394687238
52,8,2 Methyl Butyraldehyde,0,6,0.9603862305905144
52,8,2 Methyl Butyraldehyde,0,7,0.8999485556985665
52,8,2 Methyl Butyraldehyde,0,8,0.9687221723282051
52,8,2 Methyl Butyraldehyde,0,9,0.9985151460692923
52,8,2 Methyl Butyraldehyde,0,10,1.008601499841362
52,8,2 Methyl Butyraldehyde,0,11,0.9717006402494365
52,8,2 Methyl Butyraldehyde,0,12,0.888078816100199
52,8,2 Methyl Butyraldehyde,0,13,0.9512528833228847
52,8,2 Methyl Butyraldehyde,0,14,1.0289469478473523
52,8,2 Methyl Butyraldehyde,1,0,0.8926226471158851
52,8,2 Methyl Butyraldehyde,1,1,0.9249998478171678
52,8,2 Methyl Butyraldehyde,1,2,0.9839080848056156
52,8,2 Methyl Butyraldehyde,1,3,0.95205246761652
52,8,2 Methyl Butyraldehyde,1,4,1.0265733637129806
52,8,2 Methyl Butyraldehyde,1,5,0.898052335404433
52,8,2 Methyl Butyraldehyde,1,6,0.8877768793039437
52,8,2 Methyl Butyraldehyde,1,7,0.9763321281669834
52,8,2 Methyl Butyraldehyde,1,8,0.8795319656027151
52,8,2 Methyl Butyraldehyde,1,9,0.919496391180875
52,8,2 Methyl Butyraldehyde,1,10,0.9247412489391934
52,8,2 Methyl Butyraldehyde,1,11,0.9688066896690134
52,8,2 Methyl Butyraldehyde,1,12,0.9519378294545864
52,8,2 Methyl Butyraldehyde,1,13,0.945649707300651
52,8,2 Methyl Butyraldehyde,1,14,0.9112698756175098
52,9,m Anisaldehyde,0,0,1.1759977070627297
52,9,m Anisaldehyde,0,1,1.2884305080085425
52,9,m Anisaldehyde,0,2,1.1550488302563686
52,9,m Anisaldehyde,0,3,1.1313844346013253
52,9,m Anisaldehyde,0,4,1.0754830274597655
52,9,m Anisaldehyde,0,5,1.1018982883267658
52,9,m Anisaldehyde,0,6,1.1188491369415596
52,9,m Anisaldehyde,0,7,1.1060135366887667
52,9,m Anisaldehyde,0,8,1.126754432918378
52,9,m Anisaldehyde,0,9,1.1985181893717434
52,9,m Anisaldehyde,0,10,1.1772842229942213
52,9,m Anisaldehyde,0,11,1.1210442376407217
52,9,m Anisaldehyde,0,12,1.0790663485128176
52,9,m Anisaldehyde,0,13,1.1808922520155485
52,9,m Anisaldehyde,0,14,1.1254353753609974
52,9,m Anisaldehyde,1,0,1.0741419916588966
52,9,m Anisaldehyde,1,1,1.1716992134227122
52,9,m Anisaldehyde,1,2,1.1842294760523293
52,9,m Anisaldehyde,1,3,1.046165672485604
52,9,m Anisaldehyde,1,4,1.1102198229976747
52,9,m Anisaldehyde,1,5,1.1387838482306822
52,9,m Anisaldehyde,1,6,1.1725824451353355
52,9,m Anisaldehyde,1,7,1.122572145298024
52,9,m Anisaldehyde,1,8,1.1099163326040333
52,9,m Anisaldehyde,1,9,1.172288778670202
52,9,m Anisaldehyde,1,10,1.1244691137504244
52,9,m Anisaldehyde,1,11,1.1648841947049386
52,9,m Anisaldehyde,1,12,1.098741382484007
52,9,m Anisaldehyde,1,13,1.0891086879135348
52,9,m Anisaldehyde,1,14,1.1734127749858068
54,0,"2,3 Pentanedione",0,0,1.112317224507791
54,0,"2,3 Pentanedione",0,1,1.1391146574245508
54,0,"2,3 Pentanedione",0,2,1.0809127080582448
54,0,"2,3 Pentanedione",0,3,1.0704122159959126
54,0,"2,3 Pentanedione",0,4,1.1566451835967388
54,0,"2,3 Pentanedione",0,5,1.0412980775353238
54,0,"2,3 Pentanedione",0,6,1.1522748564623275
54,0,"2,3 Pentanedione",0,7,1.1550366163943977
54,0,"2,3 Pentanedione",0,8,1.1366200086657454
54,0,"2,3 Pentanedione",0,9,1.0747041274146845
54,0,"2,3 Pentanedione",0,10,1.069555474626088
54,0,"2,3 Pentanedione",0,11,1.0938141971751745
54,0,"2,3 Pentanedione",0,12,1.0504148410218466
54,0,"2,3 Pentanedione",0,13,1.0637486681449586
54,0,"2,3 Pentanedione",0,14,1.1280057997554642
54,0,"2,3 Pentanedione",1,0,1.094897805402975
54,0,"2,3 Pentanedione",1,1,1.0269408477726103
54,0,"2,3 Pentanedione",1,2,1.0959687182460116
54,0,"2,3 Pentanedione",1,3,1.087095973063601
54,0,"2,3 Pentanedione",1,4,1.1293192910170928
54,0,"2,3 Pentanedione",1,5,1.0916892985087094
54,0,"2,3 Pentanedione",1,6,1.1112670829833837
54,0,"2,3 Pentanedione",1,7,1.088006944471217
54,0,"2,3 Pentanedione",1,8,1.1081210052218962
54,0,"2,3 Pentanedione",1,9,1.0174391545712977
54,0,"2,3 Pentanedione",1,10,1.064054062549572
54,0,"2,3 Pentanedione",1,11,1.0673645301049075
54,0,"2,3 Pentanedione",1,12,1.0591738429565973
54,0,"2,3 Pentanedione",1,13,1.0866793060466777
54,0,"2,3 Pentanedione",1,14,1.0942990270138386
54,1,3 Methylvaleric Acid,0,0,0.9660588867030128
54,1,3 Methylvaleric Acid,0,1,0.9432908483713134
54,1,3 Methylvaleric Acid,0,2,0.9209394004263619
54,1,3 Methylvaleric Acid,0,3,0.9942560465864162
54,1,3 Methylvaleric Acid,0,4,0.9643579162847202
54,1,3 Methylvaleric Acid,0,5,0.9096240492841905
54,1,3 Methylvaleric Acid,0,6,0.9426211019541819
54,1,3 Methylvaleric Acid,0,7,0.8806366165118724
54,1,3 Methylvaleric Acid,0,8,0.9517834281940646
54,1,3 Methylvaleric Acid,0,9,0.942433405916223
54,1,3 Methylvaleric Acid,0,10,0.9273899256059533
54,1,3 Methylvaleric Acid,0,11,1.013752611212308
54,1,3 Methylvaleric Acid,0,12,0.9041224388384824
54,1,3 Methylvaleric Acid,0,13,0.9786243216874603
54,1,3 Methylvaleric Acid,0,14,1.0378369300574417
54,1,3 Methylvaleric Acid,1,0,1.00752594271266
54,1,3 Methylvaleric Acid,1,1,0.9631736752800818
54,1,3 Methylvaleric Acid,1,2,0.9190724809870594
54,1,3 Methylvaleric Acid,1,3,0.9099527395006143
54,1,3 Methylvaleric Acid,1,4,0.9479731587656917
54,1,3 Methylvaleric Acid,1,5,0.9369551972074361
54,1,3 Methylvaleric Acid,1,6,0.9356533502056672
54,1,3 Methylvaleric Acid,1,7,0.9513826883451427
54,1,3 Methylvaleric Acid,1,8,0.9603453428485651
54,1,3 Methylvaleric Acid,1,9,0.9838437044698044
54,1,3 Methylvaleric Acid,1,10,0.9149233777854954
54,1,3 Methylvaleric Acid,1,11,0.9371454747186705
54,1,3 Methylvaleric Acid,1,12,0.9580483432510932
54,1,3 Methylvaleric Acid,1,13,0.9566158188270617
54,1,3 Methylvaleric Acid,1,14,1.0378921748605294
54,2,Acetic Acid,0,0,1.1674572582541505
54,2,Acetic Acid,0,1,1.0936238020668192
54,2,Acetic Acid,0,2,1.174894649008667
54,2,Acetic Acid,0,3,1.1799939434549553
54,2,Acetic Acid,0,4,1.1531622734154068
54,2,Acetic Acid,0,5,1.1096315275688282
54,2,Acetic Acid,0,6,1.2284895823577349
54,2,Acetic Acid,0,7,1.115372038001946
54,2,Acetic Acid,0,8,1.1845982828018335
54,2,Acetic Acid,0,9,1.1661694157077536
54,2,Acetic Acid,0,10,1.1821998165063872
54,2,Acetic Acid,0,11,1.2264417115118895
54,2,Acetic Acid,0,12,1.1806329494308376
54,2,Acetic Acid,0,13,1.135820825463455
54,2,Acetic Acid,0,14,1.2024070855503146
54,2,Acetic Acid,1,0,1.1623254655936068
54,2,Acetic Acid,1,1,1.1941117640511825
54,2,Acetic Acid,1,2,1.1358460992747401
54,2,Acetic Acid,1,3,1.1462381945019016
54,2,Acetic Acid,1,4,1.1896249104128191
54,2,Acetic Acid,1,5,1.2022929119386065
54,2,Acetic Acid,1,6,1.1194738186877304
54,2,Acetic Acid,1,7,1.2074609383153982
54,2,Acetic Acid,1,8,1.1547922845314398
54,2,Acetic Acid,1,9,1.2387569642222183
54,2,Acetic Acid,1,10,1.1734908664423913
54,2,Acetic Acid,1,11,1.1426245528133723
54,2,Acetic Acid,1,12,1.1906016259137417
54,2,Acetic Acid,1,13,1.1509200435522227
54,2,Acetic Acid,1,14,1.2383272492526967
54,3,Gerinol,0,0,1.0368590319111186
54,3,Gerinol,0,1,1.0307707586860633
54,3,Gerinol,0,2,1.060509864367035
54,3,Gerinol,0,3,0.996639926041783
54,3,Gerinol,0,4,0.9852716773966541
54,3,Gerinol,0,5,1.0531718867874602
54,3,Gerinol,0,6,0.9928509952894423
54,3,Gerinol,0,7,0.9928374174598165
54,3,Gerinol,0,8,1.0703080648586303
54,3,Gerinol,0,9,1.0578403880091523
54,3,Gerinol,0,10,0.9866846419116783
54,3,Gerinol,0,11,1.0120723818921413
54,3,Gerinol,0,12,1.0006885613719418
54,3,Gerinol,0,13,1.107890595531418
54,3,Gerinol,0,14,1.0730782407126191
54,3,Gerinol,1,0,1.0100229186696819
54,3,Gerinol,1,1,1.0499045000836325
54,3,Gerinol,1,2,0.9726092650726597
54,3,Gerinol,1,3,0.9999508664623131
54,3,Gerinol,1,4,1.0310512431475682
54,3,Gerinol,1,5,1.0449459424757293
54,3,Gerinol,1,6,1.022958347489355
54,3,Gerinol,1,7,1.0367772529384618
54,3,Gerinol,1,8,1.029990170908018
54,3,Gerinol,1,9,1.020313616429
54,3,Gerinol,1,10,1.015010888822257
54,3,Gerinol,1,11,1.0098061176027815
54,3,Gerinol,1,12,1.0361342128550364
54,3,Gerinol,1,13,1.043289336077871
54,3,Gerinol,1,14,1.0347910792026462
54,4,n Methyl Piperdine,0,0,0.8519524535937059
54,4,n Methyl Piperdine,0,1,0.8591392215480207
54,4,n Methyl Piperdine,0,2,0.9150516078316709
54,4,n Methyl Piperdine,0,3,0.9579632676205834
54,4,n Methyl Piperdine,0,4,0.9051929540560985
54,4,n Methyl Piperdine,0,5,0.8826295990946684
54,4,n Methyl Piperdine,0,6,0.9080699538114593
54,4,n Methyl Piperdine,0,7,0.8536234786932111
54,4,n Methyl Piperdine,0,8,0.9514540618552068
54,4,n Methyl Piperdine,0,9,0.9065601013740694
54,4,n Methyl Piperdine,0,10,0.8723180470653263
54,4,n Methyl Piperdine,0,11,0.8924245169500332
54,4,n Methyl Piperdine,0,12,0.8780148863112036
54,4,n Methyl Piperdine,0,13,0.9515631346664216
54,4,n Methyl Piperdine,0,14,0.8910067320158659
54,4,n Methyl Piperdine,1,0,0.8920915381315389
54,4,n Methyl Piperdine,1,1,0.9088259665529669
54,4,n Methyl Piperdine,1,2,0.8562462441363334
54,4,n Methyl Piperdine,1,3,0.8936252869323215
54,4,n Methyl Piperdine,1,4,0.8968543310626835
54,4,n Methyl Piperdine,1,5,0.8237137554460903
54,4,n Methyl Piperdine,1,6,0.8959847678380196
54,4,n Methyl Piperdine,1,7,0.8840464256891896
54,4,n Methyl Piperdine,1,8,0.8910755599715551
54,4,n Methyl Piperdine,1,9,0.8873020968265378
54,4,n Methyl Piperdine,1,10,0.8962437032049184
54,4,n Methyl Piperdine,1,11,0.9393706373139615
54,4,n Methyl Piperdine,1,12,0.8386966118035107
54,4,n Methyl Piperdine,1,13,0.8721908148668983
54,4,n Methyl Piperdine,1,14,0.9125416534454286
54,5,"2,4 Dimethyl Acetophenone",0,0,1.0663824520374217
54,5,"2,4 Dimethyl Acetophenone",0,1,1.0655216394619884
54,5,"2,4 Dimethyl Acetophenone",0,2,1.1572885059552387
54,5,"2,4 Dimethyl Acetophenone",0,3,1.0717108382929734
54,5,"2,4 Dimethyl Acetophenone",0,4,1.092382929178506
54,5,"2,4 Dimethyl Acetophenone",0,5,1.0348625349742049
54,5,"2,4 Dimethyl Acetophenone",0,6,1.0074289223724138
54,5,"2,4 Dimethyl Acetophenone",0,7,1.0345727201589598
54,5,"2,4 Dimethyl Acetophenone",0,8,1.0756238241820413
54,5,"2,4 Dimethyl Acetophenone",0,9,1.0634185315214721
54,5,"2,4 Dimethyl Acetophenone",0,10,1.0632754721522604
54,5,"2,4 Dimethyl Acetophenone",0,11,1.03857164185642
54,5,"2,4 Dimethyl Acetophenone",0,12,1.032193312575786
54,5,"2,4 Dimethyl Acetophenone",0,13,1.039951127556574
54,5,"2,4 Dimethyl Acetophenone",0,14,1.0761244353349138
54,5,"2,4 Dimethyl Acetophenone",1,0,1.0934214799488458
54,5,"2,4 Dimethyl Acetophenone",1,1,1.0195427168351798
54,5,"2,4 Dimethyl Acetophenone",1,2,1.090286085199287
54,5,"2,4 Dimethyl Acetophenone",1,3,1.0337635335917799
54,5,"2,4 Dimethyl Acetophenone",1,4,1.0785492488956712
54,5,"2,4 Dimethyl Acetophenone",1,5,1.0521137531235294
54,5,"2,4 Dimethyl Acetophenone",1,6,1.1224239247915884
54,5,"2,4 Dimethyl Acetophenone",1,7,1.0430693976627832
54,5,"2,4 Dimethyl Acetophenone",1,8,1.0669368564578203
54,5,"2,4 Dimethyl Acetophenone",1,9,1.084056109124406
54,5,"2,4 Dimethyl Acetophenone",1,10,1.0248340288171136
54,5,"2,4 Dimethyl Acetophenone",1,11,1.0568781006049512
54,5,"2,4 Dimethyl Acetophenone",1,12,1.0491289874371035
54,5,"2,4 Dimethyl Acetophenone",1,13,1.0392398434857901
54,5,"2,4 Dimethyl Acetophenone",1,14,1.0422034627626995
54,6,4 Heptanone,0,0,1.1472875476470232
54,6,4 Heptanone,0,1,1.0788649343311383
54,6,4 Heptanone,0,2,1.1254632790284158
54,6,4 Heptanone,0,3,1.1153907638027973
54,6,4 Heptanone,0,4,1.0469277590905446
54,6,4 Heptanone,0,5,1.123573741258609
54,6,4 Heptanone,0,6,1.0462664353312439
54,6,4 Heptanone,0,7,1.1279306368481579
54,6,4 Heptanone,0,8,1.0825192979963176
54,6,4 Heptanone,0,9,1.1031416538518095
54,6,4 Heptanone,0,10,1.051035765736498
54,6,4 Heptanone,0,11,1.1077022566657442
54,6,4 Heptanone,0,12,1.1398849804403763
54,6,4 Heptanone,0,13,1.0705283466006468
54,6,4 Heptanone,0,14,1.0785202802757912
54,6,4 Heptanone,1,0,1.1290944673089378
54,6,4 Heptanone,1,1,1.1300943593121158
54,6,4 Heptanone,1,2,1.0135424544298979
54,6,4 Heptanone,1,3,1.191525880917549
54,6,4 Heptanone,1,4,1.1320517657081715
54,6,4 Heptanone,1,5,1.1387863728643568
54,6,4 Heptanone,1,6,1.1051680084997575
54,6,4 Heptanone,1,7,1.0366954860241484
54,6,4 Heptanone,1,8,1.1378985088162479
54,6,4 Heptanone,1,9,1.0883021052370028
54,6,4 Heptanone,1,10,1.1326668941335718
54,6,4 Heptanone,1,11,1.1021575835557291
54,6,4 Heptanone,1,12,1.1204312015308933
54,6,4 Heptanone,1,13,1.0799097711098684
54,6,4 Heptanone,1,14,1.1454851840733955
54,7,33 Dimethyl Butyric Acid,0,0,0.9193198839178398
54,7,33 Dimethyl Butyric Acid,0,1,1.0566778225097142
54,7,33 Dimethyl Butyric Acid,0,2,1.0563729908956272
54,7,33 Dimethyl Butyric Acid,0,3,1.0321630289148072
54,7,33 Dimethyl Butyric Acid,0,4,1.0178742049271272
54,7,33 Dimethyl Butyric Acid,0,5,0.9634731111668011
54,7,33 Dimethyl Butyric Acid,0,6,1.0135169137260351
54,7,33 Dimethyl Butyric Acid,0,7,0.9630079855651016
54,7,33 Dimethyl Butyric Acid,0,8,0.9047143438063344
54,7,33 Dimethyl Butyric Acid,0,9,1.0269831020573743
54,7,33 Dimethyl Butyric Acid,0,10,1.012008024013047
54,7,33 Dimethyl Butyric Acid,0,11,0.9656014811899293
54,7,33 Dimethyl Butyric Acid,0,12,0.9178476752029007
54,7,33 Dimethyl Butyric Acid,0,13,0.9434070184329878
54,7,33 Dimethyl Butyric Acid,0,14,0.8940092221006464
54,7,33 Dimethyl Butyric Acid,1,0,1.009090170707324
54,7,33 Dimethyl Butyric Acid,1,1,0.9071545779280378
54,7,33 Dimethyl Butyric Acid,1,2,0.982760171408472
54,7,33 Dimethyl Butyric Acid,1,3,0.9375392026914176
54,7,33 Dimethyl Butyric Acid,1,4,0.914218798802626
54,7,33 Dimethyl Butyric Acid,1,5,0.9808211403337479
54,7,33 Dimethyl Butyric Acid,1,6,0.9579349611901238
54,7,33 Dimethyl Butyric Acid,1,7,1.0048145008196196
54,7,33 Dimethyl Butyric Acid,1,8,0.9205827258534568
54,7,33 Dimethyl Butyric Acid,1,9,0.9409943507836521
54,7,33 Dimethyl Butyric Acid,1,10,0.8757812482629694
54,7,33 Dimethyl Butyric Acid,1,11,0.8839130693094881
54,7,33 Dimethyl Butyric Acid,1,12,1.0432146330017456
54,7,33 Dimethyl Butyric Acid,1,13,1.0546308663665918
54,7,33 Dimethyl Butyric Acid,1,14,0.9749959848115631
54,8,2 Methyl Butyraldehyde,0,0,0.9213582270275671
54,8,2 Methyl Butyraldehyde,0,1,0.9423734206442234
54,8,2 Methyl Butyraldehyde,0,2,0.9892543457632821
54,8,2 Methyl Butyraldehyde,0,3,0.9337358168709458
54,8,2 Methyl Butyraldehyde,0,4,0.9638167323454951
54,8,2 Methyl Butyraldehyde,0,5,0.9538011356445776
54,8,2 Methyl Butyraldehyde,0,6,0.9315588708605133
54,8,2 Methyl Butyraldehyde,0,7,0.9332636678241527
54,8,2 Methyl Butyraldehyde,0,8,0.966044212531248
54,8,2 Methyl Butyraldehyde,0,9,0.9152358522083299
54,8,2 Methyl Butyraldehyde,0,10,0.9723805514887682
54,8,2 Methyl Butyraldehyde,0,11,0.9354482192778603
54,8,2 Methyl Butyraldehyde,0,12,0.9594060698497568
54,8,2 Methyl Butyraldehyde,0,13,1.00966988031057
54,8,2 Methyl Butyraldehyde,0,14,0.9475836958547494
54,8,2 Methyl Butyraldehyde,1,0,0.9608880922518996
54,8,2 Methyl Butyraldehyde,1,1,0.8524146044088667
54,8,2 Methyl Butyraldehyde,1,2,0.9052813980985961
54,8,2 Methyl Butyraldehyde,1,3,0.9252034634872628
54,8,2 Methyl Butyraldehyde,1,4,1.0010291458124783
54,8,2 Methyl Butyraldehyde,1,5,0.8456978353138243
54,8,2 Methyl Butyraldehyde,1,6,0.9202475241685089
54,8,2 Methyl Butyraldehyde,1,7,0.9823634726808704
54,8,2 Methyl Butyraldehyde,1,8,0.892695102433545
54,8,2 Methyl Butyraldehyde,1,9,0.9155823662271931
54,8,2 Methyl Butyraldehyde,1,10,0.9373654780464414
54,8,2 Methyl Butyraldehyde,1,11,0.9314762607931311
54,8,2 Methyl Butyraldehyde,1,12,0.9867267376623965
54,8,2 Methyl Butyraldehyde,1,13,0.9420348710471491
54,8,2 Methyl Butyraldehyde,1,14,0.9772068344647886
54,9,m Anisaldehyde,0,0,1.1459486716631635
54,9,m Anisaldehyde,0,1,1.130727989505548
54,9,m Anisaldehyde,0,2,1.1513200782347746
54,9,m Anisaldehyde,0,3,1.1139848822208558
54,9,m Anisaldehyde,0,4,1.1796894738039636
54,9,m Anisaldehyde,0,5,1.1449138814453501
54,9,m Anisaldehyde,0,6,1.1334774499564608
54,9,m Anisaldehyde,0,7,1.1802953423404
54,9,m Anisaldehyde,0,8,1.1146003748365882
54,9,m Anisaldehyde,0,9,1.1911690945097917
54,9,m Anisaldehyde,0,10,1.1412155104159054
54,9,m Anisaldehyde,0,11,1.2067128637193272
54,9,m Anisaldehyde,0,12,1.1446395028263772
54,9,m Anisaldehyde,0,13,1.1856253926178768
54,9,m Anisaldehyde,0,14,1.1675315009064762
54,9,m Anisaldehyde,1,0,1.164726482207995
54,9,m Anisaldehyde,1,1,1.1393682829453207
54,9,m Anisaldehyde,1,2,1.0684345107656859
54,9,m Anisaldehyde,1,3,1.175322148829101
54,9,m Anisaldehyde,1,4,1.1314630903610994
54,9,m Anisaldehyde,1,5,1.166551050353608
54,9,m Anisaldehyde,1,6,1.16258026633417
54,9,m Anisaldehyde,1,7,1.104038548018962
54,9,m Anisaldehyde,1,8,1.0983785910524038
54,9,m Anisaldehyde,1,9,1.1611846113173758
54,9,m Anisaldehyde,1,10,1.122840446082995
54,9,m Anisaldehyde,1,11,1.1724275784380755
54,9,m Anisaldehyde,1,12,1.1278423695448947
54,9,m Anisaldehyde,1,13,1.1759067983573472
54,9,m Anisaldehyde,1,14,1.1519025866277797
56,0,"2,3 Pentanedione",0,0,1.140869800139008
56,0,"2,3 Pentanedione",0,1,1.1143903524408312
56,0,"2,3 Pentanedione",0,2,1.1386479049529028
56,0,"2,3 Pentanedione",0,3,1.1770649089885505
56,0,"2,3 Pentanedione",0,4,1.1271821820439094
56,0,"2,3 Pentanedione",0,5,1.1505977781377963
56,0,"2,3 Pentanedione",0,6,1.1312052034404303
56,0,"2,3 Pentanedione",0,7,1.134334962100259
56,0,"2,3 Pentanedione",0,8,1.1982872306679742
56,0,"2,3 Pentanedione",0,9,1.1774200016320242
56,0,"2,3 Pentanedione",0,10,1.1325269529982709
56,0,"2,3 Pentanedione",0,11,1.1379289639078836
56,0,"2,3 Pentanedione",0,12,1.1012759802484033
56,0,"2,3 Pentanedione",0,13,1.122431938539844
56,0,"2,3 Pentanedione",0,14,1.1417267118923868
56,0,"2,3 Pentanedione",1,0,1.1349469991265104
56,0,"2,3 Pentanedione",1,1,1.130891291420182
56,0,"2,3 Pentanedione",1,2,1.056552093307565
56,0,"2,3 Pentanedione",1,3,1.1400017647708907
56,0,"2,3 Pentanedione",1,4,1.0973715083686433
56,0,"2,3 Pentanedione",1,5,1.061442801316644
56,0,"2,3 Pentanedione",1,6,1.1543778450410223
56,0,"2,3 Pentanedione",1,7,1.1594536154132635
56,0,"2,3 Pentanedione",1,8,1.1114723348373718
56,0,"2,3 Pentanedione",1,9,1.129274199619955
56,0,"2,3 Pentanedione",1,10,1.1316204238935228
56,0,"2,3 Pentanedione",1,11,1.1567533416562354
56,0,"2,3 Pentanedione",1,12,1.1300451965610143
56,0,"2,3 Pentanedione",1,13,1.0478149244462027
56,0,"2,3 Pentanedione",1,14,1.1813147655025906
56,1,3 Methylvaleric Acid,0,0,0.9872564634216596
56,1,3 Methylvaleric Acid,0,1,0.9242492196315473
56,1,3 Methylvaleric Acid,0,2,0.9034451849481615
56,1,3 Methylvaleric Acid,0,3,0.9648227250586212
56,1,3 Methylvaleric Acid,0,4,0.9334997863077548
56,1,3 Methylvaleric Acid,0,5,0.9578300020024163
56,1,3 Methylvaleric Acid,0,6,0.9743664614935884
56,1,3 Methylvaleric Acid,0,7,0.921972512322586
56,1,3 Methylvaleric Acid,0,8,0.8999858681350844
56,1,3 Methylvaleric Acid,0,9,0.960062926557337
56,1,3 Methylvaleric Acid,0,10,0.923294673631379
56,1,3 Methylvaleric Acid,0,11,0.9504740192717538
56,1,3 Methylvaleric Acid,0,12,0.8908971303639673
56,1,3 Methylvaleric Acid,0,13,0.9345428788634724
56,1,3 Methylvaleric Acid,0,14,0.9732282634840578
56,1,3 Methylvaleric Acid,1,0,0.9658021047519687
56,1,3 Methylvaleric Acid,1,1,0.9100304856111661
56,1,3 Methylvaleric Acid,1,2,0.8948342296733748
56,1,3 Methylvaleric Acid,1,3,0.9421953520361686
56,1,3 Methylvaleric Acid,1,4,0.9640061163268733
56,1,3 Methylvaleric Acid,1,5,0.9577718100537989
56,1,3 Methylvaleric Acid,1,6,0.9210784106716444
56,1,3 Methylvaleric Acid,1,7,0.953477782145561
56,1,3 Methylvaleric Acid,1,8,1.0016590232971367
56,1,3 Methylvaleric Acid,1,9,0.9497705919384579
56,1,3 Methylvaleric Acid,1,10,0.8762388870133521
56,1,3 Methylvaleric Acid,1,11,0.9496928179701225
56,1,3 Methylvaleric Acid,1,12,1.0233230832946012
56,1,3 Methylvaleric Acid,1,13,0.8900691719214731
56,1,3 Methylvaleric Acid,1,14,0.9427537909192577
56,2,Acetic Acid,0,0,1.1912829954388982
56,2,Acetic Acid,0,1,1.2041717311311861
56,2,Acetic Acid,0,2,1.2081064988863344
56,2,Acetic Acid,0,3,1.2459352922027005
56,2,Acetic Acid,0,4,1.203727744216216
56,2,Acetic Acid,0,5,1.2514267950486655
56,2,Acetic Acid,0,6,1.1956301864087242
56,2,Acetic Acid,0,7,1.1863309418011982
56,2,Acetic Acid,0,8,1.1735690934386394
56,2,Acetic Acid,0,9,1.1276529315953774
56,2,Acetic Acid,0,10,1.211367669237217
56,2,Acetic Acid,0,11,1.2824964242990573
56,2,Acetic Acid,0,12,1.218665831851618
56,2,Acetic Acid,0,13,1.2278063069266507
56,2,Acetic Acid,0,14,1.1838151597596054
56,2,Acetic Acid,1,0,1.2077153318243286
56,2,Acetic Acid,1,1,1.256874327008606
56,2,Acetic Acid,1,2,1.2978364130868683
56,2,Acetic Acid,1,3,1.2770065849071484
56,2,Acetic Acid,1,4,1.2496984526643964
56,2,Acetic Acid,1,5,1.2188946906508957
56,2,Acetic Acid,1,6,1.2258774240459684
56,2,Acetic Acid,1,7,1.1873483746981452
56,2,Acetic Acid,1,8,1.1595619666231691
56,2,Acetic Acid,1,9,1.1724167331648778
56,2,Acetic Acid,1,10,1.219480668856153
56,2,Acetic Acid,1,11,1.2058089770182083
56,2,Acetic Acid,1,12,1.1587109992864881
56,2,Acetic Acid,1,13,1.215995732313286
56,2,Acetic Acid,1,14,1.2047514544966376
56,3,Gerinol,0,0,1.010523286861793
56,3,Gerinol,0,1,1.0426300806483533
56,3,Gerinol,0,2,1.0445991210445025
56,3,Gerinol,0,3,1.0327717554761775
56,3,Gerinol,0,4,1.0945040476641938
56,3,Gerinol,0,5,0.9813211785894237
56,3,Gerinol,0,6,0.9780052814447173
56,3,Gerinol,0,7,1.0575686724511197
56,3,Gerinol,0,8,1.0612823286488484
56,3,Gerinol,0,9,1.073605846513915
56,3,Gerinol,0,10,1.0358783007419925
56,3,Gerinol,0,11,1.0207202888694629
56,3,Gerinol,0,12,1.0571445957653582
56,3,Gerinol,0,13,1.0397741156592364
56,3,Gerinol,0,14,1.119480097259384
56,3,Gerinol,1,0,1.003120807653146
56,3,Gerinol,1,1,1.0139624915814704
56,3,Gerinol,1,2,1.1151066232340712
56,3,Gerinol,1,3,1.008299488580926
56,3,Gerinol,1,4,1.0383361722581173
56,3,Gerinol,1,5,1.0419422749856078
56,3,Gerinol,1,6,1.0453459633988822
56,3,Gerinol,1,7,1.0276693882666037
56,3,Gerinol,1,8,1.023843529426574
56,3,Gerinol,1,9,1.0201032692436383
56,3,Gerinol,1,10,0.9930501415608026
56,3,Gerinol,1,11,1.0291106497637243
56,3,Gerinol,1,12,1.0972357311471372
56,3,Gerinol,1,13,1.0645171740086958
56,3,Gerinol,1,14,1.028246618539139
56,4,n Methyl Piperdine,0,0,0.9144896092730792
56,4,n Methyl Piperdine,0,1,0.8454893809996135
56,4,n Methyl Piperdine,0,2,0.8698359311808508
56,4,n Methyl Piperdine,0,3,0.9181704111162018
56,4,n Methyl Piperdine,0,4,0.9397431050871673
56,4,n Methyl Piperdine,0,5,0.8494217704650244
56,4,n Methyl Piperdine,0,6,0.8609128849719133
56,4,n Methyl Piperdine,0,7,0.967511449103981
56,4,n Methyl Piperdine,0,8,0.8841068673395985
56,4,n Methyl Piperdine,0,9,0.9531908962568547
56,4,n Methyl Piperdine,0,10,0.8885307100398713
56,4,n Methyl Piperdine,0,11,0.890103628641857
56,4,n Methyl Piperdine,0,12,0.8680367818424437
56,4,n Methyl Piperdine,0,13,0.9179586230092487
56,4,n Methyl Piperdine,0,14,0.9345675193609996
56,4,n Methyl Piperdine,1,0,0.8537964332133271
56,4,n Methyl Piperdine,1,1,0.8810985003301444
56,4,n Methyl Piperdine,1,2,0.9317996633939306
56,4,n Methyl Piperdine,1,3,0.8900145769075887
56,4,n Methyl Piperdine,1,4,0.8754611036776334
56,4,n Methyl Piperdine,1,5,0.9355782085737379
56,4,n Methyl Piperdine,1,6,0.9393346506074622
56,4,n Methyl Piperdine,1,7,0.8772108387920763
56,4,n Methyl Piperdine,1,8,0.9036911835384797
56,4,n Methyl Piperdine,1,9,0.8468575305827925
56,4,n Methyl Piperdine,1,10,0.8593772859998139
56,4,n Methyl Piperdine,1,11,0.900163131704297
56,4,n Methyl Piperdine,1,12,0.8964527939221556
56,4,n Methyl Piperdine,1,13,0.8565214787497364
56,4,n Methyl Piperdine,1,14,0.8665575654299388
56,5,"2,4 Dimethyl Acetophenone",0,0,1.04046164649063
56,5,"2,4 Dimethyl Acetophenone",0,1,1.101265815565381
56,5,"2,4 Dimethyl Acetophenone",0,2,1.0043578534211763
56,5,"2,4 Dimethyl Acetophenone",0,3,1.0426003321064445
56,5,"2,4 Dimethyl Acetophenone",0,4,1.0085457593755596
56,5,"2,4 Dimethyl Acetophenone",0,5,1.0998242454431717
56,5,"2,4 Dimethyl Acetophenone",0,6,1.0109540792866643
56,5,"2,4 Dimethyl Acetophenone",0,7,1.084332589230274
56,5,"2,4 Dimethyl Acetophenone",0,8,1.1486443819187493
56,5,"2,4 Dimethyl Acetophenone",0,9,1.1500007805396886
56,5,"2,4 Dimethyl Acetophenone",0,10,1.0108271185216995
56,5,"2,4 Dimethyl Acetophenone",0,11,1.0949998053540906
56,5,"2,4 Dimethyl Acetophenone",0,12,1.0435045694336342
56,5,"2,4 Dimethyl Acetophenone",0,13,1.035337979860442
56,5,"2,4 Dimethyl Acetophenone",0,14,1.0785246231132495
56,5,"2,4 Dimethyl Acetophenone",1,0,1.1165953491382403
56,5,"2,4 Dimethyl Acetophenone",1,1,1.0914500578297297
56,5,"2,4 Dimethyl Acetophenone",1,2,1.0388580657216002
56,5,"2,4 Dimethyl Acetophenone",1,3,1.0956650627573155
56,5,"2,4 Dimethyl Acetophenone",1,4,0.9777153695856482
56,5,"2,4 Dimethyl Acetophenone",1,5,1.0373458709235857
56,5,"2,4 Dimethyl Acetophenone",1,6,1.0345080410728653
56,5,"2,4 Dimethyl Acetophenone",1,7,1.0705965305304725
56,5,"2,4 Dimethyl Acetophenone",1,8,1.0593505843145155
56,5,"2,4 Dimethyl Acetophenone",1,9,1.06180485911612
56,5,"2,4 Dimethyl Acetophenone",1,10,1.0604749216566698
56,5,"2,4 Dimethyl Acetophenone",1,11,1.0683599925004788
56,5,"2,4 Dimethyl Acetophenone",1,12,1.0890689415392443
56,5,"2,4 Dimethyl Acetophenone",1,13,1.0734369439050107
56,5,"2,4 Dimethyl Acetophenone",1,14,1.056089630196733
56,6,4 Heptanone,0,0,1.1104732069281762
56,6,4 Heptanone,0,1,1.1274482174820954
56,6,4 Heptanone,0,2,1.0721622401070798
56,6,4 Heptanone,0,3,1.092027166509078
56,6,4 Heptanone,0,4,1.1408795382578483
56,6,4 Heptanone,0,5,1.0502928486452907
56,6,4 Heptanone,0,6,1.1665913635862226
56,6,4 Heptanone,0,7,1.040837076746402
56,6,4 Heptanone,0,8,1.0805886912877953
56,6,4 Heptanone,0,9,1.0563956758609445
56,6,4 Heptanone,0,10,1.18192035561076
56,6,4 Heptanone,0,11,1.0742692745820988
56,6,4 Heptanone,0,12,1.0743696294748435
56,6,4 Heptanone,0,13,1.0795733261383882
56,6,4 Heptanone,0,14,1.0982273880517428
56,6,4 Heptanone,1,0,1.1040267191004602
56,6,4 Heptanone,1,1,1.1118489180717446
56,6,4 Heptanone,1,2,0.9759959921356911
56,6,4 Heptanone,1,3,1.1194507836967138
56,6,4 Heptanone,1,4,1.1178766551161063
56,6,4 Heptanone,1,5,1.1587071421531363
56,6,4 Heptanone,1,6,1.1695268281878168
56,6,4 Heptanone,1,7,1.1096560678009688
56,6,4 Heptanone,1,8,1.149813553523599
56,6,4 Heptanone,1,9,1.0731016390388484
56,6,4 Heptanone,1,10,1.1478580839644847
56,6,4 Heptanone,1,11,1.0942653582912576
56,6,4 Heptanone,1,12,1.0697764915314385
56,6,4 Heptanone,1,13,1.1097408431284785
56,6,4 Heptanone,1,14,1.1731832881445519
56,7,33 Dimethyl Butyric Acid,0,0,0.988880436346584
56,7,33 Dimethyl Butyric Acid,0,1,1.0414997407844853
56,7,33 Dimethyl Butyric Acid,0,2,0.951690906324718
56,7,33 Dimethyl Butyric Acid,0,3,1.0235542590592697
56,7,33 Dimethyl Butyric Acid,0,4,0.9555538133878723
56,7,33 Dimethyl Butyric Acid,0,5,0.9906533617369182
56,7,33 Dimethyl Butyric Acid,0,6,0.9903075280237267
56,7,33 Dimethyl Butyric Acid,0,7,1.008099884234317
56,7,33 Dimethyl Butyric Acid,0,8,0.9916698396738032
56,7,33 Dimethyl Butyric Acid,0,9,0.9520728333644775
56,7,33 Dimethyl Butyric Acid,0,10,1.0168524929610527
56,7,33 Dimethyl Butyric Acid,0,11,1.050906478650366
56,7,33 Dimethyl Butyric Acid,0,12,0.9582880779871054
56,7,33 Dimethyl Butyric Acid,0,13,0.9082309318195488
56,7,33 Dimethyl Butyric Acid,0,14,1.0016129976115016
56,7,33 Dimethyl Butyric Acid,1,0,0.9632307695703151
56,7,33 Dimethyl Butyric Acid,1,1,0.9712338710941891
56,7,33 Dimethyl Butyric Acid,1,2,0.9987250955616415
56,7,33 Dimethyl Butyric Acid,1,3,0.958222288139377
56,7,33 Dimethyl Butyric Acid,1,4,0.9657239064786541
56,7,33 Dimethyl Butyric Acid,1,5,0.9724732046549376
56,7,33 Dimethyl Butyric Acid,1,6,1.0352681428518016
56,7,33 Dimethyl Butyric Acid,1,7,0.9776807694969443
56,7,33 Dimethyl Butyric Acid,1,8,0.9270510420998026
56,7,33 Dimethyl Butyric Acid,1,9,0.9286428460867564
56,7,33 Dimethyl Butyric Acid,1,10,0.9820471821987851
56,7,33 Dimethyl Butyric Acid,1,11,0.9313008653047619
56,7,33 Dimethyl Butyric Acid,1,12,0.9139858458554345
56,7,33 Dimethyl Butyric Acid,1,13,1.0018994249697615
56,7,33 Dimethyl Butyric Acid,1,14,1.0038579214471468
56,8,2 Methyl Butyraldehyde,0,0,0.9545451828909384
56,8,2 Methyl Butyraldehyde,0,1,0.9810170158927608
56,8,2 Methyl Butyraldehyde,0,2,0.9767955100145125
56,8,2 Methyl Butyraldehyde,0,3,0.9933674196854558
56,8,2 Methyl Butyraldehyde,0,4,0.9934606404042844
56,8,2 Methyl Butyraldehyde,0,5,0.8650391007456034
56,8,2 Methyl Butyraldehyde,0,6,0.9596506859073967
56,8,2 Methyl Butyraldehyde,0,7,0.9899868117738178
56,8,2 Methyl Butyraldehyde,0,8,0.9528523806051319
56,8,2 Methyl Butyraldehyde,0,9,0.9707187498170855
56,8,2 Methyl Butyraldehyde,0,10,0.9992986435138156
56,8,2 Methyl Butyraldehyde,0,11,0.9725076535767789
56,8,2 Methyl Butyraldehyde,0,12,1.0295874209360871
56,8,2 Methyl Butyraldehyde,0,13,1.0143500943379373
56,8,2 Methyl Butyraldehyde,0,14,0.9645280781278351
56,8,2 Methyl Butyraldehyde,1,0,0.9504848766124768
56,8,2 Methyl Butyraldehyde,1,1,0.8443937592334134
56,8,2 Methyl Butyraldehyde,1,2,0.945346635565847
56,8,2 Methyl Butyraldehyde,1,3,0.904275967733047
56,8,2 Methyl Butyraldehyde,1,4,0.967255905121493
56,8,2 Methyl Butyraldehyde,1,5,0.9645215518862681
56,8,2 Methyl Butyraldehyde,1,6,0.9862409536825392
56,8,2 Methyl Butyraldehyde,1,7,1.0142735423193956
56,8,2 Methyl Butyraldehyde,1,8,0.9573559462545893
56,8,2 Methyl Butyraldehyde,1,9,1.049623375918396
56,8,2 Methyl Butyraldehyde,1,10,0.9677047812502642
56,8,2 Methyl Butyraldehyde,1,11,0.9059980676928027
56,8,2 Methyl Butyraldehyde,1,12,0.9359238484370632
56,8,2 Methyl Butyraldehyde,1,13,0.9434968554291551
56,8,2 Methyl Butyraldehyde,1,14,0.9820918094876031
56,9,m Anisaldehyde,0,0,1.1239336845458927
56,9,m Anisaldehyde,0,1,1.1499046452426889
56,9,m Anisaldehyde,0,2,1.1553820693232213
56,9,m Anisaldehyde,0,3,1.143898848248843
56,9,m Anisaldehyde,0,4,1.1942802958222536
56,9,m Anisaldehyde,0,5,1.187476536093679
56,9,m Anisaldehyde,0,6,1.208486365959223
56,9,m Anisaldehyde,0,7,1.1485826733106168
56,9,m Anisaldehyde,0,8,1.209924783260981
56,9,m Anisaldehyde,0,9,1.1072637971159829
56,9,m Anisaldehyde,0,10,1.1062883085154704
56,9,m Anisaldehyde,0,11,1.1132716131114162
56,9,m Anisaldehyde,0,12,1.1621921482603483
56,9,m Anisaldehyde,0,13,1.209918805218175
56,9,m Anisaldehyde,0,14,1.1377379973294797
56,9,m Anisaldehyde,1,0,1.1215468026198379
56,9,m Anisaldehyde,1,1,1.131973820606042
56,9,m Anisaldehyde,1,2,1.1635276637539216
56,9,m Anisaldehyde,1,3,1.1215095266842325
56,9,m Anisaldehyde,1,4,1.1192778605017555
56,9,m Anisaldehyde,1,5,1.0867987282841078
56,9,m Anisaldehyde,1,6,1.1177456943713306
56,9,m Anisaldehyde,1,7,1.1877130089358288
56,9,m Anisaldehyde,1,8,1.1442515791575545
56,9,m Anisaldehyde,1,9,1.1110203584084988
56,9,m Anisaldehyde,1,10,1.1900602977275727
56,9,m Anisaldehyde,1,11,1.117205998736008
56,9,m Anisaldehyde,1,12,1.1974127619977142
56,9,m Anisaldehyde,1,13,1.1967588179344195
56,9,m Anisaldehyde,1,14,1.1428550038734022
58,0,"2,3 Pentanedione",0,0,1.0666205406202185
58,0,"2,3 Pentanedione",0,1,1.2181425463289162
58,0,"2,3 Pentanedione",0,2,1.142053563965668
58,0,"2,3 Pentanedione",0,3,1.1136070407262624
58,0,"2,3 Pentanedione",0,4,1.1648076383060884
58,0,"2,3 Pentanedione",0,5,1.15465463319594
58,0,"2,3 Pentanedione",0,6,1.1790000557105438
58,0,"2,3 Pentanedione",0,7,1.1000686101678903
58,0,"2,3 Pentanedione",0,8,1.1393014582260617
58,0,"2,3 Pentanedione",0,9,1.0791277125052885
58,0,"2,3 Pentanedione",0,10,1.1532158975447355
58,0,"2,3 Pentanedione",0,11,1.1256447069299986
58,0,"2,3 Pentanedione",0,12,1.1378028919345586
58,0,"2,3 Pentanedione",0,13,1.1207085327614672
58,0,"2,3 Pentanedione",0,14,1.1165229688915517
58,0,"2,3 Pentanedione",1,0,1.0907683844592984
58,0,"2,3 Pentanedione",1,1,1.1571148400072562
58,0,"2,3 Pentanedione",1,2,1.1850857928895444
58,0,"2,3 Pentanedione",1,3,1.1032308970634834
58,0,"2,3 Pentanedione",1,4,1.1476392516187306
58,0,"2,3 Pentanedione",1,5,1.1427849764062965
58,0,"2,3 Pentanedione",1,6,1.1258215438738413
58,0,"2,3 Pentanedione",1,7,1.0644338020852981
58,0,"2,3 Pentanedione",1,8,1.0734337373754632
58,0,"2,3 Pentanedione",1,9,1.094258353373824
58,0,"2,3 Pentanedione",1,10,1.0399374424770096
58,0,"2,3 Pentanedione",1,11,1.1818188606161115
58,0,"2,3 Pentanedione",1,12,1.1402057605870755
58,0,"2,3 Pentanedione",1,13,1.124299189483922
58,0,"2,3 Pentanedione",1,14,1.0378881986491737
58,1,3 Methylvaleric Acid,0,0,0.8780593334446923
58,1,3 Methylvaleric Acid,0,1,0.95092051211803
58,1,3 Methylvaleric Acid,0,2,1.0298337662648676
58,1,3 Methylvaleric Acid,0,3,0.9230683998105851
58,1,3 Methylvaleric Acid,0,4,0.9855660882220059
58,1,3 Methylvaleric Acid,0,5,0.9318180713385099
58,1,3 Methylvaleric Acid,0,6,0.9532237380170631
58,1,3 Methylvaleric Acid,0,7,0.9996015216012256
58,1,3 Methylvaleric Acid,0,8,0.9371761024388466
58,1,3 Methylvaleric Acid,0,9,0.9234099713234231
58,1,3 Methylvaleric Acid,0,10,1.0077369898104989
58,1,3 Methylvaleric Acid,0,11,0.9528364804900522
58,1,3 Methylvaleric Acid,0,12,0.9946623712689548
58,1,3 Methylvaleric Acid,0,13,0.9236042119101209
58,1,3 Methylvaleric Acid,0,14,1.0072811360039473
58,1,3 Methylvaleric Acid,1,0,0.9853240061898624
58,1,3 Methylvaleric Acid,1,1,0.9917704202570643
58,1,3 Methylvaleric Acid,1,2,0.9796440876656449
58,1,3 Methylvaleric Acid,1,3,0.9541599159286179
58,1,3 Methylvaleric Acid,1,4,0.9743116027886791
58,1,3 Methylvaleric Acid,1,5,0.9566753056889034
58,1,3 Methylvaleric Acid,1,6,1.0127607577142694
58,1,3 Methylvaleric Acid,1,7,0.9662566285257315
58,1,3 Methylvaleric Acid,1,8,0.914518626096722
58,1,3 Methylvaleric Acid,1,9,0.9072019658089067
58,1,3 Methylvaleric Acid,1,10,0.905310189115661
58,1,3 Methylvaleric Acid,1,11,0.9990977455106356
58,1,3 Methylvaleric Acid,1,12,0.9283187427535402
58,1,3 Methylvaleric Acid,1,13,0.9863823462420206
58,1,3 Methylvaleric Acid,1,14,0.9798418959081345
58,2,Acetic Acid,0,0,1.18821117479407
58,2,Acetic Acid,0,1,1.208335726725756
58,2,Acetic Acid,0,2,1.1971316600740822
58,2,Acetic Acid,0,3,1.082410328879223
58,2,Acetic Acid,0,4,1.1778545089565216
58,2,Acetic Acid,0,5,1.2078036439529982
58,2,Acetic Acid,0,6,1.256410831020661
58,2,Acetic Acid,0,7,1.258257823253761
58,2,Acetic Acid,0,8,1.1362734980470508
58,2,Acetic Acid,0,9,1.1768105066179502
58,2,Acetic Acid,0,10,1.128154926042141
58,2,Acetic Acid,0,11,1.2515949215948643
58,2,Acetic Acid,0,12,1.2313137669164032
58,2,Acetic Acid,0,13,1.2048230340649881
58,2,Acetic Acid,0,14,1.1974433130408695
58,2,Acetic Acid,1,0,1.2384242651141444
58,2,Acetic Acid,1,1,1.231652028890571
58,2,Acetic Acid,1,2,1.2295208089664103
58,2,Acetic Acid,1,3,1.201466215491456
58,2,Acetic Acid,1,4,1.169229889119599
58,2,Acetic Acid,1,5,1.2138840143808678
58,2,Acetic Acid,1,6,1.2158406973103701
58,2,Acetic Acid,1,7,1.1755735223164872
58,2,Acetic Acid,1,8,1.1691490643467959
58,2,Acetic Acid,1,9,1.2285315518824937
58,2,Acetic Acid,1,10,1.2497636654509496
58,2,Acetic Acid,1,11,1.1532231898635747
58,2,Acetic Acid,1,12,1.1726639540822466
58,2,Acetic Acid,1,13,1.1972363441583533
58,2,Acetic Acid,1,14,1.20266298101011
58,3,Gerinol,0,0,1.0358965572329795
58,3,Gerinol,0,1,1.132132036816393
58,3,Gerinol,0,2,1.073675022224438
58,3,Gerinol,0,3,1.0780465479414534
58,3,Gerinol,0,4,1.1271465748631013
58,3,Gerinol,0,5,1.0388287465928476
58,3,Gerinol,0,6,1.05325393654494
58,3,Gerinol,0,7,1.006658322441766
58,3,Gerinol,0,8,1.049897192712488
58,3,Gerinol,0,9,0.9972341106452167
58,3,Gerinol,0,10,1.086705185770358
58,3,Gerinol,0,11,1.0735910816054308
58,3,Gerinol,0,12,1.0457084393210896
58,3,Gerinol,0,13,1.0527742632899173
58,3,Gerinol,0,14,1.0872498682101908
58,3,Gerinol,1,0,1.0289459913943246
58,3,Gerinol,1,1,1.0825445495680213
58,3,Gerinol,1,2,1.1023582271282701
58,3,Gerinol,1,3,1.0030868717736308
58,3,Gerinol,1,4,1.1017753550980012
58,3,Gerinol,1,5,1.0074153363394578
58,3,Gerinol,1,6,1.069674055515859
58,3,Gerinol,1,7,1.0278421907061115
58,3,Gerinol,1,8,1.131627698041521
58,3,Gerinol,1,9,1.0280929927038265
58,3,Gerinol,1,10,1.0083702391913052
58,3,Gerinol,1,11,1.079711920533773
58,3,Gerinol,1,12,1.0578297156690875
58,3,Gerinol,1,13,1.014193625723363
58,3,Gerinol,1,14,1.0954104428361144
58,4,n Methyl Piperdine,0,0,0.811658221229973
58,4,n Methyl Piperdine,0,1,0.8498685448246353
58,4,n Methyl Piperdine,0,2,0.8683094529111288
58,4,n Methyl Piperdine,0,3,0.9234070794141659
58,4,n Methyl Piperdine,0,4,0.9431369184084863
58,4,n Methyl Piperdine,0,5,0.9354294736210631
58,4,n Methyl Piperdine,0,6,0.8851872321094709
58,4,n Methyl Piperdine,0,7,0.794225853936154
58,4,n Methyl Piperdine,0,8,0.9069523045767026
58,4,n Methyl Piperdine,0,9,0.9501411332969448
58,4,n Methyl Piperdine,0,10,0.9406698000405029
58,4,n Methyl Piperdine,0,11,0.9098361441177091
58,4,n Methyl Piperdine,0,12,0.8437380731544222
58,4,n Methyl Piperdine,0,13,0.8703059035828237
58,4,n Methyl Piperdine,0,14,0.9686707596777873
58,4,n Methyl Piperdine,1,0,0.8228720600466031
58,4,n Methyl Piperdine,1,1,0.833627592307153
58,4,n Methyl Piperdine,1,2,0.9172433034797798
58,4,n Methyl Piperdine,1,3,0.8622948716409473
58,4,n Methyl Piperdine,1,4,0.8322710365449836
58,4,n Methyl Piperdine,1,5,0.940660088582089
58,4,n Methyl Piperdine,1,6,0.897983480558974
58,4,n Methyl Piperdine,1,7,0.8642691948580813
58,4,n Methyl Piperdine,1,8,0.8337102479971877
58,4,n Methyl Piperdine,1,9,0.9614375039875659
58,4,n Methyl Piperdine,1,10,0.8785631686833041
58,4,n Methyl Piperdine,1,11,0.9354343639319481
58,4,n Methyl Piperdine,1,12,0.915286583217546
58,4,n Methyl Piperdine,1,13,0.858705178966639
58,4,n Methyl Piperdine,1,14,0.8590235968335772
58,5,"2,4 Dimethyl Acetophenone",0,0,1.1301250208635019
58,5,"2,4 Dimethyl Acetophenone",0,1,1.1307731182509442
58,5,"2,4 Dimethyl Acetophenone",0,2,0.9971957859013156
58,5,"2,4 Dimethyl Acetophenone",0,3,1.0942636353854327
58,5,"2,4 Dimethyl Acetophenone",0,4,1.0674238327572003
58,5,"2,4 Dimethyl Acetophenone",0,5,1.0309394984286047
58,5,"2,4 Dimethyl Acetophenone",0,6,1.082742268734833
58,5,"2,4 Dimethyl Acetophenone",0,7,1.0182885533066892
58,5,"2,4 Dimethyl Acetophenone",0,8,1.053614210760301
58,5,"2,4 Dimethyl Acetophenone",0,9,1.0403334756353464
58,5,"2,4 Dimethyl Acetophenone",0,10,1.052280774379905
58,5,"2,4 Dimethyl Acetophenone",0,11,1.0694132851996654
58,5,"2,4 Dimethyl Acetophenone",0,12,1.0316497584699256
58,5,"2,4 Dimethyl Acetophenone",0,13,1.1351995861010769
58,5,"2,4 Dimethyl Acetophenone",0,14,1.09200375428191
58,5,"2,4 Dimethyl Acetophenone",1,0,1.1244055977542033
58,5,"2,4 Dimethyl Acetophenone",1,1,1.0462198778558005
58,5,"2,4 Dimethyl Acetophenone",1,2,1.0306714781270367
58,5,"2,4 Dimethyl Acetophenone",1,3,1.1229597011986423
58,5,"2,4 Dimethyl Acetophenone",1,4,1.0295006870239618
58,5,"2,4 Dimethyl Acetophenone",1,5,1.0454913957393561
58,5,"2,4 Dimethyl Acetophenone",1,6,1.0814249730388137
58,5,"2,4 Dimethyl Acetophenone",1,7,1.00311404428703
58,5,"2,4 Dimethyl Acetophenone",1,8,1.081074864010667
58,5,"2,4 Dimethyl Acetophenone",1,9,1.0759569592655054
58,5,"2,4 Dimethyl Acetophenone",1,10,1.1033960893404344
58,5,"2,4 Dimethyl Acetophenone",1,11,1.088224856739327
58,5,"2,4 Dimethyl Acetophenone",1,12,1.104622210734024
58,5,"2,4 Dimethyl Acetophenone",1,13,1.0482062005985848
58,5,"2,4 Dimethyl Acetophenone",1,14,1.0181162638706387
58,6,4 Heptanone,0,0,1.1978638929437566
58,6,4 Heptanone,0,1,1.0523966517595433
58,6,4 Heptanone,0,2,1.0564039532254696
58,6,4 Heptanone,0,3,1.1360695980007753
58,6,4 Heptanone,0,4,1.178463918307516
58,6,4 Heptanone,0,5,1.1210465102169886
58,6,4 Heptanone,0,6,1.1534366243685104
58,6,4 Heptanone,0,7,1.0336323672815437
58,6,4 Heptanone,0,8,1.0934826778931765
58,6,4 Heptanone,0,9,1.0385065640946918
58,6,4 Heptanone,0,10,1.1446809147095685
58,6,4 Heptanone,0,11,1.0515752233168614
58,6,4 Heptanone,0,12,1.0623517225391161
58,6,4 Heptanone,0,13,1.1340254845788782
58,6,4 Heptanone,0,14,1.1559374504611313
58,6,4 Heptanone,1,0,1.1166822919504176
58,6,4 Heptanone,1,1,1.1458479164439266
58,6,4 Heptanone,1,2,1.1445525429545098
58,6,4 Heptanone,1,3,1.1144239419018873
58,6,4 Heptanone,1,4,1.0792527969641363
58,6,4 Heptanone,1,5,1.1456366725549718
58,6,4 Heptanone,1,6,1.1475648439105894
58,6,4 Heptanone,1,7,1.1588019924031965
58,6,4 Heptanone,1,8,1.135523673242742
58,6,4 Heptanone,1,9,1.0763010197404133
58,6,4 Heptanone,1,10,1.1506546227343535
58,6,4 Heptanone,1,11,1.1229857730704527
58,6,4 Heptanone,1,12,1.1037315185066525
58,6,4 Heptanone,1,13,1.1112555827918378
58,6,4 Heptanone,1,14,1.095430729143971
58,7,33 Dimethyl Butyric Acid,0,0,1.0395450425543125
58,7,33 Dimethyl Butyric Acid,0,1,0.9472667020569344
58,7,33 Dimethyl Butyric Acid,0,2,0.9642518540078785
58,7,33 Dimethyl Butyric Acid,0,3,0.9908403760132675
58,7,33 Dimethyl Butyric Acid,0,4,1.0685413253296954
58,7,33 Dimethyl Butyric Acid,0,5,1.0461625133638492
58,7,33 Dimethyl Butyric Acid,0,6,0.9383576592702463
58,7,33 Dimethyl Butyric Acid,0,7,1.0580451749502346
58,7,33 Dimethyl Butyric Acid,0,8,1.0579681000794827
58,7,33 Dimethyl Butyric Acid,0,9,0.9570309583592296
58,7,33 Dimethyl Butyric Acid,0,10,0.9031329605762775
58,7,33 Dimethyl Butyric Acid,0,11,1.0011024265062456
58,7,33 Dimethyl Butyric Acid,0,12,1.048888267772128
58,7,33 Dimethyl Butyric Acid,0,13,1.0676417701921435
58,7,33 Dimethyl Butyric Acid,0,14,0.9691582008256853
58,7,33 Dimethyl Butyric Acid,1,0,1.0593747746833284
58,7,33 Dimethyl Butyric Acid,1,1,0.9001783146641418
58,7,33 Dimethyl Butyric Acid,1,2,0.9745735859436383
58,7,33 Dimethyl Butyric Acid,1,3,0.9726071837281799
58,7,33 Dimethyl Butyric Acid,1,4,1.035389091493782
58,7,33 Dimethyl Butyric Acid,1,5,1.041227709134401
58,7,33 Dimethyl Butyric Acid,1,6,1.0274645567141456
58,7,33 Dimethyl Butyric Acid,1,7,0.9352736085469741
58,7,33 Dimethyl Butyric Acid,1,8,1.0238003717687667
58,7,33 Dimethyl Butyric Acid,1,9,1.0096572892405495
58,7,33 Dimethyl Butyric Acid,1,10,0.9224462350856262
58,7,33 Dimethyl Butyric Acid,1,11,0.9066150573447423
58,7,33 Dimethyl Butyric Acid,1,12,1.0308151820976408
58,7,33 Dimethyl Butyric Acid,1,13,0.98209163845764
58,7,33 Dimethyl Butyric Acid,1,14,0.9378883267986148
58,8,2 Methyl Butyraldehyde,0,0,0.9620901724996368
58,8,2 Methyl Butyraldehyde,0,1,0.9849786928925156
58,8,2 Methyl Butyraldehyde,0,2,0.9671030045812856
58,8,2 Methyl Butyraldehyde,0,3,0.9083376035229441
58,8,2 Methyl Butyraldehyde,0,4,1.0458393257905518
58,8,2 Methyl Butyraldehyde,0,5,1.0105857684075032
58,8,2 Methyl Butyraldehyde,0,6,0.9570019515810488
58,8,2 Methyl Butyraldehyde,0,7,0.958613263411896
58,8,2 Methyl Butyraldehyde,0,8,0.9847965454365146
58,8,2 Methyl Butyraldehyde,0,9,0.9252321938183743
58,8,2 Methyl Butyraldehyde,0,10,0.9833241071094663
58,8,2 Methyl Butyraldehyde,0,11,0.917187752173557
58,8,2 Methyl Butyraldehyde,0,12,0.9675956809741809
58,8,2 Methyl Butyraldehyde,0,13,0.9236741896537132
58,8,2 Methyl Butyraldehyde,0,14,0.925693690354919
58,8,2 Methyl Butyraldehyde,1,0,1.0215936931831764
58,8,2 Methyl Butyraldehyde,1,1,0.9581338244098303
58,8,2 Methyl Butyraldehyde,1,2,0.9640610480544948
58,8,2 Methyl Butyraldehyde,1,3,0.8753095941951952
58,8,2 Methyl Butyraldehyde,1,4,0.9318847182976062
58,8,2 Methyl Butyraldehyde,1,5,0.974213273386622
58,8,2 Methyl Butyraldehyde,1,6,0.9635302392763483
58,8,2 Methyl Butyraldehyde,1,7,0.8696035957842999
58,8,2 Methyl Butyraldehyde,1,8,0.9640503053047313
58,8,2 Methyl Butyraldehyde,1,9,0.9704271407804357
58,8,2 Methyl Butyraldehyde,1,10,1.007115268566396
58,8,2 Methyl Butyraldehyde,1,11,0.9295555438809144
58,8,2 Methyl Butyraldehyde,1,12,0.8660820398330212
58,8,2 Methyl Butyraldehyde,1,13,0.9158939585662419
58,8,2 Methyl Butyraldehyde,1,14,0.9118821870837058
58,9,m Anisaldehyde,0,0,1.2250546941370568
58,9,m Anisaldehyde,0,1,1.0869168754900451
58,9,m Anisaldehyde,0,2,1.177652080622953
58,9,m Anisaldehyde,0,3,1.252618157968948
58,9,m Anisaldehyde,0,4,1.1958748375392032
58,9,m Anisaldehyde,0,5,1.2314390116729146
58,9,m Anisaldehyde,0,6,1.1299144056838142
58,9,m Anisaldehyde,0,7,1.1315067584976048
58,9,m Anisaldehyde,0,8,1.2530760373396672
58,9,m Anisaldehyde,0,9,1.199634953656148
58,9,m Anisaldehyde,0,10,1.1997173135142236
58,9,m Anisaldehyde,0,11,1.1508602259015779
58,9,m Anisaldehyde,0,12,1.199617608183867
58,9,m Anisaldehyde,0,13,1.1497488362922539
58,9,m Anisaldehyde,0,14,1.2430611569820837
58,9,m Anisaldehyde,1,0,1.2865216113603635
58,9,m Anisaldehyde,1,1,1.1967660251122498
58,9,m Anisaldehyde,1,2,1.152010527547175
58,9,m Anisaldehyde,1,3,1.0760620497458504
58,9,m Anisaldehyde,1,4,1.110029818383943
58,9,m Anisaldehyde,1,5,1.239602856206722
58,9,m Anisaldehyde,1,6,1.1362407092347937
58,9,m Anisaldehyde,1,7,1.1625749876981761
58,9,m Anisaldehyde,1,8,1.2036214219488037
58,9,m Anisaldehyde,1,9,1.2366999749401084
58,9,m Anisaldehyde,1,10,1.1694249061190831
58,9,m Anisaldehyde,1,11,1.1612217081789953
58,9,m Anisaldehyde,1,12,1.180273224106064
58,9,m Anisaldehyde,1,13,1.152302870300068
58,9,m Anisaldehyde,1,14,1.1544556148339185
60,0,"2,3 Pentanedione",0,0,1.1272107512213887
60,0,"2,3 Pentanedione",0,1,1.1181472072334133
60,0,"2,3 Pentanedione",0,2,1.1959997587823772
60,0,"2,3 Pentanedione",0,3,1.128289499185451
60,0,"2,3 Pentanedione",0,4,1.1567813684437869
60,0,"2,3 Pentanedione",0,5,1.0678841394511085
60,0,"2,3 Pentanedione",0,6,1.1317418381212447
60,0,"2,3 Pentanedione",0,7,1.0818162926559913
60,0,"2,3 Pentanedione",0,8,1.126553677051896
60,0,"2,3 Pentanedione",0,9,1.1382761304446274
60,0,"2,3 Pentanedione",0,10,1.1127303002800928
60,0,"2,3 Pentanedione",0,11,1.2070285753790255
60,0,"2,3 Pentanedione",0,12,1.167854737284372
60,0,"2,3 Pentanedione",0,13,1.1578253598331976
60,0,"2,3 Pentanedione",0,14,1.1413069942148344
60,0,"2,3 Pentanedione",1,0,1.1765808040307002
60,0,"2,3 Pentanedione",1,1,1.04856759942273
60,0,"2,3 Pentanedione",1,2,1.1608576960411217
60,0,"2,3 Pentanedione",1,3,1.0663965988415176
60,0,"2,3 Pentanedione",1,4,1.0834728065588293
60,0,"2,3 Pentanedione",1,5,1.1285020690839653
60,0,"2,3 Pentanedione",1,6,1.1553751779419275
60,0,"2,3 Pentanedione",1,7,1.05990330605422
60,0,"2,3 Pentanedione",1,8,1.0855445762143892
60,0,"2,3 Pentanedione",1,9,1.109947654221551
60,0,"2,3 Pentanedione",1,10,1.09859173113367
60,0,"2,3 Pentanedione",1,11,1.140207653770906
60,0,"2,3 Pentanedione",1,12,1.2434834759608793
60,0,"2,3 Pentanedione",1,13,1.1228191996625336
60,0,"2,3 Pentanedione",1,14,1.0766385137950059
60,1,3 Methylvaleric Acid,0,0,0.9037500529576322
60,1,3 Methylvaleric Acid,0,1,0.9426002296397678
60,1,3 Methylvaleric Acid,0,2,0.9180003907420404
60,1,3 Methylvaleric Acid,0,3,0.9743123778622089
60,1,3 Methylvaleric Acid,0,4,0.973691251614561
60,1,3 Methylvaleric Acid,0,5,0.9370836580021937
60,1,3 Methylvaleric Acid,0,6,1.0350085867345433
60,1,3 Methylvaleric Acid,0,7,0.9261924934135962
60,1,3 Methylvaleric Acid,0,8,0.9508331434672651
60,1,3 Methylvaleric Acid,0,9,0.9811768928187847
60,1,3 Methylvaleric Acid,0,10,0.9912925819339852
60,1,3 Methylvaleric Acid,0,11,1.00671344704492
60,1,3 Methylvaleric Acid,0,12,0.9727502453429215
60,1,3 Methylvaleric Acid,0,13,0.9976468942147119
60,1,3 Methylvaleric Acid,0,14,0.9290060593020745
60,1,3 Methylvaleric Acid,1,0,1.0110295181633326
60,1,3 Methylvaleric Acid,1,1,1.0104954057555733
60,1,3 Methylvaleric Acid,1,2,1.034821706739459
60,1,3 Methylvaleric Acid,1,3,0.9075688000601757
60,1,3 Methylvaleric Acid,1,4,0.9380189151252747
60,1,3 Methylvaleric Acid,1,5,1.0072318785240095
60,1,3 Methylvaleric Acid,1,6,0.8682516605540616
60,1,3 Methylvaleric Acid,1,7,0.9939864867008514
60,1,3 Methylvaleric Acid,1,8,1.016698416746572
60,1,3 Methylvaleric Acid,1,9,0.9512512298472998
60,1,3 Methylvaleric Acid,1,10,0.9570986397448409
60,1,3 Methylvaleric Acid,1,11,0.9313407458597213
60,1,3 Methylvaleric Acid,1,12,0.9534443549600613
60,1,3 Methylvaleric Acid,1,13,0.9546034996708471
60,1,3 Methylvaleric Acid,1,14,0.9469925887706966
60,2,Acetic Acid,0,0,1.200314208007975
60,2,Acetic Acid,0,1,1.2189811437238192
60,2,Acetic Acid,0,2,1.21849716249311
60,2,Acetic Acid,0,3,1.3047866111137971
60,2,Acetic Acid,0,4,1.2140539293946744
60,2,Acetic Acid,0,5,1.2435873437670293
60,2,Acetic Acid,0,6,1.2067460164603028
60,2,Acetic Acid,0,7,1.2062375040856965
60,2,Acetic Acid,0,8,1.16164651361005
60,2,Acetic Acid,0,9,1.1669666852069112
60,2,Acetic Acid,0,10,1.1815414039332348
60,2,Acetic Acid,0,11,1.2371692085097576
60,2,Acetic Acid,0,12,1.2728682813307381
60,2,Acetic Acid,0,13,1.1583547540435342
60,2,Acetic Acid,0,14,1.2078582630654022
60,2,Acetic Acid,1,0,1.1708688896022406
60,2,Acetic Acid,1,1,1.2149734342109124
60,2,Acetic Acid,1,2,1.2685752977245406
60,2,Acetic Acid,1,3,1.2076692219119356
60,2,Acetic Acid,1,4,1.2236438390882667
60,2,Acetic Acid,1,5,1.2837536538319472
60,2,Acetic Acid,1,6,1.243860555196571
60,2,Acetic Acid,1,7,1.1951408437435824
60,2,Acetic Acid,1,8,1.2319011294096835
60,2,Acetic Acid,1,9,1.192442557520163
60,2,Acetic Acid,1,10,1.2423637984856946
60,2,Acetic Acid,1,11,1.2461581241391648
60,2,Acetic Acid,1,12,1.1708581299563163
60,2,Acetic Acid,1,13,1.2325504946716854
60,2,Acetic Acid,1,14,1.2208415876564178
60,3,Gerinol,0,0,1.1029714466431242
60,3,Gerinol,0,1,1.114438232797005
60,3,Gerinol,0,2,1.1002823349212238
60,3,Gerinol,0,3,1.0690566166210496
60,3,Gerinol,0,4,1.1185175515907997
60,3,Gerinol,0,5,1.0462618397038295
60,3,Gerinol,0,6,1.0283634710214598
60,3,Gerinol,0,7,0.9533728833738077
60,3,Gerinol,0,8,1.0783787126867534
60,3,Gerinol,0,9,1.0483224931765023
60,3,Gerinol,0,10,1.0970945297992536
60,3,Gerinol,0,11,1.0023352549944649
60,3,Gerinol,0,12,1.0552972087202597
60,3,Gerinol,0,13,1.0999951469908191
60,3,Gerinol,0,14,1.0399909049022804
60,3,Gerinol,1,0,1.08328763608221
60,3,Gerinol,1,1,1.044636462334974
60,3,Gerinol,1,2,1.0656050337464955
60,3,Gerinol,1,3,1.0907236863943697
60,3,Gerinol,1,4,1.105029247062308
60,3,Gerinol,1,5,1.0706170625905198
60,3,Gerinol,1,6,1.0343569543425457
60,3,Gerinol,1,7,1.0485958116425096
60,3,Gerinol,1,8,1.0923955806611738
60,3,Gerinol,1,9,1.0260672227983914
60,3,Gerinol,1,10,1.0597947022720873
60,3,Gerinol,1,11,1.0514820022032365
60,3,Gerinol,1,12,1.062782894804937
60,3,Gerinol,1,13,1.0265460649677205
60,3,Gerinol,1,14,0.992839592049211
60,4,n Methyl Piperdine,0,0,0.9308371259084605
60,4,n Methyl Piperdine,0,1,0.9485726782096207
60,4,n Methyl Piperdine,0,2,0.8383204229701484
60,4,n Methyl Piperdine,0,3,0.9247644677071234
60,4,n Methyl Piperdine,0,4,0.9533347378638818
60,4,n Methyl Piperdine,0,5,0.9338438631405677
60,4,n Methyl Piperdine,0,6,0.8933406141230321
60,4,n Methyl Piperdine,0,7,0.8722675664800444
60,4,n Methyl Piperdine,0,8,0.9132465444440743
60,4,n Methyl Piperdine,0,9,0.9199188236239499
60,4,n Methyl Piperdine,0,10,0.9138397217163107
60,4,n Methyl Piperdine,0,11,0.9028020360653721
60,4,n Methyl Piperdine,0,12,0.8667013523051644
60,4,n Methyl Piperdine,0,13,0.9269149529224288
60,4,n Methyl Piperdine,0,14,0.9288416010466157
60,4,n Methyl Piperdine,1,0,0.8882649815429845
60,4,n Methyl Piperdine,1,1,0.884671842327368
60,4,n Methyl Piperdine,1,2,0.9474020760343619
60,4,n Methyl Piperdine,1,3,0.8552569451415818
60,4,n Methyl Piperdine,1,4,0.9314895004227839
60,4,n Methyl Piperdine,1,5,0.8508711177556442
60,4,n Methyl Piperdine,1,6,0.9245901194427748
60,4,n Methyl Piperdine,1,7,0.9295667985277394
60,4,n Methyl Piperdine,1,8,0.8685100483884424
60,4,n Methyl Piperdine,1,9,0.946670618686951
60,4,n Methyl Piperdine,1,10,0.8989935319943612
60,4,n Methyl Piperdine,1,11,0.8451411988788949
60,4,n Methyl Piperdine,1,12,0.8652658327489493
60,4,n Methyl Piperdine,1,13,0.9255425887687837
60,4,n Methyl Piperdine,1,14,0.9171546845995836
60,5,"2,4 Dimethyl Acetophenone",0,0,1.0231911820882484
60,5,"2,4 Dimethyl Acetophenone",0,1,1.0599425056558003
60,5,"2,4 Dimethyl Acetophenone",0,2,1.0736537174544805
60,5,"2,4 Dimethyl Acetophenone",0,3,1.0452086145803958
60,5,"2,4 Dimethyl Acetophenone",0,4,1.1598247870784089
60,5,"2,4 Dimethyl Acetophenone",0,5,1.074859347879633
60,5,"2,4 Dimethyl Acetophenone",0,6,1.063040310507298
60,5,"2,4 Dimethyl Acetophenone",0,7,1.1131468399137436
60,5,"2,4 Dimethyl Acetophenone",0,8,1.0509042567498668
60,5,"2,4 Dimethyl Acetophenone",0,9,1.105809902568113
60,5,"2,4 Dimethyl Acetophenone",0,10,0.9988035023201007
60,5,"2,4 Dimethyl Acetophenone",0,11,1.0473666362935974
60,5,"2,4 Dimethyl Acetophenone",0,12,1.1074756148785099
60,5,"2,4 Dimethyl Acetophenone",0,13,1.128320706967007
60,5,"2,4 Dimethyl Acetophenone",0,14,1.0345809696231802
60,5,"2,4 Dimethyl Acetophenone",1,0,1.0484757285557564
60,5,"2,4 Dimethyl Acetophenone",1,1,1.1067664512193207
60,5,"2,4 Dimethyl Acetophenone",1,2,1.0591472382077938
60,5,"2,4 Dimethyl Acetophenone",1,3,1.0733254772942866
60,5,"2,4 Dimethyl Acetophenone",1,4,1.1191247949939886
60,5,"2,4 Dimethyl Acetophenone",1,5,1.062304506739942
60,5,"2,4 Dimethyl Acetophenone",1,6,1.005451563943075
60,5,"2,4 Dimethyl Acetophenone",1,7,1.032025216580267
60,5,"2,4 Dimethyl Acetophenone",1,8,1.0844668174333136
60,5,"2,4 Dimethyl Acetophenone",1,9,1.009531668065587
60,5,"2,4 Dimethyl Acetophenone",1,10,1.0721821773126095
60,5,"2,4 Dimethyl Acetophenone",1,11,1.0283847333547427
60,5,"2,4 Dimethyl Acetophenone",1,12,1.1496661542791262
60,5,"2,4 Dimethyl Acetophenone",1,13,1.1706742977951292
60,5,"2,4 Dimethyl Acetophenone",1,14,1.0417407099108196
60,6,4 Heptanone,0,0,1.1294100633191935
60,6,4 Heptanone,0,1,1.0807235668378028
60,6,4 Heptanone,0,2,1.1067670920354964
60,6,4 Heptanone,0,3,1.1912784892359092
60,6,4 Heptanone,0,4,1.1004721742086174
60,6,4 Heptanone,0,5,1.1076982176281922
60,6,4 Heptanone,0,6,1.0814385454285689
60,6,4 Heptanone,0,7,1.1649872912242714
60,6,4 Heptanone,0,8,0.9886090480167158
60,6,4 Heptanone,0,9,1.101427823256412
60,6,4 Heptanone,0,10,1.1173042723522584
60,6,4 Heptanone,0,11,1.0926966229236403
60,6,4 Heptanone,0,12,1.1536815364269235
60,6,4 Heptanone,0,13,1.1672208074764958
60,6,4 Heptanone,0,14,1.0626581356024962
60,6,4 Heptanone,1,0,1.2205004952645675
60,6,4 Heptanone,1,1,1.0798306761395946
60,6,4 Heptanone,1,2,1.188306256380769
60,6,4 Heptanone,1,3,1.142754137055163
60,6,4 Heptanone,1,4,1.1166129852291826
60,6,4 Heptanone,1,5,1.1203863519267019
60,6,4 Heptanone,1,6,1.1354205174873226
60,6,4 Heptanone,1,7,1.1450977435882865
60,6,4 Heptanone,1,8,1.0999548550588742
60,6,4 Heptanone,1,9,1.1274034308065997
60,6,4 Heptanone,1,10,1.1059341161966314
60,6,4 Heptanone,1,11,1.0881590480307803
60,6,4 Heptanone,1,12,1.1040685610154193
60,6,4 Heptanone,1,13,1.0907620438059176
60,6,4 Heptanone,1,14,1.1199548326037145
60,7,33 Dimethyl Butyric Acid,0,0,1.015591695598576
60,7,33 Dimethyl Butyric Acid,0,1,1.003121113546958
60,7,33 Dimethyl Butyric Acid,0,2,1.0772664904462654
60,7,33 Dimethyl Butyric Acid,0,3,0.9098745788310427
60,7,33 Dimethyl Butyric Acid,0,4,1.0170663380284068
60,7,33 Dimethyl Butyric Acid,0,5,0.9985495089208135
60,7,33 Dimethyl Butyric Acid,0,6,1.030919513074718
60,7,33 Dimethyl Butyric Acid,0,7,1.0269513075522558
60,7,33 Dimethyl Butyric Acid,0,8,0.9916930293744323
60,7,33 Dimethyl Butyric Acid,0,9,1.0051987507741096
60,7,33 Dimethyl Butyric Acid,0,10,0.9685299308631
60,7,33 Dimethyl Butyric Acid,0,11,1.0228398985540175
60,7,33 Dimethyl Butyric Acid,0,12,0.9231376572949314
60,7,33 Dimethyl Butyric Acid,0,13,1.0293657569258121
60,7,33 Dimethyl Butyric Acid,0,14,0.997365761610395
60,7,33 Dimethyl Butyric Acid,1,0,0.9568857868379106
60,7,33 Dimethyl Butyric Acid,1,1,0.9670669403732851
60,7,33 Dimethyl Butyric Acid,1,2,0.9700004189676189
60,7,33 Dimethyl Butyric Acid,1,3,1.028260418770374
60,7,33 Dimethyl Butyric Acid,1,4,1.1057080148810947
60,7,33 Dimethyl Butyric Acid,1,5,1.0251631013171694
60,7,33 Dimethyl Butyric Acid,1,6,0.9537552369155639
60,7,33 Dimethyl Butyric Acid,1,7,1.0015595413225653
60,7,33 Dimethyl Butyric Acid,1,8,1.0033014349934535
60,7,33 Dimethyl Butyric Acid,1,9,0.9393618394532653
60,7,33 Dimethyl Butyric Acid,1,10,0.9259362964623269
60,7,33 Dimethyl Butyric Acid,1,11,0.9738370311944826
60,7,33 Dimethyl Butyric Acid,1,12,1.0086765724592115
60,7,33 Dimethyl Butyric Acid,1,13,0.911895937647097
60,7,33 Dimethyl Butyric Acid,1,14,0.9475323536449779
60,8,2 Methyl Butyraldehyde,0,0,1.0108234681893267
60,8,2 Methyl Butyraldehyde,0,1,0.9895863443605337
60,8,2 Methyl Butyraldehyde,0,2,1.0445683446536704
60,8,2 Methyl Butyraldehyde,0,3,0.9314627016666568
60,8,2 Methyl Butyraldehyde,0,4,1.0820039971676887
60,8,2 Methyl Butyraldehyde,0,5,0.9263977020869273
60,8,2 Methyl Butyraldehyde,0,6,0.90675085107658
60,8,2 Methyl Butyraldehyde,0,7,0.9855608886498183
60,8,2 Methyl Butyraldehyde,0,8,0.9425390426998701
60,8,2 Methyl Butyraldehyde,0,9,0.9863671732679153
60,8,2 Methyl Butyraldehyde,0,10,0.9849683246715238
60,8,2 Methyl Butyraldehyde,0,11,0.9800864313454133
60,8,2 Methyl Butyraldehyde,0,12,0.9542209585418393
60,8,2 Methyl Butyraldehyde,0,13,1.0052236459328983
60,8,2 Methyl Butyraldehyde,0,14,0.9752239152390237
60,8,2 Methyl Butyraldehyde,1,0,1.016659774456943
60,8,2 Methyl Butyraldehyde,1,1,0.9652982895256202
60,8,2 Methyl Butyraldehyde,1,2,0.9339272827120889
60,8,2 Methyl Butyraldehyde,1,3,0.9050047575530171
60,8,2 Methyl Butyraldehyde,1,4,0.9656288023688177
60,8,2 Methyl Butyraldehyde,1,5,0.9217449967722476
60,8,2 Methyl Butyraldehyde,1,6,0.9185147054665614
60,8,2 Methyl Butyraldehyde,1,7,0.993611471992632
60,8,2 Methyl Butyraldehyde,1,8,0.9014063771802169
60,8,2 Methyl Butyraldehyde,1,9,1.029000914760069
60,8,2 Methyl Butyraldehyde,1,10,0.9789018350025741
60,8,2 Methyl Butyraldehyde,1,11,0.970759474385754
60,8,2 Methyl Butyraldehyde,1,12,0.9311225420047291
60,8,2 Methyl Butyraldehyde,1,13,1.00308807148047
60,8,2 Methyl Butyraldehyde,1,14,0.9723969822828568
60,9,m Anisaldehyde,0,0,1.1677961887710788
60,9,m Anisaldehyde,0,1,1.2032330423467743
60,9,m Anisaldehyde,0,2,1.1279286362631356
60,9,m Anisaldehyde,0,3,1.1298269692187453
60,9,m Anisaldehyde,0,4,1.1504326110686678
60,9,m Anisaldehyde,0,5,1.2092211451850994
60,9,m Anisaldehyde,0,6,1.1951097216084656
60,9,m Anisaldehyde,0,7,1.237199225102941
60,9,m Anisaldehyde,0,8,1.1584404603939678
60,9,m Anisaldehyde,0,9,1.2182267680999646
60,9,m Anisaldehyde,0,10,1.1906852323848995
60,9,m Anisaldehyde,0,11,1.1575182466910736
60,9,m Anisaldehyde,0,12,1.2106523613092277
60,9,m Anisaldehyde,0,13,1.1925995801509015
60,9,m Anisaldehyde,0,14,1.170075286714895
60,9,m Anisaldehyde,1,0,1.1847280438481744
60,9,m Anisaldehyde,1,1,1.177866864924915
60,9,m Anisaldehyde,1,2,1.1769005576217106
60,9,m Anisaldehyde,1,3,1.1665443543659788
60,9,m Anisaldehyde,1,4,1.1308501388066652
60,9,m Anisaldehyde,1,5,1.1860386969982055
60,9,m Anisaldehyde,1,6,1.150939505413554
60,9,m Anisaldehyde,1,7,1.142234925656648
60,9,m Anisaldehyde,1,8,1.1734200865983064
60,9,m Anisaldehyde,1,9,1.2124091421292977
60,9,m Anisaldehyde,1,10,1.19047262067005
60,9,m Anisaldehyde,1,11,1.161802392028107
60,9,m Anisaldehyde,1,12,1.1601942380476964
60,9,m Anisaldehyde,1,13,1.2084806108499615
60,9,m Anisaldehyde,1,14,1.087178649584521
62,0,"2,3 Pentanedione",0,0,1.1791981027896927
62,0,"2,3 Pentanedione",0,1,1.0723428722245
62,0,"2,3 Pentanedione",0,2,1.0906871868887944
62,0,"2,3 Pentanedione",0,3,1.1267328699711845
62,0,"2,3 Pentanedione",0,4,1.2341084689389474
62,0,"2,3 Pentanedione",0,5,1.2144002776222842
62,0,"2,3 Pentanedione",0,6,1.175563013453599
62,0,"2,3 Pentanedione",0,7,1.1615651983535316
62,0,"2,3 Pentanedione",0,8,1.0728124245012147
62,0,"2,3 Pentanedione",0,9,1.1535738297369416
62,0,"2,3 Pentanedione",0,10,1.1253346424793147
62,0,"2,3 Pentanedione",0,11,1.1146367298768047
62,0,"2,3 Pentanedione",0,12,1.1534956268207
62,0,"2,3 Pentanedione",0,13,1.1284591028438458
62,0,"2,3 Pentanedione",0,14,1.1820754850604676
62,0,"2,3 Pentanedione",1,0,1.0665806838632093
62,0,"2,3 Pentanedione",1,1,1.147019331461555
62,0,"2,3 Pentanedione",1,2,1.1088549856271541
62,0,"2,3 Pentanedione",1,3,1.1276334414110882
62,0,"2,3 Pentanedione",1,4,1.1562039313468855
62,0,"2,3 Pentanedione",1,5,1.0993265600633133
62,0,"2,3 Pentanedione",1,6,1.1505881601402146
62,0,"2,3 Pentanedione",1,7,1.1355253463593453
62,0,"2,3 Pentanedione",1,8,1.1175953999606403
62,0,"2,3 Pentanedione",1,9,1.125195975127279
62,0,"2,3 Pentanedione",1,10,1.137836798920239
62,0,"2,3 Pentanedione",1,11,1.1133054140651875
62,0,"2,3 Pentanedione",1,12,1.1443026535807403
62,0,"2,3 Pentanedione",1,13,1.132891809701073
62,0,"2,3 Pentanedione",1,14,1.1195675730850374
62,1,3 Methylvaleric Acid,0,0,1.025924816009733
62,1,3 Methylvaleric Acid,0,1,0.9789407235560783
62,1,3 Methylvaleric Acid,0,2,0.9470226373486953
62,1,3 Methylvaleric Acid,0,3,0.9681655438866018
62,1,3 Methylvaleric Acid,0,4,0.9212583211826731
62,1,3 Methylvaleric Acid,0,5,0.9448602623824701
62,1,3 Methylvaleric Acid,0,6,0.9495280286360835
62,1,3 Methylvaleric Acid,0,7,0.9124593702572181
62,1,3 Methylvaleric Acid,0,8,0.9778252885733902
62,1,3 Methylvaleric Acid,0,9,0.9421066185491005
62,1,3 Methylvaleric Acid,0,10,0.9481124599557174
62,1,3 Methylvaleric Acid,0,11,0.9395823322886793
62,1,3 Methylvaleric Acid,0,12,1.0806947502793376
62,1,3 Methylvaleric Acid,0,13,0.935826520646653
62,1,3 Methylvaleric Acid,0,14,0.8795840484981804
62,1,3 Methylvaleric Acid,1,0,0.8843892803094568
62,1,3 Methylvaleric Acid,1,1,0.9787586640556276
62,1,3 Methylvaleric Acid,1,2,1.0018446668151355
62,1,3 Methylvaleric Acid,1,3,0.9211146714928962
62,1,3 Methylvaleric Acid,1,4,0.9995445459332288
62,1,3 Methylvaleric Acid,1,5,0.978050159141512
62,1,3 Methylvaleric Acid,1,6,0.9408073539083667
62,1,3 Methylvaleric Acid,1,7,0.9379687077969888
62,1,3 Methylvaleric Acid,1,8,0.9556213682044364
62,1,3 Methylvaleric Acid,1,9,0.9834847920339559
62,1,3 Methylvaleric Acid,1,10,0.9642783417716112
62,1,3 Methylvaleric Acid,1,11,0.9213142270758624
62,1,3 Methylvaleric Acid,1,12,0.9414182772667579
62,1,3 Methylvaleric Acid,1,13,1.0276370973366873
62,1,3 Methylvaleric Acid,1,14,0.958435111039658
62,2,Acetic Acid,0,0,1.2538014791508238
62,2,Acetic Acid,0,1,1.2406238615654885
62,2,Acetic Acid,0,2,1.2299627718354273
62,2,Acetic Acid,0,3,1.223376418076122
62,2,Acetic Acid,0,4,1.2549240870885183
62,2,Acetic Acid,0,5,1.2477741514879466
62,2,Acetic Acid,0,6,1.229584201195981
62,2,Acetic Acid,0,7,1.1912779610536037
62,2,Acetic Acid,0,8,1.234450814297458
62,2,Acetic Acid,0,9,1.2163481446167959
62,2,Acetic Acid,0,10,1.206698225621716
62,2,Acetic Acid,0,11,1.326179501074162
62,2,Acetic Acid,0,12,1.157466409767206
62,2,Acetic Acid,0,13,1.2573689764378184
62,2,Acetic Acid,0,14,1.184521624305366
62,2,Acetic Acid,1,0,1.2553850987979676
62,2,Acetic Acid,1,1,1.352880779987839
62,2,Acetic Acid,1,2,1.2116425194312692
62,2,Acetic Acid,1,3,1.2211823730311413
62,2,Acetic Acid,1,4,1.2494367297381677
62,2,Acetic Acid,1,5,1.2162486009189772
62,2,Acetic Acid,1,6,1.2854995332618437
62,2,Acetic Acid,1,7,1.2287561017817
62,2,Acetic Acid,1,8,1.2762976648302053
62,2,Acetic Acid,1,9,1.196969713952229
62,2,Acetic Acid,1,10,1.1778640191380627
62,2,Acetic Acid,1,11,1.2409778800661098
62,2,Acetic Acid,1,12,1.187396965702728
62,2,Acetic Acid,1,13,1.31086803573485
62,2,Acetic Acid,1,14,1.188945139604432
62,3,Gerinol,0,0,1.0181176851963036
62,3,Gerinol,0,1,1.0761699481221159
62,3,Gerinol,0,2,1.0361705947006512
62,3,Gerinol,0,3,0.9988896339084273
62,3,Gerinol,0,4,1.14122371910601
62,3,Gerinol,0,5,1.0195598005767486
62,3,Gerinol,0,6,1.0517748404032696
62,3,Gerinol,0,7,1.0512574518988904
62,3,Gerinol,0,8,1.0880375187817946
62,3,Gerinol,0,9,1.078119251129974
62,3,Gerinol,0,10,1.0265531111938913
62,3,Gerinol,0,11,1.0465920640053992
62,3,Gerinol,0,12,1.050548255361459
62,3,Gerinol,0,13,1.089583532631074
62,3,Gerinol,0,14,1.0128922761087875
62,3,Gerinol,1,0,1.1387295432465314
62,3,Gerinol,1,1,1.0276377854779224
62,3,Gerinol,1,2,1.0576551451060363
62,3,Gerinol,1,3,1.0116055433885704
62,3,Gerinol,1,4,1.0060787605106754
62,3,Gerinol,1,5,1.023027984613195
62,3,Gerinol,1,6,1.01918419226973
62,3,Gerinol,1,7,1.041434840010107
62,3,Gerinol,1,8,1.0188465198257506
62,3,Gerinol,1,9,1.0858272178280686
62,3,Gerinol,1,10,1.0266857651635652
62,3,Gerinol,1,11,1.0222525012382235
62,3,Gerinol,1,12,1.0422863664116093
62,3,Gerinol,1,13,1.097718676124152
62,3,Gerinol,1,14,1.0666001679207162
62,4,n Methyl Piperdine,0,0,0.9074730440842305
62,4,n Methyl Piperdine,0,1,0.8541388344809822
62,4,n Methyl Piperdine,0,2,0.8657522868851809
62,4,n Methyl Piperdine,0,3,0.8603242276781443
62,4,n Methyl Piperdine,0,4,0.9637346742266232
62,4,n Methyl Piperdine,0,5,0.9326831502049951
62,4,n Methyl Piperdine,0,6,0.8769958049227615
62,4,n Methyl Piperdine,0,7,0.8888857595267031
62,4,n Methyl Piperdine,0,8,0.8784490182302359
62,4,n Methyl Piperdine,0,9,0.876026176624501
62,4,n Methyl Piperdine,0,10,0.9298726665283765
62,4,n Methyl Piperdine,0,11,0.8999591764483568
62,4,n Methyl Piperdine,0,12,0.9947073350516278
62,4,n Methyl Piperdine,0,13,0.9614750182604093
62,4,n Methyl Piperdine,0,14,0.9638398388983982
62,4,n Methyl Piperdine,1,0,0.9217420950694967
62,4,n Methyl Piperdine,1,1,0.8779814532512841
62,4,n Methyl Piperdine,1,2,0.918799451452755
62,4,n Methyl Piperdine,1,3,0.8809345082904253
62,4,n Methyl Piperdine,1,4,0.960098858100706
62,4,n Methyl Piperdine,1,5,0.9110589913935684
62,4,n Methyl Piperdine,1,6,0.9053822304156922
62,4,n Methyl Piperdine,1,7,0.899970722568752
62,4,n Methyl Piperdine,1,8,0.9644984731660059
62,4,n Methyl Piperdine,1,9,0.8375378027181002
62,4,n Methyl Piperdine,1,10,0.9684193291783206
62,4,n Methyl Piperdine,1,11,0.887441663773406
62,4,n Methyl Piperdine,1,12,0.8386418570389456
62,4,n Methyl Piperdine,1,13,0.8647994268058493
62,4,n Methyl Piperdine,1,14,0.8288555255626283
62,5,"2,4 Dimethyl Acetophenone",0,0,1.0942127797638352
62,5,"2,4 Dimethyl Acetophenone",0,1,1.0265347919265488
62,5,"2,4 Dimethyl Acetophenone",0,2,1.0748132165885977
62,5,"2,4 Dimethyl Acetophenone",0,3,1.1134351911470435
62,5,"2,4 Dimethyl Acetophenone",0,4,1.041185832797764
62,5,"2,4 Dimethyl Acetophenone",0,5,1.057342362219434
62,5,"2,4 Dimethyl Acetophenone",0,6,1.0159318455437691
62,5,"2,4 Dimethyl Acetophenone",0,7,1.0525322255823617
62,5,"2,4 Dimethyl Acetophenone",0,8,1.1710274549513446
62,5,"2,4 Dimethyl Acetophenone",0,9,1.0991838365048274
62,5,"2,4 Dimethyl Acetophenone",0,10,1.0574772931846654
62,5,"2,4 Dimethyl Acetophenone",0,11,1.0435989884931411
62,5,"2,4 Dimethyl Acetophenone",0,12,1.0663611741141523
62,5,"2,4 Dimethyl Acetophenone",0,13,1.0732685400281552
62,5,"2,4 Dimethyl Acetophenone",0,14,1.0513037216545793
62,5,"2,4 Dimethyl Acetophenone",1,0,1.0957260678273908
62,5,"2,4 Dimethyl Acetophenone",1,1,1.036385800394129
62,5,"2,4 Dimethyl Acetophenone",1,2,1.0361881929971748
62,5,"2,4 Dimethyl Acetophenone",1,3,1.0893315182785537
62,5,"2,4 Dimethyl Acetophenone",1,4,1.0277780298539696
62,5,"2,4 Dimethyl Acetophenone",1,5,1.1036843901110471
62,5,"2,4 Dimethyl Acetophenone",1,6,1.0739524755006682
62,5,"2,4 Dimethyl Acetophenone",1,7,1.001407331247857
62,5,"2,4 Dimethyl Acetophenone",1,8,1.0789036650189834
62,5,"2,4 Dimethyl Acetophenone",1,9,1.0071178350129857
62,5,"2,4 Dimethyl Acetophenone",1,10,1.102258180382772
62,5,"2,4 Dimethyl Acetophenone",1,11,1.0645751268265218
62,5,"2,4 Dimethyl Acetophenone",1,12,1.1485670686568183
62,5,"2,4 Dimethyl Acetophenone",1,13,1.1173762137714498
62,5,"2,4 Dimethyl Acetophenone",1,14,1.0320959997472725
62,6,4 Heptanone,0,0,1.0447450225463346
62,6,4 Heptanone,0,1,1.0953705668283362
62,6,4 Heptanone,0,2,1.0767242729867763
62,6,4 Heptanone,0,3,1.198604140575075
62,6,4 Heptanone,0,4,1.125162030728785
62,6,4 Heptanone,0,5,1.1629113692673179
62,6,4 Heptanone,0,6,1.1141733805979677
62,6,4 Heptanone,0,7,1.1183879175687654
62,6,4 Heptanone,0,8,1.1242695361996349
62,6,4 Heptanone,0,9,1.169836189843689
62,6,4 Heptanone,0,10,1.1380396073269752
62,6,4 Heptanone,0,11,1.0832812633609246
62,6,4 Heptanone,0,12,1.1904751826234479
62,6,4 Heptanone,0,13,1.1138619971405386
62,6,4 Heptanone,0,14,1.1073538121449253
62,6,4 Heptanone,1,0,1.0356597708551676
62,6,4 Heptanone,1,1,1.1742159665915826
62,6,4 Heptanone,1,2,1.1528804885316044
62,6,4 Heptanone,1,3,1.152837009209205
62,6,4 Heptanone,1,4,1.1327269961006963
62,6,4 Heptanone,1,5,1.1258312693398178
62,6,4 Heptanone,1,6,1.1340567658719118
62,6,4 Heptanone,1,7,1.1673664177902203
62,6,4 Heptanone,1,8,1.1744046938664632
62,6,4 Heptanone,1,9,1.1395987194101451
62,6,4 Heptanone,1,10,1.1867974827177994
62,6,4 Heptanone,1,11,1.14568101570443
62,6,4 Heptanone,1,12,1.1286709262201828
62,6,4 Heptanone,1,13,1.1567766059414237
62,6,4 Heptanone,1,14,1.0944645262053747
62,7,33 Dimethyl Butyric Acid,0,0,1.0134282754597825
62,7,33 Dimethyl Butyric Acid,0,1,0.9424322588755577
62,7,33 Dimethyl Butyric Acid,0,2,0.963010464697262
62,7,33 Dimethyl Butyric Acid,0,3,0.9233718868279477
62,7,33 Dimethyl Butyric Acid,0,4,0.9971148649897525
62,7,33 Dimethyl Butyric Acid,0,5,1.0685048911889763
62,7,33 Dimethyl Butyric Acid,0,6,0.9994364766533552
62,7,33 Dimethyl Butyric Acid,0,7,1.0298629582739376
62,7,33 Dimethyl Butyric Acid,0,8,1.0982120989891082
62,7,33 Dimethyl Butyric Acid,0,9,1.0202817770214165
62,7,33 Dimethyl Butyric Acid,0,10,0.9735110613130917
62,7,33 Dimethyl Butyric Acid,0,11,0.9790167989871791
62,7,33 Dimethyl Butyric Acid,0,12,1.004145871425533
62,7,33 Dimethyl Butyric Acid,0,13,0.9788037572861756
62,7,33 Dimethyl Butyric Acid,0,14,0.9817960631040753
62,7,33 Dimethyl Butyric Acid,1,0,1.0193733665235762
62,7,33 Dimethyl Butyric Acid,1,1,1.021009461384085
62,7,33 Dimethyl Butyric Acid,1,2,0.91408751087125
62,7,33 Dimethyl Butyric Acid,1,3,0.9472364294371878
62,7,33 Dimethyl Butyric Acid,1,4,0.9614030346766609
62,7,33 Dimethyl Butyric Acid,1,5,1.0039267679998067
62,7,33 Dimethyl Butyric Acid,1,6,1.0256862336934227
62,7,33 Dimethyl Butyric Acid,1,7,1.088041927524152
62,7,33 Dimethyl Butyric Acid,1,8,0.9613362783018901
62,7,33 Dimethyl Butyric Acid,1,9,0.9633340615795154
62,7,33 Dimethyl Butyric Acid,1,10,1.003506010778705
62,7,33 Dimethyl Butyric Acid,1,11,0.9526745413950022
62,7,33 Dimethyl Butyric Acid,1,12,0.9743247356935758
62,7,33 Dimethyl Butyric Acid,1,13,0.9633616858018547
62,7,33 Dimethyl Butyric Acid,1,14,0.8750970532770294
62,8,2 Methyl Butyraldehyde,0,0,0.9872962063921551
62,8,2 Methyl Butyraldehyde,0,1,0.9750724388139816
62,8,2 Methyl Butyraldehyde,0,2,1.0332161191963691
62,8,2 Methyl Butyraldehyde,0,3,0.9825864934875475
62,8,2 Methyl Butyraldehyde,0,4,0.9321769780535263
62,8,2 Methyl Butyraldehyde,0,5,0.9720429222669122
62,8,2 Methyl Butyraldehyde,0,6,0.8987235634606281
62,8,2 Methyl Butyraldehyde,0,7,0.9339301637781076
62,8,2 Methyl Butyraldehyde,0,8,1.0077871159122131
62,8,2 Methyl Butyraldehyde,0,9,0.9724732595879467
62,8,2 Methyl Butyraldehyde,0,10,1.0192672067660158
62,8,2 Methyl Butyraldehyde,0,11,0.9036911871509713
62,8,2 Methyl Butyraldehyde,0,12,0.9726684212931431
62,8,2 Methyl Butyraldehyde,0,13,0.9633463772505818
62,8,2 Methyl Butyraldehyde,0,14,1.0206008204906214
62,8,2 Methyl Butyraldehyde,1,0,0.9701262491734192
62,8,2 Methyl Butyraldehyde,1,1,0.9689058244502862
62,8,2 Methyl Butyraldehyde,1,2,1.0048721399701184
62,8,2 Methyl Butyraldehyde,1,3,0.9284922540752916
62,8,2 Methyl Butyraldehyde,1,4,0.996618971858783
62,8,2 Methyl Butyraldehyde,1,5,0.9014474924115649
62,8,2 Methyl Butyraldehyde,1,6,0.8999806284561265
62,8,2 Methyl Butyraldehyde,1,7,0.9733256013066878
62,8,2 Methyl Butyraldehyde,1,8,0.8830261089104022
62,8,2 Methyl Butyraldehyde,1,9,0.9661263635835126
62,8,2 Methyl Butyraldehyde,1,10,0.9472682661956073
62,8,2 Methyl Butyraldehyde,1,11,0.9860898475929492
62,8,2 Methyl Butyraldehyde,1,12,0.9408379798485587
62,8,2 Methyl Butyraldehyde,1,13,0.9454576962985753
62,8,2 Methyl Butyraldehyde,1,14,0.9635863381637505
62,9,m Anisaldehyde,0,0,1.1676849034487953
62,9,m Anisaldehyde,0,1,1.1659426331515774
62,9,m Anisaldehyde,0,2,1.213168063044923
62,9,m Anisaldehyde,0,3,1.1930193730859608
62,9,m Anisaldehyde,0,4,1.1778983287590152
62,9,m Anisaldehyde,0,5,1.1908795214632797
62,9,m Anisaldehyde,0,6,1.2579732657647196
62,9,m Anisaldehyde,0,7,1.1764701491815905
62,9,m Anisaldehyde,0,8,1.1753101009199056
62,9,m Anisaldehyde,0,9,1.1258931164646866
62,9,m Anisaldehyde,0,10,1.1924967679249017
62,9,m Anisaldehyde,0,11,1.2204662259008021
62,9,m Anisaldehyde,0,12,1.227638810078421
62,9,m Anisaldehyde,0,13,1.1985195895164076
62,9,m Anisaldehyde,0,14,1.2324242283744218
62,9,m Anisaldehyde,1,0,1.1859371956344829
62,9,m Anisaldehyde,1,1,1.2012059887469635
62,9,m Anisaldehyde,1,2,1.1960600857783756
62,9,m Anisaldehyde,1,3,1.2194871074035631
62,9,m Anisaldehyde,1,4,1.1499002528966231
62,9,m Anisaldehyde,1,5,1.1036056578648128
62,9,m Anisaldehyde,1,6,1.1832367293066899
62,9,m Anisaldehyde,1,7,1.187910107132184
62,9,m Anisaldehyde,1,8,1.2194877952945187
62,9,m Anisaldehyde,1,9,1.2079395938060613
62,9,m Anisaldehyde,1,10,1.2345068777938557
62,9,m Anisaldehyde,1,11,1.1814821387723344
62,9,m Anisaldehyde,1,12,1.1658404032368181
62,9,m Anisaldehyde,1,13,1.1012886547062433
62,9,m Anisaldehyde,1,14,1.1690118409398362
64,0,"2,3 Pentanedione",0,0,1.1090482110185056
64,0,"2,3 Pentanedione",0,1,1.1396087458306572
64,0,"2,3 Pentanedione",0,2,1.1333288727457445
64,0,"2,3 Pentanedione",0,3,1.1500176888473637
64,0,"2,3 Pentanedione",0,4,1.127255116911818
64,0,"2,3 Pentanedione",0,5,1.1685491529226617
64,0,"2,3 Pentanedione",0,6,1.022222172778356
64,0,"2,3 Pentanedione",0,7,1.1387480882996721
64,0,"2,3 Pentanedione",0,8,1.1792479364594608
64,0,"2,3 Pentanedione",0,9,1.2059502856316069
64,0,"2,3 Pentanedione",0,10,1.1604267988287609
64,0,"2,3 Pentanedione",0,11,1.1985436661966598
64,0,"2,3 Pentanedione",0,12,1.137905785123708
64,0,"2,3 Pentanedione",0,13,1.1312628483304408
64,0,"2,3 Pentanedione",0,14,1.1523249710224683
64,0,"2,3 Pentanedione",1,0,1.1334803375065918
64,0,"2,3 Pentanedione",1,1,1.10231381010154
64,0,"2,3 Pentanedione",1,2,1.1129984990569586
64,0,"2,3 Pentanedione",1,3,1.0891219925791882
64,0,"2,3 Pentanedione",1,4,1.1547431926168443
64,0,"2,3 Pentanedione",1,5,1.1340637813222536
64,0,"2,3 Pentanedione",1,6,1.1191966641519107
64,0,"2,3 Pentanedione",1,7,1.1109407585487427
64,0,"2,3 Pentanedione",1,8,1.1538103626702194
64,0,"2,3 Pentanedione",1,9,1.1648260360466374
64,0,"2,3 Pentanedione",1,10,1.0883875489620272
64,0,"2,3 Pentanedione",1,11,1.0821007220312098
64,0,"2,3 Pentanedione",1,12,1.171788507047075
64,0,"2,3 Pentanedione",1,13,1.0786027792826907
64,0,"2,3 Pentanedione",1,14,1.155507582175134
64,1,3 Methylvaleric Acid,0,0,1.0089167201173346
64,1,3 Methylvaleric Acid,0,1,1.0090097443028994
64,1,3 Methylvaleric Acid,0,2,0.9737552557924577
64,1,3 Methylvaleric Acid,0,3,0.9725927327800589
64,1,3 Methylvaleric Acid,0,4,1.0343166501750323
64,1,3 Methylvaleric Acid,0,5,0.8508645256514232
64,1,3 Methylvaleric Acid,0,6,0.9256669251239487
64,1,3 Methylvaleric Acid,0,7,0.9781800261302381
64,1,3 Methylvaleric Acid,0,8,0.9307488718534958
64,1,3 Methylvaleric Acid,0,9,0.9938314845114554
64,1,3 Methylvaleric Acid,0,10,0.9426661897547663
64,1,3 Methylvaleric Acid,0,11,0.9495101065806779
64,1,3 Methylvaleric Acid,0,12,0.9332533655973365
64,1,3 Methylvaleric Acid,0,13,0.9233399138148516
64,1,3 Methylvaleric Acid,0,14,0.922355953641268
64,1,3 Methylvaleric Acid,1,0,0.9592755546040832
64,1,3 Methylvaleric Acid,1,1,0.9174463040976975
64,1,3 Methylvaleric Acid,1,2,0.9865570980702637
64,1,3 Methylvaleric Acid,1,3,0.974557939714725
64,1,3 Methylvaleric Acid,1,4,0.9924055603694057
64,1,3 Methylvaleric Acid,1,5,0.9032719284908922
64,1,3 Methylvaleric Acid,1,6,0.8804498408591543
64,1,3 Methylvaleric Acid,1,7,0.9482614725053417
64,1,3 Methylvaleric Acid,1,8,1.064380927272993
64,1,3 Methylvaleric Acid,1,9,0.9990772538543949
64,1,3 Methylvaleric Acid,1,10,0.9262510503903436
64,1,3 Methylvaleric Acid,1,11,0.9654093881078658
64,1,3 Methylvaleric Acid,1,12,0.9775323790283595
64,1,3 Methylvaleric Acid,1,13,0.8936933731012977
64,1,3 Methylvaleric Acid,1,14,1.0032139374919964
64,2,Acetic Acid,0,0,1.216767785152911
64,2,Acetic Acid,0,1,1.2198375164414343
64,2,Acetic Acid,0,2,1.224416136603103
64,2,Acetic Acid,0,3,1.2692463557980647
64,2,Acetic Acid,0,4,1.1932574638976925
64,2,Acetic Acid,0,5,1.1551859500343706
64,2,Acetic Acid,0,6,1.2363829619417506
64,2,Acetic Acid,0,7,1.1417184267788236
64,2,Acetic Acid,0,8,1.2114206064203272
64,2,Acetic Acid,0,9,1.2709397218201015
64,2,Acetic Acid,0,10,1.2466285063660982
64,2,Acetic Acid,0,11,1.2651589928547597
64,2,Acetic Acid,0,12,1.248278804833862
64,2,Acetic Acid,0,13,1.3198781297770852
64,2,Acetic Acid,0,14,1.1999351651194763
64,2,Acetic Acid,1,0,1.2431223979874493
64,2,Acetic Acid,1,1,1.2096723120586104
64,2,Acetic Acid,1,2,1.2654691817037111
64,2,Acetic Acid,1,3,1.2247341358650965
64,2,Acetic Acid,1,4,1.2959509260848783
64,2,Acetic Acid,1,5,1.2059644926910373
64,2,Acetic Acid,1,6,1.2834821919357957
64,2,Acetic Acid,1,7,1.2509227121288753
64,2,Acetic Acid,1,8,1.2258986881436371
64,2,Acetic Acid,1,9,1.2488948244215134
64,2,Acetic Acid,1,10,1.237647706408284
64,2,Acetic Acid,1,11,1.2414353181171889
64,2,Acetic Acid,1,12,1.2189222879833408
64,2,Acetic Acid,1,13,1.1991335906049168
64,2,Acetic Acid,1,14,1.213794286108615
64,3,Gerinol,0,0,0.9994676229717239
64,3,Gerinol,0,1,1.1004713553909578
64,3,Gerinol,0,2,1.0173868632026335
64,3,Gerinol,0,3,1.0580875398802247
64,3,Gerinol,0,4,1.092715223748894
64,3,Gerinol,0,5,1.100369290773649
64,3,Gerinol,0,6,0.9958073446161632
64,3,Gerinol,0,7,1.0631194990806496
64,3,Gerinol,0,8,1.0851832100676055
64,3,Gerinol,0,9,1.0688740664601457
64,3,Gerinol,0,10,1.1205564203965945
64,3,Gerinol,0,11,1.0339211460930686
64,3,Gerinol,0,12,0.9848317768820448
64,3,Gerinol,0,13,1.0992064627603937
64,3,Gerinol,0,14,1.0453099773049133
64,3,Gerinol,1,0,0.981645179373231
64,3,Gerinol,1,1,1.0456463076540121
64,3,Gerinol,1,2,1.101209122313939
64,3,Gerinol,1,3,1.001456698564163
64,3,Gerinol,1,4,1.1454266414345617
64,3,Gerinol,1,5,1.0184715394952044
64,3,Gerinol,1,6,1.055467237441701
64,3,Gerinol,1,7,1.0032215065627665
64,3,Gerinol,1,8,1.0536512172245116
64,3,Gerinol,1,9,1.046636890406324
64,3,Gerinol,1,10,0.9924070471834275
64,3,Gerinol,1,11,1.1650198820347073
64,3,Gerinol,1,12,1.0321733165159233
64,3,Gerinol,1,13,1.0322083009844298
64,3,Gerinol,1,14,1.0907482384508171
64,4,n Methyl Piperdine,0,0,0.9761556345109512
64,4,n Methyl Piperdine,0,1,0.9486429138971846
64,4,n Methyl Piperdine,0,2,0.8555382342559491
64,4,n Methyl Piperdine,0,3,0.9121417995567991
64,4,n Methyl Piperdine,0,4,0.8283305398816128
64,4,n Methyl Piperdine,0,5,0.9396536424299068
64,4,n Methyl Piperdine,0,6,0.8381779136357941
64,4,n Methyl Piperdine,0,7,0.871457386232643
64,4,n Methyl Piperdine,0,8,0.9034573790157601
64,4,n Methyl Piperdine,0,9,0.921385701622653
64,4,n Methyl Piperdine,0,10,0.8931480542411998
64,4,n Methyl Piperdine,0,11,0.9643487862463278
64,4,n Methyl Piperdine,0,12,0.9325150224647037
64,4,n Methyl Piperdine,0,13,0.9293744293395809
64,4,n Methyl Piperdine,0,14,0.8544094030976259
64,4,n Methyl Piperdine,1,0,0.9615353512895264
64,4,n Methyl Piperdine,1,1,0.8614380296165699
64,4,n Methyl Piperdine,1,2,0.9630623327071941
64,4,n Methyl Piperdine,1,3,0.9744484376647332
64,4,n Methyl Piperdine,1,4,0.9140668966822613
64,4,n Methyl Piperdine,1,5,0.9348411592948871
64,4,n Methyl Piperdine,1,6,0.7702438448654356
64,4,n Methyl Piperdine,1,7,0.8857605387680952
64,4,n Methyl Piperdine,1,8,0.9376472609844919
64,4,n Methyl Piperdine,1,9,0.9305410461202737
64,4,n Methyl Piperdine,1,10,0.8447717018637152
64,4,n Methyl Piperdine,1,11,0.8818117537929954
64,4,n Methyl Piperdine,1,12,0.7921060151796644
64,4,n Methyl Piperdine,1,13,0.9100803489946204
64,4,n Methyl Piperdine,1,14,0.8182274993386374
64,5,"2,4 Dimethyl Acetophenone",0,0,1.1335514387042287
64,5,"2,4 Dimethyl Acetophenone",0,1,1.135641319421422
64,5,"2,4 Dimethyl Acetophenone",0,2,1.0693576524164659
64,5,"2,4 Dimethyl Acetophenone",0,3,1.1091833622108893
64,5,"2,4 Dimethyl Acetophenone",0,4,1.0796483760303055
64,5,"2,4 Dimethyl Acetophenone",0,5,1.0980086607933204
64,5,"2,4 Dimethyl Acetophenone",0,6,1.0424419480629998
64,5,"2,4 Dimethyl Acetophenone",0,7,1.1132320299223222
64,5,"2,4 Dimethyl Acetophenone",0,8,1.0226849157837492
64,5,"2,4 Dimethyl Acetophenone",0,9,1.0151351184995505
64,5,"2,4 Dimethyl Acetophenone",0,10,1.083455192326046
64,5,"2,4 Dimethyl Acetophenone",0,11,1.0798825938082746
64,5,"2,4 Dimethyl Acetophenone",0,12,1.0992243942147957
64,5,"2,4 Dimethyl Acetophenone",0,13,1.0623520253832726
64,5,"2,4 Dimethyl Acetophenone",0,14,1.1637599916241492
64,5,"2,4 Dimethyl Acetophenone",1,0,1.0936745731202755
64,5,"2,4 Dimethyl Acetophenone",1,1,1.0965656446857468
64,5,"2,4 Dimethyl Acetophenone",1,2,1.0951397286413798
64,5,"2,4 Dimethyl Acetophenone",1,3,1.127366768303021
64,5,"2,4 Dimethyl Acetophenone",1,4,1.1102910701244764
64,5,"2,4 Dimethyl Acetophenone",1,5,1.104931089533429
64,5,"2,4 Dimethyl Acetophenone",1,6,1.1166897377397216
64,5,"2,4 Dimethyl Acetophenone",1,7,1.0142657880632102
64,5,"2,4 Dimethyl Acetophenone",1,8,1.0157764675216667
64,5,"2,4 Dimethyl Acetophenone",1,9,1.08420802373304
64,5,"2,4 Dimethyl Acetophenone",1,10,1.0793434182378219
64,5,"2,4 Dimethyl Acetophenone",1,11,1.1104427673070263
64,5,"2,4 Dimethyl Acetophenone",1,12,1.088051049632438
64,5,"2,4 Dimethyl Acetophenone",1,13,1.1105249709232663
64,5,"2,4 Dimethyl Acetophenone",1,14,1.0374265627626464
64,6,4 Heptanone,0,0,1.1511700505965345
64,6,4 Heptanone,0,1,1.0979575638945709
64,6,4 Heptanone,0,2,1.1670741507877382
64,6,4 Heptanone,0,3,1.0764684317183495
64,6,4 Heptanone,0,4,1.1655322373545174
64,6,4 Heptanone,0,5,1.0928398581769978
64,6,4 Heptanone,0,6,1.1362587216840105
64,6,4 Heptanone,0,7,1.1873969410708523
64,6,4 Heptanone,0,8,1.1606950329568189
64,6,4 Heptanone,0,9,1.0857734244639101
64,6,4 Heptanone,0,10,1.1247040796251213
64,6,4 Heptanone,0,11,1.0915446923938101
64,6,4 Heptanone,0,12,1.0838094934286746
64,6,4 Heptanone,0,13,1.1563063604582413
64,6,4 Heptanone,0,14,1.1740117671552863
64,6,4 Heptanone,1,0,1.1720940341341581
64,6,4 Heptanone,1,1,1.1785748699007206
64,6,4 Heptanone,1,2,1.1539933632700978
64,6,4 Heptanone,1,3,1.1435341885555317
64,6,4 Heptanone,1,4,1.1115470242230379
64,6,4 Heptanone,1,5,1.1368666104355105
64,6,4 Heptanone,1,6,1.1016158618924836
64,6,4 Heptanone,1,7,1.1206631762204537
64,6,4 Heptanone,1,8,1.1580268721230522
64,6,4 Heptanone,1,9,1.1497575538038936
64,6,4 Heptanone,1,10,1.2770589188213215
64,6,4 Heptanone,1,11,1.1006379734053302
64,6,4 Heptanone,1,12,1.1494658484722593
64,6,4 Heptanone,1,13,1.0975205128573815
64,6,4 Heptanone,1,14,1.1389583622667325
64,7,33 Dimethyl Butyric Acid,0,0,0.9945798139871959
64,7,33 Dimethyl Butyric Acid,0,1,1.0422587423211287
64,7,33 Dimethyl Butyric Acid,0,2,0.9904768797030864
64,7,33 Dimethyl Butyric Acid,0,3,1.0008107572695568
64,7,33 Dimethyl Butyric Acid,0,4,0.9912508227729144
64,7,33 Dimethyl Butyric Acid,0,5,0.9524214715095148
64,7,33 Dimethyl Butyric Acid,0,6,0.9823794464000789
64,7,33 Dimethyl Butyric Acid,0,7,0.9931860726684505
64,7,33 Dimethyl Butyric Acid,0,8,1.0114165766080587
64,7,33 Dimethyl Butyric Acid,0,9,1.0308214327607963
64,7,33 Dimethyl Butyric Acid,0,10,0.9990796808833621
64,7,33 Dimethyl Butyric Acid,0,11,0.9983764907125494
64,7,33 Dimethyl Butyric Acid,0,12,0.9396310149323212
64,7,33 Dimethyl Butyric Acid,0,13,1.0300529219620573
64,7,33 Dimethyl Butyric Acid,0,14,0.9806276257858016
64,7,33 Dimethyl Butyric Acid,1,0,1.0077570762038375
64,7,33 Dimethyl Butyric Acid,1,1,1.0305297445888142
64,7,33 Dimethyl Butyric Acid,1,2,0.9703555456069262
64,7,33 Dimethyl Butyric Acid,1,3,0.9369396954440107
64,7,33 Dimethyl Butyric Acid,1,4,0.9772042021511944
64,7,33 Dimethyl Butyric Acid,1,5,0.9918202265953919
64,7,33 Dimethyl Butyric Acid,1,6,0.9652513466247775
64,7,33 Dimethyl Butyric Acid,1,7,0.9553106102994734
64,7,33 Dimethyl Butyric Acid,1,8,1.0004134351025429
64,7,33 Dimethyl Butyric Acid,1,9,0.9977752776624141
64,7,33 Dimethyl Butyric Acid,1,10,0.9640205610615601
64,7,33 Dimethyl Butyric Acid,1,11,0.9117095000642188
64,7,33 Dimethyl Butyric Acid,1,12,0.9961272740898245
64,7,33 Dimethyl Butyric Acid,1,13,0.9471790589369913
64,7,33 Dimethyl Butyric Acid,1,14,0.9864457896894587
64,8,2 Methyl Butyraldehyde,0,0,0.9783746638471977
64,8,2 Methyl Butyraldehyde,0,1,0.8967704774983297
64,8,2 Methyl Butyraldehyde,0,2,0.9755716419564993
64,8,2 Methyl Butyraldehyde,0,3,0.9929096755950145
64,8,2 Methyl Butyraldehyde,0,4,0.9978144711924558
64,8,2 Methyl Butyraldehyde,0,5,0.9770230046238888
64,8,2 Methyl Butyraldehyde,0,6,0.8932409328220527
64,8,2 Methyl Butyraldehyde,0,7,1.0234116170675018
64,8,2 Methyl Butyraldehyde,0,8,0.9887692812817395
64,8,2 Methyl Butyraldehyde,0,9,0.9241956014052172
64,8,2 Methyl Butyraldehyde,0,10,0.9408178529737053
64,8,2 Methyl Butyraldehyde,0,11,0.9815773429518171
64,8,2 Methyl Butyraldehyde,0,12,0.9995197423119665
64,8,2 Methyl Butyraldehyde,0,13,0.9528098603261282
64,8,2 Methyl Butyraldehyde,0,14,1.0053493908751994
64,8,2 Methyl Butyraldehyde,1,0,0.8899280664964805
64,8,2 Methyl Butyraldehyde,1,1,0.9199403792167361
64,8,2 Methyl Butyraldehyde,1,2,0.8790641792668044
64,8,2 Methyl Butyraldehyde,1,3,0.9257425339456999
64,8,2 Methyl Butyraldehyde,1,4,1.0219618270422515
64,8,2 Methyl Butyraldehyde,1,5,1.0439508290439037
64,8,2 Methyl Butyraldehyde,1,6,0.9710223583897053
64,8,2 Methyl Butyraldehyde,1,7,0.9361015713697455
64,8,2 Methyl Butyraldehyde,1,8,0.9527731436264499
64,8,2 Methyl Butyraldehyde,1,9,0.9805723352938085
64,8,2 Methyl Butyraldehyde,1,10,0.8991195055949244
64,8,2 Methyl Butyraldehyde,1,11,0.9387387726212394
64,8,2 Methyl Butyraldehyde,1,12,1.0190344626384975
64,8,2 Methyl Butyraldehyde,1,13,0.9198103368873531
64,8,2 Methyl Butyraldehyde,1,14,0.9316777436900259
64,9,m Anisaldehyde,0,0,1.1824669315783691
64,9,m Anisaldehyde,0,1,1.1932648757192998
64,9,m Anisaldehyde,0,2,1.1569390234911328
64,9,m Anisaldehyde,0,3,1.1850177606691898
64,9,m Anisaldehyde,0,4,1.2062567666886892
64,9,m Anisaldehyde,0,5,1.2603972582896574
64,9,m Anisaldehyde,0,6,1.1768894101617202
64,9,m Anisaldehyde,0,7,1.180287292725489
64,9,m Anisaldehyde,0,8,1.243037279178292
64,9,m Anisaldehyde,0,9,1.1599725510071877
64,9,m Anisaldehyde,0,10,1.1289650640286244
64,9,m Anisaldehyde,0,11,1.19194914436547
64,9,m Anisaldehyde,0,12,1.2249861863426281
64,9,m Anisaldehyde,0,13,1.196381070747099
64,9,m Anisaldehyde,0,14,1.1780585590372217
64,9,m Anisaldehyde,1,0,1.1264408809131974
64,9,m Anisaldehyde,1,1,1.182041846027856
64,9,m Anisaldehyde,1,2,1.2337028128912444
64,9,m Anisaldehyde,1,3,1.135011932577022
64,9,m Anisaldehyde,1,4,1.17458672888646
64,9,m Anisaldehyde,1,5,1.1688772265522565
64,9,m Anisaldehyde,1,6,1.156468433013081
64,9,m Anisaldehyde,1,7,1.1942935360193512
64,9,m Anisaldehyde,1,8,1.2021088254888312
64,9,m Anisaldehyde,1,9,1.2016896920303284
64,9,m Anisaldehyde,1,10,1.145304225293986
64,9,m Anisaldehyde,1,11,1.1185372680652437
64,9,m Anisaldehyde,1,12,1.19487215329982
64,9,m Anisaldehyde,1,13,1.164139854179285
64,9,m Anisaldehyde,1,14,1.2579091110260623
66,0,"2,3 Pentanedione",0,0,1.210804827961709
66,0,"2,3 Pentanedione",0,1,1.2150520318969529
66,0,"2,3 Pentanedione",0,2,1.0978200040797226
66,0,"2,3 Pentanedione",0,3,1.1581992035907949
66,0,"2,3 Pentanedione",0,4,1.1702625408111706
66,0,"2,3 Pentanedione",0,5,1.1657586094628873
66,0,"2,3 Pentanedione",0,6,1.1212485223533568
66,0,"2,3 Pentanedione",0,7,1.1865910362397243
66,0,"2,3 Pentanedione",0,8,1.1354434395757722
66,0,"2,3 Pentanedione",0,9,1.1405486851185287
66,0,"2,3 Pentanedione",0,10,1.0739111020500254
66,0,"2,3 Pentanedione",0,11,1.1612150389040308
66,0,"2,3 Pentanedione",0,12,1.1250079715782149
66,0,"2,3 Pentanedione",0,13,1.1540155946051323
66,0,"2,3 Pentanedione",0,14,1.1448289881132958
66,0,"2,3 Pentanedione",1,0,1.150928550780088
66,0,"2,3 Pentanedione",1,1,1.1418625448148698
66,0,"2,3 Pentanedione",1,2,1.1751550770999553
66,0,"2,3 Pentanedione",1,3,1.1357353862381345
66,0,"2,3 Pentanedione",1,4,1.085483190935418
66,0,"2,3 Pentanedione",1,5,1.1664493119684944
66,0,"2,3 Pentanedione",1,6,1.1113308667170716
66,0,"2,3 Pentanedione",1,7,1.0907206140062515
66,0,"2,3 Pentanedione",1,8,1.1028013543478332
66,0,"2,3 Pentanedione",1,9,1.155024382887814
66,0,"2,3 Pentanedione",1,10,1.1398303355897432
66,0,"2,3 Pentanedione",1,11,1.0583837665266234
66,0,"2,3 Pentanedione",1,12,1.1283448499914304
66,0,"2,3 Pentanedione",1,13,1.1904603367125277
66,0,"2,3 Pentanedione",1,14,1.125639260876202
66,1,3 Methylvaleric Acid,0,0,0.9442006373435317
66,1,3 Methylvaleric Acid,0,1,0.9925393569737214
66,1,3 Methylvaleric Acid,0,2,0.9826392698088168
66,1,3 Methylvaleric Acid,0,3,0.9916897429867038
66,1,3 Methylvaleric Acid,0,4,0.8399175550784872
66,1,3 Methylvaleric Acid,0,5,1.0201606210183198
66,1,3 Methylvaleric Acid,0,6,0.9762757168977525
66,1,3 Methylvaleric Acid,0,7,1.0492787560416013
66,1,3 Methylvaleric Acid,0,8,0.919526658249664
66,1,3 Methylvaleric Acid,0,9,0.8802816752546789
66,1,3 Methylvaleric Acid,0,10,0.9511084377496424
66,1,3 Methylvaleric Acid,0,11,0.9398048062903489
66,1,3 Methylvaleric Acid,0,12,0.9769662588252281
66,1,3 Methylvaleric Acid,0,13,0.9938168332640895
66,1,3 Methylvaleric Acid,0,14,0.9473279336854554
66,1,3 Methylvaleric Acid,1,0,0.9589482146725795
66,1,3 Methylvaleric Acid,1,1,0.9894853292857336
66,1,3 Methylvaleric Acid,1,2,0.9583233898773886
66,1,3 Methylvaleric Acid,1,3,0.9549772524692169
66,1,3 Methylvaleric Acid,1,4,1.0100619340521
66,1,3 Methylvaleric Acid,1,5,1.0189676507812313
66,1,3 Methylvaleric Acid,1,6,1.0119351862596122
66,1,3 Methylvaleric Acid,1,7,0.9618473479960675
66,1,3 Methylvaleric Acid,1,8,0.8829849769949611
66,1,3 Methylvaleric Acid,1,9,0.9626482930493746
66,1,3 Methylvaleric Acid,1,10,0.9382573359980065
66,1,3 Methylvaleric Acid,1,11,0.963387535744665
66,1,3 Methylvaleric Acid,1,12,0.9417329007963842
66,1,3 Methylvaleric Acid,1,13,0.9677469422864644
66,1,3 Methylvaleric Acid,1,14,0.9270055113358259
66,2,Acetic Acid,0,0,1.1768990983020635
66,2,Acetic Acid,0,1,1.2770354550736345
66,2,Acetic Acid,0,2,1.1893414912360925
66,2,Acetic Acid,0,3,1.2281410607810528
66,2,Acetic Acid,0,4,1.266308389634912
66,2,Acetic Acid,0,5,1.2646999608199816
66,2,Acetic Acid,0,6,1.2599217239674128
66,2,Acetic Acid,0,7,1.24024245635086
66,2,Acetic Acid,0,8,1.2570879281122727
66,2,Acetic Acid,0,9,1.283051321075045
66,2,Acetic Acid,0,10,1.2451286995306137
66,2,Acetic Acid,0,11,1.1546397018982313
66,2,Acetic Acid,0,12,1.2069864675247948
66,2,Acetic Acid,0,13,1.2559825986396822
66,2,Acetic Acid,0,14,1.2030439584224226
66,2,Acetic Acid,1,0,1.3037237688377192
66,2,Acetic Acid,1,1,1.2363923301327162
66,2,Acetic Acid,1,2,1.2423294741137507
66,2,Acetic Acid,1,3,1.2839092912154428
66,2,Acetic Acid,1,4,1.2316055273670017
66,2,Acetic Acid,1,5,1.2459706046885008
66,2,Acetic Acid,1,6,1.2748844626193379
66,2,Acetic Acid,1,7,1.180028698626026
66,2,Acetic Acid,1,8,1.2275075967638713
66,2,Acetic Acid,1,9,1.272085655074538
66,2,Acetic Acid,1,10,1.2415435291930772
66,2,Acetic Acid,1,11,1.2976128757424725
66,2,Acetic Acid,1,12,1.1758825889318967
66,2,Acetic Acid,1,13,1.171319452541528
66,2,Acetic Acid,1,14,1.269706983924282
66,3,Gerinol,0,0,1.0814454188634375
66,3,Gerinol,0,1,1.0390831299928531
66,3,Gerinol,0,2,1.0628289062679555
66,3,Gerinol,0,3,1.0766214093713828
66,3,Gerinol,0,4,1.0142586020320565
66,3,Gerinol,0,5,1.0185391952641545
66,3,Gerinol,0,6,1.054402177434072
66,3,Gerinol,0,7,1.0829766886618752
66,3,Gerinol,0,8,1.000174853211807
66,3,Gerinol,0,9,1.0388952249887258
66,3,Gerinol,0,10,1.0370436649979489
66,3,Gerinol,0,11,1.0635314944678371
66,3,Gerinol,0,12,1.046465195465773
66,3,Gerinol,0,13,1.0249777869140122
66,3,Gerinol,0,14,1.0967557614964227
66,3,Gerinol,1,0,1.0318050617756298
66,3,Gerinol,1,1,1.0416915065196044
66,3,Gerinol,1,2,0.9897154556036776
66,3,Gerinol,1,3,1.0248303259666267
66,3,Gerinol,1,4,1.0740184040940246
66,3,Gerinol,1,5,1.066199439294657
66,3,Gerinol,1,6,1.077356040643093
66,3,Gerinol,1,7,1.0754146524782893
66,3,Gerinol,1,8,1.1368839224922687
66,3,Gerinol,1,9,1.023461007942586
66,3,Gerinol,1,10,0.988598411303071
66,3,Gerinol,1,11,1.0113532411976016
66,3,Gerinol,1,12,1.025229287607199
66,3,Gerinol,1,13,1.014402283575786
66,3,Gerinol,1,14,1.0571217949462566
66,4,n Methyl Piperdine,0,0,0.9400190169851662
66,4,n Methyl Piperdine,0,1,0.951499183681682
66,4,n Methyl Piperdine,0,2,0.9100851608367496
66,4,n Methyl Piperdine,0,3,0.975563709381046
66,4,n Methyl Piperdine,0,4,0.8756578985002286
66,4,n Methyl Piperdine,0,5,0.8246120590827883
66,4,n Methyl Piperdine,0,6,0.9320399434784121
66,4,n Methyl Piperdine,0,7,0.8163690450929229
66,4,n Methyl Piperdine,0,8,0.8597126998548932
66,4,n Methyl Piperdine,0,9,0.9107173100597973
66,4,n Methyl Piperdine,0,10,0.8858175615609342
66,4,n Methyl Piperdine,0,11,0.8822747102480252
66,4,n Methyl Piperdine,0,12,0.8426812194500851
66,4,n Methyl Piperdine,0,13,0.8894807251855519
66,4,n Methyl Piperdine,0,14,0.930059320312397
66,4,n Methyl Piperdine,1,0,0.8944663597024761
66,4,n Methyl Piperdine,1,1,0.8604586078553929
66,4,n Methyl Piperdine,1,2,0.8437661046171421
66,4,n Methyl Piperdine,1,3,0.8612838597228122
66,4,n Methyl Piperdine,1,4,0.9093609931376097
66,4,n Methyl Piperdine,1,5,0.9074117335354237
66,4,n Methyl Piperdine,1,6,0.8616473590172086
66,4,n Methyl Piperdine,1,7,0.805237266161753
66,4,n Methyl Piperdine,1,8,0.9104681535879219
66,4,n Methyl Piperdine,1,9,0.8577593470820253
66,4,n Methyl Piperdine,1,10,0.9212301422016467
66,4,n Methyl Piperdine,1,11,0.8634232573559253
66,4,n Methyl Piperdine,1,12,0.854151624894243
66,4,n Methyl Piperdine,1,13,0.8997945193314187
66,4,n Methyl Piperdine,1,14,0.9879756122420901
66,5,"2,4 Dimethyl Acetophenone",0,0,1.108434381790962
66,5,"2,4 Dimethyl Acetophenone",0,1,1.0839219541145333
66,5,"2,4 Dimethyl Acetophenone",0,2,1.0928272436015378
66,5,"2,4 Dimethyl Acetophenone",0,3,1.0084285476868753
66,5,"2,4 Dimethyl Acetophenone",0,4,1.033579567316197
66,5,"2,4 Dimethyl Acetophenone",0,5,0.9780360275444135
66,5,"2,4 Dimethyl Acetophenone",0,6,1.147668137929364
66,5,"2,4 Dimethyl Acetophenone",0,7,1.139568623312529
66,5,"2,4 Dimethyl Acetophenone",0,8,1.0941859231948956
66,5,"2,4 Dimethyl Acetophenone",0,9,1.0838777862696674
66,5,"2,4 Dimethyl Acetophenone",0,10,1.0164095820463959
66,5,"2,4 Dimethyl Acetophenone",0,11,1.0697011837362715
66,5,"2,4 Dimethyl Acetophenone",0,12,1.1501688572824549
66,5,"2,4 Dimethyl Acetophenone",0,13,1.0837298220741278
66,5,"2,4 Dimethyl Acetophenone",0,14,1.0558873234978232
66,5,"2,4 Dimethyl Acetophenone",1,0,1.006693957484971
66,5,"2,4 Dimethyl Acetophenone",1,1,1.1322290129943475
66,5,"2,4 Dimethyl Acetophenone",1,2,1.074213431844009
66,5,"2,4 Dimethyl Acetophenone",1,3,1.0067474297506023
66,5,"2,4 Dimethyl Acetophenone",1,4,1.0400461566022536
66,5,"2,4 Dimethyl Acetophenone",1,5,1.0259152631907902
66,5,"2,4 Dimethyl Acetophenone",1,6,1.0717470428566365
66,5,"2,4 Dimethyl Acetophenone",1,7,1.0853103426696282
66,5,"2,4 Dimethyl Acetophenone",1,8,1.0568881013139744
66,5,"2,4 Dimethyl Acetophenone",1,9,1.1080986477445907
66,5,"2,4 Dimethyl Acetophenone",1,10,1.0801688735040131
66,5,"2,4 Dimethyl Acetophenone",1,11,1.1195092792960006
66,5,"2,4 Dimethyl Acetophenone",1,12,1.0627290207618867
66,5,"2,4 Dimethyl Acetophenone",1,13,1.1988298075655612
66,5,"2,4 Dimethyl Acetophenone",1,14,1.054437234946157
66,6,4 Heptanone,0,0,1.111472371642733
66,6,4 Heptanone,0,1,1.1065535493091376
66,6,4 Heptanone,0,2,1.1391679422507957
66,6,4 Heptanone,0,3,1.0788241276783366
66,6,4 Heptanone,0,4,1.1593880850660803
66,6,4 Heptanone,0,5,1.0713934205303755
66,6,4 Heptanone,0,6,1.1540724082752571
66,6,4 Heptanone,0,7,1.0935555015491136
66,6,4 Heptanone,0,8,1.1323538350177642
66,6,4 Heptanone,0,9,1.1717871872782621
66,6,4 Heptanone,0,10,1.239767078668022
66,6,4 Heptanone,0,11,1.1044855504817215
66,6,4 Heptanone,0,12,1.1415928733359122
66,6,4 Heptanone,0,13,1.118655224321946
66,6,4 Heptanone,0,14,1.112810758410536
66,6,4 Heptanone,1,0,1.114689599608256
66,6,4 Heptanone,1,1,1.1762511918325154
66,6,4 Heptanone,1,2,1.1237662982378227
66,6,4 Heptanone,1,3,1.2332610407378721
66,6,4 Heptanone,1,4,1.1599277030428272
66,6,4 Heptanone,1,5,1.1028881063600748
66,6,4 Heptanone,1,6,1.1286203255212348
66,6,4 Heptanone,1,7,1.1112146532054383
66,6,4 Heptanone,1,8,1.1752912789249064
66,6,4 Heptanone,1,9,1.0777373465444278
66,6,4 Heptanone,1,10,1.0896504775896054
66,6,4 Heptanone,1,11,1.1196266880570722
66,6,4 Heptanone,1,12,1.1706064045325708
66,6,4 Heptanone,1,13,1.1926109437999488
66,6,4 Heptanone,1,14,1.1985102204379516
66,7,33 Dimethyl Butyric Acid,0,0,1.020589674357786
66,7,33 Dimethyl Butyric Acid,0,1,0.996082032105564
66,7,33 Dimethyl Butyric Acid,0,2,1.0311826460524445
66,7,33 Dimethyl Butyric Acid,0,3,0.9536175888626164
66,7,33 Dimethyl Butyric Acid,0,4,0.9256113246792358
66,7,33 Dimethyl Butyric Acid,0,5,1.0168631166673445
66,7,33 Dimethyl Butyric Acid,0,6,0.9591704768739309
66,7,33 Dimethyl Butyric Acid,0,7,0.9967853442732656
66,7,33 Dimethyl Butyric Acid,0,8,1.0041826941947973
66,7,33 Dimethyl Butyric Acid,0,9,1.0093223959270168
66,7,33 Dimethyl Butyric Acid,0,10,1.036909275100887
66,7,33 Dimethyl Butyric Acid,0,11,1.0326806210915542
66,7,33 Dimethyl Butyric Acid,0,12,1.0071976162465925
66,7,33 Dimethyl Butyric Acid,0,13,0.9817170023411086
66,7,33 Dimethyl Butyric Acid,0,14,1.0037080971069376
66,7,33 Dimethyl Butyric Acid,1,0,0.9336001882822937
66,7,33 Dimethyl Butyric Acid,1,1,0.9495914480690438
66,7,33 Dimethyl Butyric Acid,1,2,1.0621755418925072
66,7,33 Dimethyl Butyric Acid,1,3,0.9647361929846323
66,7,33 Dimethyl Butyric Acid,1,4,0.9754584056307926
66,7,33 Dimethyl Butyric Acid,1,5,0.9292293789880761
66,7,33 Dimethyl Butyric Acid,1,6,0.9982515416064853
66,7,33 Dimethyl Butyric Acid,1,7,0.9878595018558276
66,7,33 Dimethyl Butyric Acid,1,8,0.988142707135494
66,7,33 Dimethyl Butyric Acid,1,9,0.9660442548194291
66,7,33 Dimethyl Butyric Acid,1,10,0.9988162087799615
66,7,33 Dimethyl Butyric Acid,1,11,1.00831601281468
66,7,33 Dimethyl Butyric Acid,1,12,0.9687725617232624
66,7,33 Dimethyl Butyric Acid,1,13,0.9528641105892777
66,7,33 Dimethyl Butyric Acid,1,14,0.993231444553881
66,8,2 Methyl Butyraldehyde,0,0,0.9470271368732373
66,8,2 Methyl Butyraldehyde,0,1,0.9544737379110139
66,8,2 Methyl Butyraldehyde,0,2,0.9810601354202308
66,8,2 Methyl Butyraldehyde,0,3,0.9135378663981011
66,8,2 Methyl Butyraldehyde,0,4,1.016295960078164
66,8,2 Methyl Butyraldehyde,0,5,0.944675593636994
66,8,2 Methyl Butyraldehyde,0,6,0.9643325082755567
66,8,2 Methyl Butyraldehyde,0,7,0.9746609653084362
66,8,2 Methyl Butyraldehyde,0,8,0.9847636219984489
66,8,2 Methyl Butyraldehyde,0,9,0.9694460180787052
66,8,2 Methyl Butyraldehyde,0,10,0.980497307246413
66,8,2 Methyl Butyraldehyde,0,11,0.9808070438400104
66,8,2 Methyl Butyraldehyde,0,12,0.9653109108305419
66,8,2 Methyl Butyraldehyde,0,13,0.9522643708300763
66,8,2 Methyl Butyraldehyde,0,14,1.026451106109851
66,8,2 Methyl Butyraldehyde,1,0,0.8798505201374339
66,8,2 Methyl Butyraldehyde,1,1,0.9557981418677227
66,8,2 Methyl Butyraldehyde,1,2,0.9452707693527335
66,8,2 Methyl Butyraldehyde,1,3,0.9807784076971615
66,8,2 Methyl Butyraldehyde,1,4,0.9058550363673417
66,8,2 Methyl Butyraldehyde,1,5,0.9440353345783579
66,8,2 Methyl Butyraldehyde,1,6,0.9599323588685118
66,8,2 Methyl Butyraldehyde,1,7,1.0068296926429203
66,8,2 Methyl Butyraldehyde,1,8,0.977314146899919
66,8,2 Methyl Butyraldehyde,1,9,0.9166872197933476
66,8,2 Methyl Butyraldehyde,1,10,0.9445276794792756
66,8,2 Methyl Butyraldehyde,1,11,0.9994688023345297
66,8,2 Methyl Butyraldehyde,1,12,0.9159957535911794
66,8,2 Methyl Butyraldehyde,1,13,0.9608809774932072
66,8,2 Methyl Butyraldehyde,1,14,0.963661930127051
66,9,m Anisaldehyde,0,0,1.1887630070392188
66,9,m Anisaldehyde,0,1,1.312024400748006
66,9,m Anisaldehyde,0,2,1.1876850710581475
66,9,m Anisaldehyde,0,3,1.2221849358107613
66,9,m Anisaldehyde,0,4,1.173542284627278
66,9,m Anisaldehyde,0,5,1.2253042491160255
66,9,m Anisaldehyde,0,6,1.239025833310127
66,9,m Anisaldehyde,0,7,1.1806757679662054
66,9,m Anisaldehyde,0,8,1.2020062568273082
66,9,m Anisaldehyde,0,9,1.1683831386404144
66,9,m Anisaldehyde,0,10,1.1584181769540538
66,9,m Anisaldehyde,0,11,1.2456661467360577
66,9,m Anisaldehyde,0,12,1.1820342916007036
66,9,m Anisaldehyde,0,13,1.1076498362957266
66,9,m Anisaldehyde,0,14,1.2748085756957943
66,9,m Anisaldehyde,1,0,1.1685362455086254
66,9,m Anisaldehyde,1,1,1.1907651366812086
66,9,m Anisaldehyde,1,2,1.2662563186509024
66,9,m Anisaldehyde,1,3,1.194950374663624
66,9,m Anisaldehyde,1,4,1.1940865943430552
66,9,m Anisaldehyde,1,5,1.1514931366491084
66,9,m Anisaldehyde,1,6,1.1352267104460272
66,9,m Anisaldehyde,1,7,1.1939646078472848
66,9,m Anisaldehyde,1,8,1.2151324493941256
66,9,m Anisaldehyde,1,9,1.2128410747595606
66,9,m Anisaldehyde,1,10,1.1813696152123612
66,9,m Anisaldehyde,1,11,1.2014303704050076
66,9,m Anisaldehyde,1,12,1.1271316586180111
66,9,m Anisaldehyde,1,13,1.2190267392589489
66,9,m Anisaldehyde,1,14,1.2070762922219316
68,0,"2,3 Pentanedione",0,0,1.2262648013893767
68,0,"2,3 Pentanedione",0,1,1.1476175514792242
68,0,"2,3 Pentanedione",0,2,1.109611591536219
68,0,"2,3 Pentanedione",0,3,1.1452894402585094
68,0,"2,3 Pentanedione",0,4,1.1342063736214287
68,0,"2,3 Pentanedione",0,5,1.1647066803728783
68,0,"2,3 Pentanedione",0,6,1.1483940480910697
68,0,"2,3 Pentanedione",0,7,1.0969204975799565
68,0,"2,3 Pentanedione",0,8,1.0818886340943015
68,0,"2,3 Pentanedione",0,9,1.157834693727383
68,0,"2,3 Pentanedione",0,10,1.202642947264832
68,0,"2,3 Pentanedione",0,11,1.1504922809841311
68,0,"2,3 Pentanedione",0,12,1.1798502597788705
68,0,"2,3 Pentanedione",0,13,1.1878307317902064
68,0,"2,3 Pentanedione",0,14,1.157990039453849
68,0,"2,3 Pentanedione",1,0,1.10241078704632
68,0,"2,3 Pentanedione",1,1,1.1428027699625989
68,0,"2,3 Pentanedione",1,2,1.1832733620647957
68,0,"2,3 Pentanedione",1,3,1.156186068544773
68,0,"2,3 Pentanedione",1,4,1.1649202602739226
68,0,"2,3 Pentanedione",1,5,1.1164885968931033
68,0,"2,3 Pentanedione",1,6,1.126896296170957
68,0,"2,3 Pentanedione",1,7,1.1302413541247618
68,0,"2,3 Pentanedione",1,8,1.1329369264593045
68,0,"2,3 Pentanedione",1,9,1.1817087792012708
68,0,"2,3 Pentanedione",1,10,1.0411034974272497
68,0,"2,3 Pentanedione",1,11,1.1362119787440499
68,0,"2,3 Pentanedione",1,12,1.1318105915329821
68,0,"2,3 Pentanedione",1,13,1.0801304009030104
68,0,"2,3 Pentanedione",1,14,1.161861135224275
68,1,3 Methylvaleric Acid,0,0,0.9313045303917381
68,1,3 Methylvaleric Acid,0,1,0.9460032320954087
68,1,3 Methylvaleric Acid,0,2,1.0342358143796968
68,1,3 Methylvaleric Acid,0,3,1.0006834840510974
68,1,3 Methylvaleric Acid,0,4,0.9832640156353398
68,1,3 Methylvaleric Acid,0,5,0.9755156154553113
68,1,3 Methylvaleric Acid,0,6,0.9536973371717214
68,1,3 Methylvaleric Acid,0,7,1.040259628684339
68,1,3 Methylvaleric Acid,0,8,0.9923712433271447
68,1,3 Methylvaleric Acid,0,9,0.9303025415109251
68,1,3 Methylvaleric Acid,0,10,0.904280446940829
68,1,3 Methylvaleric Acid,0,11,0.9829580581491059
68,1,3 Methylvaleric Acid,0,12,0.9580497728743973
68,1,3 Methylvaleric Acid,0,13,0.9031270113916884
68,1,3 Methylvaleric Acid,0,14,0.9774279846979984
68,1,3 Methylvaleric Acid,1,0,0.9579065960668589
68,1,3 Methylvaleric Acid,1,1,0.9898942795004185
68,1,3 Methylvaleric Acid,1,2,0.986337291062556
68,1,3 Methylvaleric Acid,1,3,0.9443371216175662
68,1,3 Methylvaleric Acid,1,4,0.9939814730562879
68,1,3 Methylvaleric Acid,1,5,0.9487514791739238
68,1,3 Methylvaleric Acid,1,6,0.9513524075520808
68,1,3 Methylvaleric Acid,1,7,0.9473768262144646
68,1,3 Methylvaleric Acid,1,8,1.0139066595915707
68,1,3 Methylvaleric Acid,1,9,0.9574447869571453
68,1,3 Methylvaleric Acid,1,10,1.0235654097018898
68,1,3 Methylvaleric Acid,1,11,1.0400070772867942
68,1,3 Methylvaleric Acid,1,12,0.9391189170051418
68,1,3 Methylvaleric Acid,1,13,0.8518278698914424
68,1,3 Methylvaleric Acid,1,14,1.0104480642101707
68,2,Acetic Acid,0,0,1.2197518400885898
68,2,Acetic Acid,0,1,1.198783259457716
68,2,Acetic Acid,0,2,1.2098819917368768
68,2,Acetic Acid,0,3,1.2168381631283542
68,2,Acetic Acid,0,4,1.285318439610745
68,2,Acetic Acid,0,5,1.239827165555696
68,2,Acetic Acid,0,6,1.284774661187321
68,2,Acetic Acid,0,7,1.2531995207541353
68,2,Acetic Acid,0,8,1.221061487024976
68,2,Acetic Acid,0,9,1.217816427854625
68,2,Acetic Acid,0,10,1.2558950660129795
68,2,Acetic Acid,0,11,1.2662477411563038
68,2,Acetic Acid,0,12,1.2733024234110302
68,2,Acetic Acid,0,13,1.2229691755279657
68,2,Acetic Acid,0,14,1.2404389502391744
68,2,Acetic Acid,1,0,1.2827387453638548
68,2,Acetic Acid,1,1,1.244018527956167
68,2,Acetic Acid,1,2,1.213979527641531
68,2,Acetic Acid,1,3,1.2271262863255568
68,2,Acetic Acid,1,4,1.2497357112917222
68,2,Acetic Acid,1,5,1.2858654145624537
68,2,Acetic Acid,1,6,1.3097362288165257
68,2,Acetic Acid,1,7,1.2051352406442568
68,2,Acetic Acid,1,8,1.2354833284364424
68,2,Acetic Acid,1,9,1.2450626291111115
68,2,Acetic Acid,1,10,1.2911658102859074
68,2,Acetic Acid,1,11,1.2382527075781016
68,2,Acetic Acid,1,12,1.2421878355957428
68,2,Acetic Acid,1,13,1.2028974259076326
68,2,Acetic Acid,1,14,1.278713421632572
68,3,Gerinol,0,0,1.0524781439643107
68,3,Gerinol,0,1,1.0327723055489892
68,3,Gerinol,0,2,1.048553577968889
68,3,Gerinol,0,3,1.1040139270254234
68,3,Gerinol,0,4,1.0187386306153792
68,3,Gerinol,0,5,1.0252677217040291
68,3,Gerinol,0,6,1.1090242048467978
68,3,Gerinol,0,7,1.0619651000689272
68,3,Gerinol,0,8,1.0857242708166497
68,3,Gerinol,0,9,1.0750041833484005
68,3,Gerinol,0,10,1.0575207248564151
68,3,Gerinol,0,11,1.0450021421822306
68,3,Gerinol,0,12,1.0921964278475258
68,3,Gerinol,0,13,1.1054275696606193
68,3,Gerinol,0,14,1.1023016408288169
68,3,Gerinol,1,0,1.0173803684538163
68,3,Gerinol,1,1,1.1169956745134968
68,3,Gerinol,1,2,1.0504818236318179
68,3,Gerinol,1,3,1.0345980522979303
68,3,Gerinol,1,4,1.0580261259289847
68,3,Gerinol,1,5,1.098044371209673
68,3,Gerinol,1,6,1.0864178011608463
68,3,Gerinol,1,7,1.054583777325553
68,3,Gerinol,1,8,1.0983058684748426
68,3,Gerinol,1,9,1.0703936570301011
68,3,Gerinol,1,10,1.0418803751781487
68,3,Gerinol,1,11,1.036477822481384
68,3,Gerinol,1,12,1.0812086275765884
68,3,Gerinol,1,13,1.0614985243670996
68,3,Gerinol,1,14,1.0097790276631782
68,4,n Methyl Piperdine,0,0,0.9495388969460505
68,4,n Methyl Piperdine,0,1,0.8964414360782935
68,4,n Methyl Piperdine,0,2,0.9793372231428221
68,4,n Methyl Piperdine,0,3,0.8595328378170819
68,4,n Methyl Piperdine,0,4,0.9084240933676699
68,4,n Methyl Piperdine,0,5,0.8876533298457012
68,4,n Methyl Piperdine,0,6,0.8766355364081768
68,4,n Methyl Piperdine,0,7,0.8961808085529352
68,4,n Methyl Piperdine,0,8,0.9864751415847496
68,4,n Methyl Piperdine,0,9,0.9213872440264506
68,4,n Methyl Piperdine,0,10,0.8839841156713732
68,4,n Methyl Piperdine,0,11,0.8425073008097742
68,4,n Methyl Piperdine,0,12,0.8467979353693629
68,4,n Methyl Piperdine,0,13,0.894193911458521
68,4,n Methyl Piperdine,0,14,0.8903049178577239
68,4,n Methyl Piperdine,1,0,0.8834730810536925
68,4,n Methyl Piperdine,1,1,0.8015477572856379
68,4,n Methyl Piperdine,1,2,0.8887678455012106
68,4,n Methyl Piperdine,1,3,0.9335443003089562
68,4,n Methyl Piperdine,1,4,0.9573487591976397
68,4,n Methyl Piperdine,1,5,0.8166572633863863
68,4,n Methyl Piperdine,1,6,0.8603793989335057
68,4,n Methyl Piperdine,1,7,0.8582657548640905
68,4,n Methyl Piperdine,1,8,0.8982639664040979
68,4,n Methyl Piperdine,1,9,0.8436442105880138
68,4,n Methyl Piperdine,1,10,0.9597256392521392
68,4,n Methyl Piperdine,1,11,0.8941760081705015
68,4,n Methyl Piperdine,1,12,0.8875092577311035
68,4,n Methyl Piperdine,1,13,0.956143658654383
68,4,n Methyl Piperdine,1,14,0.891793204339738
68,5,"2,4 Dimethyl Acetophenone",0,0,1.0956564612054798
68,5,"2,4 Dimethyl Acetophenone",0,1,1.0496123940138502
68,5,"2,4 Dimethyl Acetophenone",0,2,1.024824242343357
68,5,"2,4 Dimethyl Acetophenone",0,3,1.0552298596853629
68,5,"2,4 Dimethyl Acetophenone",0,4,1.1671233585033252
68,5,"2,4 Dimethyl Acetophenone",0,5,1.1049651628770105
68,5,"2,4 Dimethyl Acetophenone",0,6,1.0906257184299741
68,5,"2,4 Dimethyl Acetophenone",0,7,1.0405893893381242
68,5,"2,4 Dimethyl Acetophenone",0,8,1.116094356984886
68,5,"2,4 Dimethyl Acetophenone",0,9,1.0253365939729806
68,5,"2,4 Dimethyl Acetophenone",0,10,1.0169620669582369
68,5,"2,4 Dimethyl Acetophenone",0,11,1.0572888400302665
68,5,"2,4 Dimethyl Acetophenone",0,12,1.15782396142399
68,5,"2,4 Dimethyl Acetophenone",0,13,1.1555600942412367
68,5,"2,4 Dimethyl Acetophenone",0,14,1.0615948478155104
68,5,"2,4 Dimethyl Acetophenone",1,0,1.0500875667600016
68,5,"2,4 Dimethyl Acetophenone",1,1,1.0114410458655299
68,5,"2,4 Dimethyl Acetophenone",1,2,1.0801767565087244
68,5,"2,4 Dimethyl Acetophenone",1,3,1.0835360375674457
68,5,"2,4 Dimethyl Acetophenone",1,4,1.1086377776557974
68,5,"2,4 Dimethyl Acetophenone",1,5,1.1134838280209276
68,5,"2,4 Dimethyl Acetophenone",1,6,1.0691586507813355
68,5,"2,4 Dimethyl Acetophenone",1,7,1.0992966424783044
68,5,"2,4 Dimethyl Acetophenone",1,8,1.0490299727740595
68,5,"2,4 Dimethyl Acetophenone",1,9,1.0985372288223483
68,5,"2,4 Dimethyl Acetophenone",1,10,1.0567662443605386
68,5,"2,4 Dimethyl Acetophenone",1,11,1.0954338681265985
68,5,"2,4 Dimethyl Acetophenone",1,12,1.0921955804993355
68,5,"2,4 Dimethyl Acetophenone",1,13,1.0798076725157235
68,5,"2,4 Dimethyl Acetophenone",1,14,1.1088371162142951
68,6,4 Heptanone,0,0,1.0790711450866537
68,6,4 Heptanone,0,1,1.0992904592122434
68,6,4 Heptanone,0,2,1.1310847209989598
68,6,4 Heptanone,0,3,1.0841565724341482
68,6,4 Heptanone,0,4,1.1256125273588928
68,6,4 Heptanone,0,5,1.126901896137979
68,6,4 Heptanone,0,6,1.1942744594077488
68,6,4 Heptanone,0,7,1.1475884560327396
68,6,4 Heptanone,0,8,1.1830642909836362
68,6,4 Heptanone,0,9,1.1539540966934698
68,6,4 Heptanone,0,10,1.1204604170917984
68,6,4 Heptanone,0,11,1.1472357802509416
68,6,4 Heptanone,0,12,1.171064161298368
68,6,4 Heptanone,0,13,1.1896231609987844
68,6,4 Heptanone,0,14,1.1365947054237038
68,6,4 Heptanone,1,0,1.1035496221011873
68,6,4 Heptanone,1,1,1.100737957558429
68,6,4 Heptanone,1,2,1.1563935434506296
68,6,4 Heptanone,1,3,1.075933987809386
68,6,4 Heptanone,1,4,1.2412542264847783
68,6,4 Heptanone,1,5,1.1933273771112944
68,6,4 Heptanone,1,6,1.1440233674754152
68,6,4 Heptanone,1,7,1.1250641440949531
68,6,4 Heptanone,1,8,1.2105748116943496
68,6,4 Heptanone,1,9,1.1249045616292648
68,6,4 Heptanone,1,10,1.128720977311263
68,6,4 Heptanone,1,11,1.1388122102542373
68,6,4 Heptanone,1,12,1.174013544438278
68,6,4 Heptanone,1,13,1.194281945421201
68,6,4 Heptanone,1,14,1.2171569371919315
68,7,33 Dimethyl Butyric Acid,0,0,1.0814733018549996
68,7,33 Dimethyl Butyric Acid,0,1,1.0397053982665212
68,7,33 Dimethyl Butyric Acid,0,2,1.0804953288473849
68,7,33 Dimethyl Butyric Acid,0,3,1.0128344653380772
68,7,33 Dimethyl Butyric Acid,0,4,0.966839809318653
68,7,33 Dimethyl Butyric Acid,0,5,1.0128292070287113
68,7,33 Dimethyl Butyric Acid,0,6,1.00742402932608
68,7,33 Dimethyl Butyric Acid,0,7,1.0143949670251646
68,7,33 Dimethyl Butyric Acid,0,8,1.0012994607274561
68,7,33 Dimethyl Butyric Acid,0,9,1.0212300667939431
68,7,33 Dimethyl Butyric Acid,0,10,1.0644751384608748
68,7,33 Dimethyl Butyric Acid,0,11,1.1082847340036346
68,7,33 Dimethyl Butyric Acid,0,12,0.9706605909267707
68,7,33 Dimethyl Butyric Acid,0,13,0.9881650648211019
68,7,33 Dimethyl Butyric Acid,0,14,1.0080165995480048
68,7,33 Dimethyl Butyric Acid,1,0,1.026588678314859
68,7,33 Dimethyl Butyric Acid,1,1,0.9877611054984732
68,7,33 Dimethyl Butyric Acid,1,2,0.9669946342932503
68,7,33 Dimethyl Butyric Acid,1,3,1.0246283235256122
68,7,33 Dimethyl Butyric Acid,1,4,1.034214613871074
68,7,33 Dimethyl Butyric Acid,1,5,0.99520860484045
68,7,33 Dimethyl Butyric Acid,1,6,0.9633102341525734
68,7,33 Dimethyl Butyric Acid,1,7,1.006770185906811
68,7,33 Dimethyl Butyric Acid,1,8,0.9866282748792925
68,7,33 Dimethyl Butyric Acid,1,9,0.9863184734659768
68,7,33 Dimethyl Butyric Acid,1,10,0.9754629944733217
68,7,33 Dimethyl Butyric Acid,1,11,1.0329583331102787
68,7,33 Dimethyl Butyric Acid,1,12,1.005954212270467
68,7,33 Dimethyl Butyric Acid,1,13,1.0373870384929804
68,7,33 Dimethyl Butyric Acid,1,14,1.0494120490365202
68,8,2 Methyl Butyraldehyde,0,0,0.9870294640883303
68,8,2 Methyl Butyraldehyde,0,1,0.9484111487382586
68,8,2 Methyl Butyraldehyde,0,2,1.0102832826224561
68,8,2 Methyl Butyraldehyde,0,3,0.9872968214247988
68,8,2 Methyl Butyraldehyde,0,4,1.0728049444059702
68,8,2 Methyl Butyraldehyde,0,5,0.9810743488734521
68,8,2 Methyl Butyraldehyde,0,6,0.9965777548942281
68,8,2 Methyl Butyraldehyde,0,7,0.9802871889855059
68,8,2 Methyl Butyraldehyde,0,8,0.9647062896589399
68,8,2 Methyl Butyraldehyde,0,9,0.958318571350162
68,8,2 Methyl Butyraldehyde,0,10,0.9804399871200074
68,8,2 Methyl Butyraldehyde,0,11,0.9895172634062188
68,8,2 Methyl Butyraldehyde,0,12,1.0148457493194416
68,8,2 Methyl Butyraldehyde,0,13,0.9810242556658152
68,8,2 Methyl Butyraldehyde,0,14,0.9501546663166555
68,8,2 Methyl Butyraldehyde,1,0,0.9456336031645067
68,8,2 Methyl Butyraldehyde,1,1,0.9057902853123388
68,8,2 Methyl Butyraldehyde,1,2,1.0251563167713584
68,8,2 Methyl Butyraldehyde,1,3,0.9370608184876321
68,8,2 Methyl Butyraldehyde,1,4,0.9974053814339824
68,8,2 Methyl Butyraldehyde,1,5,0.9697697973261674
68,8,2 Methyl Butyraldehyde,1,6,0.9708570362620423
68,8,2 Methyl Butyraldehyde,1,7,0.9540098480175726
68,8,2 Methyl Butyraldehyde,1,8,0.9271958074833991
68,8,2 Methyl Butyraldehyde,1,9,0.9199663470087871
68,8,2 Methyl Butyraldehyde,1,10,1.0278463785806635
68,8,2 Methyl Butyraldehyde,1,11,0.9632662061819559
68,8,2 Methyl Butyraldehyde,1,12,1.003718472875972
68,8,2 Methyl Butyraldehyde,1,13,1.014104040534276
68,8,2 Methyl Butyraldehyde,1,14,0.9422738858244976
68,9,m Anisaldehyde,0,0,1.2202559951367382
68,9,m Anisaldehyde,0,1,1.2051161955192782
68,9,m Anisaldehyde,0,2,1.157027212378949
68,9,m Anisaldehyde,0,3,1.1958965654634541
68,9,m Anisaldehyde,0,4,1.2268160281091935
68,9,m Anisaldehyde,0,5,1.18335459429919
68,9,m Anisaldehyde,0,6,1.19032203668475
68,9,m Anisaldehyde,0,7,1.1963810902841985
68,9,m Anisaldehyde,0,8,1.2877769377520285
68,9,m Anisaldehyde,0,9,1.1299538070154467
68,9,m Anisaldehyde,0,10,1.2233814964607148
68,9,m Anisaldehyde,0,11,1.1931822014095377
68,9,m Anisaldehyde,0,12,1.177689568159527
68,9,m Anisaldehyde,0,13,1.1922007362133737
68,9,m Anisaldehyde,0,14,1.2300108142529613
68,9,m Anisaldehyde,1,0,1.214719010551122
68,9,m Anisaldehyde,1,1,1.1931787516876897
68,9,m Anisaldehyde,1,2,1.2294477194485647
68,9,m Anisaldehyde,1,3,1.2364913865943228
68,9,m Anisaldehyde,1,4,1.2183931044683243
68,9,m Anisaldehyde,1,5,1.1638903687444109
68,9,m Anisaldehyde,1,6,1.2055157287588147
68,9,m Anisaldehyde,1,7,1.2057060931558425
68,9,m Anisaldehyde,1,8,1.1531128094444376
68,9,m Anisaldehyde,1,9,1.1229605110281293
68,9,m Anisaldehyde,1,10,1.1048270419353174
68,9,m Anisaldehyde,1,11,1.1885322863947858
68,9,m Anisaldehyde,1,12,1.1976596553849763
68,9,m Anisaldehyde,1,13,1.1384668036842032
68,9,m Anisaldehyde,1,14,1.2275793600923541
70,0,"2,3 Pentanedione",0,0,1.1482142028691105
70,0,"2,3 Pentanedione",0,1,1.196103581493868
70,0,"2,3 Pentanedione",0,2,1.1569469116965976
70,0,"2,3 Pentanedione",0,3,1.0994721340220879
70,0,"2,3 Pentanedione",0,4,1.1604567254288598
70,0,"2,3 Pentanedione",0,5,1.168929904692138
70,0,"2,3 Pentanedione",0,6,1.1202205334617736
70,0,"2,3 Pentanedione",0,7,1.084441757004859
70,0,"2,3 Pentanedione",0,8,1.1461373194695181
70,0,"2,3 Pentanedione",0,9,1.1020916914846066
70,0,"2,3 Pentanedione",0,10,1.1869609834196992
70,0,"2,3 Pentanedione",0,11,1.1258384096801903
70,0,"2,3 Pentanedione",0,12,1.211109521156986
70,0,"2,3 Pentanedione",0,13,1.0571591301965004
70,0,"2,3 Pentanedione",0,14,1.14751730106306
70,0,"2,3 Pentanedione",1,0,1.1861594343139594
70,0,"2,3 Pentanedione",1,1,1.0933715560744148
70,0,"2,3 Pentanedione",1,2,1.1226156912848253
70,0,"2,3 Pentanedione",1,3,1.112862300135345
70,0,"2,3 Pentanedione",1,4,1.1016330230238154
70,0,"2,3 Pentanedione",1,5,1.1387686343544778
70,0,"2,3 Pentanedione",1,6,1.0771668646699426
70,0,"2,3 Pentanedione",1,7,1.1245449774566976
70,0,"2,3 Pentanedione",1,8,1.1496234982172897
70,0,"2,3 Pentanedione",1,9,1.120379980254441
70,0,"2,3 Pentanedione",1,10,1.0889755607104756
70,0,"2,3 Pentanedione",1,11,1.1701911446539668
70,0,"2,3 Pentanedione",1,12,1.1581940071745807
70,0,"2,3 Pentanedione",1,13,1.087336241857757
70,0,"2,3 Pentanedione",1,14,1.0772194261090051
70,1,3 Methylvaleric Acid,0,0,0.941545874914355
70,1,3 Methylvaleric Acid,0,1,1.0014337781735967
70,1,3 Methylvaleric Acid,0,2,0.9906457675126098
70,1,3 Methylvaleric Acid,0,3,1.0112261600519366
70,1,3 Methylvaleric Acid,0,4,0.9665768428320833
70,1,3 Methylvaleric Acid,0,5,0.9426334820541037
70,1,3 Methylvaleric Acid,0,6,1.0163767110906878
70,1,3 Methylvaleric Acid,0,7,0.9574849110160614
70,1,3 Methylvaleric Acid,0,8,0.9870847737882671
70,1,3 Methylvaleric Acid,0,9,0.917625857989493
70,1,3 Methylvaleric Acid,0,10,0.956830434581196
70,1,3 Methylvaleric Acid,0,11,1.0199987043917684
70,1,3 Methylvaleric Acid,0,12,0.9509718688873137
70,1,3 Methylvaleric Acid,0,13,1.012203004412168
70,1,3 Methylvaleric Acid,0,14,0.8863820637065802
70,1,3 Methylvaleric Acid,1,0,0.9499153291367716
70,1,3 Methylvaleric Acid,1,1,0.9654368096873737
70,1,3 Methylvaleric Acid,1,2,1.0419926076561952
70,1,3 Methylvaleric Acid,1,3,0.9255284803219209
70,1,3 Methylvaleric Acid,1,4,0.9991307273403826
70,1,3 Methylvaleric Acid,1,5,1.0145682667724507
70,1,3 Methylvaleric Acid,1,6,0.943431409632728
70,1,3 Methylvaleric Acid,1,7,0.9573500375715914
70,1,3 Methylvaleric Acid,1,8,0.9779561464749751
70,1,3 Methylvaleric Acid,1,9,0.9130315968347978
70,1,3 Methylvaleric Acid,1,10,0.9540868670480447
70,1,3 Methylvaleric Acid,1,11,1.0233354771603556
70,1,3 Methylvaleric Acid,1,12,0.9931971879570758
70,1,3 Methylvaleric Acid,1,13,0.9660209439431693
70,1,3 Methylvaleric Acid,1,14,0.9768138899959583
70,2,Acetic Acid,0,0,1.2520671184101866
70,2,Acetic Acid,0,1,1.2597273097054003
70,2,Acetic Acid,0,2,1.2065743378938316
70,2,Acetic Acid,0,3,1.2902197415201826
70,2,Acetic Acid,0,4,1.2814848318371823
70,2,Acetic Acid,0,5,1.2559212090031244
70,2,Acetic Acid,0,6,1.1951125091551602
70,2,Acetic Acid,0,7,1.1880219475181721
70,2,Acetic Acid,0,8,1.215766751925132
70,2,Acetic Acid,0,9,1.2312615076947722
70,2,Acetic Acid,0,10,1.1580912291666337
70,2,Acetic Acid,0,11,1.2486186291308061
70,2,Acetic Acid,0,12,1.2803293943429346
70,2,Acetic Acid,0,13,1.251889869382231
70,2,Acetic Acid,0,14,1.2017887916768264
70,2,Acetic Acid,1,0,1.2026344162512093
70,2,Acetic Acid,1,1,1.246404645914192
70,2,Acetic Acid,1,2,1.2282784035337015
70,2,Acetic Acid,1,3,1.2521321991174652
70,2,Acetic Acid,1,4,1.2584794070514542
70,2,Acetic Acid,1,5,1.2780861733030153
70,2,Acetic Acid,1,6,1.189125614990048
70,2,Acetic Acid,1,7,1.2432753100612013
70,2,Acetic Acid,1,8,1.219871551988776
70,2,Acetic Acid,1,9,1.2304651503898143
70,2,Acetic Acid,1,10,1.2689869062539785
70,2,Acetic Acid,1,11,1.2733355870692786
70,2,Acetic Acid,1,12,1.290348298162575
70,2,Acetic Acid,1,13,1.2514341621619596
70,2,Acetic Acid,1,14,1.230009880516997
70,3,Gerinol,0,0,1.0486630313820176
70,3,Gerinol,0,1,0.9893879700642461
70,3,Gerinol,0,2,1.1123675719559771
70,3,Gerinol,0,3,1.0459022336086061
70,3,Gerinol,0,4,1.0790140525601493
70,3,Gerinol,0,5,1.0859380311897302
70,3,Gerinol,0,6,1.0089655497980272
70,3,Gerinol,0,7,1.0218443144616476
70,3,Gerinol,0,8,1.1206589664422526
70,3,Gerinol,0,9,1.0703955907873746
70,3,Gerinol,0,10,1.0355547435880923
70,3,Gerinol,0,11,1.053724289714931
70,3,Gerinol,0,12,1.1022276463533465
70,3,Gerinol,0,13,1.096150749349405
70,3,Gerinol,0,14,1.000134899670447
70,3,Gerinol,1,0,1.0993952877115611
70,3,Gerinol,1,1,1.0726698552046328
70,3,Gerinol,1,2,1.027924923991022
70,3,Gerinol,1,3,0.9863550362412167
70,3,Gerinol,1,4,1.0761842795671226
70,3,Gerinol,1,5,1.0530810339764702
70,3,Gerinol,1,6,0.9757119988415749
70,3,Gerinol,1,7,1.0247408109503504
70,3,Gerinol,1,8,1.159070851676385
70,3,Gerinol,1,9,1.0346840042612624
70,3,Gerinol,1,10,1.0043451101912593
70,3,Gerinol,1,11,0.9936840689524199
70,3,Gerinol,1,12,1.1049078933018623
70,3,Gerinol,1,13,1.067934313547793
70,3,Gerinol,1,14,1.0903214985213747
70,4,n Methyl Piperdine,0,0,0.9022641504235439
70,4,n Methyl Piperdine,0,1,0.942497508473169
70,4,n Methyl Piperdine,0,2,0.8584039234779411
70,4,n Methyl Piperdine,0,3,0.8988403782964599
70,4,n Methyl Piperdine,0,4,0.9038188796587671
70,4,n Methyl Piperdine,0,5,0.9476346163348665
70,4,n Methyl Piperdine,0,6,0.9050904606654758
70,4,n Methyl Piperdine,0,7,0.867316269390409
70,4,n Methyl Piperdine,0,8,0.8948996926166726
70,4,n Methyl Piperdine,0,9,0.8252802109614479
70,4,n Methyl Piperdine,0,10,0.7994979897290468
70,4,n Methyl Piperdine,0,11,0.9255903938641891
70,4,n Methyl Piperdine,0,12,0.8773469836076038
70,4,n Methyl Piperdine,0,13,0.8818800471006468
70,4,n Methyl Piperdine,0,14,0.9255746062345221
70,4,n Methyl Piperdine,1,0,0.9250166257396283
70,4,n Methyl Piperdine,1,1,0.8905157285309476
70,4,n Methyl Piperdine,1,2,0.9462591235465568
70,4,n Methyl Piperdine,1,3,0.8892437757001355
70,4,n Methyl Piperdine,1,4,0.8812247488810441
70,4,n Methyl Piperdine,1,5,0.8787517632380283
70,4,n Methyl Piperdine,1,6,0.8177163878524997
70,4,n Methyl Piperdine,1,7,0.9073761545634492
70,4,n Methyl Piperdine,1,8,0.7713175695372328
70,4,n Methyl Piperdine,1,9,0.8456860960468132
70,4,n Methyl Piperdine,1,10,0.8700534243605488
70,4,n Methyl Piperdine,1,11,0.8375457174013098
70,4,n Methyl Piperdine,1,12,0.8510659734149315
70,4,n Methyl Piperdine,1,13,0.9427112329869335
70,4,n Methyl Piperdine,1,14,0.9132971657691115
70,5,"2,4 Dimethyl Acetophenone",0,0,1.0523121869003491
70,5,"2,4 Dimethyl Acetophenone",0,1,1.0609626336937235
70,5,"2,4 Dimethyl Acetophenone",0,2,1.0286651361905448
70,5,"2,4 Dimethyl Acetophenone",0,3,1.107945045572864
70,5,"2,4 Dimethyl Acetophenone",0,4,1.0697555961161995
70,5,"2,4 Dimethyl Acetophenone",0,5,1.0010866352968366
70,5,"2,4 Dimethyl Acetophenone",0,6,1.0837766378050209
70,5,"2,4 Dimethyl Acetophenone",0,7,1.0973044494766917
70,5,"2,4 Dimethyl Acetophenone",0,8,1.1182709330596208
70,5,"2,4 Dimethyl Acetophenone",0,9,1.0768111023495477
70,5,"2,4 Dimethyl Acetophenone",0,10,1.0648384476211634
70,5,"2,4 Dimethyl Acetophenone",0,11,1.1591958813521996
70,5,"2,4 Dimethyl Acetophenone",0,12,1.0800087403766006
70,5,"2,4 Dimethyl Acetophenone",0,13,1.108527767396536
70,5,"2,4 Dimethyl Acetophenone",0,14,1.0581637083975681
70,5,"2,4 Dimethyl Acetophenone",1,0,1.093149695927196
70,5,"2,4 Dimethyl Acetophenone",1,1,1.0073281501655986
70,5,"2,4 Dimethyl Acetophenone",1,2,1.0470706080330172
70,5,"2,4 Dimethyl Acetophenone",1,3,1.0172223402847205
70,5,"2,4 Dimethyl Acetophenone",1,4,1.041354376986984
70,5,"2,4 Dimethyl Acetophenone",1,5,1.1155721114710055
70,5,"2,4 Dimethyl Acetophenone",1,6,1.0410602742896147
70,5,"2,4 Dimethyl Acetophenone",1,7,1.094283554880726
70,5,"2,4 Dimethyl Acetophenone",1,8,1.1262439171440441
70,5,"2,4 Dimethyl Acetophenone",1,9,1.0644502173176298
70,5,"2,4 Dimethyl Acetophenone",1,10,1.105303994064014
70,5,"2,4 Dimethyl Acetophenone",1,11,1.0867967481873095
70,5,"2,4 Dimethyl Acetophenone",1,12,1.0702107870851039
70,5,"2,4 Dimethyl Acetophenone",1,13,1.0955659334344399
70,5,"2,4 Dimethyl Acetophenone",1,14,1.1391508334614369
70,6,4 Heptanone,0,0,1.1114984305904851
70,6,4 Heptanone,0,1,1.0986211510837842
70,6,4 Heptanone,0,2,1.0962726052646135
70,6,4 Heptanone,0,3,1.1767663058802893
70,6,4 Heptanone,0,4,1.1821638920159614
70,6,4 Heptanone,0,5,1.1155077097574697
70,6,4 Heptanone,0,6,1.0515486451132534
70,6,4 Heptanone,0,7,1.1099989174939038
70,6,4 Heptanone,0,8,1.158903354203107
70,6,4 Heptanone,0,9,1.1343202615315138
70,6,4 Heptanone,0,10,1.144203096961042
70,6,4 Heptanone,0,11,1.1160554103598033
70,6,4 Heptanone,0,12,1.1775527520792177
70,6,4 Heptanone,0,13,1.1507168591610126
70,6,4 Heptanone,0,14,1.1604477259853792
70,6,4 Heptanone,1,0,1.1584477646187386
70,6,4 Heptanone,1,1,1.173059863842105
70,6,4 Heptanone,1,2,1.1704280048249098
70,6,4 Heptanone,1,3,1.1149621521722402
70,6,4 Heptanone,1,4,1.1670076611126765
70,6,4 Heptanone,1,5,1.183745464175532
70,6,4 Heptanone,1,6,1.1982907959454652
70,6,4 Heptanone,1,7,1.16872942322902
70,6,4 Heptanone,1,8,1.1134751165484098
70,6,4 Heptanone,1,9,1.1196324441147112
70,6,4 Heptanone,1,10,1.1346792140475541
70,6,4 Heptanone,1,11,1.1596636936231324
70,6,4 Heptanone,1,12,1.1471956932453675
70,6,4 Heptanone,1,13,1.1071358546724348
70,6,4 Heptanone,1,14,1.1068963359250692
70,7,33 Dimethyl Butyric Acid,0,0,0.9327840013931327
70,7,33 Dimethyl Butyric Acid,0,1,0.8919458754346796
70,7,33 Dimethyl Butyric Acid,0,2,1.011453599471203
70,7,33 Dimethyl Butyric Acid,0,3,1.1095340873951143
70,7,33 Dimethyl Butyric Acid,0,4,1.088596053341057
70,7,33 Dimethyl Butyric Acid,0,5,0.9775956159044812
70,7,33 Dimethyl Butyric Acid,0,6,1.0227210042850243
70,7,33 Dimethyl Butyric Acid,0,7,0.9581416919873934
70,7,33 Dimethyl Butyric Acid,0,8,0.9642404911550752
70,7,33 Dimethyl Butyric Acid,0,9,0.9688259684841848
70,7,33 Dimethyl Butyric Acid,0,10,1.0077049250117267
70,7,33 Dimethyl Butyric Acid,0,11,1.009426487980921
70,7,33 Dimethyl Butyric Acid,0,12,1.0268329512216743
70,7,33 Dimethyl Butyric Acid,0,13,1.0432535279775714
70,7,33 Dimethyl Butyric Acid,0,14,1.0032496354535936
70,7,33 Dimethyl Butyric Acid,1,0,0.9954321147825961
70,7,33 Dimethyl Butyric Acid,1,1,0.9502315356884826
70,7,33 Dimethyl Butyric Acid,1,2,0.9402041549858037
70,7,33 Dimethyl Butyric Acid,1,3,0.9340251421141585
70,7,33 Dimethyl Butyric Acid,1,4,1.01995394800122
70,7,33 Dimethyl Butyric Acid,1,5,0.9804677220325613
70,7,33 Dimethyl Butyric Acid,1,6,0.9191392254431149
70,7,33 Dimethyl Butyric Acid,1,7,0.9914604778487466
70,7,33 Dimethyl Butyric Acid,1,8,0.9440311826846476
70,7,33 Dimethyl Butyric Acid,1,9,1.06039918871501
70,7,33 Dimethyl Butyric Acid,1,10,0.9708311670926179
70,7,33 Dimethyl Butyric Acid,1,11,1.0212442753888558
70,7,33 Dimethyl Butyric Acid,1,12,1.0375425570514905
70,7,33 Dimethyl Butyric Acid,1,13,0.9557868978538093
70,7,33 Dimethyl Butyric Acid,1,14,0.9970259206582792
70,8,2 Methyl Butyraldehyde,0,0,0.9752354484204736
70,8,2 Methyl Butyraldehyde,0,1,0.9577185792613521
70,8,2 Methyl Butyraldehyde,0,2,0.9675407627373406
70,8,2 Methyl Butyraldehyde,0,3,0.8999115566225817
70,8,2 Methyl Butyraldehyde,0,4,0.9752581811535288
70,8,2 Methyl Butyraldehyde,0,5,0.9336501645980394
70,8,2 Methyl Butyraldehyde,0,6,0.9670747812963134
70,8,2 Methyl Butyraldehyde,0,7,0.9898962861870064
70,8,2 Methyl Butyraldehyde,0,8,0.9798490726656788
70,8,2 Methyl Butyraldehyde,0,9,0.9670455213845267
70,8,2 Methyl Butyraldehyde,0,10,0.9787818642123285
70,8,2 Methyl Butyraldehyde,0,11,0.9806331745204993
70,8,2 Methyl Butyraldehyde,0,12,1.0129167788203048
70,8,2 Methyl Butyraldehyde,0,13,0.9517347043864369
70,8,2 Methyl Butyraldehyde,0,14,0.9596550121026434
70,8,2 Methyl Butyraldehyde,1,0,0.98869463264537
70,8,2 Methyl Butyraldehyde,1,1,0.9317964558957851
70,8,2 Methyl Butyraldehyde,1,2,0.8980012613792062
70,8,2 Methyl Butyraldehyde,1,3,0.9711411672696364
70,8,2 Methyl Butyraldehyde,1,4,0.9431710129016878
70,8,2 Methyl Butyraldehyde,1,5,0.9031108638169509
70,8,2 Methyl Butyraldehyde,1,6,0.9714336374615191
70,8,2 Methyl Butyraldehyde,1,7,1.0086572808874956
70,8,2 Methyl Butyraldehyde,1,8,0.8862222584347621
70,8,2 Methyl Butyraldehyde,1,9,0.9923049600949848
70,8,2 Methyl Butyraldehyde,1,10,0.8499292596564983
70,8,2 Methyl Butyraldehyde,1,11,0.9354004950790651
70,8,2 Methyl Butyraldehyde,1,12,1.0250325967760288
70,8,2 Methyl Butyraldehyde,1,13,0.938278998345811
70,8,2 Methyl Butyraldehyde,1,14,0.9550094961191653
70,9,m Anisaldehyde,0,0,1.2599098342536499
70,9,m Anisaldehyde,0,1,1.1607362456602814
70,9,m Anisaldehyde,0,2,1.2322789782562977
70,9,m Anisaldehyde,0,3,1.23196370910116
70,9,m Anisaldehyde,0,4,1.3038880251526572
70,9,m Anisaldehyde,0,5,1.1799655529827946
70,9,m Anisaldehyde,0,6,1.2141336135647027
70,9,m Anisaldehyde,0,7,1.192260954589763
70,9,m Anisaldehyde,0,8,1.1880187140750524
70,9,m Anisaldehyde,0,9,1.2744912953052907
70,9,m Anisaldehyde,0,10,1.2304612463027402
70,9,m Anisaldehyde,0,11,1.2071724983656469
70,9,m Anisaldehyde,0,12,1.2086813501770062
70,9,m Anisaldehyde,0,13,1.2068661031448917
70,9,m Anisaldehyde,0,14,1.2104430591264
70,9,m Anisaldehyde,1,0,1.1583449772381968
70,9,m Anisaldehyde,1,1,1.1985736093071593
70,9,m Anisaldehyde,1,2,1.1945545233436816
70,9,m Anisaldehyde,1,3,1.1786109227536337
70,9,m Anisaldehyde,1,4,1.2151246412619663
70,9,m Anisaldehyde,1,5,1.2185183702144937
70,9,m Anisaldehyde,1,6,1.186656902438099
70,9,m Anisaldehyde,1,7,1.2031574249791173
70,9,m Anisaldehyde,1,8,1.2952677400858017
70,9,m Anisaldehyde,1,9,1.2937401213538529
70,9,m Anisaldehyde,1,10,1.1667591834045778
70,9,m Anisaldehyde,1,11,1.172344888346225
70,9,m Anisaldehyde,1,12,1.1665466599300875
70,9,m Anisaldehyde,1,13,1.251204948608657
70,9,m Anisaldehyde,1,14,1.1929816190267397
72,0,"2,3 Pentanedione",0,0,1.148132902999669
72,0,"2,3 Pentanedione",0,1,1.2184246265870522
72,0,"2,3 Pentanedione",0,2,1.1381273414833983
72,0,"2,3 Pentanedione",0,3,1.1667958821261097
72,0,"2,3 Pentanedione",0,4,1.1593627632278327
72,0,"2,3 Pentanedione",0,5,1.115017239187979
72,0,"2,3 Pentanedione",0,6,1.1809124025254913
72,0,"2,3 Pentanedione",0,7,1.1045579008918096
72,0,"2,3 Pentanedione",0,8,1.192141124713584
72,0,"2,3 Pentanedione",0,9,1.1150478946474522
72,0,"2,3 Pentanedione",0,10,1.1194272244343733
72,0,"2,3 Pentanedione",0,11,1.0950064203107452
72,0,"2,3 Pentanedione",0,12,1.1015755568231511
72,0,"2,3 Pentanedione",0,13,1.1214753603626755
72,0,"2,3 Pentanedione",0,14,1.0412919909393925
72,0,"2,3 Pentanedione",1,0,1.10979112287362
72,0,"2,3 Pentanedione",1,1,1.0988054470309832
72,0,"2,3 Pentanedione",1,2,1.1507248604651172
72,0,"2,3 Pentanedione",1,3,1.1360436460549168
72,0,"2,3 Pentanedione",1,4,1.090818919276672
72,0,"2,3 Pentanedione",1,5,1.1007823861436075
72,0,"2,3 Pentanedione",1,6,1.109739694979808
72,0,"2,3 Pentanedione",1,7,1.178562678699678
72,0,"2,3 Pentanedione",1,8,1.0862322293023863
72,0,"2,3 Pentanedione",1,9,1.0903339899226177
72,0,"2,3 Pentanedione",1,10,1.0739810504559577
72,0,"2,3 Pentanedione",1,11,1.0598428373431965
72,0,"2,3 Pentanedione",1,12,1.1314045614656636
72,0,"2,3 Pentanedione",1,13,1.1272405497635722
72,0,"2,3 Pentanedione",1,14,1.1704348906340578
72,1,3 Methylvaleric Acid,0,0,0.9709878180477993
72,1,3 Methylvaleric Acid,0,1,1.0252161263199944
72,1,3 Methylvaleric Acid,0,2,0.9263765470370783
72,1,3 Methylvaleric Acid,0,3,0.9189102751868738
72,1,3 Methylvaleric Acid,0,4,0.8773224039333877
72,1,3 Methylvaleric Acid,0,5,0.9571945844377752
72,1,3 Methylvaleric Acid,0,6,0.9340728273965756
72,1,3 Methylvaleric Acid,0,7,0.9553821099391494
72,1,3 Methylvaleric Acid,0,8,0.8837664889691861
72,1,3 Methylvaleric Acid,0,9,0.94339562529979
72,1,3 Methylvaleric Acid,0,10,0.9375394424568797
72,1,3 Methylvaleric Acid,0,11,0.9348928593344695
72,1,3 Methylvaleric Acid,0,12,0.9020008214111012
72,1,3 Methylvaleric Acid,0,13,0.976904443680858
72,1,3 Methylvaleric Acid,0,14,1.0113437608978426
72,1,3 Methylvaleric Acid,1,0,0.9223348142199825
72,1,3 Methylvaleric Acid,1,1,0.9955663344556054
72,1,3 Methylvaleric Acid,1,2,0.8516345692182715
72,1,3 Methylvaleric Acid,1,3,0.9934929732511855
72,1,3 Methylvaleric Acid,1,4,0.891942390610217
72,1,3 Methylvaleric Acid,1,5,0.9457498813559168
72,1,3 Methylvaleric Acid,1,6,0.9142275888017171
72,1,3 Methylvaleric Acid,1,7,0.9581241154739113
72,1,3 Methylvaleric Acid,1,8,1.0003003232066003
72,1,3 Methylvaleric Acid,1,9,0.8924560447228063
72,1,3 Methylvaleric Acid,1,10,0.9523693876912616
72,1,3 Methylvaleric Acid,1,11,0.9462138245192449
72,1,3 Methylvaleric Acid,1,12,1.029990522626762
72,1,3 Methylvaleric Acid,1,13,0.9840190155858985
72,1,3 Methylvaleric Acid,1,14,0.9196598907409502
72,2,Acetic Acid,0,0,1.2251142666968176
72,2,Acetic Acid,0,1,1.3062102113934548
72,2,Acetic Acid,0,2,1.2725406545289946
72,2,Acetic Acid,0,3,1.2072367033618168
72,2,Acetic Acid,0,4,1.23328322032271
72,2,Acetic Acid,0,5,1.2345616759217075
72,2,Acetic Acid,0,6,1.2224467647718014
72,2,Acetic Acid,0,7,1.1755575556051658
72,2,Acetic Acid,0,8,1.2168611732424348
72,2,Acetic Acid,0,9,1.2995340140926486
72,2,Acetic Acid,0,10,1.2287202623755864
72,2,Acetic Acid,0,11,1.2398358966395968
72,2,Acetic Acid,0,12,1.2495870677321765
72,2,Acetic Acid,0,13,1.3326916976465186
72,2,Acetic Acid,0,14,1.244321032714712
72,2,Acetic Acid,1,0,1.3040890952175486
72,2,Acetic Acid,1,1,1.2364040741921603
72,2,Acetic Acid,1,2,1.2499553106541084
72,2,Acetic Acid,1,3,1.2608333899986195
72,2,Acetic Acid,1,4,1.2293659634002327
72,2,Acetic Acid,1,5,1.2521825698500897
72,2,Acetic Acid,1,6,1.295853318506739
72,2,Acetic Acid,1,7,1.2283166986305327
72,2,Acetic Acid,1,8,1.2603348423127536
72,2,Acetic Acid,1,9,1.2886806231404453
72,2,Acetic Acid,1,10,1.2273526391216982
72,2,Acetic Acid,1,11,1.3041478327788063
72,2,Acetic Acid,1,12,1.2632466202626609
72,2,Acetic Acid,1,13,1.2537263785406365
72,2,Acetic Acid,1,14,1.1800053688421994
72,3,Gerinol,0,0,1.0212720483623636
72,3,Gerinol,0,1,1.0510802426887147
72,3,Gerinol,0,2,1.1060303467950012
72,3,Gerinol,0,3,1.058932112207367
72,3,Gerinol,0,4,1.0812651953140364
72,3,Gerinol,0,5,0.9878523630980249
72,3,Gerinol,0,6,1.0311436462167844
72,3,Gerinol,0,7,1.085046403736057
72,3,Gerinol,0,8,1.0007072040269056
72,3,Gerinol,0,9,1.0748254512018267
72,3,Gerinol,0,10,1.065549260626916
72,3,Gerinol,0,11,1.0472054919808953
72,3,Gerinol,0,12,1.0230684410374635
72,3,Gerinol,0,13,0.9967647398600051
72,3,Gerinol,0,14,1.107231717807035
72,3,Gerinol,1,0,1.068809104927853
72,3,Gerinol,1,1,1.0571592492059096
72,3,Gerinol,1,2,1.0270206142908016
72,3,Gerinol,1,3,1.0450494694024908
72,3,Gerinol,1,4,1.050123295017693
72,3,Gerinol,1,5,1.0595296316082345
72,3,Gerinol,1,6,1.072908215757769
72,3,Gerinol,1,7,1.012235743184688
72,3,Gerinol,1,8,0.9848707255994115
72,3,Gerinol,1,9,1.0469058382698315
72,3,Gerinol,1,10,0.9736459107259012
72,3,Gerinol,1,11,1.0305881644191461
72,3,Gerinol,1,12,1.023167011014421
72,3,Gerinol,1,13,1.0632045319069585
72,3,Gerinol,1,14,1.122838485638344
72,4,n Methyl Piperdine,0,0,0.8121029592074361
72,4,n Methyl Piperdine,0,1,0.9808539853763146
72,4,n Methyl Piperdine,0,2,0.8805635777988176
72,4,n Methyl Piperdine,0,3,0.9037989314504818
72,4,n Methyl Piperdine,0,4,0.8332932978586299
72,4,n Methyl Piperdine,0,5,0.9297614469726314
72,4,n Methyl Piperdine,0,6,0.8915454856176476
72,4,n Methyl Piperdine,0,7,0.8874278877160472
72,4,n Methyl Piperdine,0,8,0.8123911795674604
72,4,n Methyl Piperdine,0,9,0.8928384567174757
72,4,n Methyl Piperdine,0,10,0.9237197171162416
72,4,n Methyl Piperdine,0,11,0.8804354387442511
72,4,n Methyl Piperdine,0,12,0.9368545579893447
72,4,n Methyl Piperdine,0,13,0.9352023910392331
72,4,n Methyl Piperdine,0,14,0.8642427688539447
72,4,n Methyl Piperdine,1,0,0.93751158392647
72,4,n Methyl Piperdine,1,1,0.8755188281475776
72,4,n Methyl Piperdine,1,2,0.8756968396060876
72,4,n Methyl Piperdine,1,3,0.8776662784786836
72,4,n Methyl Piperdine,1,4,0.8764796596122194
72,4,n Methyl Piperdine,1,5,0.7685016953082341
72,4,n Methyl Piperdine,1,6,0.8662867736469856
72,4,n Methyl Piperdine,1,7,0.8191491707080762
72,4,n Methyl Piperdine,1,8,0.9387604576632015
72,4,n Methyl Piperdine,1,9,0.9371503492434224
72,4,n Methyl Piperdine,1,10,0.9077845628727979
72,4,n Methyl Piperdine,1,11,0.8641683320810188
72,4,n Methyl Piperdine,1,12,0.8333864321104264
72,4,n Methyl Piperdine,1,13,0.8474037895235502
72,4,n Methyl Piperdine,1,14,0.9514127058316157
72,5,"2,4 Dimethyl Acetophenone",0,0,1.0658493450074142
72,5,"2,4 Dimethyl Acetophenone",0,1,0.99931342629277
72,5,"2,4 Dimethyl Acetophenone",0,2,1.1347438608076283
72,5,"2,4 Dimethyl Acetophenone",0,3,1.1535573650129283
72,5,"2,4 Dimethyl Acetophenone",0,4,1.1599058679548735
72,5,"2,4 Dimethyl Acetophenone",0,5,1.1350711606381858
72,5,"2,4 Dimethyl Acetophenone",0,6,1.1415980275576039
72,5,"2,4 Dimethyl Acetophenone",0,7,1.0956546034303543
72,5,"2,4 Dimethyl Acetophenone",0,8,1.010485415528546
72,5,"2,4 Dimethyl Acetophenone",0,9,1.094652482128213
72,5,"2,4 Dimethyl Acetophenone",0,10,1.1184001513649893
72,5,"2,4 Dimethyl Acetophenone",0,11,1.0881264382055624
72,5,"2,4 Dimethyl Acetophenone",0,12,1.086303795718628
72,5,"2,4 Dimethyl Acetophenone",0,13,1.0549725189074797
72,5,"2,4 Dimethyl Acetophenone",0,14,1.0534676907373315
72,5,"2,4 Dimethyl Acetophenone",1,0,1.1393885413530216
72,5,"2,4 Dimethyl Acetophenone",1,1,1.1408364555575845
72,5,"2,4 Dimethyl Acetophenone",1,2,1.0657567155125347
72,5,"2,4 Dimethyl Acetophenone",1,3,1.0771235449660959
72,5,"2,4 Dimethyl Acetophenone",1,4,1.026628278480898
72,5,"2,4 Dimethyl Acetophenone",1,5,1.091565594759957
72,5,"2,4 Dimethyl Acetophenone",1,6,1.136248567626947
72,5,"2,4 Dimethyl Acetophenone",1,7,1.0046933695645912
72,5,"2,4 Dimethyl Acetophenone",1,8,1.0844179327504746
72,5,"2,4 Dimethyl Acetophenone",1,9,1.0874234904681805
72,5,"2,4 Dimethyl Acetophenone",1,10,1.086966861357949
72,5,"2,4 Dimethyl Acetophenone",1,11,1.1315753074763175
72,5,"2,4 Dimethyl Acetophenone",1,12,1.147303329249225
72,5,"2,4 Dimethyl Acetophenone",1,13,1.0565232536474725
72,5,"2,4 Dimethyl Acetophenone",1,14,1.0927895476486331
72,6,4 Heptanone,0,0,1.1286685567364436
72,6,4 Heptanone,0,1,1.1000145967898134
72,6,4 Heptanone,0,2,1.1361317747826418
72,6,4 Heptanone,0,3,1.1521591896474113
72,6,4 Heptanone,0,4,1.1339763559240807
72,6,4 Heptanone,0,5,1.0900519601279566
72,6,4 Heptanone,0,6,1.1067567829131741
72,6,4 Heptanone,0,7,1.107062911700415
72,6,4 Heptanone,0,8,1.0916014503101732
72,6,4 Heptanone,0,9,1.137840791771628
72,6,4 Heptanone,0,10,1.1420236923591243
72,6,4 Heptanone,0,11,1.164479912542889
72,6,4 Heptanone,0,12,1.090994314580976
72,6,4 Heptanone,0,13,1.1022000610582496
72,6,4 Heptanone,0,14,1.1874819865846509
72,6,4 Heptanone,1,0,1.1117952211328057
72,6,4 Heptanone,1,1,1.119580296865788
72,6,4 Heptanone,1,2,1.1113709068398967
72,6,4 Heptanone,1,3,1.1636962884445883
72,6,4 Heptanone,1,4,1.1652474029243238
72,6,4 Heptanone,1,5,1.1629033797192765
72,6,4 Heptanone,1,6,1.1194377601500245
72,6,4 Heptanone,1,7,1.0834776165961626
72,6,4 Heptanone,1,8,1.1953835788060927
72,6,4 Heptanone,1,9,1.1526274147739433
72,6,4 Heptanone,1,10,1.100108696440027
72,6,4 Heptanone,1,11,1.1753278095734991
72,6,4 Heptanone,1,12,1.0969506990853588
72,6,4 Heptanone,1,13,1.1748031918232689
72,6,4 Heptanone,1,14,1.1775064392711023
72,7,33 Dimethyl Butyric Acid,0,0,0.936376077127082
72,7,33 Dimethyl Butyric Acid,0,1,0.9965057201151627
72,7,33 Dimethyl Butyric Acid,0,2,1.0045230161527774
72,7,33 Dimethyl Butyric Acid,0,3,1.0778317559777775
72,7,33 Dimethyl Butyric Acid,0,4,0.94354334328897
72,7,33 Dimethyl Butyric Acid,0,5,1.0305371190740775
72,7,33 Dimethyl Butyric Acid,0,6,0.9739292287156665
72,7,33 Dimethyl Butyric Acid,0,7,0.9235808206511015
72,7,33 Dimethyl Butyric Acid,0,8,0.9684359012009528
72,7,33 Dimethyl Butyric Acid,0,9,0.9733339784383126
72,7,33 Dimethyl Butyric Acid,0,10,0.9308797802697127
72,7,33 Dimethyl Butyric Acid,0,11,0.9857223327483855
72,7,33 Dimethyl Butyric Acid,0,12,1.0115477582142676
72,7,33 Dimethyl Butyric Acid,0,13,0.9827634141568048
72,7,33 Dimethyl Butyric Acid,0,14,0.9515616244191292
72,7,33 Dimethyl Butyric Acid,1,0,0.9436623350284284
72,7,33 Dimethyl Butyric Acid,1,1,0.949419483492969
72,7,33 Dimethyl Butyric Acid,1,2,0.958294082863949
72,7,33 Dimethyl Butyric Acid,1,3,0.9939944482543084
72,7,33 Dimethyl Butyric Acid,1,4,0.9604788079001506
72,7,33 Dimethyl Butyric Acid,1,5,0.8934933526195187
72,7,33 Dimethyl Butyric Acid,1,6,0.9271083748851594
72,7,33 Dimethyl Butyric Acid,1,7,0.9562420598005725
72,7,33 Dimethyl Butyric Acid,1,8,0.9945661971628716
72,7,33 Dimethyl Butyric Acid,1,9,1.0015150754261692
72,7,33 Dimethyl Butyric Acid,1,10,1.0205886314282053
72,7,33 Dimethyl Butyric Acid,1,11,0.9548257936678792
72,7,33 Dimethyl Butyric Acid,1,12,0.9801335847848068
72,7,33 Dimethyl Butyric Acid,1,13,0.8914227563885884
72,7,33 Dimethyl Butyric Acid,1,14,0.9667964806911664
72,8,2 Methyl Butyraldehyde,0,0,0.908122932824033
72,8,2 Methyl Butyraldehyde,0,1,0.9486319290522774
72,8,2 Methyl Butyraldehyde,0,2,1.0723270324373533
72,8,2 Methyl Butyraldehyde,0,3,0.9632756663300847
72,8,2 Methyl Butyraldehyde,0,4,0.9165809681152544
72,8,2 Methyl Butyraldehyde,0,5,0.9674450571207837
72,8,2 Methyl Butyraldehyde,0,6,0.9304504894188933
72,8,2 Methyl Butyraldehyde,0,7,0.9127037323561654
72,8,2 Methyl Butyraldehyde,0,8,1.0352590782180875
72,8,2 Methyl Butyraldehyde,0,9,0.9938059779331376
72,8,2 Methyl Butyraldehyde,0,10,0.9649549618822972
72,8,2 Methyl Butyraldehyde,0,11,0.9354605652725658
72,8,2 Methyl Butyraldehyde,0,12,0.9387019175635795
72,8,2 Methyl Butyraldehyde,0,13,1.0128327715562335
72,8,2 Methyl Butyraldehyde,0,14,0.9633965983890502
72,8,2 Methyl Butyraldehyde,1,0,0.8167436797041407
72,8,2 Methyl Butyraldehyde,1,1,1.0368934260484468
72,8,2 Methyl Butyraldehyde,1,2,0.9473783797009846
72,8,2 Methyl Butyraldehyde,1,3,0.953790645651486
72,8,2 Methyl Butyraldehyde,1,4,0.9835236779594851
72,8,2 Methyl Butyraldehyde,1,5,0.9586719985145568
72,8,2 Methyl Butyraldehyde,1,6,0.9699322301307657
72,8,2 Methyl Butyraldehyde,1,7,0.9231069467274963
72,8,2 Methyl Butyraldehyde,1,8,0.8908640724634378
72,8,2 Methyl Butyraldehyde,1,9,0.9512651966810212
72,8,2 Methyl Butyraldehyde,1,10,0.9973204715130768
72,8,2 Methyl Butyraldehyde,1,11,0.9141437830867686
72,8,2 Methyl Butyraldehyde,1,12,0.9109349256293022
72,8,2 Methyl Butyraldehyde,1,13,0.9888966558372907
72,8,2 Methyl Butyraldehyde,1,14,0.9217660772164495
72,9,m Anisaldehyde,0,0,1.1938067929030454
72,9,m Anisaldehyde,0,1,1.1953034185385718
72,9,m Anisaldehyde,0,2,1.2076299502168022
72,9,m Anisaldehyde,0,3,1.1472836656203398
72,9,m Anisaldehyde,0,4,1.1886555849547564
72,9,m Anisaldehyde,0,5,1.2194439102220103
72,9,m Anisaldehyde,0,6,1.2191587069034147
72,9,m Anisaldehyde,0,7,1.256548911559605
72,9,m Anisaldehyde,0,8,1.2838048783442135
72,9,m Anisaldehyde,0,9,1.2707285273229976
72,9,m Anisaldehyde,0,10,1.2468152848193788
72,9,m Anisaldehyde,0,11,1.2042798058257331
72,9,m Anisaldehyde,0,12,1.1853064266581461
72,9,m Anisaldehyde,0,13,1.2109443267567574
72,9,m Anisaldehyde,0,14,1.2336523402473374
72,9,m Anisaldehyde,1,0,1.2339794151250778
72,9,m Anisaldehyde,1,1,1.226025332535885
72,9,m Anisaldehyde,1,2,1.196254884340209
72,9,m Anisaldehyde,1,3,1.2325763927889415
72,9,m Anisaldehyde,1,4,1.2515368033985912
72,9,m Anisaldehyde,1,5,1.2363083185579526
72,9,m Anisaldehyde,1,6,1.199821380988715
72,9,m Anisaldehyde,1,7,1.1677479554950108
72,9,m Anisaldehyde,1,8,1.1667992060197268
72,9,m Anisaldehyde,1,9,1.1738531982515639
72,9,m Anisaldehyde,1,10,1.2113849111422483
72,9,m Anisaldehyde,1,11,1.2218940533374765
72,9,m Anisaldehyde,1,12,1.1445206104774899
72,9,m Anisaldehyde,1,13,1.1809420988607089
72,9,m Anisaldehyde,1,14,1.2108333218074667
74,0,"2,3 Pentanedione",0,0,1.116949332093566
74,0,"2,3 Pentanedione",0,1,1.1702926946198542
74,0,"2,3 Pentanedione",0,2,1.1406393968608075
74,0,"2,3 Pentanedione",0,3,1.1239997176306997
74,0,"2,3 Pentanedione",0,4,1.155064745795426
74,0,"2,3 Pentanedione",0,5,1.168627741680634
74,0,"2,3 Pentanedione",0,6,1.118995371926673
74,0,"2,3 Pentanedione",0,7,1.1432320333049082
74,0,"2,3 Pentanedione",0,8,1.1716436635897542
74,0,"2,3 Pentanedione",0,9,1.1224529211647993
74,0,"2,3 Pentanedione",0,10,1.086626254880514
74,0,"2,3 Pentanedione",0,11,1.0914735746698798
74,0,"2,3 Pentanedione",0,12,1.1362144939351912
74,0,"2,3 Pentanedione",0,13,1.1001997974452644
74,0,"2,3 Pentanedione",0,14,1.1390276526904202
74,0,"2,3 Pentanedione",1,0,1.1795603392601997
74,0,"2,3 Pentanedione",1,1,1.057818689705745
74,0,"2,3 Pentanedione",1,2,1.1016584311541844
74,0,"2,3 Pentanedione",1,3,1.1982548073841477
74,0,"2,3 Pentanedione",1,4,1.129287828532321
74,0,"2,3 Pentanedione",1,5,1.0982536937142684
74,0,"2,3 Pentanedione",1,6,1.1066873198325229
74,0,"2,3 Pentanedione",1,7,1.1301371255490236
74,0,"2,3 Pentanedione",1,8,1.18079350243839
74,0,"2,3 Pentanedione",1,9,1.0917284809142027
74,0,"2,3 Pentanedione",1,10,1.0826582138977612
74,0,"2,3 Pentanedione",1,11,1.0578102759020833
74,0,"2,3 Pentanedione",1,12,1.1170864665136846
74,0,"2,3 Pentanedione",1,13,1.0567351304205759
74,0,"2,3 Pentanedione",1,14,1.0944113202204206
74,1,3 Methylvaleric Acid,0,0,0.9210699918168515
74,1,3 Methylvaleric Acid,0,1,1.0003822698706297
74,1,3 Methylvaleric Acid,0,2,0.9370814739665932
74,1,3 Methylvaleric Acid,0,3,0.9732945425814902
74,1,3 Methylvaleric Acid,0,4,0.893253649393723
74,1,3 Methylvaleric Acid,0,5,0.9626776076393794
74,1,3 Methylvaleric Acid,0,6,0.9092909172268356
74,1,3 Methylvaleric Acid,0,7,0.9403913894640712
74,1,3 Methylvaleric Acid,0,8,1.0458654324315144
74,1,3 Methylvaleric Acid,0,9,0.9947043045509009
74,1,3 Methylvaleric Acid,0,10,0.9522808261480132
74,1,3 Methylvaleric Acid,0,11,1.0853750058525935
74,1,3 Methylvaleric Acid,0,12,0.9208103418463328
74,1,3 Methylvaleric Acid,0,13,1.00402598474428
74,1,3 Methylvaleric Acid,0,14,0.8961103511873809
74,1,3 Methylvaleric Acid,1,0,0.9562184773369543
74,1,3 Methylvaleric Acid,1,1,0.9120637976356498
74,1,3 Methylvaleric Acid,1,2,0.9762664242465072
74,1,3 Methylvaleric Acid,1,3,0.9682141977860225
74,1,3 Methylvaleric Acid,1,4,0.9536687956755289
74,1,3 Methylvaleric Acid,1,5,1.0096576686479244
74,1,3 Methylvaleric Acid,1,6,0.9432914287227606
74,1,3 Methylvaleric Acid,1,7,0.9790494575551651
74,1,3 Methylvaleric Acid,1,8,0.9987975852537258
74,1,3 Methylvaleric Acid,1,9,0.9066465392870249
74,1,3 Methylvaleric Acid,1,10,0.9360388139758968
74,1,3 Methylvaleric Acid,1,11,0.9681298263355056
74,1,3 Methylvaleric Acid,1,12,0.991181524420005
74,1,3 Methylvaleric Acid,1,13,1.0228248982797334
74,1,3 Methylvaleric Acid,1,14,0.9573401956937554
74,2,Acetic Acid,0,0,1.258375030804451
74,2,Acetic Acid,0,1,1.2361300313019
74,2,Acetic Acid,0,2,1.2842332361975277
74,2,Acetic Acid,0,3,1.2591491695625228
74,2,Acetic Acid,0,4,1.2600725819974177
74,2,Acetic Acid,0,5,1.2672783322749062
74,2,Acetic Acid,0,6,1.2930989949940601
74,2,Acetic Acid,0,7,1.248484650383276
74,2,Acetic Acid,0,8,1.2401475489540903
74,2,Acetic Acid,0,9,1.2883028399558105
74,2,Acetic Acid,0,10,1.150004876435143
74,2,Acetic Acid,0,11,1.246886745563979
74,2,Acetic Acid,0,12,1.2249814925341518
74,2,Acetic Acid,0,13,1.319164201431118
74,2,Acetic Acid,0,14,1.2533965620087306
74,2,Acetic Acid,1,0,1.250851781231188
74,2,Acetic Acid,1,1,1.271335526431746
74,2,Acetic Acid,1,2,1.2494655287032805
74,2,Acetic Acid,1,3,1.2571744995157357
74,2,Acetic Acid,1,4,1.2771648422588036
74,2,Acetic Acid,1,5,1.2563988084616264
74,2,Acetic Acid,1,6,1.2561117277509957
74,2,Acetic Acid,1,7,1.2328741188934247
74,2,Acetic Acid,1,8,1.2271290762210558
74,2,Acetic Acid,1,9,1.2757059017454884
74,2,Acetic Acid,1,10,1.28554444623331
74,2,Acetic Acid,1,11,1.216154160090519
74,2,Acetic Acid,1,12,1.303678082457111
74,2,Acetic Acid,1,13,1.303842331434867
74,2,Acetic Acid,1,14,1.312267991373022
74,3,Gerinol,0,0,1.0818184719052675
74,3,Gerinol,0,1,1.0953061925272034
74,3,Gerinol,0,2,1.1572239422987765
74,3,Gerinol,0,3,1.0577620444805518
74,3,Gerinol,0,4,1.0279952484800614
74,3,Gerinol,0,5,1.0084605131867852
74,3,Gerinol,0,6,1.1400498657249363
74,3,Gerinol,0,7,1.14057439886359
74,3,Gerinol,0,8,1.0328389188382743
74,3,Gerinol,0,9,1.0407300760085012
74,3,Gerinol,0,10,1.0568632670143967
74,3,Gerinol,0,11,1.1187931834014828
74,3,Gerinol,0,12,1.0183308205764312
74,3,Gerinol,0,13,0.9911581275200886
74,3,Gerinol,0,14,1.15652348757813
74,3,Gerinol,1,0,1.1012943229714258
74,3,Gerinol,1,1,1.1069759237313652
74,3,Gerinol,1,2,1.080595151286623
74,3,Gerinol,1,3,1.1074307884433436
74,3,Gerinol,1,4,1.0282311561609834
74,3,Gerinol,1,5,1.0551625688202135
74,3,Gerinol,1,6,1.093005706875527
74,3,Gerinol,1,7,0.9979637557786131
74,3,Gerinol,1,8,1.0766986869420536
74,3,Gerinol,1,9,1.0742328166812465
74,3,Gerinol,1,10,1.0766917822166082
74,3,Gerinol,1,11,1.0667561191817834
74,3,Gerinol,1,12,1.0489637144596429
74,3,Gerinol,1,13,1.015918117483786
74,3,Gerinol,1,14,1.0945892733813192
74,4,n Methyl Piperdine,0,0,0.8928605144248911
74,4,n Methyl Piperdine,0,1,0.8498542120339938
74,4,n Methyl Piperdine,0,2,0.9073668104100917
74,4,n Methyl Piperdine,0,3,0.8930674660938327
74,4,n Methyl Piperdine,0,4,0.8864245158302563
74,4,n Methyl Piperdine,0,5,0.8185896784244429
74,4,n Methyl Piperdine,0,6,0.9321761743890566
74,4,n Methyl Piperdine,0,7,0.8555434322923757
74,4,n Methyl Piperdine,0,8,0.9073962840903905
74,4,n Methyl Piperdine,0,9,0.8725347361594332
74,4,n Methyl Piperdine,0,10,0.8893164131948215
74,4,n Methyl Piperdine,0,11,0.9509571735667374
74,4,n Methyl Piperdine,0,12,0.9261302019288759
74,4,n Methyl Piperdine,0,13,0.9500670717483197
74,4,n Methyl Piperdine,0,14,0.9180808936816038
74,4,n Methyl Piperdine,1,0,0.9098168814589855
74,4,n Methyl Piperdine,1,1,0.8227255780763072
74,4,n Methyl Piperdine,1,2,0.8812701383306921
74,4,n Methyl Piperdine,1,3,0.88497478081141
74,4,n Methyl Piperdine,1,4,0.9429177308994333
74,4,n Methyl Piperdine,1,5,0.8737219649690772
74,4,n Methyl Piperdine,1,6,0.9045655184475992
74,4,n Methyl Piperdine,1,7,0.9030014318087444
74,4,n Methyl Piperdine,1,8,0.9402781444965834
74,4,n Methyl Piperdine,1,9,0.888621374793109
74,4,n Methyl Piperdine,1,10,0.9270826160330802
74,4,n Methyl Piperdine,1,11,0.8257765327198533
74,4,n Methyl Piperdine,1,12,0.8294103607675967
74,4,n Methyl Piperdine,1,13,0.8026373643003732
74,4,n Methyl Piperdine,1,14,0.9254105370906877
74,5,"2,4 Dimethyl Acetophenone",0,0,1.1069026558710833
74,5,"2,4 Dimethyl Acetophenone",0,1,1.1158290813155052
74,5,"2,4 Dimethyl Acetophenone",0,2,1.0528615049312862
74,5,"2,4 Dimethyl Acetophenone",0,3,1.0574140720581473
74,5,"2,4 Dimethyl Acetophenone",0,4,1.0751140726530415
74,5,"2,4 Dimethyl Acetophenone",0,5,1.1377039504774402
74,5,"2,4 Dimethyl Acetophenone",0,6,1.147709103464416
74,5,"2,4 Dimethyl Acetophenone",0,7,1.1117083179531884
74,5,"2,4 Dimethyl Acetophenone",0,8,1.093196767351674
74,5,"2,4 Dimethyl Acetophenone",0,9,1.133371286267539
74,5,"2,4 Dimethyl Acetophenone",0,10,1.0697222800735515
74,5,"2,4 Dimethyl Acetophenone",0,11,1.0643183171402422
74,5,"2,4 Dimethyl Acetophenone",0,12,1.0747950935349815
74,5,"2,4 Dimethyl Acetophenone",0,13,1.0408074035827508
74,5,"2,4 Dimethyl Acetophenone",0,14,1.0729556037846695
74,5,"2,4 Dimethyl Acetophenone",1,0,1.046699719423692
74,5,"2,4 Dimethyl Acetophenone",1,1,1.1323963539310329
74,5,"2,4 Dimethyl Acetophenone",1,2,1.1131435368163705
74,5,"2,4 Dimethyl Acetophenone",1,3,1.1485785370769628
74,5,"2,4 Dimethyl Acetophenone",1,4,1.026224729058482
74,5,"2,4 Dimethyl Acetophenone",1,5,1.1674639190519327
74,5,"2,4 Dimethyl Acetophenone",1,6,1.028497024623312
74,5,"2,4 Dimethyl Acetophenone",1,7,1.0434637181717215
74,5,"2,4 Dimethyl Acetophenone",1,8,1.0665631793005261
74,5,"2,4 Dimethyl Acetophenone",1,9,1.1437048688538443
74,5,"2,4 Dimethyl Acetophenone",1,10,1.1004189810641927
74,5,"2,4 Dimethyl Acetophenone",1,11,1.0816428711541868
74,5,"2,4 Dimethyl Acetophenone",1,12,1.0596909437892432
74,5,"2,4 Dimethyl Acetophenone",1,13,1.0363586351486216
74,5,"2,4 Dimethyl Acetophenone",1,14,1.1367011341227702
74,6,4 Heptanone,0,0,1.17736500160364
74,6,4 Heptanone,0,1,1.1995174462453884
74,6,4 Heptanone,0,2,1.1612921562409395
74,6,4 Heptanone,0,3,1.0397353328194732
74,6,4 Heptanone,0,4,1.0956361138544364
74,6,4 Heptanone,0,5,1.164014283395563
74,6,4 Heptanone,0,6,1.1306307501522537
74,6,4 Heptanone,0,7,1.1230657524845693
74,6,4 Heptanone,0,8,1.1012903605661133
74,6,4 Heptanone,0,9,1.183323013858276
74,6,4 Heptanone,0,10,1.1636671366582667
74,6,4 Heptanone,0,11,1.1654670800780194
74,6,4 Heptanone,0,12,1.1200753412102922
74,6,4 Heptanone,0,13,1.1524709415176868
74,6,4 Heptanone,0,14,1.0919088341138352
74,6,4 Heptanone,1,0,1.1586922330970117
74,6,4 Heptanone,1,1,1.0627681691871351
74,6,4 Heptanone,1,2,1.1011607067654774
74,6,4 Heptanone,1,3,1.150992878560779
74,6,4 Heptanone,1,4,1.2588900781818568
74,6,4 Heptanone,1,5,1.0918556293938648
74,6,4 Heptanone,1,6,1.114142128629265
74,6,4 Heptanone,1,7,1.172556344198572
74,6,4 Heptanone,1,8,1.2346622685714437
74,6,4 Heptanone,1,9,1.1719722522103824
74,6,4 Heptanone,1,10,1.1919710264230257
74,6,4 Heptanone,1,11,1.1503812023038005
74,6,4 Heptanone,1,12,1.1434604887732844
74,6,4 Heptanone,1,13,1.1671727264135698
74,6,4 Heptanone,1,14,1.1375537767058153
74,7,33 Dimethyl Butyric Acid,0,0,1.0287039826699282
74,7,33 Dimethyl Butyric Acid,0,1,0.935482333163395
74,7,33 Dimethyl Butyric Acid,0,2,1.0353326904238918
74,7,33 Dimethyl Butyric Acid,0,3,1.0013057296133285
74,7,33 Dimethyl Butyric Acid,0,4,0.9911443743771838
74,7,33 Dimethyl Butyric Acid,0,5,0.9340138267137615
74,7,33 Dimethyl Butyric Acid,0,6,0.9605416622413037
74,7,33 Dimethyl Butyric Acid,0,7,1.0476792680465457
74,7,33 Dimethyl Butyric Acid,0,8,0.9913892491998838
74,7,33 Dimethyl Butyric Acid,0,9,1.0108691477561313
74,7,33 Dimethyl Butyric Acid,0,10,0.9645519285886046
74,7,33 Dimethyl Butyric Acid,0,11,0.9985710236722004
74,7,33 Dimethyl Butyric Acid,0,12,0.9448471271964193
74,7,33 Dimethyl Butyric Acid,0,13,1.003728499292734
74,7,33 Dimethyl Butyric Acid,0,14,1.0145588450120266
74,7,33 Dimethyl Butyric Acid,1,0,0.9900203950549299
74,7,33 Dimethyl Butyric Acid,1,1,0.9410524127479227
74,7,33 Dimethyl Butyric Acid,1,2,0.9635137666035091
74,7,33 Dimethyl Butyric Acid,1,3,0.9986835718067945
74,7,33 Dimethyl Butyric Acid,1,4,0.9687383021564052
74,7,33 Dimethyl Butyric Acid,1,5,0.9657035906739247
74,7,33 Dimethyl Butyric Acid,1,6,1.0533345103125513
74,7,33 Dimethyl Butyric Acid,1,7,0.9391562412128842
74,7,33 Dimethyl Butyric Acid,1,8,1.0204125446910886
74,7,33 Dimethyl Butyric Acid,1,9,0.931008579427332
74,7,33 Dimethyl Butyric Acid,1,10,1.0033870493983859
74,7,33 Dimethyl Butyric Acid,1,11,1.005521908292488
74,7,33 Dimethyl Butyric Acid,1,12,0.9567811997652473
74,7,33 Dimethyl Butyric Acid,1,13,0.9284967318530449
74,7,33 Dimethyl Butyric Acid,1,14,0.8983784778153925
74,8,2 Methyl Butyraldehyde,0,0,0.9614747355708597
74,8,2 Methyl Butyraldehyde,0,1,1.0071280218459662
74,8,2 Methyl Butyraldehyde,0,2,0.9429741496438899
74,8,2 Methyl Butyraldehyde,0,3,0.9899572191648223
74,8,2 Methyl Butyraldehyde,0,4,0.9270220840114393
74,8,2 Methyl Butyraldehyde,0,5,0.9767237482437146
74,8,2 Methyl Butyraldehyde,0,6,0.9401975197599239
74,8,2 Methyl Butyraldehyde,0,7,0.982960055852096
74,8,2 Methyl Butyraldehyde,0,8,0.9660360971435719
74,8,2 Methyl Butyraldehyde,0,9,0.9384646304783691
74,8,2 Methyl Butyraldehyde,0,10,0.9597243368123155
74,8,2 Methyl Butyraldehyde,0,11,0.9487130014381934
74,8,2 Methyl Butyraldehyde,0,12,0.9335222879183767
74,8,2 Methyl Butyraldehyde,0,13,1.0293891089394498
74,8,2 Methyl Butyraldehyde,0,14,0.9716722813498362
74,8,2 Methyl Butyraldehyde,1,0,0.8609189450499352
74,8,2 Methyl Butyraldehyde,1,1,0.9240767307090944
74,8,2 Methyl Butyraldehyde,1,2,0.9855964315656124
74,8,2 Methyl Butyraldehyde,1,3,0.9185536176825867
74,8,2 Methyl Butyraldehyde,1,4,1.008917718138227
74,8,2 Methyl Butyraldehyde,1,5,0.9147414808144182
74,8,2 Methyl Butyraldehyde,1,6,0.96914428524554
74,8,2 Methyl Butyraldehyde,1,7,0.9904735063965222
74,8,2 Methyl Butyraldehyde,1,8,0.9670157219053391
74,8,2 Methyl Butyraldehyde,1,9,0.8940282040272406
74,8,2 Methyl Butyraldehyde,1,10,0.9113092199360192
74,8,2 Methyl Butyraldehyde,1,11,0.995810802628345
74,8,2 Methyl Butyraldehyde,1,12,0.9168235047596027
74,8,2 Methyl Butyraldehyde,1,13,0.98803502356897
74,8,2 Methyl Butyraldehyde,1,14,0.931796574140284
74,9,m Anisaldehyde,0,0,1.2410920983829214
74,9,m Anisaldehyde,0,1,1.1799903145333173
74,9,m Anisaldehyde,0,2,1.2111039026256554
74,9,m Anisaldehyde,0,3,1.2004223503965665
74,9,m Anisaldehyde,0,4,1.2444585916364823
74,9,m Anisaldehyde,0,5,1.2391625088027907
74,9,m Anisaldehyde,0,6,1.2539406014639807
74,9,m Anisaldehyde,0,7,1.2158137054904485
74,9,m Anisaldehyde,0,8,1.1982254027623722
74,9,m Anisaldehyde,0,9,1.2427437690359278
74,9,m Anisaldehyde,0,10,1.194251049493874
74,9,m Anisaldehyde,0,11,1.278571506671059
74,9,m Anisaldehyde,0,12,1.230853710150591
74,9,m Anisaldehyde,0,13,1.2223892012259572
74,9,m Anisaldehyde,0,14,1.2539216305241638
74,9,m Anisaldehyde,1,0,1.22526100355252
74,9,m Anisaldehyde,1,1,1.161993514856381
74,9,m Anisaldehyde,1,2,1.1858583875542115
74,9,m Anisaldehyde,1,3,1.2706239316843733
74,9,m Anisaldehyde,1,4,1.231670957443572
74,9,m Anisaldehyde,1,5,1.161052871435251
74,9,m Anisaldehyde,1,6,1.2424000661983954
74,9,m Anisaldehyde,1,7,1.2059452307349987
74,9,m Anisaldehyde,1,8,1.1933355854294374
74,9,m Anisaldehyde,1,9,1.1825206745044348
74,9,m Anisaldehyde,1,10,1.268312762382536
74,9,m Anisaldehyde,1,11,1.1496956486495746
74,9,m Anisaldehyde,1,12,1.1948143005522092
74,9,m Anisaldehyde,1,13,1.2331206541662385
74,9,m Anisaldehyde,1,14,1.2914501062859285
76,0,"2,3 Pentanedione",0,0,1.1920273125174128
76,0,"2,3 Pentanedione",0,1,1.136032000042088
76,0,"2,3 Pentanedione",0,2,1.2310471228276727
76,0,"2,3 Pentanedione",0,3,1.115668048675201
76,0,"2,3 Pentanedione",0,4,1.1804864312776062
76,0,"2,3 Pentanedione",0,5,1.1893843704934888
76,0,"2,3 Pentanedione",0,6,1.1346283613353825
76,0,"2,3 Pentanedione",0,7,1.1977767067389302
76,0,"2,3 Pentanedione",0,8,1.1493173795057616
76,0,"2,3 Pentanedione",0,9,1.1976786817641187
76,0,"2,3 Pentanedione",0,10,1.0962891649599518
76,0,"2,3 Pentanedione",0,11,1.183272028272555
76,0,"2,3 Pentanedione",0,12,1.1533887177556559
76,0,"2,3 Pentanedione",0,13,1.215861135982113
76,0,"2,3 Pentanedione",0,14,1.168113755472562
76,0,"2,3 Pentanedione",1,0,1.202302646162334
76,0,"2,3 Pentanedione",1,1,1.1726379754148513
76,0,"2,3 Pentanedione",1,2,1.147233126451603
76,0,"2,3 Pentanedione",1,3,1.183840237198101
76,0,"2,3 Pentanedione",1,4,1.184095803394614
76,0,"2,3 Pentanedione",1,5,1.1712098649931777
76,0,"2,3 Pentanedione",1,6,1.060641409828522
76,0,"2,3 Pentanedione",1,7,1.1130310451829533
76,0,"2,3 Pentanedione",1,8,1.2076976986737662
76,0,"2,3 Pentanedione",1,9,1.1020956305961187
76,0,"2,3 Pentanedione",1,10,1.1876319108161615
76,0,"2,3 Pentanedione",1,11,1.180591571084716
76,0,"2,3 Pentanedione",1,12,1.123303370350248
76,0,"2,3 Pentanedione",1,13,1.0725241997288602
76,0,"2,3 Pentanedione",1,14,1.129576960895612
76,1,3 Methylvaleric Acid,0,0,1.0496797096635229
76,1,3 Methylvaleric Acid,0,1,0.9320280162298281
76,1,3 Methylvaleric Acid,0,2,0.9347888141342315
76,1,3 Methylvaleric Acid,0,3,0.9266558115058092
76,1,3 Methylvaleric Acid,0,4,1.015150486980183
76,1,3 Methylvaleric Acid,0,5,0.9568424794531981
76,1,3 Methylvaleric Acid,0,6,0.9415228587602368
76,1,3 Methylvaleric Acid,0,7,1.0230980686060165
76,1,3 Methylvaleric Acid,0,8,0.9897388714356238
76,1,3 Methylvaleric Acid,0,9,0.929787498249792
76,1,3 Methylvaleric Acid,0,10,0.9176157514757312
76,1,3 Methylvaleric Acid,0,11,1.0128859065134013
76,1,3 Methylvaleric Acid,0,12,0.9672306344678709
76,1,3 Methylvaleric Acid,0,13,0.9045965471239579
76,1,3 Methylvaleric Acid,0,14,0.8952344804424603
76,1,3 Methylvaleric Acid,1,0,0.9227541962489236
76,1,3 Methylvaleric Acid,1,1,0.9178163613327928
76,1,3 Methylvaleric Acid,1,2,0.8855526660208565
76,1,3 Methylvaleric Acid,1,3,0.9234154653909741
76,1,3 Methylvaleric Acid,1,4,0.9306325223911598
76,1,3 Methylvaleric Acid,1,5,0.9488884933215311
76,1,3 Methylvaleric Acid,1,6,1.0351121466620226
76,1,3 Methylvaleric Acid,1,7,0.956722013972983
76,1,3 Methylvaleric Acid,1,8,0.9606927513471454
76,1,3 Methylvaleric Acid,1,9,0.9877659594088717
76,1,3 Methylvaleric Acid,1,10,0.9579030220142516
76,1,3 Methylvaleric Acid,1,11,0.9834018634123823
76,1,3 Methylvaleric Acid,1,12,0.9786203399349833
76,1,3 Methylvaleric Acid,1,13,0.9722992874808837
76,1,3 Methylvaleric Acid,1,14,1.0780543882336724
76,2,Acetic Acid,0,0,1.2908416102172717
76,2,Acetic Acid,0,1,1.2111276970672284
76,2,Acetic Acid,0,2,1.2692054639030643
76,2,Acetic Acid,0,3,1.222727104189109
76,2,Acetic Acid,0,4,1.272246607017892
76,2,Acetic Acid,0,5,1.199389079771167
76,2,Acetic Acid,0,6,1.2100853985321387
76,2,Acetic Acid,0,7,1.2681528789551029
76,2,Acetic Acid,0,8,1.2943033409994187
76,2,Acetic Acid,0,9,1.2745023504056183
76,2,Acetic Acid,0,10,1.2885612698369064
76,2,Acetic Acid,0,11,1.2693493188060516
76,2,Acetic Acid,0,12,1.2612964204167911
76,2,Acetic Acid,0,13,1.2342488454851603
76,2,Acetic Acid,0,14,1.2869166488041697
76,2,Acetic Acid,1,0,1.2938287440709142
76,2,Acetic Acid,1,1,1.2503089471046576
76,2,Acetic Acid,1,2,1.2481565330867022
76,2,Acetic Acid,1,3,1.316489807226738
76,2,Acetic Acid,1,4,1.2520167035651997
76,2,Acetic Acid,1,5,1.2558610095724874
76,2,Acetic Acid,1,6,1.2722026110679643
76,2,Acetic Acid,1,7,1.2489213245196824
76,2,Acetic Acid,1,8,1.2200199618481247
76,2,Acetic Acid,1,9,1.2679521977787893
76,2,Acetic Acid,1,10,1.2512833743569556
76,2,Acetic Acid,1,11,1.3265235650168283
76,2,Acetic Acid,1,12,1.2843715167695435
76,2,Acetic Acid,1,13,1.2290142833001285
76,2,Acetic Acid,1,14,1.2819959835254635
76,3,Gerinol,0,0,1.075028511703141
76,3,Gerinol,0,1,1.1150909303917225
76,3,Gerinol,0,2,1.0417357098007403
76,3,Gerinol,0,3,1.0702609242482828
76,3,Gerinol,0,4,1.0587501323502022
76,3,Gerinol,0,5,1.0650530552362338
76,3,Gerinol,0,6,1.027305920353744
76,3,Gerinol,0,7,1.0857503450304289
76,3,Gerinol,0,8,1.0794324493478817
76,3,Gerinol,0,9,1.1141228229907738
76,3,Gerinol,0,10,1.0623128442344307
76,3,Gerinol,0,11,1.0462402979839764
76,3,Gerinol,0,12,1.0942856534316634
76,3,Gerinol,0,13,1.0309457030499145
76,3,Gerinol,0,14,1.1061132597172603
76,3,Gerinol,1,0,1.0955502606587055
76,3,Gerinol,1,1,1.1025277368075337
76,3,Gerinol,1,2,1.0673015001493371
76,3,Gerinol,1,3,1.0327767254582467
76,3,Gerinol,1,4,1.0566040898143718
76,3,Gerinol,1,5,1.0674393365653256
76,3,Gerinol,1,6,1.0298309149546423
76,3,Gerinol,1,7,1.105561232319166
76,3,Gerinol,1,8,1.075439947464899
76,3,Gerinol,1,9,1.016547662549277
76,3,Gerinol,1,10,1.1275515278207884
76,3,Gerinol,1,11,1.0561321517689644
76,3,Gerinol,1,12,1.008472459048158
76,3,Gerinol,1,13,1.0190264158522664
76,3,Gerinol,1,14,1.1117479246487711
76,4,n Methyl Piperdine,0,0,0.9520588821849446
76,4,n Methyl Piperdine,0,1,0.9194388876755084
76,4,n Methyl Piperdine,0,2,0.9318318314797571
76,4,n Methyl Piperdine,0,3,0.9277241038882161
76,4,n Methyl Piperdine,0,4,0.9013361316468343
76,4,n Methyl Piperdine,0,5,0.8922211570487087
76,4,n Methyl Piperdine,0,6,0.900654013315336
76,4,n Methyl Piperdine,0,7,0.9085001032620035
76,4,n Methyl Piperdine,0,8,0.8493955652752158
76,4,n Methyl Piperdine,0,9,0.9083378347087561
76,4,n Methyl Piperdine,0,10,0.9374041594281524
76,4,n Methyl Piperdine,0,11,0.8708045884031105
76,4,n Methyl Piperdine,0,12,0.8665295741233998
76,4,n Methyl Piperdine,0,13,0.8981213379058184
76,4,n Methyl Piperdine,0,14,0.8530731835199462
76,4,n Methyl Piperdine,1,0,0.8333083216334725
76,4,n Methyl Piperdine,1,1,0.9318898279027799
76,4,n Methyl Piperdine,1,2,0.8679430158976353
76,4,n Methyl Piperdine,1,3,0.886719009447381
76,4,n Methyl Piperdine,1,4,0.8615760646582501
76,4,n Methyl Piperdine,1,5,0.9370512588950927
76,4,n Methyl Piperdine,1,6,0.9201081126299333
76,4,n Methyl Piperdine,1,7,0.8763514846524246
76,4,n Methyl Piperdine,1,8,0.8387851717080625
76,4,n Methyl Piperdine,1,9,0.8721038741042447
76,4,n Methyl Piperdine,1,10,0.9087871742965612
76,4,n Methyl Piperdine,1,11,0.8935264944617632
76,4,n Methyl Piperdine,1,12,0.8903449880766522
76,4,n Methyl Piperdine,1,13,0.8944490166773652
76,4,n Methyl Piperdine,1,14,0.916332915558499
76,5,"2,4 Dimethyl Acetophenone",0,0,1.089724407285681
76,5,"2,4 Dimethyl Acetophenone",0,1,1.1093993134666629
76,5,"2,4 Dimethyl Acetophenone",0,2,1.051922007138479
76,5,"2,4 Dimethyl Acetophenone",0,3,1.1935528065272958
76,5,"2,4 Dimethyl Acetophenone",0,4,1.0800444026756326
76,5,"2,4 Dimethyl Acetophenone",0,5,1.099542495763642
76,5,"2,4 Dimethyl Acetophenone",0,6,1.1140573964397311
76,5,"2,4 Dimethyl Acetophenone",0,7,1.0749671549522613
76,5,"2,4 Dimethyl Acetophenone",0,8,1.0917117672182612
76,5,"2,4 Dimethyl Acetophenone",0,9,1.0912257864345538
76,5,"2,4 Dimethyl Acetophenone",0,10,1.0548372517453477
76,5,"2,4 Dimethyl Acetophenone",0,11,1.1089423524698683
76,5,"2,4 Dimethyl Acetophenone",0,12,1.0254299019179336
76,5,"2,4 Dimethyl Acetophenone",0,13,1.1615071131449473
76,5,"2,4 Dimethyl Acetophenone",0,14,1.1231176108474186
76,5,"2,4 Dimethyl Acetophenone",1,0,1.1116720899975867
76,5,"2,4 Dimethyl Acetophenone",1,1,1.0166415111941218
76,5,"2,4 Dimethyl Acetophenone",1,2,1.0544060487597307
76,5,"2,4 Dimethyl Acetophenone",1,3,1.1416810005236537
76,5,"2,4 Dimethyl Acetophenone",1,4,1.2521568515730357
76,5,"2,4 Dimethyl Acetophenone",1,5,1.1338948942937328
76,5,"2,4 Dimethyl Acetophenone",1,6,1.1275849321014897
76,5,"2,4 Dimethyl Acetophenone",1,7,1.1071061648160192
76,5,"2,4 Dimethyl Acetophenone",1,8,1.0522073078630447
76,5,"2,4 Dimethyl Acetophenone",1,9,1.1259141590194648
76,5,"2,4 Dimethyl Acetophenone",1,10,1.0420589022075744
76,5,"2,4 Dimethyl Acetophenone",1,11,1.0376837890858575
76,5,"2,4 Dimethyl Acetophenone",1,12,1.035166022673912
76,5,"2,4 Dimethyl Acetophenone",1,13,1.1251361015515153
76,5,"2,4 Dimethyl Acetophenone",1,14,1.0838106334943516
76,6,4 Heptanone,0,0,1.1673658106876477
76,6,4 Heptanone,0,1,1.162715329209445
76,6,4 Heptanone,0,2,1.1183028250435434
76,6,4 Heptanone,0,3,1.1365022504507762
76,6,4 Heptanone,0,4,1.1385144384413344
76,6,4 Heptanone,0,5,1.107120628802458
76,6,4 Heptanone,0,6,1.1431630828794583
76,6,4 Heptanone,0,7,1.120079228435623
76,6,4 Heptanone,0,8,1.186438511846152
76,6,4 Heptanone,0,9,1.1897703292501454
76,6,4 Heptanone,0,10,1.1115859217858768
76,6,4 Heptanone,0,11,1.1514662161215523
76,6,4 Heptanone,0,12,1.2375738819441406
76,6,4 Heptanone,0,13,1.1241009707843406
76,6,4 Heptanone,0,14,1.180396999403275
76,6,4 Heptanone,1,0,1.1784358231218959
76,6,4 Heptanone,1,1,1.217930448075417
76,6,4 Heptanone,1,2,1.1860336194160768
76,6,4 Heptanone,1,3,1.1569631266448306
76,6,4 Heptanone,1,4,1.176885510620696
76,6,4 Heptanone,1,5,1.17746974351993
76,6,4 Heptanone,1,6,1.1705471384704675
76,6,4 Heptanone,1,7,1.1214504875488198
76,6,4 Heptanone,1,8,1.2239384900656962
76,6,4 Heptanone,1,9,1.2168722892763535
76,6,4 Heptanone,1,10,1.1324473846869862
76,6,4 Heptanone,1,11,1.1621859204744305
76,6,4 Heptanone,1,12,1.165211518987612
76,6,4 Heptanone,1,13,1.1279541937417972
76,6,4 Heptanone,1,14,1.0995430950512899
76,7,33 Dimethyl Butyric Acid,0,0,0.9836844759801741
76,7,33 Dimethyl Butyric Acid,0,1,0.9962520884466197
76,7,33 Dimethyl Butyric Acid,0,2,0.9528588487221067
76,7,33 Dimethyl Butyric Acid,0,3,1.0175872926200866
76,7,33 Dimethyl Butyric Acid,0,4,1.057022434189321
76,7,33 Dimethyl Butyric Acid,0,5,1.0441928279032782
76,7,33 Dimethyl Butyric Acid,0,6,1.0054407559303187
76,7,33 Dimethyl Butyric Acid,0,7,0.9368917141958195
76,7,33 Dimethyl Butyric Acid,0,8,1.0391362756830294
76,7,33 Dimethyl Butyric Acid,0,9,1.0163638688192498
76,7,33 Dimethyl Butyric Acid,0,10,1.0274822264253882
76,7,33 Dimethyl Butyric Acid,0,11,1.087952294068768
76,7,33 Dimethyl Butyric Acid,0,12,0.9775157168754414
76,7,33 Dimethyl Butyric Acid,0,13,0.8955155447317857
76,7,33 Dimethyl Butyric Acid,0,14,0.9683699989442771
76,7,33 Dimethyl Butyric Acid,1,0,1.0116472688458547
76,7,33 Dimethyl Butyric Acid,1,1,0.9932825021850635
76,7,33 Dimethyl Butyric Acid,1,2,0.9435800209311946
76,7,33 Dimethyl Butyric Acid,1,3,0.9354167707880847
76,7,33 Dimethyl Butyric Acid,1,4,0.9780211054824461
76,7,33 Dimethyl Butyric Acid,1,5,0.9423616793198697
76,7,33 Dimethyl Butyric Acid,1,6,1.013030802845323
76,7,33 Dimethyl Butyric Acid,1,7,0.9757483905700911
76,7,33 Dimethyl Butyric Acid,1,8,0.9671207507418734
76,7,33 Dimethyl Butyric Acid,1,9,0.9618744099982216
76,7,33 Dimethyl Butyric Acid,1,10,1.0027303751783656
76,7,33 Dimethyl Butyric Acid,1,11,0.9939098350655433
76,7,33 Dimethyl Butyric Acid,1,12,1.0002837569096457
76,7,33 Dimethyl Butyric Acid,1,13,0.9994106438673743
76,7,33 Dimethyl Butyric Acid,1,14,0.9893176446512737
76,8,2 Methyl Butyraldehyde,0,0,0.9343496291693985
76,8,2 Methyl Butyraldehyde,0,1,0.9464596474384716
76,8,2 Methyl Butyraldehyde,0,2,0.9598878563021646
76,8,2 Methyl Butyraldehyde,0,3,1.0582826620312549
76,8,2 Methyl Butyraldehyde,0,4,0.9217213996910496
76,8,2 Methyl Butyraldehyde,0,5,0.9589157923750464
76,8,2 Methyl Butyraldehyde,0,6,0.9796055349121415
76,8,2 Methyl Butyraldehyde,0,7,0.9635415423768223
76,8,2 Methyl Butyraldehyde,0,8,1.0186336341652316
76,8,2 Methyl Butyraldehyde,0,9,0.9633349352876074
76,8,2 Methyl Butyraldehyde,0,10,0.9662931965416977
76,8,2 Methyl Butyraldehyde,0,11,1.0082599930523748
76,8,2 Methyl Butyraldehyde,0,12,1.048103319024457
76,8,2 Methyl Butyraldehyde,0,13,1.031974787465655
76,8,2 Methyl Butyraldehyde,0,14,0.9702086971433563
76,8,2 Methyl Butyraldehyde,1,0,0.9630440732839409
76,8,2 Methyl Butyraldehyde,1,1,0.9668934115446052
76,8,2 Methyl Butyraldehyde,1,2,0.9709046180917404
76,8,2 Methyl Butyraldehyde,1,3,0.9311307171793245
76,8,2 Methyl Butyraldehyde,1,4,1.0024883937074547
76,8,2 Methyl Butyraldehyde,1,5,0.9732890068621485
76,8,2 Methyl Butyraldehyde,1,6,0.9632303942006245
76,8,2 Methyl Butyraldehyde,1,7,0.9141788266908741
76,8,2 Methyl Butyraldehyde,1,8,0.9675160900928615
76,8,2 Methyl Butyraldehyde,1,9,0.8892961496244048
76,8,2 Methyl Butyraldehyde,1,10,0.9417586679919477
76,8,2 Methyl Butyraldehyde,1,11,0.9425007334940692
76,8,2 Methyl Butyraldehyde,1,12,0.9765044494767419
76,8,2 Methyl Butyraldehyde,1,13,1.040218642751049
76,8,2 Methyl Butyraldehyde,1,14,0.9879009403798545
76,9,m Anisaldehyde,0,0,1.2740511794765343
76,9,m Anisaldehyde,0,1,1.241923583495253
76,9,m Anisaldehyde,0,2,1.2611172361586143
76,9,m Anisaldehyde,0,3,1.290400190688834
76,9,m Anisaldehyde,0,4,1.1868416232790195
76,9,m Anisaldehyde,0,5,1.1842309192058496
76,9,m Anisaldehyde,0,6,1.2428675325902026
76,9,m Anisaldehyde,0,7,1.2159679584086198
76,9,m Anisaldehyde,0,8,1.2249292498833881
76,9,m Anisaldehyde,0,9,1.2061684208868153
76,9,m Anisaldehyde,0,10,1.192264747890121
76,9,m Anisaldehyde,0,11,1.2809456833221107
76,9,m Anisaldehyde,0,12,1.1721206520183132
76,9,m Anisaldehyde,0,13,1.2435707869407715
76,9,m Anisaldehyde,0,14,1.2370842280003278
76,9,m Anisaldehyde,1,0,1.1597213092257104
76,9,m Anisaldehyde,1,1,1.1896506279287764
76,9,m Anisaldehyde,1,2,1.1963742186905255
76,9,m Anisaldehyde,1,3,1.245465205661184
76,9,m Anisaldehyde,1,4,1.2082004368912982
76,9,m Anisaldehyde,1,5,1.219458248864088
76,9,m Anisaldehyde,1,6,1.164575946849131
76,9,m Anisaldehyde,1,7,1.3159183097971328
76,9,m Anisaldehyde,1,8,1.2257296658781
76,9,m Anisaldehyde,1,9,1.242841877020398
76,9,m Anisaldehyde,1,10,1.2012568215859112
76,9,m Anisaldehyde,1,11,1.196776748045806
76,9,m Anisaldehyde,1,12,1.2993892273266614
76,9,m Anisaldehyde,1,13,1.146212976848255
76,9,m Anisaldehyde,1,14,1.2340277238657513
78,0,"2,3 Pentanedione",0,0,1.1441776302086342
78,0,"2,3 Pentanedione",0,1,1.1764377396770698
78,0,"2,3 Pentanedione",0,2,1.1671140071459891
78,0,"2,3 Pentanedione",0,3,1.15319867851618
78,0,"2,3 Pentanedione",0,4,1.194055455041203
78,0,"2,3 Pentanedione",0,5,1.0899166199607073
78,0,"2,3 Pentanedione",0,6,1.1800182465762021
78,0,"2,3 Pentanedione",0,7,1.189026186838951
78,0,"2,3 Pentanedione",0,8,1.1382667239967095
78,0,"2,3 Pentanedione",0,9,1.2531665347109253
78,0,"2,3 Pentanedione",0,10,1.1688594508610575
78,0,"2,3 Pentanedione",0,11,1.1831384161543566
78,0,"2,3 Pentanedione",0,12,1.1689490192963619
78,0,"2,3 Pentanedione",0,13,1.1893751410357265
78,0,"2,3 Pentanedione",0,14,1.2449635495931919
78,0,"2,3 Pentanedione",1,0,1.2454359051373638
78,0,"2,3 Pentanedione",1,1,1.176340841128451
78,0,"2,3 Pentanedione",1,2,1.1900350236592956
78,0,"2,3 Pentanedione",1,3,1.215172372239508
78,0,"2,3 Pentanedione",1,4,1.156470116051083
78,0,"2,3 Pentanedione",1,5,1.2093253079248996
78,0,"2,3 Pentanedione",1,6,1.1782113182760408
78,0,"2,3 Pentanedione",1,7,1.1522747673528875
78,0,"2,3 Pentanedione",1,8,1.1605289143584834
78,0,"2,3 Pentanedione",1,9,1.0736585944457118
78,0,"2,3 Pentanedione",1,10,1.1582000433982707
78,0,"2,3 Pentanedione",1,11,1.0847653721625727
78,0,"2,3 Pentanedione",1,12,1.0815045069159803
78,0,"2,3 Pentanedione",1,13,1.1542304205414338
78,0,"2,3 Pentanedione",1,14,1.1019521291724226
78,1,3 Methylvaleric Acid,0,0,0.9708315935353083
78,1,3 Methylvaleric Acid,0,1,0.976653524361438
78,1,3 Methylvaleric Acid,0,2,0.9784381276201288
78,1,3 Methylvaleric Acid,0,3,0.9349512873057594
78,1,3 Methylvaleric Acid,0,4,1.0070634388866915
78,1,3 Methylvaleric Acid,0,5,0.9675467341288003
78,1,3 Methylvaleric Acid,0,6,0.9887591707942899
78,1,3 Methylvaleric Acid,0,7,0.9232585590295636
78,1,3 Methylvaleric Acid,0,8,0.963983041315604
78,1,3 Methylvaleric Acid,0,9,1.0150079229182483
78,1,3 Methylvaleric Acid,0,10,1.0099232488597916
78,1,3 Methylvaleric Acid,0,11,0.9392244362704677
78,1,3 Methylvaleric Acid,0,12,0.9492938159644496
78,1,3 Methylvaleric Acid,0,13,0.9315686743848907
78,1,3 Methylvaleric Acid,0,14,0.9448596268570082
78,1,3 Methylvaleric Acid,1,0,0.9200251005803222
78,1,3 Methylvaleric Acid,1,1,0.9704607673122443
78,1,3 Methylvaleric Acid,1,2,1.001313338135897
78,1,3 Methylvaleric Acid,1,3,0.9445856876565402
78,1,3 Methylvaleric Acid,1,4,0.9723635509021362
78,1,3 Methylvaleric Acid,1,5,0.967167865903329
78,1,3 Methylvaleric Acid,1,6,1.018192551472512
78,1,3 Methylvaleric Acid,1,7,0.9515241287364065
78,1,3 Methylvaleric Acid,1,8,0.9529791579025492
78,1,3 Methylvaleric Acid,1,9,0.9421469570768888
78,1,3 Methylvaleric Acid,1,10,0.9304874214054437
78,1,3 Methylvaleric Acid,1,11,0.9971552018664621
78,1,3 Methylvaleric Acid,1,12,0.9705833703553641
78,1,3 Methylvaleric Acid,1,13,0.9781801966015153
78,1,3 Methylvaleric Acid,1,14,1.026973448456399
78,2,Acetic Acid,0,0,1.338955062125284
78,2,Acetic Acid,0,1,1.219822460774777
78,2,Acetic Acid,0,2,1.3115852200119917
78,2,Acetic Acid,0,3,1.2946977101166166
78,2,Acetic Acid,0,4,1.2672081931223316
78,2,Acetic Acid,0,5,1.2987791805692868
78,2,Acetic Acid,0,6,1.2166165036793377
78,2,Acetic Acid,0,7,1.344177526799225
78,2,Acetic Acid,0,8,1.3062695969710454
78,2,Acetic Acid,0,9,1.2510639232948626
78,2,Acetic Acid,0,10,1.262255424215388
78,2,Acetic Acid,0,11,1.2175459740662715
78,2,Acetic Acid,0,12,1.273113543094719
78,2,Acetic Acid,0,13,1.2663625539985457
78,2,Acetic Acid,0,14,1.2326674176032186
78,2,Acetic Acid,1,0,1.3149656297575012
78,2,Acetic Acid,1,1,1.3349694279968891
78,2,Acetic Acid,1,2,1.282803120807331
78,2,Acetic Acid,1,3,1.2716716650952553
78,2,Acetic Acid,1,4,1.301296924494382
78,2,Acetic Acid,1,5,1.2831119819093084
78,2,Acetic Acid,1,6,1.2406103717598627
78,2,Acetic Acid,1,7,1.2577904209456197
78,2,Acetic Acid,1,8,1.2720401001391888
78,2,Acetic Acid,1,9,1.293825004188178
78,2,Acetic Acid,1,10,1.284271009124169
78,2,Acetic Acid,1,11,1.2923123156085947
78,2,Acetic Acid,1,12,1.2229044210777533
78,2,Acetic Acid,1,13,1.3105062501725073
78,2,Acetic Acid,1,14,1.2840341757694507
78,3,Gerinol,0,0,1.1741682201485304
78,3,Gerinol,0,1,1.0565544831754676
78,3,Gerinol,0,2,1.084998197786899
78,3,Gerinol,0,3,1.1852286244708643
78,3,Gerinol,0,4,1.0798235231626514
78,3,Gerinol,0,5,1.0693546364114834
78,3,Gerinol,0,6,1.0325829821924981
78,3,Gerinol,0,7,1.1331905126708834
78,3,Gerinol,0,8,1.0256957945354614
78,3,Gerinol,0,9,1.089144694656449
78,3,Gerinol,0,10,1.053117645130189
78,3,Gerinol,0,11,1.0644864074794032
78,3,Gerinol,0,12,1.0151025672381218
78,3,Gerinol,0,13,1.12578494685188
78,3,Gerinol,0,14,1.0609479657457932
78,3,Gerinol,1,0,1.03854609439795
78,3,Gerinol,1,1,1.1372573046352752
78,3,Gerinol,1,2,1.0669842082321792
78,3,Gerinol,1,3,1.1005339724229004
78,3,Gerinol,1,4,1.1208063360390461
78,3,Gerinol,1,5,1.1061110539766443
78,3,Gerinol,1,6,0.9992842587337101
78,3,Gerinol,1,7,1.114963948792783
78,3,Gerinol,1,8,1.0831251302470664
78,3,Gerinol,1,9,1.0739885328815382
78,3,Gerinol,1,10,1.0827866827946626
78,3,Gerinol,1,11,1.0227483689960282
78,3,Gerinol,1,12,1.0948365173401435
78,3,Gerinol,1,13,1.0325740258052991
78,3,Gerinol,1,14,1.0757160923714062
78,4,n Methyl Piperdine,0,0,0.9153789459175217
78,4,n Methyl Piperdine,0,1,0.9520898521754978
78,4,n Methyl Piperdine,0,2,0.8763438422616047
78,4,n Methyl Piperdine,0,3,0.9671918635298328
78,4,n Methyl Piperdine,0,4,0.9470024987965991
78,4,n Methyl Piperdine,0,5,0.8919519789563718
78,4,n Methyl Piperdine,0,6,0.8647783979998891
78,4,n Methyl Piperdine,0,7,0.8513757213667764
78,4,n Methyl Piperdine,0,8,0.9199985227173187
78,4,n Methyl Piperdine,0,9,0.8796370026743606
78,4,n Methyl Piperdine,0,10,0.9571026408672618
78,4,n Methyl Piperdine,0,11,0.8819474154628624
78,4,n Methyl Piperdine,0,12,0.8731015294539144
78,4,n Methyl Piperdine,0,13,0.9184734227057658
78,4,n Methyl Piperdine,0,14,0.8816864943696163
78,4,n Methyl Piperdine,1,0,0.8869514880671536
78,4,n Methyl Piperdine,1,1,0.9260490615347423
78,4,n Methyl Piperdine,1,2,0.8912986615991504
78,4,n Methyl Piperdine,1,3,0.8914480667605104
78,4,n Methyl Piperdine,1,4,0.8948153566887381
78,4,n Methyl Piperdine,1,5,0.8188855287209857
78,4,n Methyl Piperdine,1,6,0.902282998329621
78,4,n Methyl Piperdine,1,7,0.8930067514014373
78,4,n Methyl Piperdine,1,8,0.9223253814117383
78,4,n Methyl Piperdine,1,9,0.9108419203778862
78,4,n Methyl Piperdine,1,10,0.8785315430681808
78,4,n Methyl Piperdine,1,11,0.927905203992829
78,4,n Methyl Piperdine,1,12,0.8749042604278926
78,4,n Methyl Piperdine,1,13,0.8964957724955096
78,4,n Methyl Piperdine,1,14,0.8741635111132272
78,5,"2,4 Dimethyl Acetophenone",0,0,1.102218119085296
78,5,"2,4 Dimethyl Acetophenone",0,1,1.068688215582857
78,5,"2,4 Dimethyl Acetophenone",0,2,1.1496498712460301
78,5,"2,4 Dimethyl Acetophenone",0,3,1.1644423163773931
78,5,"2,4 Dimethyl Acetophenone",0,4,1.1187053370558078
78,5,"2,4 Dimethyl Acetophenone",0,5,1.1453996728649287
78,5,"2,4 Dimethyl Acetophenone",0,6,1.0221792276540056
78,5,"2,4 Dimethyl Acetophenone",0,7,1.0268926971573678
78,5,"2,4 Dimethyl Acetophenone",0,8,1.070885384223119
78,5,"2,4 Dimethyl Acetophenone",0,9,1.0853970454987225
78,5,"2,4 Dimethyl Acetophenone",0,10,1.0758195101643808
78,5,"2,4 Dimethyl Acetophenone",0,11,1.0180623969030493
78,5,"2,4 Dimethyl Acetophenone",0,12,1.1298114751413133
78,5,"2,4 Dimethyl Acetophenone",0,13,1.1699157362226449
78,5,"2,4 Dimethyl Acetophenone",0,14,1.1349873140552724
78,5,"2,4 Dimethyl Acetophenone",1,0,1.133090161292305
78,5,"2,4 Dimethyl Acetophenone",1,1,1.0987140147466703
78,5,"2,4 Dimethyl Acetophenone",1,2,1.0559493357117606
78,5,"2,4 Dimethyl Acetophenone",1,3,1.0925703526462849
78,5,"2,4 Dimethyl Acetophenone",1,4,1.1738927520145064
78,5,"2,4 Dimethyl Acetophenone",1,5,1.075589706040564
78,5,"2,4 Dimethyl Acetophenone",1,6,1.0714709406278886
78,5,"2,4 Dimethyl Acetophenone",1,7,1.1339613769050028
78,5,"2,4 Dimethyl Acetophenone",1,8,1.1366166725706701
78,5,"2,4 Dimethyl Acetophenone",1,9,1.055753158309854
78,5,"2,4 Dimethyl Acetophenone",1,10,1.0792098460113493
78,5,"2,4 Dimethyl Acetophenone",1,11,1.0695930107047888
78,5,"2,4 Dimethyl Acetophenone",1,12,1.0924568057032897
78,5,"2,4 Dimethyl Acetophenone",1,13,1.133816697378906
78,5,"2,4 Dimethyl Acetophenone",1,14,1.0575081296957225
78,6,4 Heptanone,0,0,1.2136987424019803
78,6,4 Heptanone,0,1,1.174178199869355
78,6,4 Heptanone,0,2,1.263159835365074
78,6,4 Heptanone,0,3,1.1828653852873376
78,6,4 Heptanone,0,4,1.1662354071273322
78,6,4 Heptanone,0,5,1.1931007389971424
78,6,4 Heptanone,0,6,1.1566263003970143
78,6,4 Heptanone,0,7,1.0983012249784296
78,6,4 Heptanone,0,8,1.1604913029416588
78,6,4 Heptanone,0,9,1.1598604055497337
78,6,4 Heptanone,0,10,1.1064194514905104
78,6,4 Heptanone,0,11,1.167190742320723
78,6,4 Heptanone,0,12,1.0874277409281268
78,6,4 Heptanone,0,13,1.1562046765062837
78,6,4 Heptanone,0,14,1.1798559895942897
78,6,4 Heptanone,1,0,1.186957201438585
78,6,4 Heptanone,1,1,1.166634575437583
78,6,4 Heptanone,1,2,1.179656138275133
78,6,4 Heptanone,1,3,1.1517147768539426
78,6,4 Heptanone,1,4,1.1835100151299571
78,6,4 Heptanone,1,5,1.1854008106167266
78,6,4 Heptanone,1,6,1.1470673552369954
78,6,4 Heptanone,1,7,1.1937853223734196
78,6,4 Heptanone,1,8,1.193535460556274
78,6,4 Heptanone,1,9,1.1764289578098128
78,6,4 Heptanone,1,10,1.2799192358045286
78,6,4 Heptanone,1,11,1.1774492588856835
78,6,4 Heptanone,1,12,1.171907984538135
78,6,4 Heptanone,1,13,1.1661816299847465
78,6,4 Heptanone,1,14,1.1442397854299997
78,7,33 Dimethyl Butyric Acid,0,0,1.0426267266958669
78,7,33 Dimethyl Butyric Acid,0,1,0.9877409535813528
78,7,33 Dimethyl Butyric Acid,0,2,0.9924729064222207
78,7,33 Dimethyl Butyric Acid,0,3,0.993661169920587
78,7,33 Dimethyl Butyric Acid,0,4,0.9757930916681904
78,7,33 Dimethyl Butyric Acid,0,5,0.9451474990003419
78,7,33 Dimethyl Butyric Acid,0,6,0.9966732376157631
78,7,33 Dimethyl Butyric Acid,0,7,1.0501242448106225
78,7,33 Dimethyl Butyric Acid,0,8,1.0230700245207407
78,7,33 Dimethyl Butyric Acid,0,9,1.0776138431096558
78,7,33 Dimethyl Butyric Acid,0,10,1.0452290845016983
78,7,33 Dimethyl Butyric Acid,0,11,1.0361494247130927
78,7,33 Dimethyl Butyric Acid,0,12,1.0904967932082394
78,7,33 Dimethyl Butyric Acid,0,13,1.0113050085020023
78,7,33 Dimethyl Butyric Acid,0,14,1.017713859242329
78,7,33 Dimethyl Butyric Acid,1,0,0.9901280731357537
78,7,33 Dimethyl Butyric Acid,1,1,1.0523381192495012
78,7,33 Dimethyl Butyric Acid,1,2,0.9906872626605229
78,7,33 Dimethyl Butyric Acid,1,3,0.9646555550390751
78,7,33 Dimethyl Butyric Acid,1,4,1.0140936715206732
78,7,33 Dimethyl Butyric Acid,1,5,0.9579362575598781
78,7,33 Dimethyl Butyric Acid,1,6,1.0119255105067162
78,7,33 Dimethyl Butyric Acid,1,7,1.0071402873678326
78,7,33 Dimethyl Butyric Acid,1,8,0.9830105432898993
78,7,33 Dimethyl Butyric Acid,1,9,1.0132191128856323
78,7,33 Dimethyl Butyric Acid,1,10,0.9310750527898252
78,7,33 Dimethyl Butyric Acid,1,11,0.9971051348551586
78,7,33 Dimethyl Butyric Acid,1,12,0.97207603461549
78,7,33 Dimethyl Butyric Acid,1,13,1.1050771930935401
78,7,33 Dimethyl Butyric Acid,1,14,0.9968196527877675
78,8,2 Methyl Butyraldehyde,0,0,0.9525029759278314
78,8,2 Methyl Butyraldehyde,0,1,0.9212265884770455
78,8,2 Methyl Butyraldehyde,0,2,1.0285749057909395
78,8,2 Methyl Butyraldehyde,0,3,0.9623573491382177
78,8,2 Methyl Butyraldehyde,0,4,0.944704575236152
78,8,2 Methyl Butyraldehyde,0,5,0.9898106264795312
78,8,2 Methyl Butyraldehyde,0,6,1.002347411175395
78,8,2 Methyl Butyraldehyde,0,7,1.00171677524755
78,8,2 Methyl Butyraldehyde,0,8,0.9771486748415433
78,8,2 Methyl Butyraldehyde,0,9,0.9827262633946376
78,8,2 Methyl Butyraldehyde,0,10,0.985640140946397
78,8,2 Methyl Butyraldehyde,0,11,0.9898145085443237
78,8,2 Methyl Butyraldehyde,0,12,0.9933540657552281
78,8,2 Methyl Butyraldehyde,0,13,1.0201367679713906
78,8,2 Methyl Butyraldehyde,0,14,0.9786152524002029
78,8,2 Methyl Butyraldehyde,1,0,0.9442774786781407
78,8,2 Methyl Butyraldehyde,1,1,0.9711779411871938
78,8,2 Methyl Butyraldehyde,1,2,1.007100842060755
78,8,2 Methyl Butyraldehyde,1,3,0.9054884909759613
78,8,2 Methyl Butyraldehyde,1,4,0.9057195214964767
78,8,2 Methyl Butyraldehyde,1,5,1.013680654167048
78,8,2 Methyl Butyraldehyde,1,6,1.0377545219854083
78,8,2 Methyl Butyraldehyde,1,7,0.9263416079105762
78,8,2 Methyl Butyraldehyde,1,8,0.9809679801446709
78,8,2 Methyl Butyraldehyde,1,9,0.9609678047946746
78,8,2 Methyl Butyraldehyde,1,10,0.9665164048216902
78,8,2 Methyl Butyraldehyde,1,11,0.9891708496616117
78,8,2 Methyl Butyraldehyde,1,12,0.9252348001509252
78,8,2 Methyl Butyraldehyde,1,13,0.9326609092916591
78,8,2 Methyl Butyraldehyde,1,14,0.9648995623945061
78,9,m Anisaldehyde,0,0,1.253434649607769
78,9,m Anisaldehyde,0,1,1.2142114692961685
78,9,m Anisaldehyde,0,2,1.2908355805151028
78,9,m Anisaldehyde,0,3,1.242547234599094
78,9,m Anisaldehyde,0,4,1.2423769692808617
78,9,m Anisaldehyde,0,5,1.2705560251327315
78,9,m Anisaldehyde,0,6,1.2540933424808354
78,9,m Anisaldehyde,0,7,1.292748746039768
78,9,m Anisaldehyde,0,8,1.2219127720115088
78,9,m Anisaldehyde,0,9,1.2033542096409966
78,9,m Anisaldehyde,0,10,1.2468581709715911
78,9,m Anisaldehyde,0,11,1.261659120440936
78,9,m Anisaldehyde,0,12,1.2096194357596346
78,9,m Anisaldehyde,0,13,1.203739531055525
78,9,m Anisaldehyde,0,14,1.266541584817055
78,9,m Anisaldehyde,1,0,1.2197521849782762
78,9,m Anisaldehyde,1,1,1.191962938990598
78,9,m Anisaldehyde,1,2,1.2886770593634371
78,9,m Anisaldehyde,1,3,1.224791620753791
78,9,m Anisaldehyde,1,4,1.296055871825489
78,9,m Anisaldehyde,1,5,1.2512022393152518
78,9,m Anisaldehyde,1,6,1.2618537621530868
78,9,m Anisaldehyde,1,7,1.2416034178270006
78,9,m Anisaldehyde,1,8,1.1438569178890468
78,9,m Anisaldehyde,1,9,1.2045919480287266
78,9,m Anisaldehyde,1,10,1.2450350292821257
78,9,m Anisaldehyde,1,11,1.2646525731625828
78,9,m Anisaldehyde,1,12,1.17847644677535
78,9,m Anisaldehyde,1,13,1.2479193393564563
78,9,m Anisaldehyde,1,14,1.2051728441823135
80,0,"2,3 Pentanedione",0,0,1.1642036982517547
80,0,"2,3 Pentanedione",0,1,1.1540428602201755
80,0,"2,3 Pentanedione",0,2,1.1845589557453515
80,0,"2,3 Pentanedione",0,3,1.1974918088556692
80,0,"2,3 Pentanedione",0,4,1.1731784876191298
80,0,"2,3 Pentanedione",0,5,1.1892346352069916
80,0,"2,3 Pentanedione",0,6,1.140805192611215
80,0,"2,3 Pentanedione",0,7,1.2677435880988543
80,0,"2,3 Pentanedione",0,8,1.1060661277883732
80,0,"2,3 Pentanedione",0,9,1.1337086605317956
80,0,"2,3 Pentanedione",0,10,1.1908732349580442
80,0,"2,3 Pentanedione",0,11,1.1849277438426082
80,0,"2,3 Pentanedione",0,12,1.1743144524138625
80,0,"2,3 Pentanedione",0,13,1.1818316379678928
80,0,"2,3 Pentanedione",0,14,1.0714766054639269
80,0,"2,3 Pentanedione",1,0,1.206005049117886
80,0,"2,3 Pentanedione",1,1,1.134277462981708
80,0,"2,3 Pentanedione",1,2,1.1922688686272067
80,0,"2,3 Pentanedione",1,3,1.0610920381776545
80,0,"2,3 Pentanedione",1,4,1.1526958414756203
80,0,"2,3 Pentanedione",1,5,1.1198930101705786
80,0,"2,3 Pentanedione",1,6,1.1653179073996247
80,0,"2,3 Pentanedione",1,7,1.1551159194351266
80,0,"2,3 Pentanedione",1,8,1.1570750132363399
80,0,"2,3 Pentanedione",1,9,1.100075433807113
80,0,"2,3 Pentanedione",1,10,1.1401543365036282
80,0,"2,3 Pentanedione",1,11,1.135226419419199
80,0,"2,3 Pentanedione",1,12,1.1622455030046699
80,0,"2,3 Pentanedione",1,13,1.1820049811537114
80,0,"2,3 Pentanedione",1,14,1.1484521382167172
80,1,3 Methylvaleric Acid,0,0,0.9226784260631369
80,1,3 Methylvaleric Acid,0,1,0.9780284699813515
80,1,3 Methylvaleric Acid,0,2,1.0781683667350512
80,1,3 Methylvaleric Acid,0,3,1.0395655306781921
80,1,3 Methylvaleric Acid,0,4,0.8547493350883728
80,1,3 Methylvaleric Acid,0,5,0.9762590437464745
80,1,3 Methylvaleric Acid,0,6,1.0110100986088946
80,1,3 Methylvaleric Acid,0,7,0.9664322370959616
80,1,3 Methylvaleric Acid,0,8,0.9553216807929255
80,1,3 Methylvaleric Acid,0,9,0.9630467489953413
80,1,3 Methylvaleric Acid,0,10,0.9958128970160669
80,1,3 Methylvaleric Acid,0,11,0.9277865186236804
80,1,3 Methylvaleric Acid,0,12,1.0212728636630557
80,1,3 Methylvaleric Acid,0,13,0.9714855979307581
80,1,3 Methylvaleric Acid,0,14,0.9363243466342188
80,1,3 Methylvaleric Acid,1,0,1.0129736356578245
80,1,3 Methylvaleric Acid,1,1,0.9061943929974111
80,1,3 Methylvaleric Acid,1,2,0.9457912253218134
80,1,3 Methylvaleric Acid,1,3,0.9451326265904701
80,1,3 Methylvaleric Acid,1,4,1.053757306731322
80,1,3 Methylvaleric Acid,1,5,0.940598798456299
80,1,3 Methylvaleric Acid,1,6,0.8818010203818726
80,1,3 Methylvaleric Acid,1,7,0.9447270245907111
80,1,3 Methylvaleric Acid,1,8,0.9862216430980679
80,1,3 Methylvaleric Acid,1,9,0.999363011065221
80,1,3 Methylvaleric Acid,1,10,1.0590612169395877
80,1,3 Methylvaleric Acid,1,11,1.024275532041312
80,1,3 Methylvaleric Acid,1,12,0.9755165329584828
80,1,3 Methylvaleric Acid,1,13,0.9323430104988857
80,1,3 Methylvaleric Acid,1,14,1.0329607264557712
80,2,Acetic Acid,0,0,1.2898408272754973
80,2,Acetic Acid,0,1,1.2782570798399624
80,2,Acetic Acid,0,2,1.2879004172023838
80,2,Acetic Acid,0,3,1.254491839732674
80,2,Acetic Acid,0,4,1.2859825656417074
80,2,Acetic Acid,0,5,1.2952590360894098
80,2,Acetic Acid,0,6,1.3338096335210312
80,2,Acetic Acid,0,7,1.2890598358845058
80,2,Acetic Acid,0,8,1.2538849996150059
80,2,Acetic Acid,0,9,1.2404324830782785
80,2,Acetic Acid,0,10,1.3129661591894712
80,2,Acetic Acid,0,11,1.3074884034273155
80,2,Acetic Acid,0,12,1.2824108608400198
80,2,Acetic Acid,0,13,1.2858851108688636
80,2,Acetic Acid,0,14,1.3201228466005133
80,2,Acetic Acid,1,0,1.3463968701055316
80,2,Acetic Acid,1,1,1.2595692365921982
80,2,Acetic Acid,1,2,1.294331133406575
80,2,Acetic Acid,1,3,1.3291058361181707
80,2,Acetic Acid,1,4,1.2597304483500678
80,2,Acetic Acid,1,5,1.2901497353754254
80,2,Acetic Acid,1,6,1.2892551958344511
80,2,Acetic Acid,1,7,1.238323210556217
80,2,Acetic Acid,1,8,1.2975149717485825
80,2,Acetic Acid,1,9,1.2920368071021349
80,2,Acetic Acid,1,10,1.3129783899418
80,2,Acetic Acid,1,11,1.2432995609715292
80,2,Acetic Acid,1,12,1.2911738353684068
80,2,Acetic Acid,1,13,1.3460443825041901
80,2,Acetic Acid,1,14,1.373875013234449
80,3,Gerinol,0,0,1.1349465322774148
80,3,Gerinol,0,1,1.036658501292541
80,3,Gerinol,0,2,1.1017834688002954
80,3,Gerinol,0,3,1.064415498520106
80,3,Gerinol,0,4,1.0950973852437473
80,3,Gerinol,0,5,1.0528526932874736
80,3,Gerinol,0,6,1.0152024238444586
80,3,Gerinol,0,7,1.0699606719705572
80,3,Gerinol,0,8,1.112645469382951
80,3,Gerinol,0,9,1.095261351737503
80,3,Gerinol,0,10,1.0998592759151247
80,3,Gerinol,0,11,1.0923953744377255
80,3,Gerinol,0,12,1.099922460512379
80,3,Gerinol,0,13,1.1049218318820186
80,3,Gerinol,0,14,1.0727541043603657
80,3,Gerinol,1,0,1.0833682854211082
80,3,Gerinol,1,1,1.1497829979591112
80,3,Gerinol,1,2,1.085733904124369
80,3,Gerinol,1,3,1.0817552028224802
80,3,Gerinol,1,4,1.0841680432533796
80,3,Gerinol,1,5,1.0713363222316747
80,3,Gerinol,1,6,1.0626384244154914
80,3,Gerinol,1,7,1.0883998039389409
80,3,Gerinol,1,8,1.0598240548859574
80,3,Gerinol,1,9,1.074232065785235
80,3,Gerinol,1,10,1.048432074703272
80,3,Gerinol,1,11,1.0843731351456962
80,3,Gerinol,1,12,1.1034204607313647
80,3,Gerinol,1,13,1.071576068567887
80,3,Gerinol,1,14,0.9997175254887509
80,4,n Methyl Piperdine,0,0,0.9335050802763154
80,4,n Methyl Piperdine,0,1,0.9146975722244869
80,4,n Methyl Piperdine,0,2,0.8701609605135581
80,4,n Methyl Piperdine,0,3,0.9408210282070274
80,4,n Methyl Piperdine,0,4,0.8539532104854626
80,4,n Methyl Piperdine,0,5,0.9517065231270753
80,4,n Methyl Piperdine,0,6,0.907595553728208
80,4,n Methyl Piperdine,0,7,0.8191356154990033
80,4,n Methyl Piperdine,0,8,0.917023402004626
80,4,n Methyl Piperdine,0,9,0.893642523790459
80,4,n Methyl Piperdine,0,10,0.887616246841171
80,4,n Methyl Piperdine,0,11,0.8803811880558478
80,4,n Methyl Piperdine,0,12,0.9048015868797016
80,4,n Methyl Piperdine,0,13,0.8904826712674109
80,4,n Methyl Piperdine,0,14,0.835622608786561
80,4,n Methyl Piperdine,1,0,0.944260021253288
80,4,n Methyl Piperdine,1,1,0.8836029995477276
80,4,n Methyl Piperdine,1,2,0.8640999051510693
80,4,n Methyl Piperdine,1,3,0.8482403584843866
80,4,n Methyl Piperdine,1,4,0.9242065884843167
80,4,n Methyl Piperdine,1,5,0.8414400270223388
80,4,n Methyl Piperdine,1,6,0.8987367978605185
80,4,n Methyl Piperdine,1,7,0.8700313457112566
80,4,n Methyl Piperdine,1,8,0.8723605193637065
80,4,n Methyl Piperdine,1,9,0.8492349245471639
80,4,n Methyl Piperdine,1,10,0.8685645284853334
80,4,n Methyl Piperdine,1,11,0.8937298014464742
80,4,n Methyl Piperdine,1,12,0.9027897948401595
80,4,n Methyl Piperdine,1,13,0.8619536065348807
80,4,n Methyl Piperdine,1,14,0.8897399296887033
80,5,"2,4 Dimethyl Acetophenone",0,0,1.1383843343734927
80,5,"2,4 Dimethyl Acetophenone",0,1,1.036341014856713
80,5,"2,4 Dimethyl Acetophenone",0,2,1.1025953981910015
80,5,"2,4 Dimethyl Acetophenone",0,3,1.064814799318589
80,5,"2,4 Dimethyl Acetophenone",0,4,1.0607387902500147
80,5,"2,4 Dimethyl Acetophenone",0,5,1.1132866176546
80,5,"2,4 Dimethyl Acetophenone",0,6,1.0810360983879734
80,5,"2,4 Dimethyl Acetophenone",0,7,1.054174032085272
80,5,"2,4 Dimethyl Acetophenone",0,8,1.1558174848174754
80,5,"2,4 Dimethyl Acetophenone",0,9,1.139649737707949
80,5,"2,4 Dimethyl Acetophenone",0,10,1.0255539188803091
80,5,"2,4 Dimethyl Acetophenone",0,11,1.0438690320145931
80,5,"2,4 Dimethyl Acetophenone",0,12,1.1265844399874232
80,5,"2,4 Dimethyl Acetophenone",0,13,1.0914512038131772
80,5,"2,4 Dimethyl Acetophenone",0,14,1.1628691429088742
80,5,"2,4 Dimethyl Acetophenone",1,0,1.1121738887362274
80,5,"2,4 Dimethyl Acetophenone",1,1,1.099499053748747
80,5,"2,4 Dimethyl Acetophenone",1,2,1.0466459251215694
80,5,"2,4 Dimethyl Acetophenone",1,3,1.107178044589166
80,5,"2,4 Dimethyl Acetophenone",1,4,1.0364898746045683
80,5,"2,4 Dimethyl Acetophenone",1,5,1.1397302141309897
80,5,"2,4 Dimethyl Acetophenone",1,6,1.1044059763553167
80,5,"2,4 Dimethyl Acetophenone",1,7,1.0545272097242833
80,5,"2,4 Dimethyl Acetophenone",1,8,1.1197075299198795
80,5,"2,4 Dimethyl Acetophenone",1,9,1.1771814283600404
80,5,"2,4 Dimethyl Acetophenone",1,10,1.078815748802209
80,5,"2,4 Dimethyl Acetophenone",1,11,1.1095369603822387
80,5,"2,4 Dimethyl Acetophenone",1,12,1.0702472600069468
80,5,"2,4 Dimethyl Acetophenone",1,13,1.0909345214993207
80,5,"2,4 Dimethyl Acetophenone",1,14,1.027231050393329
80,6,4 Heptanone,0,0,1.1881440874894844
80,6,4 Heptanone,0,1,1.1899083612229435
80,6,4 Heptanone,0,2,1.2601251791035089
80,6,4 Heptanone,0,3,1.116365143521585
80,6,4 Heptanone,0,4,1.1769299296654079
80,6,4 Heptanone,0,5,1.2396899567429605
80,6,4 Heptanone,0,6,1.1784944081977686
80,6,4 Heptanone,0,7,1.181311606710319
80,6,4 Heptanone,0,8,1.154834907034432
80,6,4 Heptanone,0,9,1.1508610528192087
80,6,4 Heptanone,0,10,1.115131117396393
80,6,4 Heptanone,0,11,1.1629966581239528
80,6,4 Heptanone,0,12,1.148591065825234
80,6,4 Heptanone,0,13,1.192886821376002
80,6,4 Heptanone,0,14,1.1566585399327698
80,6,4 Heptanone,1,0,1.1877230258990048
80,6,4 Heptanone,1,1,1.1888184495786387
80,6,4 Heptanone,1,2,1.2049800580093302
80,6,4 Heptanone,1,3,1.1857657750447514
80,6,4 Heptanone,1,4,1.1644352217034597
80,6,4 Heptanone,1,5,1.2103373230588585
80,6,4 Heptanone,1,6,1.2496059939515296
80,6,4 Heptanone,1,7,1.2120453131325761
80,6,4 Heptanone,1,8,1.1825138477714001
80,6,4 Heptanone,1,9,1.2019808090972
80,6,4 Heptanone,1,10,1.1248813544866836
80,6,4 Heptanone,1,11,1.2013305553193905
80,6,4 Heptanone,1,12,1.1908924905373262
80,6,4 Heptanone,1,13,1.1695682509806846
80,6,4 Heptanone,1,14,1.1768227312076662
80,7,33 Dimethyl Butyric Acid,0,0,0.9981880807779457
80,7,33 Dimethyl Butyric Acid,0,1,1.0542957918797913
80,7,33 Dimethyl Butyric Acid,0,2,1.0582798775107354
80,7,33 Dimethyl Butyric Acid,0,3,0.9774724543772192
80,7,33 Dimethyl Butyric Acid,0,4,0.9938743659097958
80,7,33 Dimethyl Butyric Acid,0,5,0.9948938625479885
80,7,33 Dimethyl Butyric Acid,0,6,1.0469792814615366
80,7,33 Dimethyl Butyric Acid,0,7,1.0204177229447964
80,7,33 Dimethyl Butyric Acid,0,8,1.0183090553451732
80,7,33 Dimethyl Butyric Acid,0,9,1.0360479653763792
80,7,33 Dimethyl Butyric Acid,0,10,0.9907409245030944
80,7,33 Dimethyl Butyric Acid,0,11,1.0691529238136939
80,7,33 Dimethyl Butyric Acid,0,12,1.0145276745427236
80,7,33 Dimethyl Butyric Acid,0,13,0.980360962991855
80,7,33 Dimethyl Butyric Acid,0,14,1.005411851087618
80,7,33 Dimethyl Butyric Acid,1,0,1.042112266025124
80,7,33 Dimethyl Butyric Acid,1,1,0.9758294476174583
80,7,33 Dimethyl Butyric Acid,1,2,1.0308174450186025
80,7,33 Dimethyl Butyric Acid,1,3,0.9678213013459482
80,7,33 Dimethyl Butyric Acid,1,4,0.962208585185717
80,7,33 Dimethyl Butyric Acid,1,5,1.0192190294805807
80,7,33 Dimethyl Butyric Acid,1,6,0.9578762306309795
80,7,33 Dimethyl Butyric Acid,1,7,1.025736743063277
80,7,33 Dimethyl Butyric Acid,1,8,1.0069001730177431
80,7,33 Dimethyl Butyric Acid,1,9,0.9578913756781055
80,7,33 Dimethyl Butyric Acid,1,10,0.9899774232970358
80,7,33 Dimethyl Butyric Acid,1,11,0.9708841614344277
80,7,33 Dimethyl Butyric Acid,1,12,1.0067941953235715
80,7,33 Dimethyl Butyric Acid,1,13,1.068347062855026
80,7,33 Dimethyl Butyric Acid,1,14,0.9780069489413122
80,8,2 Methyl Butyraldehyde,0,0,0.9977580698468257
80,8,2 Methyl Butyraldehyde,0,1,0.977384644559186
80,8,2 Methyl Butyraldehyde,0,2,0.9773693270150126
80,8,2 Methyl Butyraldehyde,0,3,0.9697988140632244
80,8,2 Methyl Butyraldehyde,0,4,0.9421103210384232
80,8,2 Methyl Butyraldehyde,0,5,0.9898126168637836
80,8,2 Methyl Butyraldehyde,0,6,0.9648573488957098
80,8,2 Methyl Butyraldehyde,0,7,0.9402150155429363
80,8,2 Methyl Butyraldehyde,0,8,1.0169739493824173
80,8,2 Methyl Butyraldehyde,0,9,0.9803674038005791
80,8,2 Methyl Butyraldehyde,0,10,0.9672830605987558
80,8,2 Methyl Butyraldehyde,0,11,1.0300092834823373
80,8,2 Methyl Butyraldehyde,0,12,0.9029637574711654
80,8,2 Methyl Butyraldehyde,0,13,1.027319851041649
80,8,2 Methyl Butyraldehyde,0,14,0.9411995009270367
80,8,2 Methyl Butyraldehyde,1,0,0.9623997468903576
80,8,2 Methyl Butyraldehyde,1,1,0.9304158951489083
80,8,2 Methyl Butyraldehyde,1,2,0.9170184036956398
80,8,2 Methyl Butyraldehyde,1,3,1.0064939063524743
80,8,2 Methyl Butyraldehyde,1,4,1.0281871080095482
80,8,2 Methyl Butyraldehyde,1,5,0.9450894192876936
80,8,2 Methyl Butyraldehyde,1,6,0.9673574334015086
80,8,2 Methyl Butyraldehyde,1,7,0.9562180953802368
80,8,2 Methyl Butyraldehyde,1,8,1.023158718807851
80,8,2 Methyl Butyraldehyde,1,9,0.8694124274155954
80,8,2 Methyl Butyraldehyde,1,10,0.9690233829645456
80,8,2 Methyl Butyraldehyde,1,11,0.9248533927479795
80,8,2 Methyl Butyraldehyde,1,12,0.8596998844548897
80,8,2 Methyl Butyraldehyde,1,13,0.9395172414165671
80,8,2 Methyl Butyraldehyde,1,14,1.027860396950159
80,9,m Anisaldehyde,0,0,1.2182557740023876
80,9,m Anisaldehyde,0,1,1.276128361880988
80,9,m Anisaldehyde,0,2,1.2924446295009382
80,9,m Anisaldehyde,0,3,1.2439898695136227
80,9,m Anisaldehyde,0,4,1.2493159663548552
80,9,m Anisaldehyde,0,5,1.1758458253567592
80,9,m Anisaldehyde,0,6,1.2158511870914976
80,9,m Anisaldehyde,0,7,1.2807780465916034
80,9,m Anisaldehyde,0,8,1.2469249054998863
80,9,m Anisaldehyde,0,9,1.2591913992761508
80,9,m Anisaldehyde,0,10,1.2498240448057256
80,9,m Anisaldehyde,0,11,1.3321778993902609
80,9,m Anisaldehyde,0,12,1.2272769483708594
80,9,m Anisaldehyde,0,13,1.308714143337856
80,9,m Anisaldehyde,0,14,1.2498378705066728
80,9,m Anisaldehyde,1,0,1.304253347118202
80,9,m Anisaldehyde,1,1,1.1874862645646442
80,9,m Anisaldehyde,1,2,1.2438714764402046
80,9,m Anisaldehyde,1,3,1.2207379167780315
80,9,m Anisaldehyde,1,4,1.2420642815689718
80,9,m Anisaldehyde,1,5,1.2853804386416154
80,9,m Anisaldehyde,1,6,1.251637772349288
80,9,m Anisaldehyde,1,7,1.2853006957360478
80,9,m Anisaldehyde,1,8,1.2096765444040125
80,9,m Anisaldehyde,1,9,1.2035720098340215
80,9,m Anisaldehyde,1,10,1.237129591060461
80,9,m Anisaldehyde,1,11,1.2349393009993268
80,9,m Anisaldehyde,1,12,1.2290510133820025
80,9,m Anisaldehyde,1,13,1.1981401191081429
80,9,m Anisaldehyde,1,14,1.2844314517290458
82,0,"2,3 Pentanedione",0,0,1.1374774547026067
82,0,"2,3 Pentanedione",0,1,1.2090340676164537
82,0,"2,3 Pentanedione",0,2,1.1525006773361086
82,0,"2,3 Pentanedione",0,3,1.1779280999605082
82,0,"2,3 Pentanedione",0,4,1.1742993284464938
82,0,"2,3 Pentanedione",0,5,1.1190199531139122
82,0,"2,3 Pentanedione",0,6,1.166679059590046
82,0,"2,3 Pentanedione",0,7,1.2291242605066306
82,0,"2,3 Pentanedione",0,8,1.1620554328519606
82,0,"2,3 Pentanedione",0,9,1.1880420123103335
82,0,"2,3 Pentanedione",0,10,1.1797218165116339
82,0,"2,3 Pentanedione",0,11,1.1642729290625458
82,0,"2,3 Pentanedione",0,12,1.1594500914369363
82,0,"2,3 Pentanedione",0,13,1.1738835650927983
82,0,"2,3 Pentanedione",0,14,1.182522244586971
82,0,"2,3 Pentanedione",1,0,1.1117494172545435
82,0,"2,3 Pentanedione",1,1,1.1757280951004445
82,0,"2,3 Pentanedione",1,2,1.1584728643066937
82,0,"2,3 Pentanedione",1,3,1.150174905790518
82,0,"2,3 Pentanedione",1,4,1.2176745546977292
82,0,"2,3 Pentanedione",1,5,1.1365101296140323
82,0,"2,3 Pentanedione",1,6,1.1100452171241864
82,0,"2,3 Pentanedione",1,7,1.1976646285520205
82,0,"2,3 Pentanedione",1,8,1.1090202252744308
82,0,"2,3 Pentanedione",1,9,1.0887182564182438
82,0,"2,3 Pentanedione",1,10,1.202166687136185
82,0,"2,3 Pentanedione",1,11,1.172184869559086
82,0,"2,3 Pentanedione",1,12,1.1847447646313374
82,0,"2,3 Pentanedione",1,13,1.1481388765454015
82,0,"2,3 Pentanedione",1,14,1.1104597342722256
82,1,3 Methylvaleric Acid,0,0,0.9204961965998802
82,1,3 Methylvaleric Acid,0,1,0.9570401291673356
82,1,3 Methylvaleric Acid,0,2,0.9170315708278653
82,1,3 Methylvaleric Acid,0,3,0.9802098014264131
82,1,3 Methylvaleric Acid,0,4,0.9494293676232102
82,1,3 Methylvaleric Acid,0,5,0.9753291270391992
82,1,3 Methylvaleric Acid,0,6,0.9741336102736442
82,1,3 Methylvaleric Acid,0,7,0.983399667321568
82,1,3 Methylvaleric Acid,0,8,0.9879069862361469
82,1,3 Methylvaleric Acid,0,9,0.9541716615134171
82,1,3 Methylvaleric Acid,0,10,0.9752864558099402
82,1,3 Methylvaleric Acid,0,11,0.977368010281394
82,1,3 Methylvaleric Acid,0,12,0.8707720727808523
82,1,3 Methylvaleric Acid,0,13,0.9937887149789666
82,1,3 Methylvaleric Acid,0,14,0.973925372993397
82,1,3 Methylvaleric Acid,1,0,0.9888971353349393
82,1,3 Methylvaleric Acid,1,1,0.9148614369073059
82,1,3 Methylvaleric Acid,1,2,0.9537042537187007
82,1,3 Methylvaleric Acid,1,3,0.9226740024625733
82,1,3 Methylvaleric Acid,1,4,0.9961192357737114
82,1,3 Methylvaleric Acid,1,5,0.9101305190424567
82,1,3 Methylvaleric Acid,1,6,0.9291889894483035
82,1,3 Methylvaleric Acid,1,7,0.9877077458560757
82,1,3 Methylvaleric Acid,1,8,0.9411601994341064
82,1,3 Methylvaleric Acid,1,9,0.929199554453634
82,1,3 Methylvaleric Acid,1,10,1.0026039579068038
82,1,3 Methylvaleric Acid,1,11,1.004243650988871
82,1,3 Methylvaleric Acid,1,12,0.9952180284268364
82,1,3 Methylvaleric Acid,1,13,1.0002835676828081
82,1,3 Methylvaleric Acid,1,14,0.9570720095676741
82,2,Acetic Acid,0,0,1.295821486328045
82,2,Acetic Acid,0,1,1.2780819541721655
82,2,Acetic Acid,0,2,1.3107143720221488
82,2,Acetic Acid,0,3,1.2828892722204757
82,2,Acetic Acid,0,4,1.2866825570764306
82,2,Acetic Acid,0,5,1.3280012226728257
82,2,Acetic Acid,0,6,1.351386775134085
82,2,Acetic Acid,0,7,1.3199356154843136
82,2,Acetic Acid,0,8,1.3757778399232123
82,2,Acetic Acid,0,9,1.2757845824321998
82,2,Acetic Acid,0,10,1.2304862197451394
82,2,Acetic Acid,0,11,1.332590320897092
82,2,Acetic Acid,0,12,1.2731318632076405
82,2,Acetic Acid,0,13,1.293057515642495
82,2,Acetic Acid,0,14,1.2332133449086649
82,2,Acetic Acid,1,0,1.279378257366858
82,2,Acetic Acid,1,1,1.2552575705975215
82,2,Acetic Acid,1,2,1.2979745367238789
82,2,Acetic Acid,1,3,1.299564607505373
82,2,Acetic Acid,1,4,1.3189450837226193
82,2,Acetic Acid,1,5,1.364935585834898
82,2,Acetic Acid,1,6,1.3424229178566038
82,2,Acetic Acid,1,7,1.2504598818122719
82,2,Acetic Acid,1,8,1.3396672846852054
82,2,Acetic Acid,1,9,1.3198168551583493
82,2,Acetic Acid,1,10,1.3114336099792472
82,2,Acetic Acid,1,11,1.314438686063202
82,2,Acetic Acid,1,12,1.3235287643841411
82,2,Acetic Acid,1,13,1.2876711956201483
82,2,Acetic Acid,1,14,1.3080526329597053
82,3,Gerinol,0,0,1.1488562439284935
82,3,Gerinol,0,1,1.0733424475957989
82,3,Gerinol,0,2,1.0603031599258164
82,3,Gerinol,0,3,1.0990303850578662
82,3,Gerinol,0,4,1.0562760207025663
82,3,Gerinol,0,5,1.0325873541146466
82,3,Gerinol,0,6,1.0877199918898275
82,3,Gerinol,0,7,1.1594435543553772
82,3,Gerinol,0,8,1.0999545151377446
82,3,Gerinol,0,9,1.1086417627507488
82,3,Gerinol,0,10,1.016292744646775
82,3,Gerinol,0,11,1.119023698670458
82,3,Gerinol,0,12,1.105233313425212
82,3,Gerinol,0,13,1.074902085851246
82,3,Gerinol,0,14,1.1087006978289151
82,3,Gerinol,1,0,1.091419738108653
82,3,Gerinol,1,1,1.0422353562880171
82,3,Gerinol,1,2,1.097889022493531
82,3,Gerinol,1,3,1.1325002903234207
82,3,Gerinol,1,4,1.0754972144033939
82,3,Gerinol,1,5,1.0499111053248502
82,3,Gerinol,1,6,1.0775116706302654
82,3,Gerinol,1,7,1.1187994012249118
82,3,Gerinol,1,8,1.0355621198504437
82,3,Gerinol,1,9,1.1077572037737018
82,3,Gerinol,1,10,1.0574942950815154
82,3,Gerinol,1,11,1.094297396677524
82,3,Gerinol,1,12,1.062041622420512
82,3,Gerinol,1,13,1.0619341952190722
82,3,Gerinol,1,14,1.1455386700717365
82,4,n Methyl Piperdine,0,0,0.8527537672679555
82,4,n Methyl Piperdine,0,1,0.9285318779911169
82,4,n Methyl Piperdine,0,2,0.9783702073261465
82,4,n Methyl Piperdine,0,3,0.936538107948208
82,4,n Methyl Piperdine,0,4,0.8558733501277278
82,4,n Methyl Piperdine,0,5,0.8578540105326788
82,4,n Methyl Piperdine,0,6,0.8790522158234391
82,4,n Methyl Piperdine,0,7,0.9154335473500901
82,4,n Methyl Piperdine,0,8,0.9181549386528571
82,4,n Methyl Piperdine,0,9,0.8582493687173074
82,4,n Methyl Piperdine,0,10,0.8742069325514165
82,4,n Methyl Piperdine,0,11,0.8766579314100943
82,4,n Methyl Piperdine,0,12,0.9018873585646994
82,4,n Methyl Piperdine,0,13,0.9885050491809381
82,4,n Methyl Piperdine,0,14,0.8717897482643572
82,4,n Methyl Piperdine,1,0,0.8498982471503486
82,4,n Methyl Piperdine,1,1,0.8436509486700263
82,4,n Methyl Piperdine,1,2,0.9143983433254694
82,4,n Methyl Piperdine,1,3,0.887322896621576
82,4,n Methyl Piperdine,1,4,0.8531274985489817
82,4,n Methyl Piperdine,1,5,0.8744647371246468
82,4,n Methyl Piperdine,1,6,0.8573161484374721
82,4,n Methyl Piperdine,1,7,0.9008122117233499
82,4,n Methyl Piperdine,1,8,0.9963516247476335
82,4,n Methyl Piperdine,1,9,0.9110111367034696
82,4,n Methyl Piperdine,1,10,0.8852570198714855
82,4,n Methyl Piperdine,1,11,0.862377540976262
82,4,n Methyl Piperdine,1,12,0.8352405572003861
82,4,n Methyl Piperdine,1,13,0.9183241497319015
82,4,n Methyl Piperdine,1,14,0.9161507276104329
82,5,"2,4 Dimethyl Acetophenone",0,0,1.087609057584177
82,5,"2,4 Dimethyl Acetophenone",0,1,1.1547864567695139
82,5,"2,4 Dimethyl Acetophenone",0,2,1.1070973750072126
82,5,"2,4 Dimethyl Acetophenone",0,3,1.1372435268676147
82,5,"2,4 Dimethyl Acetophenone",0,4,1.1181009775331296
82,5,"2,4 Dimethyl Acetophenone",0,5,1.0991676622567037
82,5,"2,4 Dimethyl Acetophenone",0,6,1.0680577129995097
82,5,"2,4 Dimethyl Acetophenone",0,7,1.1004316337573024
82,5,"2,4 Dimethyl Acetophenone",0,8,1.139935124207603
82,5,"2,4 Dimethyl Acetophenone",0,9,1.0859276929758321
82,5,"2,4 Dimethyl Acetophenone",0,10,1.1238427532759363
82,5,"2,4 Dimethyl Acetophenone",0,11,1.062943662170849
82,5,"2,4 Dimethyl Acetophenone",0,12,1.1374554308970235
82,5,"2,4 Dimethyl Acetophenone",0,13,1.1187707509114075
82,5,"2,4 Dimethyl Acetophenone",0,14,1.0581686670983492
82,5,"2,4 Dimethyl Acetophenone",1,0,1.1025395619098246
82,5,"2,4 Dimethyl Acetophenone",1,1,1.1487577792234238
82,5,"2,4 Dimethyl Acetophenone",1,2,1.0611388412245601
82,5,"2,4 Dimethyl Acetophenone",1,3,1.0686621333056916
82,5,"2,4 Dimethyl Acetophenone",1,4,1.1087202646592293
82,5,"2,4 Dimethyl Acetophenone",1,5,1.196833372067977
82,5,"2,4 Dimethyl Acetophenone",1,6,1.0845970194891092
82,5,"2,4 Dimethyl Acetophenone",1,7,1.131311102834109
82,5,"2,4 Dimethyl Acetophenone",1,8,1.121905559154743
82,5,"2,4 Dimethyl Acetophenone",1,9,1.0879193468400674
82,5,"2,4 Dimethyl Acetophenone",1,10,1.117945476922084
82,5,"2,4 Dimethyl Acetophenone",1,11,1.0935867563668908
82,5,"2,4 Dimethyl Acetophenone",1,12,1.0971879512460285
82,5,"2,4 Dimethyl Acetophenone",1,13,1.0450492667397637
82,5,"2,4 Dimethyl Acetophenone",1,14,1.1105226934560362
82,6,4 Heptanone,0,0,1.1983545805774856
82,6,4 Heptanone,0,1,1.164687871303771
82,6,4 Heptanone,0,2,1.2060111507454807
82,6,4 Heptanone,0,3,1.185603938150384
82,6,4 Heptanone,0,4,1.1600091880593746
82,6,4 Heptanone,0,5,1.1372738181923108
82,6,4 Heptanone,0,6,1.1429402916981273
82,6,4 Heptanone,0,7,1.1035704213550985
82,6,4 Heptanone,0,8,1.1517076847086505
82,6,4 Heptanone,0,9,1.1682307906551497
82,6,4 Heptanone,0,10,1.2310076842245528
82,6,4 Heptanone,0,11,1.1835236532437385
82,6,4 Heptanone,0,12,1.1277966811070643
82,6,4 Heptanone,0,13,1.1048161092918312
82,6,4 Heptanone,0,14,1.1541287568244005
82,6,4 Heptanone,1,0,1.2030340912868445
82,6,4 Heptanone,1,1,1.161738859945959
82,6,4 Heptanone,1,2,1.1922428804139582
82,6,4 Heptanone,1,3,1.1633184954436468
82,6,4 Heptanone,1,4,1.1992435308023583
82,6,4 Heptanone,1,5,1.106673192505508
82,6,4 Heptanone,1,6,1.2347307982195785
82,6,4 Heptanone,1,7,1.126064175484786
82,6,4 Heptanone,1,8,1.2023128066029256
82,6,4 Heptanone,1,9,1.1596761536269762
82,6,4 Heptanone,1,10,1.1659303973990585
82,6,4 Heptanone,1,11,1.1609194371749285
82,6,4 Heptanone,1,12,1.1807876968157942
82,6,4 Heptanone,1,13,1.1888644951449703
82,6,4 Heptanone,1,14,1.2128979738866572
82,7,33 Dimethyl Butyric Acid,0,0,1.0573932575318095
82,7,33 Dimethyl Butyric Acid,0,1,1.0143481640989824
82,7,33 Dimethyl Butyric Acid,0,2,1.0696222717946466
82,7,33 Dimethyl Butyric Acid,0,3,1.0047942039408135
82,7,33 Dimethyl Butyric Acid,0,4,1.0441729167180314
82,7,33 Dimethyl Butyric Acid,0,5,1.0182240891441603
82,7,33 Dimethyl Butyric Acid,0,6,0.9791071169708998
82,7,33 Dimethyl Butyric Acid,0,7,1.0083246684031082
82,7,33 Dimethyl Butyric Acid,0,8,1.0212021773282793
82,7,33 Dimethyl Butyric Acid,0,9,0.9997873769718101
82,7,33 Dimethyl Butyric Acid,0,10,1.0175895629478167
82,7,33 Dimethyl Butyric Acid,0,11,1.0356898206009901
82,7,33 Dimethyl Butyric Acid,0,12,1.0001403765480787
82,7,33 Dimethyl Butyric Acid,0,13,0.8833197954806151
82,7,33 Dimethyl Butyric Acid,0,14,1.0682061082876493
82,7,33 Dimethyl Butyric Acid,1,0,0.984498057556168
82,7,33 Dimethyl Butyric Acid,1,1,0.9634705059316893
82,7,33 Dimethyl Butyric Acid,1,2,0.9514373029388684
82,7,33 Dimethyl Butyric Acid,1,3,0.9829438786716354
82,7,33 Dimethyl Butyric Acid,1,4,0.9738918015123019
82,7,33 Dimethyl Butyric Acid,1,5,0.9669213362095935
82,7,33 Dimethyl Butyric Acid,1,6,0.9691166639711982
82,7,33 Dimethyl Butyric Acid,1,7,1.017591427727374
82,7,33 Dimethyl Butyric Acid,1,8,1.0776162524051052
82,7,33 Dimethyl Butyric Acid,1,9,1.0292245786855772
82,7,33 Dimethyl Butyric Acid,1,10,1.041305642155164
82,7,33 Dimethyl Butyric Acid,1,11,0.9813053135071116
82,7,33 Dimethyl Butyric Acid,1,12,1.0005883293870044
82,7,33 Dimethyl Butyric Acid,1,13,1.0134610109341926
82,7,33 Dimethyl Butyric Acid,1,14,0.9700193990192704
82,8,2 Methyl Butyraldehyde,0,0,0.9642918913286946
82,8,2 Methyl Butyraldehyde,0,1,1.0155031724839825
82,8,2 Methyl Butyraldehyde,0,2,1.0249328043546637
82,8,2 Methyl Butyraldehyde,0,3,0.9840175049312697
82,8,2 Methyl Butyraldehyde,0,4,0.9335148069195103
82,8,2 Methyl Butyraldehyde,0,5,0.9694974148219531
82,8,2 Methyl Butyraldehyde,0,6,0.9236678487704245
82,8,2 Methyl Butyraldehyde,0,7,0.9843291905440484
82,8,2 Methyl Butyraldehyde,0,8,0.9915372186015161
82,8,2 Methyl Butyraldehyde,0,9,0.9704926773091483
82,8,2 Methyl Butyraldehyde,0,10,0.9909895430459875
82,8,2 Methyl Butyraldehyde,0,11,0.9979971437140129
82,8,2 Methyl Butyraldehyde,0,12,0.9915955758669444
82,8,2 Methyl Butyraldehyde,0,13,0.9332598824587822
82,8,2 Methyl Butyraldehyde,0,14,0.9711905211301516
82,8,2 Methyl Butyraldehyde,1,0,0.9379576702689036
82,8,2 Methyl Butyraldehyde,1,1,0.9847124219904929
82,8,2 Methyl Butyraldehyde,1,2,0.9106869211287051
82,8,2 Methyl Butyraldehyde,1,3,0.9435975591561774
82,8,2 Methyl Butyraldehyde,1,4,0.9566900276152059
82,8,2 Methyl Butyraldehyde,1,5,0.9136988432033506
82,8,2 Methyl Butyraldehyde,1,6,0.9675002610377466
82,8,2 Methyl Butyraldehyde,1,7,0.9696509043954888
82,8,2 Methyl Butyraldehyde,1,8,0.9767793405007006
82,8,2 Methyl Butyraldehyde,1,9,0.9399012378976742
82,8,2 Methyl Butyraldehyde,1,10,1.0159694411245543
82,8,2 Methyl Butyraldehyde,1,11,0.8969526266276793
82,8,2 Methyl Butyraldehyde,1,12,1.0065270545854106
82,8,2 Methyl Butyraldehyde,1,13,0.9522959306845903
82,8,2 Methyl Butyraldehyde,1,14,0.9751794444593217
82,9,m Anisaldehyde,0,0,1.228360859880557
82,9,m Anisaldehyde,0,1,1.274941358180776
82,9,m Anisaldehyde,0,2,1.2982413366088
82,9,m Anisaldehyde,0,3,1.1976680243132707
82,9,m Anisaldehyde,0,4,1.2346293187896087
82,9,m Anisaldehyde,0,5,1.155512262532978
82,9,m Anisaldehyde,0,6,1.2340290509882592
82,9,m Anisaldehyde,0,7,1.208522042323822
82,9,m Anisaldehyde,0,8,1.232451662543556
82,9,m Anisaldehyde,0,9,1.3581081043664118
82,9,m Anisaldehyde,0,10,1.3098745103341134
82,9,m Anisaldehyde,0,11,1.1835844685942
82,9,m Anisaldehyde,0,12,1.2633919021262017
82,9,m Anisaldehyde,0,13,1.273119613544595
82,9,m Anisaldehyde,0,14,1.227646486594042
82,9,m Anisaldehyde,1,0,1.242996807556775
82,9,m Anisaldehyde,1,1,1.246903791727033
82,9,m Anisaldehyde,1,2,1.1820000485159585
82,9,m Anisaldehyde,1,3,1.194611329266987
82,9,m Anisaldehyde,1,4,1.2427563721680726
82,9,m Anisaldehyde,1,5,1.2398406045497037
82,9,m Anisaldehyde,1,6,1.2075219948137421
82,9,m Anisaldehyde,1,7,1.204089457836279
82,9,m Anisaldehyde,1,8,1.2322733334435847
82,9,m Anisaldehyde,1,9,1.2713105415497639
82,9,m Anisaldehyde,1,10,1.2328050725925581
82,9,m Anisaldehyde,1,11,1.300773736655859
82,9,m Anisaldehyde,1,12,1.2080316815239305
82,9,m Anisaldehyde,1,13,1.243588895488626
82,9,m Anisaldehyde,1,14,1.2216926862662727
84,0,"2,3 Pentanedione",0,0,1.169483254448034
84,0,"2,3 Pentanedione",0,1,1.1147013013025018
84,0,"2,3 Pentanedione",0,2,1.2230607267512599
84,0,"2,3 Pentanedione",0,3,1.0783403204684694
84,0,"2,3 Pentanedione",0,4,1.2145840261787195
84,0,"2,3 Pentanedione",0,5,1.149564355355863
84,0,"2,3 Pentanedione",0,6,1.168061799861386
84,0,"2,3 Pentanedione",0,7,1.199345812715188
84,0,"2,3 Pentanedione",0,8,1.1802712763981524
84,0,"2,3 Pentanedione",0,9,1.116763741079787
84,0,"2,3 Pentanedione",0,10,1.1699683988020138
84,0,"2,3 Pentanedione",0,11,1.2206637754968943
84,0,"2,3 Pentanedione",0,12,1.1104731481050767
84,0,"2,3 Pentanedione",0,13,1.2307019570392688
84,0,"2,3 Pentanedione",0,14,1.161392916030252
84,0,"2,3 Pentanedione",1,0,1.145223386473767
84,0,"2,3 Pentanedione",1,1,1.1268209219662473
84,0,"2,3 Pentanedione",1,2,1.1536210143742465
84,0,"2,3 Pentanedione",1,3,1.0843413641077575
84,0,"2,3 Pentanedione",1,4,1.1459427185882258
84,0,"2,3 Pentanedione",1,5,1.152035407596353
84,0,"2,3 Pentanedione",1,6,1.1195759513860806
84,0,"2,3 Pentanedione",1,7,1.192466305146752
84,0,"2,3 Pentanedione",1,8,1.1538018458390018
84,0,"2,3 Pentanedione",1,9,1.1371207155660004
84,0,"2,3 Pentanedione",1,10,1.1495391399478356
84,0,"2,3 Pentanedione",1,11,1.1767567962832113
84,0,"2,3 Pentanedione",1,12,1.1654813457692572
84,0,"2,3 Pentanedione",1,13,1.1345134938270742
84,0,"2,3 Pentanedione",1,14,1.1675786363121952
84,1,3 Methylvaleric Acid,0,0,0.9638319203930646
84,1,3 Methylvaleric Acid,0,1,0.9202803897697625
84,1,3 Methylvaleric Acid,0,2,0.9543187709554246
84,1,3 Methylvaleric Acid,0,3,0.9890324895125505
84,1,3 Methylvaleric Acid,0,4,0.9887444890915753
84,1,3 Methylvaleric Acid,0,5,0.9566603853995792
84,1,3 Methylvaleric Acid,0,6,0.9929298704871541
84,1,3 Methylvaleric Acid,0,7,0.9266607388163302
84,1,3 Methylvaleric Acid,0,8,0.927899445167982
84,1,3 Methylvaleric Acid,0,9,0.9558087601639678
84,1,3 Methylvaleric Acid,0,10,1.0257616041392004
84,1,3 Methylvaleric Acid,0,11,0.9723890237572432
84,1,3 Methylvaleric Acid,0,12,0.9548443263090841
84,1,3 Methylvaleric Acid,0,13,1.0276244787439808
84,1,3 Methylvaleric Acid,0,14,0.9543814212875734
84,1,3 Methylvaleric Acid,1,0,1.0602031723135519
84,1,3 Methylvaleric Acid,1,1,0.9503625178772823
84,1,3 Methylvaleric Acid,1,2,0.9303446936520601
84,1,3 Methylvaleric Acid,1,3,0.9641593638280371
84,1,3 Methylvaleric Acid,1,4,0.9608504723886315
84,1,3 Methylvaleric Acid,1,5,0.9385050437681408
84,1,3 Methylvaleric Acid,1,6,1.0748928059484497
84,1,3 Methylvaleric Acid,1,7,0.9835589055343221
84,1,3 Methylvaleric Acid,1,8,0.9893838257689755
84,1,3 Methylvaleric Acid,1,9,0.9523386721366353
84,1,3 Methylvaleric Acid,1,10,0.9477070674323069
84,1,3 Methylvaleric Acid,1,11,1.0118361770508202
84,1,3 Methylvaleric Acid,1,12,0.9037801719185217
84,1,3 Methylvaleric Acid,1,13,0.9250992639104975
84,1,3 Methylvaleric Acid,1,14,0.96092150259781
84,2,Acetic Acid,0,0,1.3497111124450636
84,2,Acetic Acid,0,1,1.2806885413009121
84,2,Acetic Acid,0,2,1.312315282510659
84,2,Acetic Acid,0,3,1.2967783673952147
84,2,Acetic Acid,0,4,1.3475195567371634
84,2,Acetic Acid,0,5,1.2322802994911743
84,2,Acetic Acid,0,6,1.3251077483686022
84,2,Acetic Acid,0,7,1.2877132630299872
84,2,Acetic Acid,0,8,1.3326645879764674
84,2,Acetic Acid,0,9,1.2628979359756785
84,2,Acetic Acid,0,10,1.2966449430142046
84,2,Acetic Acid,0,11,1.2915689517831836
84,2,Acetic Acid,0,12,1.2555718013668746
84,2,Acetic Acid,0,13,1.2444526997018126
84,2,Acetic Acid,0,14,1.2724527657451654
84,2,Acetic Acid,1,0,1.2978579009315614
84,2,Acetic Acid,1,1,1.2623841667995817
84,2,Acetic Acid,1,2,1.2794577132506488
84,2,Acetic Acid,1,3,1.2172287615924187
84,2,Acetic Acid,1,4,1.2778346589524123
84,2,Acetic Acid,1,5,1.3336041216367618
84,2,Acetic Acid,1,6,1.3208678688105648
84,2,Acetic Acid,1,7,1.2891837782906757
84,2,Acetic Acid,1,8,1.302406764772328
84,2,Acetic Acid,1,9,1.2595302399479953
84,2,Acetic Acid,1,10,1.3576382031034175
84,2,Acetic Acid,1,11,1.3753711560323176
84,2,Acetic Acid,1,12,1.2992536010000004
84,2,Acetic Acid,1,13,1.396288089214221
84,2,Acetic Acid,1,14,1.2654533609103478
84,3,Gerinol,0,0,1.0482179962126292
84,3,Gerinol,0,1,1.0698762156516226
84,3,Gerinol,0,2,1.0894815552123875
84,3,Gerinol,0,3,1.1907438278635059
84,3,Gerinol,0,4,1.087014800719149
84,3,Gerinol,0,5,1.0638749333032265
84,3,Gerinol,0,6,1.0623228114322898
84,3,Gerinol,0,7,1.1438620502971184
84,3,Gerinol,0,8,1.1381532357477486
84,3,Gerinol,0,9,1.078842038361243
84,3,Gerinol,0,10,1.0232298011723011
84,3,Gerinol,0,11,1.0531174240270158
84,3,Gerinol,0,12,1.167110919315369
84,3,Gerinol,0,13,1.1258134811973661
84,3,Gerinol,0,14,1.1008796208377194
84,3,Gerinol,1,0,1.1634016156876577
84,3,Gerinol,1,1,1.1669813396740758
84,3,Gerinol,1,2,1.0872107046831634
84,3,Gerinol,1,3,1.0879454183403485
84,3,Gerinol,1,4,1.0653664214771321
84,3,Gerinol,1,5,1.07726415726221
84,3,Gerinol,1,6,1.0291952897296104
84,3,Gerinol,1,7,1.029032833714253
84,3,Gerinol,1,8,1.0197419340053793
84,3,Gerinol,1,9,1.1320217690383931
84,3,Gerinol,1,10,1.0261921998451127
84,3,Gerinol,1,11,1.1666467807098615
84,3,Gerinol,1,12,1.059433173113639
84,3,Gerinol,1,13,1.1581422850329166
84,3,Gerinol,1,14,1.0740461150469962
84,4,n Methyl Piperdine,0,0,0.8475738914093319
84,4,n Methyl Piperdine,0,1,0.9615725181687698
84,4,n Methyl Piperdine,0,2,0.96629598735148
84,4,n Methyl Piperdine,0,3,0.8739793222354706
84,4,n Methyl Piperdine,0,4,0.896955271582253
84,4,n Methyl Piperdine,0,5,0.8739895247837118
84,4,n Methyl Piperdine,0,6,0.9054002944678422
84,4,n Methyl Piperdine,0,7,0.9145345281437851
84,4,n Methyl Piperdine,0,8,0.8961660398815339
84,4,n Methyl Piperdine,0,9,0.8374657064305169
84,4,n Methyl Piperdine,0,10,0.88698618964255
84,4,n Methyl Piperdine,0,11,0.9383621127883126
84,4,n Methyl Piperdine,0,12,0.9018653805423144
84,4,n Methyl Piperdine,0,13,0.8971237371436828
84,4,n Methyl Piperdine,0,14,0.8729903004449204
84,4,n Methyl Piperdine,1,0,0.8601015232499629
84,4,n Methyl Piperdine,1,1,0.940861502281146
84,4,n Methyl Piperdine,1,2,0.8389124877457832
84,4,n Methyl Piperdine,1,3,0.9133365018852767
84,4,n Methyl Piperdine,1,4,0.8863857868540085
84,4,n Methyl Piperdine,1,5,0.8942960045427236
84,4,n Methyl Piperdine,1,6,0.8552093267772829
84,4,n Methyl Piperdine,1,7,0.8704324833759509
84,4,n Methyl Piperdine,1,8,0.8842747708109893
84,4,n Methyl Piperdine,1,9,0.8636768994334997
84,4,n Methyl Piperdine,1,10,0.8977608621793295
84,4,n Methyl Piperdine,1,11,0.9028011386627904
84,4,n Methyl Piperdine,1,12,0.9714118429626644
84,4,n Methyl Piperdine,1,13,0.8956311791923625
84,4,n Methyl Piperdine,1,14,0.808013871797114
84,5,"2,4 Dimethyl Acetophenone",0,0,1.1309360275688334
84,5,"2,4 Dimethyl Acetophenone",0,1,1.0762604386698384
84,5,"2,4 Dimethyl Acetophenone",0,2,1.1648922788527603
84,5,"2,4 Dimethyl Acetophenone",0,3,1.1432522424354985
84,5,"2,4 Dimethyl Acetophenone",0,4,1.0642045689868236
84,5,"2,4 Dimethyl Acetophenone",0,5,1.1132913756901333
84,5,"2,4 Dimethyl Acetophenone",0,6,1.0606570584253707
84,5,"2,4 Dimethyl Acetophenone",0,7,1.084522897391874
84,5,"2,4 Dimethyl Acetophenone",0,8,1.1114546569094443
84,5,"2,4 Dimethyl Acetophenone",0,9,1.1289352725771467
84,5,"2,4 Dimethyl Acetophenone",0,10,1.1202234974907357
84,5,"2,4 Dimethyl Acetophenone",0,11,1.0874148496117992
84,5,"2,4 Dimethyl Acetophenone",0,12,1.1837522203385349
84,5,"2,4 Dimethyl Acetophenone",0,13,1.0698144480742027
84,5,"2,4 Dimethyl Acetophenone",0,14,1.0201272390673142
84,5,"2,4 Dimethyl Acetophenone",1,0,1.0482602808364823
84,5,"2,4 Dimethyl Acetophenone",1,1,1.163808561849749
84,5,"2,4 Dimethyl Acetophenone",1,2,1.101782135850983
84,5,"2,4 Dimethyl Acetophenone",1,3,1.1112105525670188
84,5,"2,4 Dimethyl Acetophenone",1,4,1.0831472974478817
84,5,"2,4 Dimethyl Acetophenone",1,5,1.0867401534728875
84,5,"2,4 Dimethyl Acetophenone",1,6,1.0733644182068833
84,5,"2,4 Dimethyl Acetophenone",1,7,1.1236942851780587
84,5,"2,4 Dimethyl Acetophenone",1,8,1.1009530559433711
84,5,"2,4 Dimethyl Acetophenone",1,9,1.1222484677569913
84,5,"2,4 Dimethyl Acetophenone",1,10,1.1184257880575545
84,5,"2,4 Dimethyl Acetophenone",1,11,1.0878131032995393
84,5,"2,4 Dimethyl Acetophenone",1,12,1.0464990276327437
84,5,"2,4 Dimethyl Acetophenone",1,13,1.043016268804881
84,5,"2,4 Dimethyl Acetophenone",1,14,1.2259143163126578
84,6,4 Heptanone,0,0,1.2331554739019932
84,6,4 Heptanone,0,1,1.2276358388007094
84,6,4 Heptanone,0,2,1.147044263845585
84,6,4 Heptanone,0,3,1.1744089254755856
84,6,4 Heptanone,0,4,1.141414024429734
84,6,4 Heptanone,0,5,1.1215452523184253
84,6,4 Heptanone,0,6,1.1504775953100328
84,6,4 Heptanone,0,7,1.227075934662244
84,6,4 Heptanone,0,8,1.2076583508020196
84,6,4 Heptanone,0,9,1.13522661606018
84,6,4 Heptanone,0,10,1.161435894118762
84,6,4 Heptanone,0,11,1.203993463002524
84,6,4 Heptanone,0,12,1.1511896803175674
84,6,4 Heptanone,0,13,1.17721198591837
84,6,4 Heptanone,0,14,1.1901024340076534
84,6,4 Heptanone,1,0,1.2156201964230422
84,6,4 Heptanone,1,1,1.2101487914568885
84,6,4 Heptanone,1,2,1.1738350873979766
84,6,4 Heptanone,1,3,1.1779439908485243
84,6,4 Heptanone,1,4,1.154636980288452
84,6,4 Heptanone,1,5,1.137529510609186
84,6,4 Heptanone,1,6,1.1953930246816677
84,6,4 Heptanone,1,7,1.2326333589327647
84,6,4 Heptanone,1,8,1.144771678583119
84,6,4 Heptanone,1,9,1.2109019041142473
84,6,4 Heptanone,1,10,1.2313682228846128
84,6,4 Heptanone,1,11,1.126513623596423
84,6,4 Heptanone,1,12,1.1891597303438282
84,6,4 Heptanone,1,13,1.265831382367612
84,6,4 Heptanone,1,14,1.2220606150595719
84,7,33 Dimethyl Butyric Acid,0,0,0.9479462076163188
84,7,33 Dimethyl Butyric Acid,0,1,1.0490980720752747
84,7,33 Dimethyl Butyric Acid,0,2,0.9928550218096771
84,7,33 Dimethyl Butyric Acid,0,3,1.0504167707825207
84,7,33 Dimethyl Butyric Acid,0,4,0.9951612229147794
84,7,33 Dimethyl Butyric Acid,0,5,1.0206431958023316
84,7,33 Dimethyl Butyric Acid,0,6,1.0012627828362923
84,7,33 Dimethyl Butyric Acid,0,7,1.0228908024883505
84,7,33 Dimethyl Butyric Acid,0,8,1.0000732866223698
84,7,33 Dimethyl Butyric Acid,0,9,1.0138229639166312
84,7,33 Dimethyl Butyric Acid,0,10,0.9757402932463832
84,7,33 Dimethyl Butyric Acid,0,11,1.0423908773953698
84,7,33 Dimethyl Butyric Acid,0,12,1.0297759019245674
84,7,33 Dimethyl Butyric Acid,0,13,0.9581032066146442
84,7,33 Dimethyl Butyric Acid,0,14,1.0624811599868873
84,7,33 Dimethyl Butyric Acid,1,0,0.970965295964206
84,7,33 Dimethyl Butyric Acid,1,1,0.9844873101998223
84,7,33 Dimethyl Butyric Acid,1,2,1.0085992812315534
84,7,33 Dimethyl Butyric Acid,1,3,0.9911465040447852
84,7,33 Dimethyl Butyric Acid,1,4,1.024624940688822
84,7,33 Dimethyl Butyric Acid,1,5,0.9662849934621695
84,7,33 Dimethyl Butyric Acid,1,6,1.0193939897994675
84,7,33 Dimethyl Butyric Acid,1,7,0.9829337990626787
84,7,33 Dimethyl Butyric Acid,1,8,0.9983221513306535
84,7,33 Dimethyl Butyric Acid,1,9,0.994161981262302
84,7,33 Dimethyl Butyric Acid,1,10,1.027646027362767
84,7,33 Dimethyl Butyric Acid,1,11,1.0068733092927575
84,7,33 Dimethyl Butyric Acid,1,12,0.960298995137992
84,7,33 Dimethyl Butyric Acid,1,13,0.9523661325903919
84,7,33 Dimethyl Butyric Acid,1,14,0.9760266484465926
84,8,2 Methyl Butyraldehyde,0,0,0.9483531169052344
84,8,2 Methyl Butyraldehyde,0,1,0.9366694864953504
84,8,2 Methyl Butyraldehyde,0,2,0.8936350757764826
84,8,2 Methyl Butyraldehyde,0,3,0.9167866642352558
84,8,2 Methyl Butyraldehyde,0,4,1.0581734289928653
84,8,2 Methyl Butyraldehyde,0,5,0.9524971645632132
84,8,2 Methyl Butyraldehyde,0,6,1.0548955865412502
84,8,2 Methyl Butyraldehyde,0,7,0.9948833585946274
84,8,2 Methyl Butyraldehyde,0,8,0.97676685368296
84,8,2 Methyl Butyraldehyde,0,9,0.9187329698755549
84,8,2 Methyl Butyraldehyde,0,10,0.9789439303714462
84,8,2 Methyl Butyraldehyde,0,11,1.0544445252271335
84,8,2 Methyl Butyraldehyde,0,12,1.0410626443090738
84,8,2 Methyl Butyraldehyde,0,13,0.9897267206563074
84,8,2 Methyl Butyraldehyde,0,14,0.9328104399122036
84,8,2 Methyl Butyraldehyde,1,0,0.9098336869389408
84,8,2 Methyl Butyraldehyde,1,1,0.9140166270132085
84,8,2 Methyl Butyraldehyde,1,2,0.999246497843415
84,8,2 Methyl Butyraldehyde,1,3,1.0133891181932573
84,8,2 Methyl Butyraldehyde,1,4,0.9559560141476103
84,8,2 Methyl Butyraldehyde,1,5,0.9359970833279808
84,8,2 Methyl Butyraldehyde,1,6,1.0100687206153462
84,8,2 Methyl Butyraldehyde,1,7,0.9089773591143088
84,8,2 Methyl Butyraldehyde,1,8,0.9501932338529215
84,8,2 Methyl Butyraldehyde,1,9,0.9666389407307522
84,8,2 Methyl Butyraldehyde,1,10,0.9136082764618509
84,8,2 Methyl Butyraldehyde,1,11,0.9226837318932546
84,8,2 Methyl Butyraldehyde,1,12,0.9195707975814028
84,8,2 Methyl Butyraldehyde,1,13,1.0047893749884305
84,8,2 Methyl Butyraldehyde,1,14,1.0246949918311905
84,9,m Anisaldehyde,0,0,1.2634807743122798
84,9,m Anisaldehyde,0,1,1.248160329621106
84,9,m Anisaldehyde,0,2,1.2348954301030854
84,9,m Anisaldehyde,0,3,1.2589589256408305
84,9,m Anisaldehyde,0,4,1.2368802030453456
84,9,m Anisaldehyde,0,5,1.2550078634086084
84,9,m Anisaldehyde,0,6,1.2754183860229742
84,9,m Anisaldehyde,0,7,1.2426765553912025
84,9,m Anisaldehyde,0,8,1.2513055505982533
84,9,m Anisaldehyde,0,9,1.251470893699925
84,9,m Anisaldehyde,0,10,1.2461865357137718
84,9,m Anisaldehyde,0,11,1.2412311580221689
84,9,m Anisaldehyde,0,12,1.2893769372202895
84,9,m Anisaldehyde,0,13,1.1880596319437595
84,9,m Anisaldehyde,0,14,1.3218602674628679
84,9,m Anisaldehyde,1,0,1.2539447565048663
84,9,m Anisaldehyde,1,1,1.272924281016207
84,9,m Anisaldehyde,1,2,1.2775266893027013
84,9,m Anisaldehyde,1,3,1.2202012115755236
84,9,m Anisaldehyde,1,4,1.2119492357295767
84,9,m Anisaldehyde,1,5,1.2072328065905933
84,9,m Anisaldehyde,1,6,1.238640856783603
84,9,m Anisaldehyde,1,7,1.2764917656387875
84,9,m Anisaldehyde,1,8,1.2251730969679133
84,9,m Anisaldehyde,1,9,1.2728408435838785
84,9,m Anisaldehyde,1,10,1.1538067292222984
84,9,m Anisaldehyde,1,11,1.2331008898977365
84,9,m Anisaldehyde,1,12,1.2952090726812089
84,9,m Anisaldehyde,1,13,1.241684726415429
84,9,m Anisaldehyde,1,14,1.2153578325300998
86,0,"2,3 Pentanedione",0,0,1.1860276893726593
86,0,"2,3 Pentanedione",0,1,1.0911805157354346
86,0,"2,3 Pentanedione",0,2,1.1718293394416863
86,0,"2,3 Pentanedione",0,3,1.2545910731586665
86,0,"2,3 Pentanedione",0,4,1.188997307582314
86,0,"2,3 Pentanedione",0,5,1.1937196437781141
86,0,"2,3 Pentanedione",0,6,1.119028930776707
86,0,"2,3 Pentanedione",0,7,1.1470679065336606
86,0,"2,3 Pentanedione",0,8,1.2599033854021533
86,0,"2,3 Pentanedione",0,9,1.2369931814846256
86,0,"2,3 Pentanedione",0,10,1.160403857000586
86,0,"2,3 Pentanedione",0,11,1.1870785225952345
86,0,"2,3 Pentanedione",0,12,1.211134524538212
86,0,"2,3 Pentanedione",0,13,1.164456308971893
86,0,"2,3 Pentanedione",0,14,1.1321356629176191
86,0,"2,3 Pentanedione",1,0,1.1627781066348124
86,0,"2,3 Pentanedione",1,1,1.1920508646193193
86,0,"2,3 Pentanedione",1,2,1.192820814921588
86,0,"2,3 Pentanedione",1,3,1.2041560175540755
86,0,"2,3 Pentanedione",1,4,1.1070042316611968
86,0,"2,3 Pentanedione",1,5,1.1714625985254674
86,0,"2,3 Pentanedione",1,6,1.158408467563225
86,0,"2,3 Pentanedione",1,7,1.1656576947125021
86,0,"2,3 Pentanedione",1,8,1.1606752567870242
86,0,"2,3 Pentanedione",1,9,1.1427285949080892
86,0,"2,3 Pentanedione",1,10,1.0484349039637655
86,0,"2,3 Pentanedione",1,11,1.2156196829552166
86,0,"2,3 Pentanedione",1,12,1.1823461287513932
86,0,"2,3 Pentanedione",1,13,1.1097749306309295
86,0,"2,3 Pentanedione",1,14,1.1880717882521
86,1,3 Methylvaleric Acid,0,0,0.9549436070885268
86,1,3 Methylvaleric Acid,0,1,0.9560769067118764
86,1,3 Methylvaleric Acid,0,2,0.9420992153090243
86,1,3 Methylvaleric Acid,0,3,0.9943130182746762
86,1,3 Methylvaleric Acid,0,4,0.9408428565079376
86,1,3 Methylvaleric Acid,0,5,0.9289624119249615
86,1,3 Methylvaleric Acid,0,6,1.0181055917928254
86,1,3 Methylvaleric Acid,0,7,0.9656805429779166
86,1,3 Methylvaleric Acid,0,8,0.9669363437688973
86,1,3 Methylvaleric Acid,0,9,1.0005343641796522
86,1,3 Methylvaleric Acid,0,10,0.9461323313347385
86,1,3 Methylvaleric Acid,0,11,0.9541096724627102
86,1,3 Methylvaleric Acid,0,12,0.985064410157499
86,1,3 Methylvaleric Acid,0,13,0.911180695270035
86,1,3 Methylvaleric Acid,0,14,0.9816797612393142
86,1,3 Methylvaleric Acid,1,0,0.9530896262100685
86,1,3 Methylvaleric Acid,1,1,1.0175369882755292
86,1,3 Methylvaleric Acid,1,2,1.0051846176513195
86,1,3 Methylvaleric Acid,1,3,0.9999000188563244
86,1,3 Methylvaleric Acid,1,4,0.919039738635141
86,1,3 Methylvaleric Acid,1,5,0.9791822687703704
86,1,3 Methylvaleric Acid,1,6,0.9362274221607522
86,1,3 Methylvaleric Acid,1,7,0.9818435284582422
86,1,3 Methylvaleric Acid,1,8,0.8907068975017336
86,1,3 Methylvaleric Acid,1,9,0.9216847938423135
86,1,3 Methylvaleric Acid,1,10,1.0308794289309307
86,1,3 Methylvaleric Acid,1,11,0.9980802116175856
86,1,3 Methylvaleric Acid,1,12,0.9691654506781365
86,1,3 Methylvaleric Acid,1,13,0.9469683516698744
86,1,3 Methylvaleric Acid,1,14,0.9399479278738395
86,2,Acetic Acid,0,0,1.3013784107925352
86,2,Acetic Acid,0,1,1.2796268882053004
86,2,Acetic Acid,0,2,1.3552380679216853
86,2,Acetic Acid,0,3,1.2859816317885804
86,2,Acetic Acid,0,4,1.2957210002787756
86,2,Acetic Acid,0,5,1.2378320418667794
86,2,Acetic Acid,0,6,1.2789442115819087
86,2,Acetic Acid,0,7,1.3004518367917137
86,2,Acetic Acid,0,8,1.2784607521404667
86,2,Acetic Acid,0,9,1.273947039246025
86,2,Acetic Acid,0,10,1.3064485656136071
86,2,Acetic Acid,0,11,1.353965111851434
86,2,Acetic Acid,0,12,1.2991709554013073
86,2,Acetic Acid,0,13,1.3391396319279198
86,2,Acetic Acid,0,14,1.3182362756897457
86,2,Acetic Acid,1,0,1.341745196346741
86,2,Acetic Acid,1,1,1.2739822644261616
86,2,Acetic Acid,1,2,1.290093961560651
86,2,Acetic Acid,1,3,1.2902601185294404
86,2,Acetic Acid,1,4,1.320222150822586
86,2,Acetic Acid,1,5,1.3300675742485015
86,2,Acetic Acid,1,6,1.3033733090045028
86,2,Acetic Acid,1,7,1.3334393244550615
86,2,Acetic Acid,1,8,1.2758378022807721
86,2,Acetic Acid,1,9,1.333786163475992
86,2,Acetic Acid,1,10,1.3390034390474617
86,2,Acetic Acid,1,11,1.3254709151970137
86,2,Acetic Acid,1,12,1.3037378526992756
86,2,Acetic Acid,1,13,1.3269039946562258
86,2,Acetic Acid,1,14,1.2626108827504874
86,3,Gerinol,0,0,1.101494748453791
86,3,Gerinol,0,1,1.1055806769523875
86,3,Gerinol,0,2,1.0403796313533231
86,3,Gerinol,0,3,1.1125436279969634
86,3,Gerinol,0,4,1.04360750885211
86,3,Gerinol,0,5,1.0764435259630054
86,3,Gerinol,0,6,1.0951506962504345
86,3,Gerinol,0,7,1.0643308024940703
86,3,Gerinol,0,8,1.0968624194241954
86,3,Gerinol,0,9,1.0962225374968313
86,3,Gerinol,0,10,1.060752992305029
86,3,Gerinol,0,11,1.1162792362323557
86,3,Gerinol,0,12,1.0629939977471332
86,3,Gerinol,0,13,1.1850792328687703
86,3,Gerinol,0,14,1.0891811049461584
86,3,Gerinol,1,0,1.0326030242038684
86,3,Gerinol,1,1,1.0400811193549189
86,3,Gerinol,1,2,1.1253580085914017
86,3,Gerinol,1,3,1.0630887240147315
86,3,Gerinol,1,4,1.024904237690271
86,3,Gerinol,1,5,1.1136032998885803
86,3,Gerinol,1,6,1.0628318344923464
86,3,Gerinol,1,7,1.1055915704482437
86,3,Gerinol,1,8,1.1168774310297147
86,3,Gerinol,1,9,1.0904333315558115
86,3,Gerinol,1,10,1.1752910858308832
86,3,Gerinol,1,11,1.0104650902861407
86,3,Gerinol,1,12,1.0467367869925974
86,3,Gerinol,1,13,1.0692167898193115
86,3,Gerinol,1,14,1.1699017311477946
86,4,n Methyl Piperdine,0,0,0.9749310910067197
86,4,n Methyl Piperdine,0,1,0.9545586268983879
86,4,n Methyl Piperdine,0,2,0.8712460345727948
86,4,n Methyl Piperdine,0,3,0.8759104026118141
86,4,n Methyl Piperdine,0,4,0.8698685907970131
86,4,n Methyl Piperdine,0,5,0.8716739166810008
86,4,n Methyl Piperdine,0,6,0.9627191764936702
86,4,n Methyl Piperdine,0,7,0.8932603072667975
86,4,n Methyl Piperdine,0,8,0.8985510656168736
86,4,n Methyl Piperdine,0,9,0.9339864636795685
86,4,n Methyl Piperdine,0,10,0.8364698732412723
86,4,n Methyl Piperdine,0,11,0.9051168250533969
86,4,n Methyl Piperdine,0,12,0.8591361230557144
86,4,n Methyl Piperdine,0,13,0.8912343953802986
86,4,n Methyl Piperdine,0,14,0.8795541644442628
86,4,n Methyl Piperdine,1,0,0.8614759411785349
86,4,n Methyl Piperdine,1,1,0.8960184432880397
86,4,n Methyl Piperdine,1,2,0.8958437071154856
86,4,n Methyl Piperdine,1,3,0.8782023474504257
86,4,n Methyl Piperdine,1,4,0.9018225447394314
86,4,n Methyl Piperdine,1,5,0.8522505893856431
86,4,n Methyl Piperdine,1,6,0.9142586057813622
86,4,n Methyl Piperdine,1,7,0.8787472101334809
86,4,n Methyl Piperdine,1,8,0.8676486285342693
86,4,n Methyl Piperdine,1,9,0.8552048185516659
86,4,n Methyl Piperdine,1,10,0.8773392726011179
86,4,n Methyl Piperdine,1,11,0.961820741293622
86,4,n Methyl Piperdine,1,12,0.8844626202156816
86,4,n Methyl Piperdine,1,13,0.8412190295740476
86,4,n Methyl Piperdine,1,14,0.923747933691187
86,5,"2,4 Dimethyl Acetophenone",0,0,1.0937996772557392
86,5,"2,4 Dimethyl Acetophenone",0,1,1.1240271748615083
86,5,"2,4 Dimethyl Acetophenone",0,2,1.0884503926703462
86,5,"2,4 Dimethyl Acetophenone",0,3,1.163907747333136
86,5,"2,4 Dimethyl Acetophenone",0,4,1.0890464244215707
86,5,"2,4 Dimethyl Acetophenone",0,5,1.1685911338305108
86,5,"2,4 Dimethyl Acetophenone",0,6,1.070706391306258
86,5,"2,4 Dimethyl Acetophenone",0,7,1.10096055925879
86,5,"2,4 Dimethyl Acetophenone",0,8,1.1686766461236806
86,5,"2,4 Dimethyl Acetophenone",0,9,1.119403783678663
86,5,"2,4 Dimethyl Acetophenone",0,10,1.2035354523596347
86,5,"2,4 Dimethyl Acetophenone",0,11,1.1019111967178887
86,5,"2,4 Dimethyl Acetophenone",0,12,1.1229585288058364
86,5,"2,4 Dimethyl Acetophenone",0,13,1.188882785569362
86,5,"2,4 Dimethyl Acetophenone",0,14,1.0521198860177186
86,5,"2,4 Dimethyl Acetophenone",1,0,1.0540927840702996
86,5,"2,4 Dimethyl Acetophenone",1,1,1.0877824583091849
86,5,"2,4 Dimethyl Acetophenone",1,2,1.1521376929764942
86,5,"2,4 Dimethyl Acetophenone",1,3,1.0552087380642836
86,5,"2,4 Dimethyl Acetophenone",1,4,1.1434847476600418
86,5,"2,4 Dimethyl Acetophenone",1,5,1.140671053177117
86,5,"2,4 Dimethyl Acetophenone",1,6,1.2001783947256395
86,5,"2,4 Dimethyl Acetophenone",1,7,1.161422182418056
86,5,"2,4 Dimethyl Acetophenone",1,8,1.1341647948974722
86,5,"2,4 Dimethyl Acetophenone",1,9,1.1739681028036795
86,5,"2,4 Dimethyl Acetophenone",1,10,1.1411589430421558
86,5,"2,4 Dimethyl Acetophenone",1,11,1.101199983212473
86,5,"2,4 Dimethyl Acetophenone",1,12,1.0738185543156067
86,5,"2,4 Dimethyl Acetophenone",1,13,1.0968281612498378
86,5,"2,4 Dimethyl Acetophenone",1,14,1.1179998304156764
86,6,4 Heptanone,0,0,1.1862837556727464
86,6,4 Heptanone,0,1,1.0938751955352919
86,6,4 Heptanone,0,2,1.1705006060618024
86,6,4 Heptanone,0,3,1.18042629024074
86,6,4 Heptanone,0,4,1.201184517253956
86,6,4 Heptanone,0,5,1.2443550547590163
86,6,4 Heptanone,0,6,1.186709160876573
86,6,4 Heptanone,0,7,1.1429005044088536
86,6,4 Heptanone,0,8,1.1065598441147033
86,6,4 Heptanone,0,9,1.2067634577832576
86,6,4 Heptanone,0,10,1.1445195250796658
86,6,4 Heptanone,0,11,1.213956498545216
86,6,4 Heptanone,0,12,1.235179825545265
86,6,4 Heptanone,0,13,1.1175200288195952
86,6,4 Heptanone,0,14,1.2014387218091207
86,6,4 Heptanone,1,0,1.2546385920433019
86,6,4 Heptanone,1,1,1.2436952686409393
86,6,4 Heptanone,1,2,1.1190785181533098
86,6,4 Heptanone,1,3,1.1687876138379798
86,6,4 Heptanone,1,4,1.1517264753997112
86,6,4 Heptanone,1,5,1.22387260583561
86,6,4 Heptanone,1,6,1.2194667605691478
86,6,4 Heptanone,1,7,1.095018020512103
86,6,4 Heptanone,1,8,1.1909004307766144
86,6,4 Heptanone,1,9,1.2349624888433723
86,6,4 Heptanone,1,10,1.2088527352786929
86,6,4 Heptanone,1,11,1.2087843724097225
86,6,4 Heptanone,1,12,1.1883339481609796
86,6,4 Heptanone,1,13,1.1605760579867408
86,6,4 Heptanone,1,14,1.2022514626741085
86,7,33 Dimethyl Butyric Acid,0,0,1.019810575514307
86,7,33 Dimethyl Butyric Acid,0,1,1.0423370182782201
86,7,33 Dimethyl Butyric Acid,0,2,1.0455868344367205
86,7,33 Dimethyl Butyric Acid,0,3,1.0211612942314316
86,7,33 Dimethyl Butyric Acid,0,4,1.0615231720482952
86,7,33 Dimethyl Butyric Acid,0,5,1.002729850739471
86,7,33 Dimethyl Butyric Acid,0,6,0.9599658546697126
86,7,33 Dimethyl Butyric Acid,0,7,1.0368089842416301
86,7,33 Dimethyl Butyric Acid,0,8,1.0227820196404722
86,7,33 Dimethyl Butyric Acid,0,9,1.0376040980920964
86,7,33 Dimethyl Butyric Acid,0,10,0.9671487835335848
86,7,33 Dimethyl Butyric Acid,0,11,1.0893586810093439
86,7,33 Dimethyl Butyric Acid,0,12,1.0461469340114475
86,7,33 Dimethyl Butyric Acid,0,13,1.006206961824937
86,7,33 Dimethyl Butyric Acid,0,14,0.9803087116263162
86,7,33 Dimethyl Butyric Acid,1,0,1.0259824871790462
86,7,33 Dimethyl Butyric Acid,1,1,0.9388255594792021
86,7,33 Dimethyl Butyric Acid,1,2,1.073350943753439
86,7,33 Dimethyl Butyric Acid,1,3,0.958368153165783
86,7,33 Dimethyl Butyric Acid,1,4,1.0517165593459807
86,7,33 Dimethyl Butyric Acid,1,5,0.9755173993588476
86,7,33 Dimethyl Butyric Acid,1,6,1.0461262191145686
86,7,33 Dimethyl Butyric Acid,1,7,0.9535016104886956
86,7,33 Dimethyl Butyric Acid,1,8,0.9836498059036243
86,7,33 Dimethyl Butyric Acid,1,9,1.015086323968579
86,7,33 Dimethyl Butyric Acid,1,10,1.0093794362295891
86,7,33 Dimethyl Butyric Acid,1,11,1.0269268241080716
86,7,33 Dimethyl Butyric Acid,1,12,0.9633974661696937
86,7,33 Dimethyl Butyric Acid,1,13,0.9862886856757488
86,7,33 Dimethyl Butyric Acid,1,14,1.0328318938016792
86,8,2 Methyl Butyraldehyde,0,0,0.9401968713128894
86,8,2 Methyl Butyraldehyde,0,1,0.9913087338263836
86,8,2 Methyl Butyraldehyde,0,2,0.9596406817905375
86,8,2 Methyl Butyraldehyde,0,3,0.9766420556449518
86,8,2 Methyl Butyraldehyde,0,4,0.9717891000382255
86,8,2 Methyl Butyraldehyde,0,5,0.936875765350249
86,8,2 Methyl Butyraldehyde,0,6,0.9579793636967496
86,8,2 Methyl Butyraldehyde,0,7,0.9742043814647158
86,8,2 Methyl Butyraldehyde,0,8,0.9642981314331623
86,8,2 Methyl Butyraldehyde,0,9,1.031316529373417
86,8,2 Methyl Butyraldehyde,0,10,1.008805313654302
86,8,2 Methyl Butyraldehyde,0,11,0.9800063113213874
86,8,2 Methyl Butyraldehyde,0,12,0.9378812440728674
86,8,2 Methyl Butyraldehyde,0,13,0.9354461677057294
86,8,2 Methyl Butyraldehyde,0,14,1.047359532792864
86,8,2 Methyl Butyraldehyde,1,0,0.9186399078638706
86,8,2 Methyl Butyraldehyde,1,1,0.9635897100327794
86,8,2 Methyl Butyraldehyde,1,2,0.9734732738807056
86,8,2 Methyl Butyraldehyde,1,3,0.9465823792474262
86,8,2 Methyl Butyraldehyde,1,4,0.918947174723664
86,8,2 Methyl Butyraldehyde,1,5,0.927639459746499
86,8,2 Methyl Butyraldehyde,1,6,0.9371751252145972
86,8,2 Methyl Butyraldehyde,1,7,0.9306556105428473
86,8,2 Methyl Butyraldehyde,1,8,1.0121441410339957
86,8,2 Methyl Butyraldehyde,1,9,0.9586702855678533
86,8,2 Methyl Butyraldehyde,1,10,0.9380832812608539
86,8,2 Methyl Butyraldehyde,1,11,0.9633136470614466
86,8,2 Methyl Butyraldehyde,1,12,0.985753561518555
86,8,2 Methyl Butyraldehyde,1,13,0.9452505370644553
86,8,2 Methyl Butyraldehyde,1,14,0.995114577113795
86,9,m Anisaldehyde,0,0,1.2458666916035062
86,9,m Anisaldehyde,0,1,1.343564707862425
86,9,m Anisaldehyde,0,2,1.2963544689868796
86,9,m Anisaldehyde,0,3,1.2947920685076992
86,9,m Anisaldehyde,0,4,1.2689919895991744
86,9,m Anisaldehyde,0,5,1.247598557357232
86,9,m Anisaldehyde,0,6,1.230045685145153
86,9,m Anisaldehyde,0,7,1.266201495819777
86,9,m Anisaldehyde,0,8,1.3202194914018626
86,9,m Anisaldehyde,0,9,1.258261425685582
86,9,m Anisaldehyde,0,10,1.234774635148796
86,9,m Anisaldehyde,0,11,1.260349950144257
86,9,m Anisaldehyde,0,12,1.281319229877596
86,9,m Anisaldehyde,0,13,1.2828925136712743
86,9,m Anisaldehyde,0,14,1.2915568462480578
86,9,m Anisaldehyde,1,0,1.2862652959755017
86,9,m Anisaldehyde,1,1,1.2949312196570861
86,9,m Anisaldehyde,1,2,1.3251795423489994
86,9,m Anisaldehyde,1,3,1.1799647494654837
86,9,m Anisaldehyde,1,4,1.210725685319973
86,9,m Anisaldehyde,1,5,1.2729004484158166
86,9,m Anisaldehyde,1,6,1.2267997935124255
86,9,m Anisaldehyde,1,7,1.2793925009273959
86,9,m Anisaldehyde,1,8,1.2532455793380195
86,9,m Anisaldehyde,1,9,1.3081292105348985
86,9,m Anisaldehyde,1,10,1.286669686690734
86,9,m Anisaldehyde,1,11,1.2874017071957857
86,9,m Anisaldehyde,1,12,1.2284861777856786
86,9,m Anisaldehyde,1,13,1.2410626082946956
86,9,m Anisaldehyde,1,14,1.2327509038307323
88,0,"2,3 Pentanedione",0,0,1.105834185441993
88,0,"2,3 Pentanedione",0,1,1.2249406414078106
88,0,"2,3 Pentanedione",0,2,1.1958853635417177
88,0,"2,3 Pentanedione",0,3,1.1522687862247518
88,0,"2,3 Pentanedione",0,4,1.2182535714863882
88,0,"2,3 Pentanedione",0,5,1.1408551653181032
88,0,"2,3 Pentanedione",0,6,1.0925444924497782
88,0,"2,3 Pentanedione",0,7,1.206364661303734
88,0,"2,3 Pentanedione",0,8,1.1149274618633493
88,0,"2,3 Pentanedione",0,9,1.15823885256303
88,0,"2,3 Pentanedione",0,10,1.1743147928193398
88,0,"2,3 Pentanedione",0,11,1.1814884849775398
88,0,"2,3 Pentanedione",0,12,1.2000059134361412
88,0,"2,3 Pentanedione",0,13,1.18930392823869
88,0,"2,3 Pentanedione",0,14,1.1880655722504705
88,0,"2,3 Pentanedione",1,0,1.1251093739359397
88,0,"2,3 Pentanedione",1,1,1.1685091875089055
88,0,"2,3 Pentanedione",1,2,1.096517446416195
88,0,"2,3 Pentanedione",1,3,1.2192249531563126
88,0,"2,3 Pentanedione",1,4,1.1006368522654704
88,0,"2,3 Pentanedione",1,5,1.1428818516679455
88,0,"2,3 Pentanedione",1,6,1.103984475657128
88,0,"2,3 Pentanedione",1,7,1.1275327937835733
88,0,"2,3 Pentanedione",1,8,1.1572765818354813
88,0,"2,3 Pentanedione",1,9,1.1355891212775593
88,0,"2,3 Pentanedione",1,10,1.2025092955440242
88,0,"2,3 Pentanedione",1,11,1.1658154858567111
88,0,"2,3 Pentanedione",1,12,1.1382230560490556
88,0,"2,3 Pentanedione",1,13,1.1513961680192375
88,0,"2,3 Pentanedione",1,14,1.2055274635004367
88,1,3 Methylvaleric Acid,0,0,1.0090147485284786
88,1,3 Methylvaleric Acid,0,1,0.9271090774364835
88,1,3 Methylvaleric Acid,0,2,0.9454338446315158
88,1,3 Methylvaleric Acid,0,3,0.9916515059444748
88,1,3 Methylvaleric Acid,0,4,0.9867945766381816
88,1,3 Methylvaleric Acid,0,5,0.9306446515411495
88,1,3 Methylvaleric Acid,0,6,1.002624976769365
88,1,3 Methylvaleric Acid,0,7,0.9370249475896442
88,1,3 Methylvaleric Acid,0,8,1.0248129841513536
88,1,3 Methylvaleric Acid,0,9,0.9938378794470848
88,1,3 Methylvaleric Acid,0,10,0.9273829351712711
88,1,3 Methylvaleric Acid,0,11,0.9514968451385635
88,1,3 Methylvaleric Acid,0,12,0.950801488615955
88,1,3 Methylvaleric Acid,0,13,0.9790549820491932
88,1,3 Methylvaleric Acid,0,14,0.9645008372766004
88,1,3 Methylvaleric Acid,1,0,0.9248232120348902
88,1,3 Methylvaleric Acid,1,1,0.9148724027212585
88,1,3 Methylvaleric Acid,1,2,0.992603701946076
88,1,3 Methylvaleric Acid,1,3,0.982092243152728
88,1,3 Methylvaleric Acid,1,4,0.9748642708583628
88,1,3 Methylvaleric Acid,1,5,0.9814720429285799
88,1,3 Methylvaleric Acid,1,6,0.9458860026691601
88,1,3 Methylvaleric Acid,1,7,0.9780024628811673
88,1,3 Methylvaleric Acid,1,8,1.0721829911695322
88,1,3 Methylvaleric Acid,1,9,1.0176254534000473
88,1,3 Methylvaleric Acid,1,10,0.959106430531768
88,1,3 Methylvaleric Acid,1,11,0.9497078986861119
88,1,3 Methylvaleric Acid,1,12,0.8562251926704989
88,1,3 Methylvaleric Acid,1,13,1.0133905346895495
88,1,3 Methylvaleric Acid,1,14,1.002106982721154
88,2,Acetic Acid,0,0,1.285758876805155
88,2,Acetic Acid,0,1,1.2502436882611299
88,2,Acetic Acid,0,2,1.2613012978486258
88,2,Acetic Acid,0,3,1.3252879100753918
88,2,Acetic Acid,0,4,1.3039383662297144
88,2,Acetic Acid,0,5,1.335175676280506
88,2,Acetic Acid,0,6,1.3109697211109421
88,2,Acetic Acid,0,7,1.3461823488608742
88,2,Acetic Acid,0,8,1.3222950011919048
88,2,Acetic Acid,0,9,1.340663810782642
88,2,Acetic Acid,0,10,1.2239246591393373
88,2,Acetic Acid,0,11,1.2581381727563166
88,2,Acetic Acid,0,12,1.2929379287807097
88,2,Acetic Acid,0,13,1.3506947469722246
88,2,Acetic Acid,0,14,1.3827331846189246
88,2,Acetic Acid,1,0,1.298355470922025
88,2,Acetic Acid,1,1,1.2804616996619729
88,2,Acetic Acid,1,2,1.226726160447188
88,2,Acetic Acid,1,3,1.3394674527804267
88,2,Acetic Acid,1,4,1.282917279209721
88,2,Acetic Acid,1,5,1.4232582889918264
88,2,Acetic Acid,1,6,1.2753487454161196
88,2,Acetic Acid,1,7,1.3891359060919268
88,2,Acetic Acid,1,8,1.334859597560999
88,2,Acetic Acid,1,9,1.2637943262446454
88,2,Acetic Acid,1,10,1.3142106537632436
88,2,Acetic Acid,1,11,1.3357801232795188
88,2,Acetic Acid,1,12,1.2959148145168369
88,2,Acetic Acid,1,13,1.3384442106395922
88,2,Acetic Acid,1,14,1.3375631885914465
88,3,Gerinol,0,0,1.1216430489797362
88,3,Gerinol,0,1,1.0971305742340707
88,3,Gerinol,0,2,1.0507919053837258
88,3,Gerinol,0,3,1.0947180939369616
88,3,Gerinol,0,4,1.1048320955046047
88,3,Gerinol,0,5,1.022747474114458
88,3,Gerinol,0,6,1.1045589215956246
88,3,Gerinol,0,7,1.0939174583635651
88,3,Gerinol,0,8,1.0459244661245728
88,3,Gerinol,0,9,1.0844692533283007
88,3,Gerinol,0,10,1.0853156550825989
88,3,Gerinol,0,11,1.1749932902957076
88,3,Gerinol,0,12,1.1065942428030655
88,3,Gerinol,0,13,1.1392313190085548
88,3,Gerinol,0,14,1.093076896776345
88,3,Gerinol,1,0,1.0209713066823802
88,3,Gerinol,1,1,1.1228216413086485
88,3,Gerinol,1,2,1.069600498172282
88,3,Gerinol,1,3,1.0825039621562673
88,3,Gerinol,1,4,1.0538091173911648
88,3,Gerinol,1,5,1.0988386819126381
88,3,Gerinol,1,6,1.1385351018206817
88,3,Gerinol,1,7,1.1332374916947687
88,3,Gerinol,1,8,1.1593755476671903
88,3,Gerinol,1,9,1.1650463456739482
88,3,Gerinol,1,10,1.0140929981454547
88,3,Gerinol,1,11,1.0481831449186183
88,3,Gerinol,1,12,1.0236003042227215
88,3,Gerinol,1,13,1.1212051837713672
88,3,Gerinol,1,14,1.0682046960038176
88,4,n Methyl Piperdine,0,0,0.9026310474329926
88,4,n Methyl Piperdine,0,1,0.9135343634296516
88,4,n Methyl Piperdine,0,2,0.9375010882303798
88,4,n Methyl Piperdine,0,3,0.8627854187864915
88,4,n Methyl Piperdine,0,4,0.8718437222013863
88,4,n Methyl Piperdine,0,5,0.9222501089679941
88,4,n Methyl Piperdine,0,6,0.9701480981529285
88,4,n Methyl Piperdine,0,7,0.9211823645767064
88,4,n Methyl Piperdine,0,8,0.8905318724514685
88,4,n Methyl Piperdine,0,9,0.8362699134932443
88,4,n Methyl Piperdine,0,10,0.9603052841091609
88,4,n Methyl Piperdine,0,11,0.8927609947311306
88,4,n Methyl Piperdine,0,12,0.8763007840766809
88,4,n Methyl Piperdine,0,13,0.8535852516483985
88,4,n Methyl Piperdine,0,14,0.8646342282610712
88,4,n Methyl Piperdine,1,0,0.8540359714339071
88,4,n Methyl Piperdine,1,1,0.8829305908042951
88,4,n Methyl Piperdine,1,2,0.8441348720616348
88,4,n Methyl Piperdine,1,3,0.8999128617539667
88,4,n Methyl Piperdine,1,4,0.8826266306553371
88,4,n Methyl Piperdine,1,5,0.9813642318194422
88,4,n Methyl Piperdine,1,6,0.8243068155963547
88,4,n Methyl Piperdine,1,7,0.8989437174645565
88,4,n Methyl Piperdine,1,8,0.8994447398136994
88,4,n Methyl Piperdine,1,9,0.8512622440951352
88,4,n Methyl Piperdine,1,10,0.8962946361499596
88,4,n Methyl Piperdine,1,11,0.9232683149083298
88,4,n Methyl Piperdine,1,12,0.8963441995543745
88,4,n Methyl Piperdine,1,13,0.9478630556448546
88,4,n Methyl Piperdine,1,14,0.8053770355282476
88,5,"2,4 Dimethyl Acetophenone",0,0,1.0731695550996212
88,5,"2,4 Dimethyl Acetophenone",0,1,1.1658611335009679
88,5,"2,4 Dimethyl Acetophenone",0,2,1.143339944942284
88,5,"2,4 Dimethyl Acetophenone",0,3,1.1284793600623815
88,5,"2,4 Dimethyl Acetophenone",0,4,1.1561875078725083
88,5,"2,4 Dimethyl Acetophenone",0,5,1.0301965764636594
88,5,"2,4 Dimethyl Acetophenone",0,6,1.1386833181206428
88,5,"2,4 Dimethyl Acetophenone",0,7,1.149433698108507
88,5,"2,4 Dimethyl Acetophenone",0,8,1.0805108849647007
88,5,"2,4 Dimethyl Acetophenone",0,9,1.2120283763273791
88,5,"2,4 Dimethyl Acetophenone",0,10,1.1147128501742123
88,5,"2,4 Dimethyl Acetophenone",0,11,1.0191481299113885
88,5,"2,4 Dimethyl Acetophenone",0,12,1.1221097715290802
88,5,"2,4 Dimethyl Acetophenone",0,13,1.0780644904121541
88,5,"2,4 Dimethyl Acetophenone",0,14,1.1534587025689107
88,5,"2,4 Dimethyl Acetophenone",1,0,1.150817766596568
88,5,"2,4 Dimethyl Acetophenone",1,1,1.1049831223698683
88,5,"2,4 Dimethyl Acetophenone",1,2,1.1889980819914319
88,5,"2,4 Dimethyl Acetophenone",1,3,1.1664780575000884
88,5,"2,4 Dimethyl Acetophenone",1,4,1.0957832057536319
88,5,"2,4 Dimethyl Acetophenone",1,5,1.122818202038482
88,5,"2,4 Dimethyl Acetophenone",1,6,1.1495766768914792
88,5,"2,4 Dimethyl Acetophenone",1,7,1.114329474750011
88,5,"2,4 Dimethyl Acetophenone",1,8,1.1155240291070259
88,5,"2,4 Dimethyl Acetophenone",1,9,1.1303690063914953
88,5,"2,4 Dimethyl Acetophenone",1,10,1.0862680618994203
88,5,"2,4 Dimethyl Acetophenone",1,11,1.0395893917178372
88,5,"2,4 Dimethyl Acetophenone",1,12,1.1384653997541974
88,5,"2,4 Dimethyl Acetophenone",1,13,1.0493440072891085
88,5,"2,4 Dimethyl Acetophenone",1,14,1.089178457135127
88,6,4 Heptanone,0,0,1.121395857122793
88,6,4 Heptanone,0,1,1.1263213735702837
88,6,4 Heptanone,0,2,1.2093133584455076
88,6,4 Heptanone,0,3,1.183366824878333
88,6,4 Heptanone,0,4,1.181923133262011
88,6,4 Heptanone,0,5,1.1396230801357756
88,6,4 Heptanone,0,6,1.1660251879271935
88,6,4 Heptanone,0,7,1.2073173578491434
88,6,4 Heptanone,0,8,1.190175660868476
88,6,4 Heptanone,0,9,1.2251661139224153
88,6,4 Heptanone,0,10,1.2308628319657724
88,6,4 Heptanone,0,11,1.1821703571504074
88,6,4 Heptanone,0,12,1.1181691800439162
88,6,4 Heptanone,0,13,1.1619933555180872
88,6,4 Heptanone,0,14,1.1883515802458282
88,6,4 Heptanone,1,0,1.147637196844496
88,6,4 Heptanone,1,1,1.1365117104713105
88,6,4 Heptanone,1,2,1.1814867702936
88,6,4 Heptanone,1,3,1.2759088030339918
88,6,4 Heptanone,1,4,1.1591691564432056
88,6,4 Heptanone,1,5,1.1785844448249896
88,6,4 Heptanone,1,6,1.1262152438354212
88,6,4 Heptanone,1,7,1.228432721126321
88,6,4 Heptanone,1,8,1.2136864006587176
88,6,4 Heptanone,1,9,1.2109260445032972
88,6,4 Heptanone,1,10,1.2330885113768504
88,6,4 Heptanone,1,11,1.1616030247368683
88,6,4 Heptanone,1,12,1.1665999661308357
88,6,4 Heptanone,1,13,1.2470918202001267
88,6,4 Heptanone,1,14,1.204005803042443
88,7,33 Dimethyl Butyric Acid,0,0,0.9214425621682578
88,7,33 Dimethyl Butyric Acid,0,1,1.0284042740475046
88,7,33 Dimethyl Butyric Acid,0,2,0.9869435125912404
88,7,33 Dimethyl Butyric Acid,0,3,1.0461383080082904
88,7,33 Dimethyl Butyric Acid,0,4,1.0265390537988313
88,7,33 Dimethyl Butyric Acid,0,5,0.9405897244611123
88,7,33 Dimethyl Butyric Acid,0,6,1.0209646418418434
88,7,33 Dimethyl Butyric Acid,0,7,1.0186365441120886
88,7,33 Dimethyl Butyric Acid,0,8,1.0247499344806157
88,7,33 Dimethyl Butyric Acid,0,9,1.0332325890985565
88,7,33 Dimethyl Butyric Acid,0,10,1.0700500734148934
88,7,33 Dimethyl Butyric Acid,0,11,1.0267669946065963
88,7,33 Dimethyl Butyric Acid,0,12,1.011127373441003
88,7,33 Dimethyl Butyric Acid,0,13,1.0561301371895533
88,7,33 Dimethyl Butyric Acid,0,14,1.099921063965615
88,7,33 Dimethyl Butyric Acid,1,0,1.0329302585631668
88,7,33 Dimethyl Butyric Acid,1,1,1.004575673468767
88,7,33 Dimethyl Butyric Acid,1,2,1.0136286503872
88,7,33 Dimethyl Butyric Acid,1,3,1.0065691787723736
88,7,33 Dimethyl Butyric Acid,1,4,0.9970681650073764
88,7,33 Dimethyl Butyric Acid,1,5,1.0829342616566986
88,7,33 Dimethyl Butyric Acid,1,6,0.966365293423786
88,7,33 Dimethyl Butyric Acid,1,7,1.0425236615261513
88,7,33 Dimethyl Butyric Acid,1,8,0.9912931506884204
88,7,33 Dimethyl Butyric Acid,1,9,0.9371106615908944
88,7,33 Dimethyl Butyric Acid,1,10,0.9887947186529831
88,7,33 Dimethyl Butyric Acid,1,11,0.9744563950462867
88,7,33 Dimethyl Butyric Acid,1,12,1.0194305211331496
88,7,33 Dimethyl Butyric Acid,1,13,0.9999794373027862
88,7,33 Dimethyl Butyric Acid,1,14,0.9554463538505246
88,8,2 Methyl Butyraldehyde,0,0,1.033240177208849
88,8,2 Methyl Butyraldehyde,0,1,1.0180052208482895
88,8,2 Methyl Butyraldehyde,0,2,1.0378420819531167
88,8,2 Methyl Butyraldehyde,0,3,0.9838784472319853
88,8,2 Methyl Butyraldehyde,0,4,0.9729705379380329
88,8,2 Methyl Butyraldehyde,0,5,1.0025422799740054
88,8,2 Methyl Butyraldehyde,0,6,0.9513008598324244
88,8,2 Methyl Butyraldehyde,0,7,0.979602242858054
88,8,2 Methyl Butyraldehyde,0,8,0.967372744696406
88,8,2 Methyl Butyraldehyde,0,9,0.9159584879816637
88,8,2 Methyl Butyraldehyde,0,10,0.9794980808628234
88,8,2 Methyl Butyraldehyde,0,11,0.9567611849995284
88,8,2 Methyl Butyraldehyde,0,12,0.9646977741085284
88,8,2 Methyl Butyraldehyde,0,13,0.9889512584952588
88,8,2 Methyl Butyraldehyde,0,14,1.0253011860287256
88,8,2 Methyl Butyraldehyde,1,0,0.9339699850385129
88,8,2 Methyl Butyraldehyde,1,1,0.9544584600552578
88,8,2 Methyl Butyraldehyde,1,2,0.9373174808060396
88,8,2 Methyl Butyraldehyde,1,3,0.9347135651484724
88,8,2 Methyl Butyraldehyde,1,4,0.9441380309144412
88,8,2 Methyl Butyraldehyde,1,5,0.9600627773478243
88,8,2 Methyl Butyraldehyde,1,6,0.9913556549355322
88,8,2 Methyl Butyraldehyde,1,7,0.9807386192518256
88,8,2 Methyl Butyraldehyde,1,8,0.9256465086971021
88,8,2 Methyl Butyraldehyde,1,9,1.0196872016171181
88,8,2 Methyl Butyraldehyde,1,10,1.0056972809195135
88,8,2 Methyl Butyraldehyde,1,11,0.9318733626360439
88,8,2 Methyl Butyraldehyde,1,12,1.0168852243372144
88,8,2 Methyl Butyraldehyde,1,13,0.9809983251642831
88,8,2 Methyl Butyraldehyde,1,14,0.9616625765434222
88,9,m Anisaldehyde,0,0,1.288735114936317
88,9,m Anisaldehyde,0,1,1.2733810813321238
88,9,m Anisaldehyde,0,2,1.2962150593364008
88,9,m Anisaldehyde,0,3,1.2819045340823914
88,9,m Anisaldehyde,0,4,1.2609148710662565
88,9,m Anisaldehyde,0,5,1.1933788427906893
88,9,m Anisaldehyde,0,6,1.2954992147824216
88,9,m Anisaldehyde,0,7,1.2594657020216753
88,9,m Anisaldehyde,0,8,1.3055297775429544
88,9,m Anisaldehyde,0,9,1.2936789156481734
88,9,m Anisaldehyde,0,10,1.2605053447109043
88,9,m Anisaldehyde,0,11,1.315331440800238
88,9,m Anisaldehyde,0,12,1.2826055796306075
88,9,m Anisaldehyde,0,13,1.280957627052268
88,9,m Anisaldehyde,0,14,1.2688874856866188
88,9,m Anisaldehyde,1,0,1.3415001764993488
88,9,m Anisaldehyde,1,1,1.2456272788459306
88,9,m Anisaldehyde,1,2,1.261250966511395
88,9,m Anisaldehyde,1,3,1.2246645422065572
88,9,m Anisaldehyde,1,4,1.3032271911027373
88,9,m Anisaldehyde,1,5,1.2508719877554502
88,9,m Anisaldehyde,1,6,1.2553565247407041
88,9,m Anisaldehyde,1,7,1.2534804827234698
88,9,m Anisaldehyde,1,8,1.2766668246522526
88,9,m Anisaldehyde,1,9,1.2241275646233911
88,9,m Anisaldehyde,1,10,1.1844281373656667
88,9,m Anisaldehyde,1,11,1.292466109505468
88,9,m Anisaldehyde,1,12,1.1896156397616087
88,9,m Anisaldehyde,1,13,1.3083234593688522
88,9,m Anisaldehyde,1,14,1.3364990579911629
90,0,"2,3 Pentanedione",0,0,1.1582255202379759
90,0,"2,3 Pentanedione",0,1,1.2167741902641969
90,0,"2,3 Pentanedione",0,2,1.1638242156136485
90,0,"2,3 Pentanedione",0,3,1.2287641187584921
90,0,"2,3 Pentanedione",0,4,1.146545758310849
90,0,"2,3 Pentanedione",0,5,1.0701992000181324
90,0,"2,3 Pentanedione",0,6,1.1615980026311172
90,0,"2,3 Pentanedione",0,7,1.233113000131807
90,0,"2,3 Pentanedione",0,8,1.186193204632994
90,0,"2,3 Pentanedione",0,9,1.1441815432538636
90,0,"2,3 Pentanedione",0,10,1.1779505191667665
90,0,"2,3 Pentanedione",0,11,1.2036394659334795
90,0,"2,3 Pentanedione",0,12,1.1613698148387985
90,0,"2,3 Pentanedione",0,13,1.2698500758090725
90,0,"2,3 Pentanedione",0,14,1.1440977541345978
90,0,"2,3 Pentanedione",1,0,1.196345155949977
90,0,"2,3 Pentanedione",1,1,1.1867222165274591
90,0,"2,3 Pentanedione",1,2,1.1282516300802647
90,0,"2,3 Pentanedione",1,3,1.1392671163742802
90,0,"2,3 Pentanedione",1,4,1.1969686729673616
90,0,"2,3 Pentanedione",1,5,1.1620362425723567
90,0,"2,3 Pentanedione",1,6,1.169767596137278
90,0,"2,3 Pentanedione",1,7,1.0908060329200127
90,0,"2,3 Pentanedione",1,8,1.1824846732746712
90,0,"2,3 Pentanedione",1,9,1.1677366008314898
90,0,"2,3 Pentanedione",1,10,1.153688326162541
90,0,"2,3 Pentanedione",1,11,1.17068040159055
90,0,"2,3 Pentanedione",1,12,1.139876018783217
90,0,"2,3 Pentanedione",1,13,1.132568626912848
90,0,"2,3 Pentanedione",1,14,1.1465693058026227
90,1,3 Methylvaleric Acid,0,0,0.9507290205025799
90,1,3 Methylvaleric Acid,0,1,1.0565183300770398
90,1,3 Methylvaleric Acid,0,2,1.0057719767890554
90,1,3 Methylvaleric Acid,0,3,0.9305583906764439
90,1,3 Methylvaleric Acid,0,4,1.0507489877257457
90,1,3 Methylvaleric Acid,0,5,0.9519828831778593
90,1,3 Methylvaleric Acid,0,6,0.9704753623338832
90,1,3 Methylvaleric Acid,0,7,1.0051938354325647
90,1,3 Methylvaleric Acid,0,8,0.8904976058794072
90,1,3 Methylvaleric Acid,0,9,0.9598161137576731
90,1,3 Methylvaleric Acid,0,10,0.9463637935966251
90,1,3 Methylvaleric Acid,0,11,0.9775003508170772
90,1,3 Methylvaleric Acid,0,12,0.9840991349659296
90,1,3 Methylvaleric Acid,0,13,0.9662067730220177
90,1,3 Methylvaleric Acid,0,14,0.9643512557081524
90,1,3 Methylvaleric Acid,1,0,1.0263266430112805
90,1,3 Methylvaleric Acid,1,1,0.9957808253192242
90,1,3 Methylvaleric Acid,1,2,0.9853783885079405
90,1,3 Methylvaleric Acid,1,3,0.9896362117642683
90,1,3 Methylvaleric Acid,1,4,1.0571569480070715
90,1,3 Methylvaleric Acid,1,5,0.990628347185227
90,1,3 Methylvaleric Acid,1,6,0.9631434479072345
90,1,3 Methylvaleric Acid,1,7,0.9073614245614203
90,1,3 Methylvaleric Acid,1,8,0.9263638931444645
90,1,3 Methylvaleric Acid,1,9,0.9650403523026723
90,1,3 Methylvaleric Acid,1,10,0.9793863143476967
90,1,3 Methylvaleric Acid,1,11,0.9614965297214532
90,1,3 Methylvaleric Acid,1,12,0.9977671471876951
90,1,3 Methylvaleric Acid,1,13,0.9609810663255304
90,1,3 Methylvaleric Acid,1,14,0.9471418173004454
90,2,Acetic Acid,0,0,1.3500569545176453
90,2,Acetic Acid,0,1,1.3803269809784693
90,2,Acetic Acid,0,2,1.281264497193487
90,2,Acetic Acid,0,3,1.3352998356516614
90,2,Acetic Acid,0,4,1.2493510147771962
90,2,Acetic Acid,0,5,1.2665696758742624
90,2,Acetic Acid,0,6,1.302000567984262
90,2,Acetic Acid,0,7,1.3709476183984366
90,2,Acetic Acid,0,8,1.2944029599151299
90,2,Acetic Acid,0,9,1.292907182112727
90,2,Acetic Acid,0,10,1.326994692379127
90,2,Acetic Acid,0,11,1.3270345455493429
90,2,Acetic Acid,0,12,1.294145942193162
90,2,Acetic Acid,0,13,1.4050000637938784
90,2,Acetic Acid,0,14,1.3149366661787338
90,2,Acetic Acid,1,0,1.3115884465736343
90,2,Acetic Acid,1,1,1.2909738657684935
90,2,Acetic Acid,1,2,1.3246439097629583
90,2,Acetic Acid,1,3,1.3564433496650758
90,2,Acetic Acid,1,4,1.3735915951550939
90,2,Acetic Acid,1,5,1.276554420266356
90,2,Acetic Acid,1,6,1.3510768543289595
90,2,Acetic Acid,1,7,1.3290322800589518
90,2,Acetic Acid,1,8,1.346026511655314
90,2,Acetic Acid,1,9,1.3033698763691992
90,2,Acetic Acid,1,10,1.2995634163456238
90,2,Acetic Acid,1,11,1.3444736331054707
90,2,Acetic Acid,1,12,1.3452327475191626
90,2,Acetic Acid,1,13,1.3696738698313866
90,2,Acetic Acid,1,14,1.3149869494949307
90,3,Gerinol,0,0,1.1088740710937612
90,3,Gerinol,0,1,1.0147565129993834
90,3,Gerinol,0,2,1.0487002346793382
90,3,Gerinol,0,3,1.0973805919918158
90,3,Gerinol,0,4,1.069108298949303
90,3,Gerinol,0,5,1.1457158788164814
90,3,Gerinol,0,6,1.0607498177359933
90,3,Gerinol,0,7,1.09309848306514
90,3,Gerinol,0,8,1.094669596473612
90,3,Gerinol,0,9,1.1613403795351294
90,3,Gerinol,0,10,1.0888211062383657
90,3,Gerinol,0,11,1.1312471409210711
90,3,Gerinol,0,12,1.1209789013000602
90,3,Gerinol,0,13,1.1492821956170427
90,3,Gerinol,0,14,1.1471592582838108
90,3,Gerinol,1,0,1.0961165718071686
90,3,Gerinol,1,1,1.029602395817663
90,3,Gerinol,1,2,1.088184540856125
90,3,Gerinol,1,3,1.0966559505406641
90,3,Gerinol,1,4,1.1088945456480614
90,3,Gerinol,1,5,1.067951970513118
90,3,Gerinol,1,6,1.1430902210582947
90,3,Gerinol,1,7,1.09799895305455
90,3,Gerinol,1,8,1.0606342824094652
90,3,Gerinol,1,9,1.079125062772283
90,3,Gerinol,1,10,1.1745958824806235
90,3,Gerinol,1,11,1.1240292920398103
90,3,Gerinol,1,12,1.1393924385445264
90,3,Gerinol,1,13,1.0557906975334137
90,3,Gerinol,1,14,1.0699009886345983
90,4,n Methyl Piperdine,0,0,0.8668829588614549
90,4,n Methyl Piperdine,0,1,0.9015156006002496
90,4,n Methyl Piperdine,0,2,0.8871797778532823
90,4,n Methyl Piperdine,0,3,0.8745600746464238
90,4,n Methyl Piperdine,0,4,0.8795770673965665
90,4,n Methyl Piperdine,0,5,0.862378443629702
90,4,n Methyl Piperdine,0,6,0.8869462796206483
90,4,n Methyl Piperdine,0,7,0.9386684744500546
90,4,n Methyl Piperdine,0,8,0.8336142770347146
90,4,n Methyl Piperdine,0,9,0.9079990284421139
90,4,n Methyl Piperdine,0,10,0.9493435588918896
90,4,n Methyl Piperdine,0,11,0.886812367154082
90,4,n Methyl Piperdine,0,12,0.8729848099308689
90,4,n Methyl Piperdine,0,13,0.9311091105347282
90,4,n Methyl Piperdine,0,14,0.854770976021951
90,4,n Methyl Piperdine,1,0,0.8797960668550837
90,4,n Methyl Piperdine,1,1,0.8391099640372038
90,4,n Methyl Piperdine,1,2,0.8058996892516618
90,4,n Methyl Piperdine,1,3,0.8746243574608411
90,4,n Methyl Piperdine,1,4,0.8301679255219536
90,4,n Methyl Piperdine,1,5,0.8802369075194663
90,4,n Methyl Piperdine,1,6,0.9253049130278612
90,4,n Methyl Piperdine,1,7,0.9548739443198179
90,4,n Methyl Piperdine,1,8,0.8844448994103613
90,4,n Methyl Piperdine,1,9,0.9214723613316569
90,4,n Methyl Piperdine,1,10,0.8966622340568983
90,4,n Methyl Piperdine,1,11,0.8653791834976307
90,4,n Methyl Piperdine,1,12,0.8037126738953971
90,4,n Methyl Piperdine,1,13,0.9457634211359177
90,4,n Methyl Piperdine,1,14,0.838739640481388
90,5,"2,4 Dimethyl Acetophenone",0,0,1.163649623608403
90,5,"2,4 Dimethyl Acetophenone",0,1,1.1298110923221825
90,5,"2,4 Dimethyl Acetophenone",0,2,1.069298275741798
90,5,"2,4 Dimethyl Acetophenone",0,3,1.1208187216244505
90,5,"2,4 Dimethyl Acetophenone",0,4,1.1936552296031055
90,5,"2,4 Dimethyl Acetophenone",0,5,1.1697648903862432
90,5,"2,4 Dimethyl Acetophenone",0,6,1.0878302649063145
90,5,"2,4 Dimethyl Acetophenone",0,7,1.079859556824305
90,5,"2,4 Dimethyl Acetophenone",0,8,1.1123471086443353
90,5,"2,4 Dimethyl Acetophenone",0,9,1.101718237992899
90,5,"2,4 Dimethyl Acetophenone",0,10,1.1563282825774015
90,5,"2,4 Dimethyl Acetophenone",0,11,1.1379223526085644
90,5,"2,4 Dimethyl Acetophenone",0,12,1.0406491230905555
90,5,"2,4 Dimethyl Acetophenone",0,13,1.1266857973686488
90,5,"2,4 Dimethyl Acetophenone",0,14,1.1011751487169976
90,5,"2,4 Dimethyl Acetophenone",1,0,1.1226158095160825
90,5,"2,4 Dimethyl Acetophenone",1,1,1.1310892046453864
90,5,"2,4 Dimethyl Acetophenone",1,2,1.169080644286024
90,5,"2,4 Dimethyl Acetophenone",1,3,1.1602432026168008
90,5,"2,4 Dimethyl Acetophenone",1,4,1.091141774447468
90,5,"2,4 Dimethyl Acetophenone",1,5,1.1187870053673732
90,5,"2,4 Dimethyl Acetophenone",1,6,1.1031906283606716
90,5,"2,4 Dimethyl Acetophenone",1,7,1.053857645318696
90,5,"2,4 Dimethyl Acetophenone",1,8,1.1167566637709163
90,5,"2,4 Dimethyl Acetophenone",1,9,1.194921661177324
90,5,"2,4 Dimethyl Acetophenone",1,10,1.0526497483249702
90,5,"2,4 Dimethyl Acetophenone",1,11,1.1201690123285573
90,5,"2,4 Dimethyl Acetophenone",1,12,1.118885958258573
90,5,"2,4 Dimethyl Acetophenone",1,13,1.1326409029455329
90,5,"2,4 Dimethyl Acetophenone",1,14,1.0826224857792028
90,6,4 Heptanone,0,0,1.1227503267648289
90,6,4 Heptanone,0,1,1.1246108441250422
90,6,4 Heptanone,0,2,1.2329921007300864
90,6,4 Heptanone,0,3,1.1404473114223528
90,6,4 Heptanone,0,4,1.1597722627307003
90,6,4 Heptanone,0,5,1.2639400543413462
90,6,4 Heptanone,0,6,1.1503845241257689
90,6,4 Heptanone,0,7,1.1934507343148641
90,6,4 Heptanone,0,8,1.2223072174618475
90,6,4 Heptanone,0,9,1.220383557875997
90,6,4 Heptanone,0,10,1.12649169611508
90,6,4 Heptanone,0,11,1.1512206524887671
90,6,4 Heptanone,0,12,1.1918493094469065
90,6,4 Heptanone,0,13,1.2569154486921588
90,6,4 Heptanone,0,14,1.1492943240511793
90,6,4 Heptanone,1,0,1.1681911038506707
90,6,4 Heptanone,1,1,1.204718600071154
90,6,4 Heptanone,1,2,1.212721952309049
90,6,4 Heptanone,1,3,1.2151457833872232
90,6,4 Heptanone,1,4,1.1540813886217218
90,6,4 Heptanone,1,5,1.1666536977377375
90,6,4 Heptanone,1,6,1.1965556712071925
90,6,4 Heptanone,1,7,1.238428075720245
90,6,4 Heptanone,1,8,1.1783962599303768
90,6,4 Heptanone,1,9,1.187043547211761
90,6,4 Heptanone,1,10,1.1468984857295375
90,6,4 Heptanone,1,11,1.2624646964908035
90,6,4 Heptanone,1,12,1.1941061411007823
90,6,4 Heptanone,1,13,1.2310458143973835
90,6,4 Heptanone,1,14,1.1891315115378178
90,7,33 Dimethyl Butyric Acid,0,0,1.0238792555152363
90,7,33 Dimethyl Butyric Acid,0,1,0.9604562172714173
90,7,33 Dimethyl Butyric Acid,0,2,0.9344380981177971
90,7,33 Dimethyl Butyric Acid,0,3,1.0705447813789382
90,7,33 Dimethyl Butyric Acid,0,4,1.0235909014759965
90,7,33 Dimethyl Butyric Acid,0,5,1.0287256978249644
90,7,33 Dimethyl Butyric Acid,0,6,0.9705064228174833
90,7,33 Dimethyl Butyric Acid,0,7,0.9843460057937548
90,7,33 Dimethyl Butyric Acid,0,8,1.062960652950899
90,7,33 Dimethyl Butyric Acid,0,9,1.0900743237391572
90,7,33 Dimethyl Butyric Acid,0,10,0.9956176123545977
90,7,33 Dimethyl Butyric Acid,0,11,1.0473279044400219
90,7,33 Dimethyl Butyric Acid,0,12,1.028069570212764
90,7,33 Dimethyl Butyric Acid,0,13,1.0156474153023907
90,7,33 Dimethyl Butyric Acid,0,14,1.0945469337126326
90,7,33 Dimethyl Butyric Acid,1,0,0.9736511126567322
90,7,33 Dimethyl Butyric Acid,1,1,1.0414076839783417
90,7,33 Dimethyl Butyric Acid,1,2,1.0070361111793242
90,7,33 Dimethyl Butyric Acid,1,3,0.9911036056030496
90,7,33 Dimethyl Butyric Acid,1,4,1.0466598654189654
90,7,33 Dimethyl Butyric Acid,1,5,1.0033845584345633
90,7,33 Dimethyl Butyric Acid,1,6,0.987922077301151
90,7,33 Dimethyl Butyric Acid,1,7,1.0469568654169237
90,7,33 Dimethyl Butyric Acid,1,8,1.041749668648518
90,7,33 Dimethyl Butyric Acid,1,9,1.0398577113437972
90,7,33 Dimethyl Butyric Acid,1,10,0.8362670048328558
90,7,33 Dimethyl Butyric Acid,1,11,1.0093862435271788
90,7,33 Dimethyl Butyric Acid,1,12,1.000263866220441
90,7,33 Dimethyl Butyric Acid,1,13,0.9903846483342228
90,7,33 Dimethyl Butyric Acid,1,14,1.0161703638565494
90,8,2 Methyl Butyraldehyde,0,0,0.958800933593538
90,8,2 Methyl Butyraldehyde,0,1,0.9754909553864441
90,8,2 Methyl Butyraldehyde,0,2,0.9376601863831572
90,8,2 Methyl Butyraldehyde,0,3,1.0083058839004166
90,8,2 Methyl Butyraldehyde,0,4,0.97953642636427
90,8,2 Methyl Butyraldehyde,0,5,0.9700797223139506
90,8,2 Methyl Butyraldehyde,0,6,0.9681268680416315
90,8,2 Methyl Butyraldehyde,0,7,0.9946699109930994
90,8,2 Methyl Butyraldehyde,0,8,0.9892461701707765
90,8,2 Methyl Butyraldehyde,0,9,0.9438677765515054
90,8,2 Methyl Butyraldehyde,0,10,0.9879910739262888
90,8,2 Methyl Butyraldehyde,0,11,0.9553407482950387
90,8,2 Methyl Butyraldehyde,0,12,1.02505573035337
90,8,2 Methyl Butyraldehyde,0,13,0.9922877711352356
90,8,2 Methyl Butyraldehyde,0,14,0.9233542859508892
90,8,2 Methyl Butyraldehyde,1,0,1.050475038739691
90,8,2 Methyl Butyraldehyde,1,1,0.8731650177220872
90,8,2 Methyl Butyraldehyde,1,2,0.9827408007884421
90,8,2 Methyl Butyraldehyde,1,3,0.9293967179838689
90,8,2 Methyl Butyraldehyde,1,4,1.0325338229086012
90,8,2 Methyl Butyraldehyde,1,5,0.9673588537734918
90,8,2 Methyl Butyraldehyde,1,6,0.9254947925581956
90,8,2 Methyl Butyraldehyde,1,7,0.9465868226728971
90,8,2 Methyl Butyraldehyde,1,8,0.9286893528150567
90,8,2 Methyl Butyraldehyde,1,9,0.9450155320188772
90,8,2 Methyl Butyraldehyde,1,10,0.9441007065261002
90,8,2 Methyl Butyraldehyde,1,11,0.9272003764136382
90,8,2 Methyl Butyraldehyde,1,12,0.9680491636249854
90,8,2 Methyl Butyraldehyde,1,13,0.9728955776979497
90,8,2 Methyl Butyraldehyde,1,14,0.9173943555106416
90,9,m Anisaldehyde,0,0,1.1925455901212345
90,9,m Anisaldehyde,0,1,1.2713145987289773
90,9,m Anisaldehyde,0,2,1.2801531626877758
90,9,m Anisaldehyde,0,3,1.2880850111214437
90,9,m Anisaldehyde,0,4,1.2809233159067595
90,9,m Anisaldehyde,0,5,1.321785011672474
90,9,m Anisaldehyde,0,6,1.298759056120245
90,9,m Anisaldehyde,0,7,1.3660694684996175
90,9,m Anisaldehyde,0,8,1.3829022285163122
90,9,m Anisaldehyde,0,9,1.188552237137206
90,9,m Anisaldehyde,0,10,1.1709907953935605
90,9,m Anisaldehyde,0,11,1.2585806887291258
90,9,m Anisaldehyde,0,12,1.2790456378382073
90,9,m Anisaldehyde,0,13,1.2558409402827655
90,9,m Anisaldehyde,0,14,1.2870195584853048
90,9,m Anisaldehyde,1,0,1.2564044408493462
90,9,m Anisaldehyde,1,1,1.2394560933287164
90,9,m Anisaldehyde,1,2,1.2454984894712395
90,9,m Anisaldehyde,1,3,1.2592073891027131
90,9,m Anisaldehyde,1,4,1.3009546176276874
90,9,m Anisaldehyde,1,5,1.2477444959986481
90,9,m Anisaldehyde,1,6,1.255655375748613
90,9,m Anisaldehyde,1,7,1.2900227976270555
90,9,m Anisaldehyde,1,8,1.2592622679634737
90,9,m Anisaldehyde,1,9,1.311882545891097
90,9,m Anisaldehyde,1,10,1.230433874575879
90,9,m Anisaldehyde,1,11,1.2217595736066618
90,9,m Anisaldehyde,1,12,1.279399285226015
90,9,m Anisaldehyde,1,13,1.2833856623558733
90,9,m Anisaldehyde,1,14,1.2326157441019447
92,0,"2,3 Pentanedione",0,0,1.212402498917206
92,0,"2,3 Pentanedione",0,1,1.2356561552549181
92,0,"2,3 Pentanedione",0,2,1.1335445143504803
92,0,"2,3 Pentanedione",0,3,1.2181507097733566
92,0,"2,3 Pentanedione",0,4,1.06337339598408
92,0,"2,3 Pentanedione",0,5,1.20170317353283
92,0,"2,3 Pentanedione",0,6,1.1243481720189723
92,0,"2,3 Pentanedione",0,7,1.1977015901429946
92,0,"2,3 Pentanedione",0,8,1.1202076434258423
92,0,"2,3 Pentanedione",0,9,1.1559191814790373
92,0,"2,3 Pentanedione",0,10,1.1262540590024355
92,0,"2,3 Pentanedione",0,11,1.1501034549528257
92,0,"2,3 Pentanedione",0,12,1.2318556440213269
92,0,"2,3 Pentanedione",0,13,1.1543411710003728
92,0,"2,3 Pentanedione",0,14,1.2430707478211425
92,0,"2,3 Pentanedione",1,0,1.1421024362765635
92,0,"2,3 Pentanedione",1,1,1.217205526872549
92,0,"2,3 Pentanedione",1,2,1.0925072344597648
92,0,"2,3 Pentanedione",1,3,1.1460745765051492
92,0,"2,3 Pentanedione",1,4,1.1360905393072627
92,0,"2,3 Pentanedione",1,5,1.2190431627521625
92,0,"2,3 Pentanedione",1,6,1.1649448901617199
92,0,"2,3 Pentanedione",1,7,1.074011611934377
92,0,"2,3 Pentanedione",1,8,1.1051297525313344
92,0,"2,3 Pentanedione",1,9,1.1170284487451008
92,0,"2,3 Pentanedione",1,10,1.1948969504847635
92,0,"2,3 Pentanedione",1,11,1.1897352380665278
92,0,"2,3 Pentanedione",1,12,1.1455189614018322
92,0,"2,3 Pentanedione",1,13,1.135594546975574
92,0,"2,3 Pentanedione",1,14,1.186190468354279
92,1,3 Methylvaleric Acid,0,0,0.9129665820893789
92,1,3 Methylvaleric Acid,0,1,0.9764542649046715
92,1,3 Methylvaleric Acid,0,2,0.9730482256614666
92,1,3 Methylvaleric Acid,0,3,0.9471639220639867
92,1,3 Methylvaleric Acid,0,4,0.9740546243884859
92,1,3 Methylvaleric Acid,0,5,0.9622312799096446
92,1,3 Methylvaleric Acid,0,6,0.9780442855769189
92,1,3 Methylvaleric Acid,0,7,0.9047834134474535
92,1,3 Methylvaleric Acid,0,8,0.9827275850078053
92,1,3 Methylvaleric Acid,0,9,0.9992115589667482
92,1,3 Methylvaleric Acid,0,10,0.9709855626092351
92,1,3 Methylvaleric Acid,0,11,0.9821961398263173
92,1,3 Methylvaleric Acid,0,12,0.9537507330902668
92,1,3 Methylvaleric Acid,0,13,0.993800808437179
92,1,3 Methylvaleric Acid,0,14,0.9607573909058514
92,1,3 Methylvaleric Acid,1,0,0.920430287657166
92,1,3 Methylvaleric Acid,1,1,0.9991565851506807
92,1,3 Methylvaleric Acid,1,2,0.9009820890550394
92,1,3 Methylvaleric Acid,1,3,0.9776591287268857
92,1,3 Methylvaleric Acid,1,4,0.9509790249534711
92,1,3 Methylvaleric Acid,1,5,0.9484229089671619
92,1,3 Methylvaleric Acid,1,6,0.9732274889523985
92,1,3 Methylvaleric Acid,1,7,0.9379764113226305
92,1,3 Methylvaleric Acid,1,8,0.9868361795204637
92,1,3 Methylvaleric Acid,1,9,0.9686198042602304
92,1,3 Methylvaleric Acid,1,10,0.9416561808988624
92,1,3 Methylvaleric Acid,1,11,1.019875121757203
92,1,3 Methylvaleric Acid,1,12,0.9745392433673302
92,1,3 Methylvaleric Acid,1,13,0.9915799762923295
92,1,3 Methylvaleric Acid,1,14,1.023011488135127
92,2,Acetic Acid,0,0,1.3801466709870307
92,2,Acetic Acid,0,1,1.3473309477095035
92,2,Acetic Acid,0,2,1.3120332015148637
92,2,Acetic Acid,0,3,1.2669513780537673
92,2,Acetic Acid,0,4,1.3324071575744456
92,2,Acetic Acid,0,5,1.3679229021879513
92,2,Acetic Acid,0,6,1.3383121223309873
92,2,Acetic Acid,0,7,1.18635616756454
92,2,Acetic Acid,0,8,1.3589420157483145
92,2,Acetic Acid,0,9,1.3613994957462856
92,2,Acetic Acid,0,10,1.3120906418062033
92,2,Acetic Acid,0,11,1.3636739965653968
92,2,Acetic Acid,0,12,1.349258146130991
92,2,Acetic Acid,0,13,1.2967192578639746
92,2,Acetic Acid,0,14,1.3749915742039631
92,2,Acetic Acid,1,0,1.2892252844651362
92,2,Acetic Acid,1,1,1.3376345745478233
92,2,Acetic Acid,1,2,1.3336442688784975
92,2,Acetic Acid,1,3,1.3069068353018296
92,2,Acetic Acid,1,4,1.3520761160953394
92,2,Acetic Acid,1,5,1.3923391173723032
92,2,Acetic Acid,1,6,1.3898340362638364
92,2,Acetic Acid,1,7,1.3688709299790573
92,2,Acetic Acid,1,8,1.272087461114169
92,2,Acetic Acid,1,9,1.286486269354296
92,2,Acetic Acid,1,10,1.3465711261797315
92,2,Acetic Acid,1,11,1.338554959746039
92,2,Acetic Acid,1,12,1.3200011682894481
92,2,Acetic Acid,1,13,1.416137289287574
92,2,Acetic Acid,1,14,1.3441587675162265
92,3,Gerinol,0,0,1.0978157540828846
92,3,Gerinol,0,1,1.1156349996731896
92,3,Gerinol,0,2,1.0783175824221503
92,3,Gerinol,0,3,1.1797617311517465
92,3,Gerinol,0,4,1.0385043523378237
92,3,Gerinol,0,5,1.0518763808394869
92,3,Gerinol,0,6,1.0384062157039515
92,3,Gerinol,0,7,1.138625575892344
92,3,Gerinol,0,8,1.1082026794039976
92,3,Gerinol,0,9,1.0543531679265081
92,3,Gerinol,0,10,1.0415641894370606
92,3,Gerinol,0,11,1.131514864459356
92,3,Gerinol,0,12,1.0905867530488063
92,3,Gerinol,0,13,1.1325359631799052
92,3,Gerinol,0,14,1.0737132704039896
92,3,Gerinol,1,0,1.087090218227106
92,3,Gerinol,1,1,1.0786379115395222
92,3,Gerinol,1,2,1.0416643519547992
92,3,Gerinol,1,3,1.0608630389774016
92,3,Gerinol,1,4,1.0192566715578282
92,3,Gerinol,1,5,1.0863930782788518
92,3,Gerinol,1,6,1.0970787551836365
92,3,Gerinol,1,7,1.1062352533339748
92,3,Gerinol,1,8,1.0932906010566024
92,3,Gerinol,1,9,1.061500399869641
92,3,Gerinol,1,10,1.1287076311328414
92,3,Gerinol,1,11,1.1023211448389438
92,3,Gerinol,1,12,1.1221706573960462
92,3,Gerinol,1,13,1.1246802735085761
92,3,Gerinol,1,14,1.0616048191174865
92,4,n Methyl Piperdine,0,0,0.8952090474817305
92,4,n Methyl Piperdine,0,1,0.9106764765459001
92,4,n Methyl Piperdine,0,2,0.833728197704624
92,4,n Methyl Piperdine,0,3,0.834614942310849
92,4,n Methyl Piperdine,0,4,0.8277214033661979
92,4,n Methyl Piperdine,0,5,0.8753698656652054
92,4,n Methyl Piperdine,0,6,0.866361186837537
92,4,n Methyl Piperdine,0,7,0.8222670440741915
92,4,n Methyl Piperdine,0,8,0.885668198313948
92,4,n Methyl Piperdine,0,9,0.8758691125373373
92,4,n Methyl Piperdine,0,10,0.9269834760090807
92,4,n Methyl Piperdine,0,11,0.9602130323712993
92,4,n Methyl Piperdine,0,12,0.8979518828225703
92,4,n Methyl Piperdine,0,13,0.8518286483513516
92,4,n Methyl Piperdine,0,14,0.9055628442998838
92,4,n Methyl Piperdine,1,0,0.8729486610494724
92,4,n Methyl Piperdine,1,1,0.8629715339653936
92,4,n Methyl Piperdine,1,2,0.8381124992694611
92,4,n Methyl Piperdine,1,3,0.8540077425477733
92,4,n Methyl Piperdine,1,4,0.8654649036657005
92,4,n Methyl Piperdine,1,5,0.9047403998032715
92,4,n Methyl Piperdine,1,6,0.8930175673329682
92,4,n Methyl Piperdine,1,7,0.9455995898337934
92,4,n Methyl Piperdine,1,8,0.8995500670705124
92,4,n Methyl Piperdine,1,9,0.889548341099148
92,4,n Methyl Piperdine,1,10,0.8603273294977506
92,4,n Methyl Piperdine,1,11,0.8310780248427851
92,4,n Methyl Piperdine,1,12,0.8497808064425278
92,4,n Methyl Piperdine,1,13,0.8445829976061765
92,4,n Methyl Piperdine,1,14,0.7701402713993813
92,5,"2,4 Dimethyl Acetophenone",0,0,1.0679875737260291
92,5,"2,4 Dimethyl Acetophenone",0,1,1.172421235483635
92,5,"2,4 Dimethyl Acetophenone",0,2,1.1230768535473556
92,5,"2,4 Dimethyl Acetophenone",0,3,1.0932718908151922
92,5,"2,4 Dimethyl Acetophenone",0,4,1.1242720379145967
92,5,"2,4 Dimethyl Acetophenone",0,5,1.030196663999821
92,5,"2,4 Dimethyl Acetophenone",0,6,1.119616753687493
92,5,"2,4 Dimethyl Acetophenone",0,7,1.1594325355548953
92,5,"2,4 Dimethyl Acetophenone",0,8,1.1034882071454208
92,5,"2,4 Dimethyl Acetophenone",0,9,1.0374532639790532
92,5,"2,4 Dimethyl Acetophenone",0,10,1.0917752236379281
92,5,"2,4 Dimethyl Acetophenone",0,11,1.1595033248283209
92,5,"2,4 Dimethyl Acetophenone",0,12,1.1186780313049027
92,5,"2,4 Dimethyl Acetophenone",0,13,1.0516004412372533
92,5,"2,4 Dimethyl Acetophenone",0,14,1.2030380121963509
92,5,"2,4 Dimethyl Acetophenone",1,0,1.0640539690907018
92,5,"2,4 Dimethyl Acetophenone",1,1,1.1044893264759785
92,5,"2,4 Dimethyl Acetophenone",1,2,1.072710869714419
92,5,"2,4 Dimethyl Acetophenone",1,3,1.072766229143963
92,5,"2,4 Dimethyl Acetophenone",1,4,1.0961202651111008
92,5,"2,4 Dimethyl Acetophenone",1,5,1.1396523161343501
92,5,"2,4 Dimethyl Acetophenone",1,6,1.1658275675492913
92,5,"2,4 Dimethyl Acetophenone",1,7,1.0987595828592087
92,5,"2,4 Dimethyl Acetophenone",1,8,1.0738005675731102
92,5,"2,4 Dimethyl Acetophenone",1,9,1.1333518824068995
92,5,"2,4 Dimethyl Acetophenone",1,10,1.1345248528976746
92,5,"2,4 Dimethyl Acetophenone",1,11,1.1238213631626452
92,5,"2,4 Dimethyl Acetophenone",1,12,1.1252359022567764
92,5,"2,4 Dimethyl Acetophenone",1,13,1.1097036518867598
92,5,"2,4 Dimethyl Acetophenone",1,14,1.1181323439227424
92,6,4 Heptanone,0,0,1.1514825264740813
92,6,4 Heptanone,0,1,1.2015583207005092
92,6,4 Heptanone,0,2,1.2478869516472593
92,6,4 Heptanone,0,3,1.165934697687312
92,6,4 Heptanone,0,4,1.1584856817001696
92,6,4 Heptanone,0,5,1.168983026246627
92,6,4 Heptanone,0,6,1.1324316995796926
92,6,4 Heptanone,0,7,1.189347706463217
92,6,4 Heptanone,0,8,1.1763956279822694
92,6,4 Heptanone,0,9,1.1419297632973167
92,6,4 Heptanone,0,10,1.1948312443807234
92,6,4 Heptanone,0,11,1.1595081623528396
92,6,4 Heptanone,0,12,1.1199463060800492
92,6,4 Heptanone,0,13,1.1728127494359426
92,6,4 Heptanone,0,14,1.1682282717549972
92,6,4 Heptanone,1,0,1.2112714872382502
92,6,4 Heptanone,1,1,1.206116639396819
92,6,4 Heptanone,1,2,1.1684857081686746
92,6,4 Heptanone,1,3,1.153971283937284
92,6,4 Heptanone,1,4,1.172924511396137
92,6,4 Heptanone,1,5,1.1873871165805714
92,6,4 Heptanone,1,6,1.1922049365044272
92,6,4 Heptanone,1,7,1.18491124971927
92,6,4 Heptanone,1,8,1.1692242836549545
92,6,4 Heptanone,1,9,1.212727442194754
92,6,4 Heptanone,1,10,1.145882685630094
92,6,4 Heptanone,1,11,1.272030899480018
92,6,4 Heptanone,1,12,1.2033775765999755
92,6,4 Heptanone,1,13,1.1277553452670248
92,6,4 Heptanone,1,14,1.1802639346312818
92,7,33 Dimethyl Butyric Acid,0,0,1.061378840792941
92,7,33 Dimethyl Butyric Acid,0,1,1.0164967358508674
92,7,33 Dimethyl Butyric Acid,0,2,0.9706657381685876
92,7,33 Dimethyl Butyric Acid,0,3,0.9889089424077
92,7,33 Dimethyl Butyric Acid,0,4,1.0521552178454778
92,7,33 Dimethyl Butyric Acid,0,5,0.9602868411689209
92,7,33 Dimethyl Butyric Acid,0,6,0.972497717197815
92,7,33 Dimethyl Butyric Acid,0,7,1.051944889949013
92,7,33 Dimethyl Butyric Acid,0,8,1.0215695313977826
92,7,33 Dimethyl Butyric Acid,0,9,1.002640284487464
92,7,33 Dimethyl Butyric Acid,0,10,1.0106822141787546
92,7,33 Dimethyl Butyric Acid,0,11,0.971638947557883
92,7,33 Dimethyl Butyric Acid,0,12,1.0498496372898536
92,7,33 Dimethyl Butyric Acid,0,13,0.998209757870958
92,7,33 Dimethyl Butyric Acid,0,14,1.009041412688301
92,7,33 Dimethyl Butyric Acid,1,0,1.0035604205042818
92,7,33 Dimethyl Butyric Acid,1,1,0.979423913622626
92,7,33 Dimethyl Butyric Acid,1,2,0.9615028826554213
92,7,33 Dimethyl Butyric Acid,1,3,0.9101114780518376
92,7,33 Dimethyl Butyric Acid,1,4,1.0043860488755074
92,7,33 Dimethyl Butyric Acid,1,5,0.9928487337451308
92,7,33 Dimethyl Butyric Acid,1,6,0.9689935167334598
92,7,33 Dimethyl Butyric Acid,1,7,0.9481930508221209
92,7,33 Dimethyl Butyric Acid,1,8,0.9901995141869357
92,7,33 Dimethyl Butyric Acid,1,9,1.0089078854618254
92,7,33 Dimethyl Butyric Acid,1,10,0.9935993702937669
92,7,33 Dimethyl Butyric Acid,1,11,1.0552116358604808
92,7,33 Dimethyl Butyric Acid,1,12,1.017879995144996
92,7,33 Dimethyl Butyric Acid,1,13,0.985397691453833
92,7,33 Dimethyl Butyric Acid,1,14,1.0192201652846573
92,8,2 Methyl Butyraldehyde,0,0,0.9810831716701971
92,8,2 Methyl Butyraldehyde,0,1,0.9809443907154601
92,8,2 Methyl Butyraldehyde,0,2,1.0309912324269948
92,8,2 Methyl Butyraldehyde,0,3,0.9432143654089332
92,8,2 Methyl Butyraldehyde,0,4,0.9800690664567523
92,8,2 Methyl Butyraldehyde,0,5,1.0267250806405381
92,8,2 Methyl Butyraldehyde,0,6,0.9914963028615495
92,8,2 Methyl Butyraldehyde,0,7,0.9643745611198028
92,8,2 Methyl Butyraldehyde,0,8,0.9108902899195871
92,8,2 Methyl Butyraldehyde,0,9,0.8883228028468055
92,8,2 Methyl Butyraldehyde,0,10,1.0621839281249839
92,8,2 Methyl Butyraldehyde,0,11,0.9914771533845864
92,8,2 Methyl Butyraldehyde,0,12,0.9557737549711034
92,8,2 Methyl Butyraldehyde,0,13,0.9931149560997475
92,8,2 Methyl Butyraldehyde,0,14,0.9412297150024199
92,8,2 Methyl Butyraldehyde,1,0,0.9492228439085847
92,8,2 Methyl Butyraldehyde,1,1,0.9248332792847168
92,8,2 Methyl Butyraldehyde,1,2,0.9059399516218551
92,8,2 Methyl Butyraldehyde,1,3,0.8782714971709185
92,8,2 Methyl Butyraldehyde,1,4,0.898564599315282
92,8,2 Methyl Butyraldehyde,1,5,1.0033224055619339
92,8,2 Methyl Butyraldehyde,1,6,0.9229956165560341
92,8,2 Methyl Butyraldehyde,1,7,0.9838665794765505
92,8,2 Methyl Butyraldehyde,1,8,1.0007367905982438
92,8,2 Methyl Butyraldehyde,1,9,0.9631340824127337
92,8,2 Methyl Butyraldehyde,1,10,0.9505282065115925
92,8,2 Methyl Butyraldehyde,1,11,0.9677918118255419
92,8,2 Methyl Butyraldehyde,1,12,0.9458060803434708
92,8,2 Methyl Butyraldehyde,1,13,1.0106272654867006
92,8,2 Methyl Butyraldehyde,1,14,1.037532249970215
92,9,m Anisaldehyde,0,0,1.3590605957326363
92,9,m Anisaldehyde,0,1,1.2150055931268553
92,9,m Anisaldehyde,0,2,1.2835870521633936
92,9,m Anisaldehyde,0,3,1.3012344880690443
92,9,m Anisaldehyde,0,4,1.3195904409347
92,9,m Anisaldehyde,0,5,1.2319755410097162
92,9,m Anisaldehyde,0,6,1.2313303761030394
92,9,m Anisaldehyde,0,7,1.3533397125028137
92,9,m Anisaldehyde,0,8,1.2787033497734068
92,9,m Anisaldehyde,0,9,1.2415718689796689
92,9,m Anisaldehyde,0,10,1.2569224902088796
92,9,m Anisaldehyde,0,11,1.3166871082502867
92,9,m Anisaldehyde,0,12,1.2681662150592583
92,9,m Anisaldehyde,0,13,1.31073314820516
92,9,m Anisaldehyde,0,14,1.261919028007938
92,9,m Anisaldehyde,1,0,1.1943867623195301
92,9,m Anisaldehyde,1,1,1.3211299739437439
92,9,m Anisaldehyde,1,2,1.28008236386645
92,9,m Anisaldehyde,1,3,1.2508047329653664
92,9,m Anisaldehyde,1,4,1.2433002985476267
92,9,m Anisaldehyde,1,5,1.3227507821779003
92,9,m Anisaldehyde,1,6,1.28781596923604
92,9,m Anisaldehyde,1,7,1.3100272886803213
92,9,m Anisaldehyde,1,8,1.240807060315323
92,9,m Anisaldehyde,1,9,1.266181429022074
92,9,m Anisaldehyde,1,10,1.2802427240547523
92,9,m Anisaldehyde,1,11,1.2421520030423374
92,9,m Anisaldehyde,1,12,1.2603334830547455
92,9,m Anisaldehyde,1,13,1.240810353819561
92,9,m Anisaldehyde,1,14,1.2801171353149796
94,0,"2,3 Pentanedione",0,0,1.149595029479889
94,0,"2,3 Pentanedione",0,1,1.2253295968037945
94,0,"2,3 Pentanedione",0,2,1.2148793241036286
94,0,"2,3 Pentanedione",0,3,1.1943184548936192
94,0,"2,3 Pentanedione",0,4,1.2204314818599955
94,0,"2,3 Pentanedione",0,5,1.187853177484593
94,0,"2,3 Pentanedione",0,6,1.1756455663808207
94,0,"2,3 Pentanedione",0,7,1.2241998422254592
94,0,"2,3 Pentanedione",0,8,1.225931356240087
94,0,"2,3 Pentanedione",0,9,1.1821599864815509
94,0,"2,3 Pentanedione",0,10,1.1787287043441899
94,0,"2,3 Pentanedione",0,11,1.1951318566834939
94,0,"2,3 Pentanedione",0,12,1.1803705699213514
94,0,"2,3 Pentanedione",0,13,1.2634555604292028
94,0,"2,3 Pentanedione",0,14,1.2151098246016805
94,0,"2,3 Pentanedione",1,0,1.2055952688891902
94,0,"2,3 Pentanedione",1,1,1.1677022605997405
94,0,"2,3 Pentanedione",1,2,1.2345708374287674
94,0,"2,3 Pentanedione",1,3,1.180547063549525
94,0,"2,3 Pentanedione",1,4,1.17890136710406
94,0,"2,3 Pentanedione",1,5,1.2359158460703652
94,0,"2,3 Pentanedione",1,6,1.2205041683869775
94,0,"2,3 Pentanedione",1,7,1.1048733551818795
94,0,"2,3 Pentanedione",1,8,1.1987004289967294
94,0,"2,3 Pentanedione",1,9,1.2100320443692065
94,0,"2,3 Pentanedione",1,10,1.1914274133160552
94,0,"2,3 Pentanedione",1,11,1.211425806174894
94,0,"2,3 Pentanedione",1,12,1.1326237394309413
94,0,"2,3 Pentanedione",1,13,1.0917704355736726
94,0,"2,3 Pentanedione",1,14,1.165992530012491
94,1,3 Methylvaleric Acid,0,0,1.0008946808119374
94,1,3 Methylvaleric Acid,0,1,0.8606065468004157
94,1,3 Methylvaleric Acid,0,2,0.955862953251671
94,1,3 Methylvaleric Acid,0,3,0.9126943571732758
94,1,3 Methylvaleric Acid,0,4,0.9798998290399975
94,1,3 Methylvaleric Acid,0,5,1.0679207662594854
94,1,3 Methylvaleric Acid,0,6,0.9809177561546873
94,1,3 Methylvaleric Acid,0,7,0.9853046821280167
94,1,3 Methylvaleric Acid,0,8,1.0231740335727806
94,1,3 Methylvaleric Acid,0,9,0.9904570582536744
94,1,3 Methylvaleric Acid,0,10,0.9810051251336778
94,1,3 Methylvaleric Acid,0,11,1.0266706329070516
94,1,3 Methylvaleric Acid,0,12,1.0084802819617236
94,1,3 Methylvaleric Acid,0,13,1.0011498264039094
94,1,3 Methylvaleric Acid,0,14,0.9840535898385527
94,1,3 Methylvaleric Acid,1,0,0.9673791329364257
94,1,3 Methylvaleric Acid,1,1,1.0179085565347747
94,1,3 Methylvaleric Acid,1,2,0.9677632163303413
94,1,3 Methylvaleric Acid,1,3,1.0304718362997487
94,1,3 Methylvaleric Acid,1,4,0.939335866473937
94,1,3 Methylvaleric Acid,1,5,1.0385730793057395
94,1,3 Methylvaleric Acid,1,6,1.000103324449045
94,1,3 Methylvaleric Acid,1,7,0.9424803242034281
94,1,3 Methylvaleric Acid,1,8,1.0015808665076005
94,1,3 Methylvaleric Acid,1,9,0.9552096051928171
94,1,3 Methylvaleric Acid,1,10,0.9825588432994073
94,1,3 Methylvaleric Acid,1,11,0.9617566356396983
94,1,3 Methylvaleric Acid,1,12,0.9759052345601852
94,1,3 Methylvaleric Acid,1,13,1.018878952877903
94,1,3 Methylvaleric Acid,1,14,1.0019621872113758
94,2,Acetic Acid,0,0,1.2885441883552753
94,2,Acetic Acid,0,1,1.2908349463597009
94,2,Acetic Acid,0,2,1.3443898284366518
94,2,Acetic Acid,0,3,1.3472862891018695
94,2,Acetic Acid,0,4,1.3065810048505546
94,2,Acetic Acid,0,5,1.39721142334532
94,2,Acetic Acid,0,6,1.3660986015168222
94,2,Acetic Acid,0,7,1.3085357494106467
94,2,Acetic Acid,0,8,1.3046685913933986
94,2,Acetic Acid,0,9,1.3244462754775086
94,2,Acetic Acid,0,10,1.320284627583072
94,2,Acetic Acid,0,11,1.3838051037753094
94,2,Acetic Acid,0,12,1.372939722945834
94,2,Acetic Acid,0,13,1.334961584566094
94,2,Acetic Acid,0,14,1.360675026461607
94,2,Acetic Acid,1,0,1.3855398663990957
94,2,Acetic Acid,1,1,1.354951286475975
94,2,Acetic Acid,1,2,1.3687256045200773
94,2,Acetic Acid,1,3,1.376388359509005
94,2,Acetic Acid,1,4,1.372125086291269
94,2,Acetic Acid,1,5,1.321468704206282
94,2,Acetic Acid,1,6,1.325512467051471
94,2,Acetic Acid,1,7,1.3410770708778716
94,2,Acetic Acid,1,8,1.324354286183438
94,2,Acetic Acid,1,9,1.2936968344398876
94,2,Acetic Acid,1,10,1.3796589357832754
94,2,Acetic Acid,1,11,1.3664771824200737
94,2,Acetic Acid,1,12,1.2990461942936118
94,2,Acetic Acid,1,13,1.3429841888762122
94,2,Acetic Acid,1,14,1.3452494246552085
94,3,Gerinol,0,0,1.1485751034452338
94,3,Gerinol,0,1,1.0980204283589299
94,3,Gerinol,0,2,1.0871375568650596
94,3,Gerinol,0,3,1.1620863061461926
94,3,Gerinol,0,4,1.0799388458140913
94,3,Gerinol,0,5,1.1319907865826497
94,3,Gerinol,0,6,1.1282542388745072
94,3,Gerinol,0,7,1.1363659535757649
94,3,Gerinol,0,8,1.1514060311519503
94,3,Gerinol,0,9,1.2052401510172925
94,3,Gerinol,0,10,1.0773176382812002
94,3,Gerinol,0,11,1.1763605896141462
94,3,Gerinol,0,12,1.040811010059581
94,3,Gerinol,0,13,1.197045772257529
94,3,Gerinol,0,14,1.05958255268335
94,3,Gerinol,1,0,1.213180789414023
94,3,Gerinol,1,1,1.100134290713545
94,3,Gerinol,1,2,1.1673403263235527
94,3,Gerinol,1,3,1.1590912448290658
94,3,Gerinol,1,4,1.0982654402404548
94,3,Gerinol,1,5,1.1013350351651272
94,3,Gerinol,1,6,1.0822386453673403
94,3,Gerinol,1,7,1.1472198105504028
94,3,Gerinol,1,8,1.0987862797238925
94,3,Gerinol,1,9,1.082965662770602
94,3,Gerinol,1,10,1.1372160443708774
94,3,Gerinol,1,11,1.0798379462364014
94,3,Gerinol,1,12,1.1025657122225512
94,3,Gerinol,1,13,1.1200092384875189
94,3,Gerinol,1,14,1.0900278243221806
94,4,n Methyl Piperdine,0,0,0.8809507128917461
94,4,n Methyl Piperdine,0,1,0.9620119881741218
94,4,n Methyl Piperdine,0,2,0.8924432521171377
94,4,n Methyl Piperdine,0,3,0.8862275817371991
94,4,n Methyl Piperdine,0,4,0.8936076546057946
94,4,n Methyl Piperdine,0,5,0.9187908596685063
94,4,n Methyl Piperdine,0,6,0.859258112821589
94,4,n Methyl Piperdine,0,7,0.917701276146879
94,4,n Methyl Piperdine,0,8,0.9108454677309131
94,4,n Methyl Piperdine,0,9,0.8290664447655788
94,4,n Methyl Piperdine,0,10,0.9723828842648939
94,4,n Methyl Piperdine,0,11,0.9590452025590718
94,4,n Methyl Piperdine,0,12,0.86859014281875
94,4,n Methyl Piperdine,0,13,0.8557155986206522
94,4,n Methyl Piperdine,0,14,0.9097347200095532
94,4,n Methyl Piperdine,1,0,0.8310876734592743
94,4,n Methyl Piperdine,1,1,0.9426935231206159
94,4,n Methyl Piperdine,1,2,0.86938405554243
94,4,n Methyl Piperdine,1,3,0.9529944821048784
94,4,n Methyl Piperdine,1,4,0.855146070157075
94,4,n Methyl Piperdine,1,5,0.8836341215498569
94,4,n Methyl Piperdine,1,6,0.9388107092356204
94,4,n Methyl Piperdine,1,7,0.8751926257869725
94,4,n Methyl Piperdine,1,8,0.8990058746995554
94,4,n Methyl Piperdine,1,9,0.9318285551980463
94,4,n Methyl Piperdine,1,10,0.8658803069391591
94,4,n Methyl Piperdine,1,11,0.8376526413506181
94,4,n Methyl Piperdine,1,12,0.8297737811202226
94,4,n Methyl Piperdine,1,13,0.9114595149500407
94,4,n Methyl Piperdine,1,14,0.9036733404524304
94,5,"2,4 Dimethyl Acetophenone",0,0,1.1762259702874842
94,5,"2,4 Dimethyl Acetophenone",0,1,1.122797654604937
94,5,"2,4 Dimethyl Acetophenone",0,2,1.0765299530602188
94,5,"2,4 Dimethyl Acetophenone",0,3,1.0396493511129774
94,5,"2,4 Dimethyl Acetophenone",0,4,1.2484779447383085
94,5,"2,4 Dimethyl Acetophenone",0,5,1.1548363641057406
94,5,"2,4 Dimethyl Acetophenone",0,6,1.1392311136075322
94,5,"2,4 Dimethyl Acetophenone",0,7,1.1449050337767932
94,5,"2,4 Dimethyl Acetophenone",0,8,1.076505885434943
94,5,"2,4 Dimethyl Acetophenone",0,9,1.1019645637257187
94,5,"2,4 Dimethyl Acetophenone",0,10,1.2034926484838901
94,5,"2,4 Dimethyl Acetophenone",0,11,1.1600933347983293
94,5,"2,4 Dimethyl Acetophenone",0,12,1.103215537059123
94,5,"2,4 Dimethyl Acetophenone",0,13,1.084686830240911
94,5,"2,4 Dimethyl Acetophenone",0,14,1.1131316790064578
94,5,"2,4 Dimethyl Acetophenone",1,0,1.1203135766362646
94,5,"2,4 Dimethyl Acetophenone",1,1,1.2148966439590478
94,5,"2,4 Dimethyl Acetophenone",1,2,1.1254001074865416
94,5,"2,4 Dimethyl Acetophenone",1,3,1.0853487311598593
94,5,"2,4 Dimethyl Acetophenone",1,4,1.1305867079807765
94,5,"2,4 Dimethyl Acetophenone",1,5,1.1435043412602999
94,5,"2,4 Dimethyl Acetophenone",1,6,1.081708939421685
94,5,"2,4 Dimethyl Acetophenone",1,7,1.1490174239032844
94,5,"2,4 Dimethyl Acetophenone",1,8,1.1812874406160425
94,5,"2,4 Dimethyl Acetophenone",1,9,1.1384776538552104
94,5,"2,4 Dimethyl Acetophenone",1,10,1.1010481964511927
94,5,"2,4 Dimethyl Acetophenone",1,11,1.1117759850223738
94,5,"2,4 Dimethyl Acetophenone",1,12,1.0665773634587052
94,5,"2,4 Dimethyl Acetophenone",1,13,1.1275773931610784
94,5,"2,4 Dimethyl Acetophenone",1,14,1.1453620007983762
94,6,4 Heptanone,0,0,1.1736262288597212
94,6,4 Heptanone,0,1,1.2870795382954454
94,6,4 Heptanone,0,2,1.2411827120723862
94,6,4 Heptanone,0,3,1.1377804386964026
94,6,4 Heptanone,0,4,1.1386010299140379
94,6,4 Heptanone,0,5,1.1701305801461874
94,6,4 Heptanone,0,6,1.2724189485247113
94,6,4 Heptanone,0,7,1.2451284006764347
94,6,4 Heptanone,0,8,1.2744400200766717
94,6,4 Heptanone,0,9,1.2098999037168505
94,6,4 Heptanone,0,10,1.2011119591358492
94,6,4 Heptanone,0,11,1.1595911528119154
94,6,4 Heptanone,0,12,1.223478889251012
94,6,4 Heptanone,0,13,1.2016448055776594
94,6,4 Heptanone,0,14,1.2001046446350658
94,6,4 Heptanone,1,0,1.2768389270045508
94,6,4 Heptanone,1,1,1.207063069247855
94,6,4 Heptanone,1,2,1.2653561511243447
94,6,4 Heptanone,1,3,1.1485939069167328
94,6,4 Heptanone,1,4,1.3196413826769542
94,6,4 Heptanone,1,5,1.1971860748922225
94,6,4 Heptanone,1,6,1.2404042542933984
94,6,4 Heptanone,1,7,1.246767809840298
94,6,4 Heptanone,1,8,1.1922226241474199
94,6,4 Heptanone,1,9,1.2448780969647995
94,6,4 Heptanone,1,10,1.2469570204256868
94,6,4 Heptanone,1,11,1.1835911133206065
94,6,4 Heptanone,1,12,1.1840648843951616
94,6,4 Heptanone,1,13,1.213929166301827
94,6,4 Heptanone,1,14,1.207497135455024
94,7,33 Dimethyl Butyric Acid,0,0,1.1042830809876463
94,7,33 Dimethyl Butyric Acid,0,1,1.076664604551468
94,7,33 Dimethyl Butyric Acid,0,2,1.0457409343751414
94,7,33 Dimethyl Butyric Acid,0,3,1.072800995501972
94,7,33 Dimethyl Butyric Acid,0,4,0.9666917540417973
94,7,33 Dimethyl Butyric Acid,0,5,1.0239454382083952
94,7,33 Dimethyl Butyric Acid,0,6,1.0600707174864206
94,7,33 Dimethyl Butyric Acid,0,7,1.093172497229363
94,7,33 Dimethyl Butyric Acid,0,8,1.0565486505398967
94,7,33 Dimethyl Butyric Acid,0,9,1.1068874371527713
94,7,33 Dimethyl Butyric Acid,0,10,1.0832754714746755
94,7,33 Dimethyl Butyric Acid,0,11,1.0290247001908113
94,7,33 Dimethyl Butyric Acid,0,12,1.0429566513155142
94,7,33 Dimethyl Butyric Acid,0,13,1.0648947446032078
94,7,33 Dimethyl Butyric Acid,0,14,1.0306124550394105
94,7,33 Dimethyl Butyric Acid,1,0,1.0844249789197766
94,7,33 Dimethyl Butyric Acid,1,1,0.9788243264314215
94,7,33 Dimethyl Butyric Acid,1,2,1.0358176298200885
94,7,33 Dimethyl Butyric Acid,1,3,1.0525912443473153
94,7,33 Dimethyl Butyric Acid,1,4,1.010635492224669
94,7,33 Dimethyl Butyric Acid,1,5,1.0016213984971432
94,7,33 Dimethyl Butyric Acid,1,6,1.0201301199451132
94,7,33 Dimethyl Butyric Acid,1,7,1.05565331231452
94,7,33 Dimethyl Butyric Acid,1,8,1.0031794519019988
94,7,33 Dimethyl Butyric Acid,1,9,0.9804165243267413
94,7,33 Dimethyl Butyric Acid,1,10,1.069196762882834
94,7,33 Dimethyl Butyric Acid,1,11,1.0391452307205364
94,7,33 Dimethyl Butyric Acid,1,12,1.0634876690226938
94,7,33 Dimethyl Butyric Acid,1,13,1.0535466410538106
94,7,33 Dimethyl Butyric Acid,1,14,1.1103689441343916
94,8,2 Methyl Butyraldehyde,0,0,1.0449451045869045
94,8,2 Methyl Butyraldehyde,0,1,0.9713830406876497
94,8,2 Methyl Butyraldehyde,0,2,1.0191569418519058
94,8,2 Methyl Butyraldehyde,0,3,0.9780466743209008
94,8,2 Methyl Butyraldehyde,0,4,0.9821811766091292
94,8,2 Methyl Butyraldehyde,0,5,0.9438462071380306
94,8,2 Methyl Butyraldehyde,0,6,0.988901695887981
94,8,2 Methyl Butyraldehyde,0,7,1.0221475947040306
94,8,2 Methyl Butyraldehyde,0,8,0.997705354957293
94,8,2 Methyl Butyraldehyde,0,9,0.9563714870326949
94,8,2 Methyl Butyraldehyde,0,10,0.93942544986391
94,8,2 Methyl Butyraldehyde,0,11,1.0848200605818652
94,8,2 Methyl Butyraldehyde,0,12,1.0133526532843025
94,8,2 Methyl Butyraldehyde,0,13,0.9673834563786471
94,8,2 Methyl Butyraldehyde,0,14,1.0188175615507575
94,8,2 Methyl Butyraldehyde,1,0,1.0745016131076712
94,8,2 Methyl Butyraldehyde,1,1,1.0117526643812635
94,8,2 Methyl Butyraldehyde,1,2,0.8754514552342864
94,8,2 Methyl Butyraldehyde,1,3,1.0930258375149053
94,8,2 Methyl Butyraldehyde,1,4,0.9129643107838126
94,8,2 Methyl Butyraldehyde,1,5,0.9786936921803544
94,8,2 Methyl Butyraldehyde,1,6,0.9415979979941137
94,8,2 Methyl Butyraldehyde,1,7,0.9573340855964991
94,8,2 Methyl Butyraldehyde,1,8,0.9983105573947332
94,8,2 Methyl Butyraldehyde,1,9,0.9040932296434834
94,8,2 Methyl Butyraldehyde,1,10,0.9833243465758441
94,8,2 Methyl Butyraldehyde,1,11,1.032827866905082
94,8,2 Methyl Butyraldehyde,1,12,0.9532045570119256
94,8,2 Methyl Butyraldehyde,1,13,0.9313227675977415
94,8,2 Methyl Butyraldehyde,1,14,0.981361965909198
94,9,m Anisaldehyde,0,0,1.2876443035650804
94,9,m Anisaldehyde,0,1,1.2773688563537566
94,9,m Anisaldehyde,0,2,1.2536441201224309
94,9,m Anisaldehyde,0,3,1.3219453464145803
94,9,m Anisaldehyde,0,4,1.3249885036248046
94,9,m Anisaldehyde,0,5,1.258552093788876
94,9,m Anisaldehyde,0,6,1.264087817382985
94,9,m Anisaldehyde,0,7,1.3066376429273643
94,9,m Anisaldehyde,0,8,1.2625790968436286
94,9,m Anisaldehyde,0,9,1.308324442475007
94,9,m Anisaldehyde,0,10,1.359899824311778
94,9,m Anisaldehyde,0,11,1.2987850559180028
94,9,m Anisaldehyde,0,12,1.2526333084695658
94,9,m Anisaldehyde,0,13,1.3168621030600054
94,9,m Anisaldehyde,0,14,1.2940717739863508
94,9,m Anisaldehyde,1,0,1.2627381801899216
94,9,m Anisaldehyde,1,1,1.2877573766047257
94,9,m Anisaldehyde,1,2,1.296385957800707
94,9,m Anisaldehyde,1,3,1.2701645483085064
94,9,m Anisaldehyde,1,4,1.266317249021203
94,9,m Anisaldehyde,1,5,1.35128612130851
94,9,m Anisaldehyde,1,6,1.316766621645866
94,9,m Anisaldehyde,1,7,1.3020863064121808
94,9,m Anisaldehyde,1,8,1.2739926995247821
94,9,m Anisaldehyde,1,9,1.2285147322537753
94,9,m Anisaldehyde,1,10,1.313839917126934
94,9,m Anisaldehyde,1,11,1.274516227558295
94,9,m Anisaldehyde,1,12,1.2456577011366488
94,9,m Anisaldehyde,1,13,1.2590188435460663
94,9,m Anisaldehyde,1,14,1.2300971590400482
96,0,"2,3 Pentanedione",0,0,1.2403591454063077
96,0,"2,3 Pentanedione",0,1,1.2253874670117444
96,0,"2,3 Pentanedione",0,2,1.205331282148007
96,0,"2,3 Pentanedione",0,3,1.1963545607418622
96,0,"2,3 Pentanedione",0,4,1.1708392285968794
96,0,"2,3 Pentanedione",0,5,1.1128630779365323
96,0,"2,3 Pentanedione",0,6,1.1415489078204704
96,0,"2,3 Pentanedione",0,7,1.1683601701061015
96,0,"2,3 Pentanedione",0,8,1.1623473284063188
96,0,"2,3 Pentanedione",0,9,1.2096404086715156
96,0,"2,3 Pentanedione",0,10,1.230525733365806
96,0,"2,3 Pentanedione",0,11,1.1929284149308317
96,0,"2,3 Pentanedione",0,12,1.2544226610917304
96,0,"2,3 Pentanedione",0,13,1.1667500749034079
96,0,"2,3 Pentanedione",0,14,1.192644498616942
96,0,"2,3 Pentanedione",1,0,1.1659501323466641
96,0,"2,3 Pentanedione",1,1,1.2116770726711448
96,0,"2,3 Pentanedione",1,2,1.172225102801055
96,0,"2,3 Pentanedione",1,3,1.173332376100093
96,0,"2,3 Pentanedione",1,4,1.1017958949174511
96,0,"2,3 Pentanedione",1,5,1.1319933511493379
96,0,"2,3 Pentanedione",1,6,1.2118277104656714
96,0,"2,3 Pentanedione",1,7,1.0849759289738807
96,0,"2,3 Pentanedione",1,8,1.2217093256149931
96,0,"2,3 Pentanedione",1,9,1.1879761990759372
96,0,"2,3 Pentanedione",1,10,1.1380887663832178
96,0,"2,3 Pentanedione",1,11,1.1347076604614765
96,0,"2,3 Pentanedione",1,12,1.2438278315117004
96,0,"2,3 Pentanedione",1,13,1.2244458517769448
96,0,"2,3 Pentanedione",1,14,1.1632119886560282
96,1,3 Methylvaleric Acid,0,0,0.9815931864338149
96,1,3 Methylvaleric Acid,0,1,0.9503622628193089
96,1,3 Methylvaleric Acid,0,2,0.9816008763687639
96,1,3 Methylvaleric Acid,0,3,0.9492533697129479
96,1,3 Methylvaleric Acid,0,4,0.9730677962887525
96,1,3 Methylvaleric Acid,0,5,1.0486226924463093
96,1,3 Methylvaleric Acid,0,6,0.9723849553937027
96,1,3 Methylvaleric Acid,0,7,0.9342886420047747
96,1,3 Methylvaleric Acid,0,8,0.9215546353363208
96,1,3 Methylvaleric Acid,0,9,0.9812942275502989
96,1,3 Methylvaleric Acid,0,10,0.9457737110760082
96,1,3 Methylvaleric Acid,0,11,0.9860736429350212
96,1,3 Methylvaleric Acid,0,12,0.911429393530578
96,1,3 Methylvaleric Acid,0,13,1.003819522638755
96,1,3 Methylvaleric Acid,0,14,0.9338029223839995
96,1,3 Methylvaleric Acid,1,0,0.9457737296894243
96,1,3 Methylvaleric Acid,1,1,0.9303897106207318
96,1,3 Methylvaleric Acid,1,2,1.0126573978094855
96,1,3 Methylvaleric Acid,1,3,0.9507814062555119
96,1,3 Methylvaleric Acid,1,4,1.0217407172429145
96,1,3 Methylvaleric Acid,1,5,0.9663515353208275
96,1,3 Methylvaleric Acid,1,6,1.00093807621083
96,1,3 Methylvaleric Acid,1,7,0.935569911061414
96,1,3 Methylvaleric Acid,1,8,0.9577419612979436
96,1,3 Methylvaleric Acid,1,9,0.992667582879089
96,1,3 Methylvaleric Acid,1,10,0.9801202372616927
96,1,3 Methylvaleric Acid,1,11,0.9651615704457135
96,1,3 Methylvaleric Acid,1,12,0.9308044460068217
96,1,3 Methylvaleric Acid,1,13,0.9375707795660619
96,1,3 Methylvaleric Acid,1,14,0.989428317382465
96,2,Acetic Acid,0,0,1.3950032845605709
96,2,Acetic Acid,0,1,1.3174523254400985
96,2,Acetic Acid,0,2,1.3114164756370865
96,2,Acetic Acid,0,3,1.3050014830804766
96,2,Acetic Acid,0,4,1.3743548592404915
96,2,Acetic Acid,0,5,1.3039878337287845
96,2,Acetic Acid,0,6,1.3738709708521553
96,2,Acetic Acid,0,7,1.3629944483361258
96,2,Acetic Acid,0,8,1.319363160836654
96,2,Acetic Acid,0,9,1.403721207165336
96,2,Acetic Acid,0,10,1.2826764782872362
96,2,Acetic Acid,0,11,1.4075481386016278
96,2,Acetic Acid,0,12,1.3539222691811053
96,2,Acetic Acid,0,13,1.2582281803449376
96,2,Acetic Acid,0,14,1.4048420200441498
96,2,Acetic Acid,1,0,1.4028180445021516
96,2,Acetic Acid,1,1,1.3468010769968306
96,2,Acetic Acid,1,2,1.3253407217236963
96,2,Acetic Acid,1,3,1.3011668745798166
96,2,Acetic Acid,1,4,1.4605473908057678
96,2,Acetic Acid,1,5,1.3269942693668784
96,2,Acetic Acid,1,6,1.313386001853315
96,2,Acetic Acid,1,7,1.374646309307358
96,2,Acetic Acid,1,8,1.2984138056629075
96,2,Acetic Acid,1,9,1.3246676083955697
96,2,Acetic Acid,1,10,1.4037283120997708
96,2,Acetic Acid,1,11,1.3824979681261274
96,2,Acetic Acid,1,12,1.3484747459437767
96,2,Acetic Acid,1,13,1.3646618112506073
96,2,Acetic Acid,1,14,1.3462307231253519
96,3,Gerinol,0,0,1.1175811878115884
96,3,Gerinol,0,1,1.089588644883964
96,3,Gerinol,0,2,1.0968515274052528
96,3,Gerinol,0,3,1.0956339746845327
96,3,Gerinol,0,4,1.0910266661121197
96,3,Gerinol,0,5,1.1618175400430093
96,3,Gerinol,0,6,1.1508657958668722
96,3,Gerinol,0,7,1.082766569450712
96,3,Gerinol,0,8,1.072285348484647
96,3,Gerinol,0,9,1.1137700344611254
96,3,Gerinol,0,10,1.206272604117932
96,3,Gerinol,0,11,1.078952892038488
96,3,Gerinol,0,12,1.1136121245981885
96,3,Gerinol,0,13,1.1236099167350564
96,3,Gerinol,0,14,1.115715413224544
96,3,Gerinol,1,0,1.057621724920495
96,3,Gerinol,1,1,1.1221533187772168
96,3,Gerinol,1,2,1.0941284648070129
96,3,Gerinol,1,3,1.1097823328390777
96,3,Gerinol,1,4,1.0995253178759279
96,3,Gerinol,1,5,1.1117080527615142
96,3,Gerinol,1,6,1.1393263532082372
96,3,Gerinol,1,7,1.1291918785608082
96,3,Gerinol,1,8,1.1689422782731114
96,3,Gerinol,1,9,1.1246437711455624
96,3,Gerinol,1,10,1.0491722488281745
96,3,Gerinol,1,11,1.109842601561508
96,3,Gerinol,1,12,1.1043675270486586
96,3,Gerinol,1,13,1.1527619160985623
96,3,Gerinol,1,14,1.0372637792222232
96,4,n Methyl Piperdine,0,0,0.9029497846608803
96,4,n Methyl Piperdine,0,1,0.8533889276144845
96,4,n Methyl Piperdine,0,2,0.9011335455691681
96,4,n Methyl Piperdine,0,3,0.872041874821174
96,4,n Methyl Piperdine,0,4,0.8998104935727983
96,4,n Methyl Piperdine,0,5,0.8242182139619059
96,4,n Methyl Piperdine,0,6,0.9123608006673987
96,4,n Methyl Piperdine,0,7,0.8888741220126067
96,4,n Methyl Piperdine,0,8,0.8867194566760389
96,4,n Methyl Piperdine,0,9,0.958640873399056
96,4,n Methyl Piperdine,0,10,0.8653324054744498
96,4,n Methyl Piperdine,0,11,0.894322358396042
96,4,n Methyl Piperdine,0,12,0.884642569366733
96,4,n Methyl Piperdine,0,13,0.888553307814792
96,4,n Methyl Piperdine,0,14,0.969503897590874
96,4,n Methyl Piperdine,1,0,0.8898563572350494
96,4,n Methyl Piperdine,1,1,0.8646128815589689
96,4,n Methyl Piperdine,1,2,0.9621401853563882
96,4,n Methyl Piperdine,1,3,0.874996522920941
96,4,n Methyl Piperdine,1,4,0.8230969476501372
96,4,n Methyl Piperdine,1,5,0.8576703252813453
96,4,n Methyl Piperdine,1,6,0.8374405737767852
96,4,n Methyl Piperdine,1,7,0.8153054548859214
96,4,n Methyl Piperdine,1,8,0.872783473363774
96,4,n Methyl Piperdine,1,9,0.8844954349275621
96,4,n Methyl Piperdine,1,10,0.9345251901436558
96,4,n Methyl Piperdine,1,11,0.912480138020982
96,4,n Methyl Piperdine,1,12,0.910657445863646
96,4,n Methyl Piperdine,1,13,0.8515756733305907
96,4,n Methyl Piperdine,1,14,0.922701404017064
96,5,"2,4 Dimethyl Acetophenone",0,0,1.1667475156044813
96,5,"2,4 Dimethyl Acetophenone",0,1,1.1268810378103784
96,5,"2,4 Dimethyl Acetophenone",0,2,1.127998903600449
96,5,"2,4 Dimethyl Acetophenone",0,3,1.0605105101605328
96,5,"2,4 Dimethyl Acetophenone",0,4,1.153275634452745
96,5,"2,4 Dimethyl Acetophenone",0,5,1.1823314240989888
96,5,"2,4 Dimethyl Acetophenone",0,6,1.1240162981104054
96,5,"2,4 Dimethyl Acetophenone",0,7,1.0873239110138326
96,5,"2,4 Dimethyl Acetophenone",0,8,1.1046184079090182
96,5,"2,4 Dimethyl Acetophenone",0,9,1.0942813735480286
96,5,"2,4 Dimethyl Acetophenone",0,10,1.0966802160221203
96,5,"2,4 Dimethyl Acetophenone",0,11,1.1370175246962944
96,5,"2,4 Dimethyl Acetophenone",0,12,1.1222767666153457
96,5,"2,4 Dimethyl Acetophenone",0,13,1.1512556663873867
96,5,"2,4 Dimethyl Acetophenone",0,14,1.1259343039396608
96,5,"2,4 Dimethyl Acetophenone",1,0,1.0874719644864026
96,5,"2,4 Dimethyl Acetophenone",1,1,1.1020078024915543
96,5,"2,4 Dimethyl Acetophenone",1,2,1.0995218405340157
96,5,"2,4 Dimethyl Acetophenone",1,3,1.1145766803807917
96,5,"2,4 Dimethyl Acetophenone",1,4,1.1938240311021133
96,5,"2,4 Dimethyl Acetophenone",1,5,1.200231467111435
96,5,"2,4 Dimethyl Acetophenone",1,6,1.1554995314633933
96,5,"2,4 Dimethyl Acetophenone",1,7,1.1267860353188746
96,5,"2,4 Dimethyl Acetophenone",1,8,1.0675693946653542
96,5,"2,4 Dimethyl Acetophenone",1,9,1.1308358156747333
96,5,"2,4 Dimethyl Acetophenone",1,10,1.0904351915880477
96,5,"2,4 Dimethyl Acetophenone",1,11,1.1872563593081666
96,5,"2,4 Dimethyl Acetophenone",1,12,1.0577912558539104
96,5,"2,4 Dimethyl Acetophenone",1,13,1.1374148567787346
96,5,"2,4 Dimethyl Acetophenone",1,14,1.087065908339515
96,6,4 Heptanone,0,0,1.196987647057276
96,6,4 Heptanone,0,1,1.2240109820890572
96,6,4 Heptanone,0,2,1.2382470020278988
96,6,4 Heptanone,0,3,1.1949406464393517
96,6,4 Heptanone,0,4,1.2278169164838761
96,6,4 Heptanone,0,5,1.1708694505321309
96,6,4 Heptanone,0,6,1.2071897898675437
96,6,4 Heptanone,0,7,1.2374565510541295
96,6,4 Heptanone,0,8,1.2106522336022145
96,6,4 Heptanone,0,9,1.1761945066216828
96,6,4 Heptanone,0,10,1.1862065597740776
96,6,4 Heptanone,0,11,1.2379944969785326
96,6,4 Heptanone,0,12,1.1536944697994886
96,6,4 Heptanone,0,13,1.1595956491163169
96,6,4 Heptanone,0,14,1.2214318048690844
96,6,4 Heptanone,1,0,1.2113700897195683
96,6,4 Heptanone,1,1,1.1708135056472526
96,6,4 Heptanone,1,2,1.2829685801829167
96,6,4 Heptanone,1,3,1.1849518219860438
96,6,4 Heptanone,1,4,1.2209586329684545
96,6,4 Heptanone,1,5,1.2041550077537562
96,6,4 Heptanone,1,6,1.2170284940796314
96,6,4 Heptanone,1,7,1.1935510551951867
96,6,4 Heptanone,1,8,1.2575070030089788
96,6,4 Heptanone,1,9,1.2333687744735167
96,6,4 Heptanone,1,10,1.2682819773096758
96,6,4 Heptanone,1,11,1.2045691050395713
96,6,4 Heptanone,1,12,1.3142567042992086
96,6,4 Heptanone,1,13,1.1527498820810824
96,6,4 Heptanone,1,14,1.1655304371843485
96,7,33 Dimethyl Butyric Acid,0,0,1.0811263796264239
96,7,33 Dimethyl Butyric Acid,0,1,1.029964652415622
96,7,33 Dimethyl Butyric Acid,0,2,1.0246584290400096
96,7,33 Dimethyl Butyric Acid,0,3,1.028253998010487
96,7,33 Dimethyl Butyric Acid,0,4,1.0338512765237846
96,7,33 Dimethyl Butyric Acid,0,5,1.0229936945351246
96,7,33 Dimethyl Butyric Acid,0,6,0.9723668060527624
96,7,33 Dimethyl Butyric Acid,0,7,1.0437306219206783
96,7,33 Dimethyl Butyric Acid,0,8,1.0374301141792959
96,7,33 Dimethyl Butyric Acid,0,9,1.0681402315873598
96,7,33 Dimethyl Butyric Acid,0,10,1.0815726287938132
96,7,33 Dimethyl Butyric Acid,0,11,1.0242220289034971
96,7,33 Dimethyl Butyric Acid,0,12,0.9619010250124793
96,7,33 Dimethyl Butyric Acid,0,13,1.0819039029658521
96,7,33 Dimethyl Butyric Acid,0,14,0.970276988317649
96,7,33 Dimethyl Butyric Acid,1,0,1.0245763659890235
96,7,33 Dimethyl Butyric Acid,1,1,1.000788441185294
96,7,33 Dimethyl Butyric Acid,1,2,0.9938327842347365
96,7,33 Dimethyl Butyric Acid,1,3,1.041629803103389
96,7,33 Dimethyl Butyric Acid,1,4,1.0208361822128469
96,7,33 Dimethyl Butyric Acid,1,5,1.0315874578928534
96,7,33 Dimethyl Butyric Acid,1,6,0.9784303466355935
96,7,33 Dimethyl Butyric Acid,1,7,1.0040947996271419
96,7,33 Dimethyl Butyric Acid,1,8,0.9802763990485003
96,7,33 Dimethyl Butyric Acid,1,9,1.0030949347230298
96,7,33 Dimethyl Butyric Acid,1,10,1.006307309247432
96,7,33 Dimethyl Butyric Acid,1,11,1.0848299651703202
96,7,33 Dimethyl Butyric Acid,1,12,1.0006822576633787
96,7,33 Dimethyl Butyric Acid,1,13,0.9260338652609025
96,7,33 Dimethyl Butyric Acid,1,14,1.0668614597349597
96,8,2 Methyl Butyraldehyde,0,0,0.993609096360852
96,8,2 Methyl Butyraldehyde,0,1,0.9703983040176755
96,8,2 Methyl Butyraldehyde,0,2,0.9581501067253673
96,8,2 Methyl Butyraldehyde,0,3,0.9377616951575356
96,8,2 Methyl Butyraldehyde,0,4,1.0531606452832707
96,8,2 Methyl Butyraldehyde,0,5,0.9777125169462125
96,8,2 Methyl Butyraldehyde,0,6,0.9061286756605521
96,8,2 Methyl Butyraldehyde,0,7,0.9887483227312207
96,8,2 Methyl Butyraldehyde,0,8,1.0238855894812047
96,8,2 Methyl Butyraldehyde,0,9,0.981896108133951
96,8,2 Methyl Butyraldehyde,0,10,0.9395749825119986
96,8,2 Methyl Butyraldehyde,0,11,0.9359957499588248
96,8,2 Methyl Butyraldehyde,0,12,0.9389459642910417
96,8,2 Methyl Butyraldehyde,0,13,1.0365050412816892
96,8,2 Methyl Butyraldehyde,0,14,0.9727721591903381
96,8,2 Methyl Butyraldehyde,1,0,0.8856761465419521
96,8,2 Methyl Butyraldehyde,1,1,0.9681904801628759
96,8,2 Methyl Butyraldehyde,1,2,0.9584665945520394
96,8,2 Methyl Butyraldehyde,1,3,0.934869304453764
96,8,2 Methyl Butyraldehyde,1,4,0.9120088528855449
96,8,2 Methyl Butyraldehyde,1,5,0.9102693271381823
96,8,2 Methyl Butyraldehyde,1,6,0.9962904757477509
96,8,2 Methyl Butyraldehyde,1,7,0.9627256373613012
96,8,2 Methyl Butyraldehyde,1,8,0.9719708697155687
96,8,2 Methyl Butyraldehyde,1,9,0.9626154755123021
96,8,2 Methyl Butyraldehyde,1,10,0.9659326713255703
96,8,2 Methyl Butyraldehyde,1,11,0.9340893365919677
96,8,2 Methyl Butyraldehyde,1,12,0.9445919489498663
96,8,2 Methyl Butyraldehyde,1,13,0.9994215953460991
96,8,2 Methyl Butyraldehyde,1,14,1.009408729841862
96,9,m Anisaldehyde,0,0,1.2286338133739367
96,9,m Anisaldehyde,0,1,1.2691871395600154
96,9,m Anisaldehyde,0,2,1.3110889072440732
96,9,m Anisaldehyde,0,3,1.352800682172956
96,9,m Anisaldehyde,0,4,1.3487958761375567
96,9,m Anisaldehyde,0,5,1.2456871802864669
96,9,m Anisaldehyde,0,6,1.3285193376125597
96,9,m Anisaldehyde,0,7,1.2798629449686074
96,9,m Anisaldehyde,0,8,1.3192941584393563
96,9,m Anisaldehyde,0,9,1.3090486401171781
96,9,m Anisaldehyde,0,10,1.2269589311817362
96,9,m Anisaldehyde,0,11,1.2995164511494137
96,9,m Anisaldehyde,0,12,1.3177453565310984
96,9,m Anisaldehyde,0,13,1.2767112826832134
96,9,m Anisaldehyde,0,14,1.267664835792062
96,9,m Anisaldehyde,1,0,1.2278027425024645
96,9,m Anisaldehyde,1,1,1.3180139996354254
96,9,m Anisaldehyde,1,2,1.2990192336859445
96,9,m Anisaldehyde,1,3,1.2537819423849845
96,9,m Anisaldehyde,1,4,1.277635699098332
96,9,m Anisaldehyde,1,5,1.2968494289384989
96,9,m Anisaldehyde,1,6,1.2683238674112813
96,9,m Anisaldehyde,1,7,1.2907763840737836
96,9,m Anisaldehyde,1,8,1.22067199308525
96,9,m Anisaldehyde,1,9,1.3446461668474663
96,9,m Anisaldehyde,1,10,1.2913056703720394
96,9,m Anisaldehyde,1,11,1.2466951587137756
96,9,m Anisaldehyde,1,12,1.1922809450378808
96,9,m Anisaldehyde,1,13,1.3318346966147236
96,9,m Anisaldehyde,1,14,1.3129929610823337
98,0,"2,3 Pentanedione",0,0,1.1795890397804798
98,0,"2,3 Pentanedione",0,1,1.205707531292302
98,0,"2,3 Pentanedione",0,2,1.2055975470935862
98,0,"2,3 Pentanedione",0,3,1.178939134043859
98,0,"2,3 Pentanedione",0,4,1.160993042551405
98,0,"2,3 Pentanedione",0,5,1.1544759472971073
98,0,"2,3 Pentanedione",0,6,1.1879992921979257
98,0,"2,3 Pentanedione",0,7,1.2270428662368917
98,0,"2,3 Pentanedione",0,8,1.167045484389079
98,0,"2,3 Pentanedione",0,9,1.2302207074783866
98,0,"2,3 Pentanedione",0,10,1.1860877101798142
98,0,"2,3 Pentanedione",0,11,1.1863892499823843
98,0,"2,3 Pentanedione",0,12,1.2673659899346768
98,0,"2,3 Pentanedione",0,13,1.2372687398904552
98,0,"2,3 Pentanedione",0,14,1.2383059810172463
98,0,"2,3 Pentanedione",1,0,1.146745950257463
98,0,"2,3 Pentanedione",1,1,1.2663377966783889
98,0,"2,3 Pentanedione",1,2,1.175361824827339
98,0,"2,3 Pentanedione",1,3,1.169550849401997
98,0,"2,3 Pentanedione",1,4,1.0922805600556078
98,0,"2,3 Pentanedione",1,5,1.1917021295742902
98,0,"2,3 Pentanedione",1,6,1.1353163382680318
98,0,"2,3 Pentanedione",1,7,1.194980649734017
98,0,"2,3 Pentanedione",1,8,1.1321878912626298
98,0,"2,3 Pentanedione",1,9,1.2505584901039295
98,0,"2,3 Pentanedione",1,10,1.2007134551072065
98,0,"2,3 Pentanedione",1,11,1.2698453596221204
98,0,"2,3 Pentanedione",1,12,1.1377295353324368
98,0,"2,3 Pentanedione",1,13,1.2406176663804565
98,0,"2,3 Pentanedione",1,14,1.1065419999108244
98,1,3 Methylvaleric Acid,0,0,0.9890987474351418
98,1,3 Methylvaleric Acid,0,1,0.9555108035784919
98,1,3 Methylvaleric Acid,0,2,0.9628574669661557
98,1,3 Methylvaleric Acid,0,3,0.9601158716598168
98,1,3 Methylvaleric Acid,0,4,0.9441870809621168
98,1,3 Methylvaleric Acid,0,5,0.9303881961101423
98,1,3 Methylvaleric Acid,0,6,0.9630786560989112
98,1,3 Methylvaleric Acid,0,7,0.9854168642676449
98,1,3 Methylvaleric Acid,0,8,1.0273235026412106
98,1,3 Methylvaleric Acid,0,9,0.9925897442410122
98,1,3 Methylvaleric Acid,0,10,1.0274373364279454
98,1,3 Methylvaleric Acid,0,11,0.9216486534978859
98,1,3 Methylvaleric Acid,0,12,0.9634569521478203
98,1,3 Methylvaleric Acid,0,13,1.009215925141627
98,1,3 Methylvaleric Acid,0,14,0.9945033586078244
98,1,3 Methylvaleric Acid,1,0,0.946409243371171
98,1,3 Methylvaleric Acid,1,1,1.0182190036441743
98,1,3 Methylvaleric Acid,1,2,0.9596053206794389
98,1,3 Methylvaleric Acid,1,3,0.9497617055017894
98,1,3 Methylvaleric Acid,1,4,1.0003341583774106
98,1,3 Methylvaleric Acid,1,5,0.9811030225709076
98,1,3 Methylvaleric Acid,1,6,0.9599397545563938
98,1,3 Methylvaleric Acid,1,7,0.958581506947654
98,1,3 Methylvaleric Acid,1,8,0.9380643759652703
98,1,3 Methylvaleric Acid,1,9,0.9650263181151836
98,1,3 Methylvaleric Acid,1,10,1.0248566253770357
98,1,3 Methylvaleric Acid,1,11,0.9906382664770648
98,1,3 Methylvaleric Acid,1,12,1.019200011188632
98,1,3 Methylvaleric Acid,1,13,1.0014989894645263
98,1,3 Methylvaleric Acid,1,14,0.9563663996786654
98,2,Acetic Acid,0,0,1.2817679884162247
98,2,Acetic Acid,0,1,1.3106594648194427
98,2,Acetic Acid,0,2,1.3208842069636937
98,2,Acetic Acid,0,3,1.3177903245959282
98,2,Acetic Acid,0,4,1.3869744364819834
98,2,Acetic Acid,0,5,1.3865571780815826
98,2,Acetic Acid,0,6,1.4362088250186604
98,2,Acetic Acid,0,7,1.3171847925598992
98,2,Acetic Acid,0,8,1.411631571650171
98,2,Acetic Acid,0,9,1.4113843276341598
98,2,Acetic Acid,0,10,1.33844308908604
98,2,Acetic Acid,0,11,1.3666758552852039
98,2,Acetic Acid,0,12,1.397362969373243
98,2,Acetic Acid,0,13,1.345376654501104
98,2,Acetic Acid,0,14,1.342277968319009
98,2,Acetic Acid,1,0,1.3557732763497647
98,2,Acetic Acid,1,1,1.2864652324479415
98,2,Acetic Acid,1,2,1.383685637854002
98,2,Acetic Acid,1,3,1.3524720000963257
98,2,Acetic Acid,1,4,1.3378528282497897
98,2,Acetic Acid,1,5,1.3977544392002355
98,2,Acetic Acid,1,6,1.3228142835616188
98,2,Acetic Acid,1,7,1.4131099688456874
98,2,Acetic Acid,1,8,1.4002107458048836
98,2,Acetic Acid,1,9,1.3648590447265727
98,2,Acetic Acid,1,10,1.3783343630806844
98,2,Acetic Acid,1,11,1.3332579294282931
98,2,Acetic Acid,1,12,1.4108803173290778
98,2,Acetic Acid,1,13,1.3883613428365134
98,2,Acetic Acid,1,14,1.3913407713780446
98,3,Gerinol,0,0,1.1545537281404183
98,3,Gerinol,0,1,1.1087814963978242
98,3,Gerinol,0,2,1.0737157819566558
98,3,Gerinol,0,3,1.1727708479499985
98,3,Gerinol,0,4,1.1620268494979895
98,3,Gerinol,0,5,1.113063760822656
98,3,Gerinol,0,6,1.1508425209186948
98,3,Gerinol,0,7,1.1847970505022112
98,3,Gerinol,0,8,1.1800261450768508
98,3,Gerinol,0,9,1.1118957594962133
98,3,Gerinol,0,10,1.074927671136123
98,3,Gerinol,0,11,1.081789507369623
98,3,Gerinol,0,12,1.1220090724352887
98,3,Gerinol,0,13,1.1929707982849795
98,3,Gerinol,0,14,1.1053402964678385
98,3,Gerinol,1,0,1.1033138509917944
98,3,Gerinol,1,1,1.1024905211874358
98,3,Gerinol,1,2,1.105897733260622
98,3,Gerinol,1,3,1.1267178913487035
98,3,Gerinol,1,4,1.0759649581300985
98,3,Gerinol,1,5,1.1705413633652468
98,3,Gerinol,1,6,1.1213741219917828
98,3,Gerinol,1,7,1.226332348101182
98,3,Gerinol,1,8,1.080224125170168
98,3,Gerinol,1,9,1.190761611985165
98,3,Gerinol,1,10,1.1828207810316282
98,3,Gerinol,1,11,1.1106996047583426
98,3,Gerinol,1,12,1.1113645405716939
98,3,Gerinol,1,13,1.090315052466973
98,3,Gerinol,1,14,1.0907741081025866
98,4,n Methyl Piperdine,0,0,0.8996919541748464
98,4,n Methyl Piperdine,0,1,0.9005440315356952
98,4,n Methyl Piperdine,0,2,0.8356219814881941
98,4,n Methyl Piperdine,0,3,0.9914564050988752
98,4,n Methyl Piperdine,0,4,0.8893355178793182
98,4,n Methyl Piperdine,0,5,0.9023406832545282
98,4,n Methyl Piperdine,0,6,0.874666694829303
98,4,n Methyl Piperdine,0,7,0.8890358106021673
98,4,n Methyl Piperdine,0,8,0.8854010677160724
98,4,n Methyl Piperdine,0,9,0.8995989751328303
98,4,n Methyl Piperdine,0,10,0.8991325957487161
98,4,n Methyl Piperdine,0,11,0.9319108461074835
98,4,n Methyl Piperdine,0,12,0.9088049896497917
98,4,n Methyl Piperdine,0,13,0.9278875129818208
98,4,n Methyl Piperdine,0,14,0.8993237592936233
98,4,n Methyl Piperdine,1,0,0.889115741623584
98,4,n Methyl Piperdine,1,1,0.8702134121120175
98,4,n Methyl Piperdine,1,2,0.9199901087928543
98,4,n Methyl Piperdine,1,3,0.8927705365999853
98,4,n Methyl Piperdine,1,4,0.8735426452388323
98,4,n Methyl Piperdine,1,5,0.8723492340372955
98,4,n Methyl Piperdine,1,6,0.8754960657694685
98,4,n Methyl Piperdine,1,7,0.8810833963664296
98,4,n Methyl Piperdine,1,8,0.8776111953705915
98,4,n Methyl Piperdine,1,9,0.857511973210894
98,4,n Methyl Piperdine,1,10,0.9104616616300788
98,4,n Methyl Piperdine,1,11,0.9129886791212751
98,4,n Methyl Piperdine,1,12,0.9512199129353782
98,4,n Methyl Piperdine,1,13,0.8557204509935579
98,4,n Methyl Piperdine,1,14,0.9065231884254326
98,5,"2,4 Dimethyl Acetophenone",0,0,1.0912111920049166
98,5,"2,4 Dimethyl Acetophenone",0,1,1.2007384072570992
98,5,"2,4 Dimethyl Acetophenone",0,2,1.1093134000559364
98,5,"2,4 Dimethyl Acetophenone",0,3,1.1282034405133323
98,5,"2,4 Dimethyl Acetophenone",0,4,1.1808656978168566
98,5,"2,4 Dimethyl Acetophenone",0,5,1.1427167232393314
98,5,"2,4 Dimethyl Acetophenone",0,6,1.1372425442561074
98,5,"2,4 Dimethyl Acetophenone",0,7,1.14818404375629
98,5,"2,4 Dimethyl Acetophenone",0,8,1.1967617243329647
98,5,"2,4 Dimethyl Acetophenone",0,9,1.130261068799514
98,5,"2,4 Dimethyl Acetophenone",0,10,1.1654104900873223
98,5,"2,4 Dimethyl Acetophenone",0,11,1.1524304332746502
98,5,"2,4 Dimethyl Acetophenone",0,12,1.2003723155093844
98,5,"2,4 Dimethyl Acetophenone",0,13,1.2014935548195376
98,5,"2,4 Dimethyl Acetophenone",0,14,1.0941654127587792
98,5,"2,4 Dimethyl Acetophenone",1,0,1.1913522900443771
98,5,"2,4 Dimethyl Acetophenone",1,1,1.125117677035452
98,5,"2,4 Dimethyl Acetophenone",1,2,1.1589996012376715
98,5,"2,4 Dimethyl Acetophenone",1,3,1.1119915636784727
98,5,"2,4 Dimethyl Acetophenone",1,4,1.164393297402196
98,5,"2,4 Dimethyl Acetophenone",1,5,1.2516018714386488
98,5,"2,4 Dimethyl Acetophenone",1,6,1.154634535745206
98,5,"2,4 Dimethyl Acetophenone",1,7,1.1311540045879505
98,5,"2,4 Dimethyl Acetophenone",1,8,1.140261463906783
98,5,"2,4 Dimethyl Acetophenone",1,9,1.0907867150042838
98,5,"2,4 Dimethyl Acetophenone",1,10,1.207506444740383
98,5,"2,4 Dimethyl Acetophenone",1,11,1.162063237597669
98,5,"2,4 Dimethyl Acetophenone",1,12,1.1075919970418908
98,5,"2,4 Dimethyl Acetophenone",1,13,1.1088951816886545
98,5,"2,4 Dimethyl Acetophenone",1,14,1.1501592084597576
98,6,4 Heptanone,0,0,1.2361357805546975
98,6,4 Heptanone,0,1,1.1528163684716792
98,6,4 Heptanone,0,2,1.243392338495845
98,6,4 Heptanone,0,3,1.195190622742882
98,6,4 Heptanone,0,4,1.1616462294208743
98,6,4 Heptanone,0,5,1.1801483477582388
98,6,4 Heptanone,0,6,1.2687981199063465
98,6,4 Heptanone,0,7,1.1433274313593444
98,6,4 Heptanone,0,8,1.1695802465833123
98,6,4 Heptanone,0,9,1.2369593082065549
98,6,4 Heptanone,0,10,1.2075142465593034
98,6,4 Heptanone,0,11,1.167206332090836
98,6,4 Heptanone,0,12,1.237447694275751
98,6,4 Heptanone,0,13,1.2393477941479254
98,6,4 Heptanone,0,14,1.2121115915618812
98,6,4 Heptanone,1,0,1.1849866886031415
98,6,4 Heptanone,1,1,1.1911503673131076
98,6,4 Heptanone,1,2,1.2208695947184178
98,6,4 Heptanone,1,3,1.1570053896579469
98,6,4 Heptanone,1,4,1.2625939473518064
98,6,4 Heptanone,1,5,1.2774909156535155
98,6,4 Heptanone,1,6,1.2000443581128712
98,6,4 Heptanone,1,7,1.2237267318037142
98,6,4 Heptanone,1,8,1.256914633820455
98,6,4 Heptanone,1,9,1.2877049856491896
98,6,4 Heptanone,1,10,1.27176180552611
98,6,4 Heptanone,1,11,1.1400610515721303
98,6,4 Heptanone,1,12,1.1968604045733813
98,6,4 Heptanone,1,13,1.2295100821658107
98,6,4 Heptanone,1,14,1.1897138602304047
98,7,33 Dimethyl Butyric Acid,0,0,1.1340576239200044
98,7,33 Dimethyl Butyric Acid,0,1,1.1279219610304951
98,7,33 Dimethyl Butyric Acid,0,2,1.0301097484680406
98,7,33 Dimethyl Butyric Acid,0,3,1.056250953322161
98,7,33 Dimethyl Butyric Acid,0,4,1.0327647886708045
98,7,33 Dimethyl Butyric Acid,0,5,1.054941816354143
98,7,33 Dimethyl Butyric Acid,0,6,1.0537296601450545
98,7,33 Dimethyl Butyric Acid,0,7,1.1009172707082642
98,7,33 Dimethyl Butyric Acid,0,8,1.0272083675690364
98,7,33 Dimethyl Butyric Acid,0,9,0.9580769699201593
98,7,33 Dimethyl Butyric Acid,0,10,0.9985652308289971
98,7,33 Dimethyl Butyric Acid,0,11,1.0216148896101207
98,7,33 Dimethyl Butyric Acid,0,12,1.036519290558507
98,7,33 Dimethyl Butyric Acid,0,13,1.0702339301429984
98,7,33 Dimethyl Butyric Acid,0,14,1.0195551978972355
98,7,33 Dimethyl Butyric Acid,1,0,0.9949741969987228
98,7,33 Dimethyl Butyric Acid,1,1,1.0062403239030355
98,7,33 Dimethyl Butyric Acid,1,2,0.9987920605627287
98,7,33 Dimethyl Butyric Acid,1,3,1.0212384708372941
98,7,33 Dimethyl Butyric Acid,1,4,1.0195267247733175
98,7,33 Dimethyl Butyric Acid,1,5,1.0709804932880724
98,7,33 Dimethyl Butyric Acid,1,6,1.0038370452063352
98,7,33 Dimethyl Butyric Acid,1,7,1.0291143554759292
98,7,33 Dimethyl Butyric Acid,1,8,1.0216173134124493
98,7,33 Dimethyl Butyric Acid,1,9,1.0757736196506227
98,7,33 Dimethyl Butyric Acid,1,10,1.0372470495684118
98,7,33 Dimethyl Butyric Acid,1,11,1.085446089545088
98,7,33 Dimethyl Butyric Acid,1,12,0.9973234135689277
98,7,33 Dimethyl Butyric Acid,1,13,1.0414435562717272
98,7,33 Dimethyl Butyric Acid,1,14,1.0203825799279227
98,8,2 Methyl Butyraldehyde,0,0,0.9648051436818212
98,8,2 Methyl Butyraldehyde,0,1,1.011146545957843
98,8,2 Methyl Butyraldehyde,0,2,1.0831640979266544
98,8,2 Methyl Butyraldehyde,0,3,0.9797306354802
98,8,2 Methyl Butyraldehyde,0,4,1.0087487883237347
98,8,2 Methyl Butyraldehyde,0,5,0.9613577228135434
98,8,2 Methyl Butyraldehyde,0,6,0.955477876721085
98,8,2 Methyl Butyraldehyde,0,7,0.9823568944235294
98,8,2 Methyl Butyraldehyde,0,8,0.9958476671320782
98,8,2 Methyl Butyraldehyde,0,9,0.9976236659599994
98,8,2 Methyl Butyraldehyde,0,10,1.0048059869940764
98,8,2 Methyl Butyraldehyde,0,11,0.9479136819691105
98,8,2 Methyl Butyraldehyde,0,12,0.9888091391369664
98,8,2 Methyl Butyraldehyde,0,13,1.0339173265333923
98,8,2 Methyl Butyraldehyde,0,14,0.9595171846814639
98,8,2 Methyl Butyraldehyde,1,0,0.9525758633693064
98,8,2 Methyl Butyraldehyde,1,1,0.978495441560632
98,8,2 Methyl Butyraldehyde,1,2,0.9354910142821624
98,8,2 Methyl Butyraldehyde,1,3,0.9804426670095432
98,8,2 Methyl Butyraldehyde,1,4,0.905936639987708
98,8,2 Methyl Butyraldehyde,1,5,1.0023196740803975
98,8,2 Methyl Butyraldehyde,1,6,0.981413720486857
98,8,2 Methyl Butyraldehyde,1,7,0.969008307303488
98,8,2 Methyl Butyraldehyde,1,8,1.011774412215343
98,8,2 Methyl Butyraldehyde,1,9,0.9536077287936446
98,8,2 Methyl Butyraldehyde,1,10,0.9420674466646328
98,8,2 Methyl Butyraldehyde,1,11,1.021683462526999
98,8,2 Methyl Butyraldehyde,1,12,1.040412323252501
98,8,2 Methyl Butyraldehyde,1,13,0.9390441829183988
98,8,2 Methyl Butyraldehyde,1,14,0.9622319616787967
98,9,m Anisaldehyde,0,0,1.343068358967044
98,9,m Anisaldehyde,0,1,1.298140857164155
98,9,m Anisaldehyde,0,2,1.325050197586105
98,9,m Anisaldehyde,0,3,1.3324828011361212
98,9,m Anisaldehyde,0,4,1.278774474214324
98,9,m Anisaldehyde,0,5,1.3180376437725962
98,9,m Anisaldehyde,0,6,1.3010189494561883
98,9,m Anisaldehyde,0,7,1.2525919135008354
98,9,m Anisaldehyde,0,8,1.2616805513794498
98,9,m Anisaldehyde,0,9,1.275169980260731
98,9,m Anisaldehyde,0,10,1.33840745126869
98,9,m Anisaldehyde,0,11,1.3397209837291189
98,9,m Anisaldehyde,0,12,1.3312631739694505
98,9,m Anisaldehyde,0,13,1.3188710853672105
98,9,m Anisaldehyde,0,14,1.3177797095228434
98,9,m Anisaldehyde,1,0,1.2970473521123367
98,9,m Anisaldehyde,1,1,1.3022488163470087
98,9,m Anisaldehyde,1,2,1.3049594374767115
98,9,m Anisaldehyde,1,3,1.2297680475010482
98,9,m Anisaldehyde,1,4,1.2543350482923739
98,9,m Anisaldehyde,1,5,1.2447880691508617
98,9,m Anisaldehyde,1,6,1.3302307344363038
98,9,m Anisaldehyde,1,7,1.3521089382734879
98,9,m Anisaldehyde,1,8,1.1991830173136564
98,9,m Anisaldehyde,1,9,1.34853751860501
98,9,m Anisaldehyde,1,10,1.2894137890714046
98,9,m Anisaldehyde,1,11,1.3264537268964915
98,9,m Anisaldehyde,1,12,1.3062036203135394
98,9,m Anisaldehyde,1,13,1.3435607362741402
98,9,m Anisaldehyde,1,14,1.2943346314644433
